HitId,AssignmentId,WorkerId,Status,AcceptTime,SubmitTime,Answer 1,Answer 2,Answer 3,Answer 4,Answer 5,Answer 6,Answer 7,Answer 8,Answer 9,Answer 10,Answer 11,Answer 12,Answer 13,Answer 14,Answer 15,Answer 16
301KG0KX9BKUHWOWND282HLDV8EH2M,34Z02EIMISCGDF97YMKLMVR8292T0I,A1W7BQWWGKJ3XF,Approved,Mon Mar 02 13:26:42 EST 2015,Mon Mar 02 13:30:21 EST 2015,logical framework,automated negotiation,knowledge base,counter-proposals,proposals,artificial intelligence,conditional proposals,process of negotiation,negotiation protocol,n/a,n/a,n/a,n/a,n/a,n/a,n/a
301KG0KX9BKUHWOWND282HLDV8EH2M,37C0GNLMHF24A1ZPEL0NQSJDCR4D6Q,A22R7DT2XQIKXV,Approved,Mon Mar 02 15:07:51 EST 2015,Mon Mar 02 15:07:56 EST 2015,aa,aa,aa,aa,aa,emptyanswer,emptyanswer,emptyanswer,emptyanswer,emptyanswer,emptyanswer,emptyanswer,emptyanswer,emptyanswer,emptyanswer,emptyanswer
301KG0KX9BKUHWOWND282HLDV8EH2M,3IX2EGZR7BIAZ6X1G5PW4L5MDYLRJM,A3ODG942FG22PJ,Approved,Mon Mar 02 17:25:50 EST 2015,Mon Mar 02 17:26:11 EST 2015,Negotiation,Abduction,Relaxation,framework,automated,na,na,na,na,na,na,na,na,na,na,na
301KG0KX9BKUHWOWND282HLDV8EH2M,3VJ40NV2QIM1GW1Q07MWCWNQ0D5TOX,A27I79P03I0ZPO,Approved,Mon Mar 02 21:11:23 EST 2015,Mon Mar 02 21:12:26 EST 2015,Abduction,studies,procedures,proposals,program,emptyanswer,emptyanswer,emptyanswer,emptyanswer,emptyanswer,emptyanswer,emptyanswer,emptyanswer,emptyanswer,emptyanswer,emptyanswer
301KG0KX9BKUHWOWND282HLDV8EH2M,3IRIK4HM3AJU59TBEP5C6M1VRRFC6C,A26M2B8NZVKWTZ,Approved,Mon Mar 02 22:30:18 EST 2015,Mon Mar 02 22:37:05 EST 2015,Abduction,Negotiation,Relaxation,studies,proposals,emptyanswer,emptyanswer,emptyanswer,emptyanswer,emptyanswer,emptyanswer,emptyanswer,emptyanswer,emptyanswer,emptyanswer,emptyanswer
301KG0KX9BKUHWOWND282HLDV8EH2M,39GHHAVOMFQ3Y0V35TTJWSUCLKI4JX,A2R085B34P2LYS,Approved,Mon Mar 02 22:38:15 EST 2015,Mon Mar 02 22:44:34 EST 2015,Negotiation,Abduction,Relaxation,logical,framework,optional,optional,optional,optional,optional,optional,optional,optional,optional,optional,optional
301KG0KX9BKUHWOWND282HLDV8EH2M,3TS1AR6UQQDKCLRQO105K6MUJFT7FJ,A2YW509B0UMSEH,Approved,Mon Mar 02 23:39:34 EST 2015,Mon Mar 02 23:41:40 EST 2015,protocol,abduction,artificial intelligence,databases,Relaxation,emptyanswer,emptyanswer,emptyanswer,emptyanswer,emptyanswer,emptyanswer,emptyanswer,emptyanswer,emptyanswer,emptyanswer,emptyanswer
301KG0KX9BKUHWOWND282HLDV8EH2M,3Q5ZZ9ZEVOEWA23KSUF2CURC563858,AAOGFQY8JCVOD,Approved,Tue Mar 03 07:11:27 EST 2015,Tue Mar 03 07:13:14 EST 2015,automated negotiation,agents,logic program,artificial intelligence,negotiation protocol,conditional proposals,abduction,relaxation,compute new proposals,emptyanswer,emptyanswer,emptyanswer,emptyanswer,emptyanswer,emptyanswer,emptyanswer
301KG0KX9BKUHWOWND282HLDV8EH2M,3PMBY0YE272HNSV9CW8OQWSXHTCC9E,A1B5NXRZQYRC4R,Approved,Tue Mar 03 08:59:51 EST 2015,Tue Mar 03 09:00:28 EST 2015,negotiation,abduction,relaxation,paper,knowledge,emptyanswer,emptyanswer,emptyanswer,emptyanswer,emptyanswer,emptyanswer,emptyanswer,emptyanswer,emptyanswer,emptyanswer,emptyanswer
301KG0KX9BKUHWOWND282HLDV8EH2M,3WMINLGALB2VSB5E42MOMR3HNCLCAM,A3FG9YWTFFK1AU,Approved,Tue Mar 03 19:07:54 EST 2015,Tue Mar 03 19:13:57 EST 2015,Negotiation,Abduction,Relaxation,automated negotiation,agents,emptyanswer,emptyanswer,emptyanswer,emptyanswer,emptyanswer,emptyanswer,emptyanswer,emptyanswer,emptyanswer,emptyanswer,emptyanswer
301KG0KX9BKUHWOWND282HLDV8EH2M,3PS7W85Z8Z1Y99XKYI3EF6S15HY9TK,A3LUJSAN4DQ1ZT,Approved,Wed Mar 04 02:20:26 EST 2015,Wed Mar 04 02:21:47 EST 2015,logical framework,program,agent,conter-proposals,extended abduction,artificial intelligence,conditional proposals,neighborhood proposals,emptyanswer,emptyanswer,emptyanswer,emptyanswer,emptyanswer,emptyanswer,emptyanswer,emptyanswer
301KG0KX9BKUHWOWND282HLDV8EH2M,3I0BTBYZAXKCU1818S7KUCJNHF6Y06,A3H35QRODK1C4K,Approved,Wed Mar 04 10:04:21 EST 2015,Wed Mar 04 10:04:47 EST 2015,negotiation,abduction,relaxation,exchange,develop,emptyanswer,emptyanswer,emptyanswer,emptyanswer,emptyanswer,emptyanswer,emptyanswer,emptyanswer,emptyanswer,emptyanswer,emptyanswer
301KG0KX9BKUHWOWND282HLDV8EH2M,3SUWZRL0MYC927DPAGB7WA1YC6R6E4,A3FFZN4FO3Q789,Approved,Wed Mar 04 11:08:08 EST 2015,Wed Mar 04 11:11:44 EST 2015,fairness,fairness,fairness,fairness,fairness,emptyanswer,emptyanswer,emptyanswer,emptyanswer,emptyanswer,emptyanswer,emptyanswer,emptyanswer,emptyanswer,emptyanswer,emptyanswer
301KG0KX9BKUHWOWND282HLDV8EH2M,3MRNMEIQW55MTM2W1P6PFB1A2PILD1,A17JEL4FN1B9TB,Approved,Wed Mar 04 11:52:25 EST 2015,Wed Mar 04 11:54:35 EST 2015,Negotiation,Abduction,Relaxation,automated,proposal,extended,emptyanswer,emptyanswer,emptyanswer,emptyanswer,emptyanswer,emptyanswer,emptyanswer,emptyanswer,emptyanswer,emptyanswer
301KG0KX9BKUHWOWND282HLDV8EH2M,3D4CH1LGEASU44BEEI47GNDCFNKG9C,A3UY2GVCKC8LSL,Approved,Wed Mar 04 12:25:59 EST 2015,Wed Mar 04 12:26:34 EST 2015,Negotiation,adbuction,relaxation,logical framework,automated negotation,emptyanswer,emptyanswer,emptyanswer,emptyanswer,emptyanswer,emptyanswer,emptyanswer,emptyanswer,emptyanswer,emptyanswer,emptyanswer
301KG0KX9BKUHWOWND282HLDV8EH2M,37UEWGM5HT734PHXQGJQ0L90JLKR1P,A2F6ZON8X5EAGL,Approved,Wed Mar 04 16:23:42 EST 2015,Wed Mar 04 16:24:09 EST 2015,Negotiation by Abduction and Relaxation,framework,knowledge,proces,procedures,emptyanswer,emptyanswer,emptyanswer,emptyanswer,emptyanswer,emptyanswer,emptyanswer,emptyanswer,emptyanswer,emptyanswer,emptyanswer
301KG0KX9BKUHWOWND282HLDV8EH2M,3B2X28YI3WEBV4150P9HV2VD9A8B65,A3OTLWGJFB65KD,Approved,Wed Mar 04 19:16:03 EST 2015,Wed Mar 04 19:16:11 EST 2015,nothing,nothing,nothing,nothing,nothing,emptyanswer,emptyanswer,emptyanswer,emptyanswer,emptyanswer,emptyanswer,emptyanswer,emptyanswer,emptyanswer,emptyanswer,emptyanswer
301KG0KX9BKUHWOWND282HLDV8EH2M,3U4J9857OEAUZ4FAJZE91GV94L67BE,A3S81UFDOWF2ST,Approved,Wed Mar 04 22:07:24 EST 2015,Wed Mar 04 22:08:16 EST 2015,Negotiation,logic program,extended abduction,artificial intelligence,relaxation in cooperative query answering,emptyanswer,emptyanswer,emptyanswer,emptyanswer,emptyanswer,emptyanswer,emptyanswer,emptyanswer,emptyanswer,emptyanswer,emptyanswer
301KG0KX9BKUHWOWND282HLDV8EH2M,3OXV7EAXLEP6S9XSLWUBDJX1LJL36Y,A9LA6QK6VCERR,Approved,Wed Mar 04 23:46:23 EST 2015,Wed Mar 04 23:47:59 EST 2015,Abduction,automated negotiation,extended abduction in artificial intelligence,cooperative query answering,negotiation protocol,emptyanswer,emptyanswer,emptyanswer,emptyanswer,emptyanswer,emptyanswer,emptyanswer,emptyanswer,emptyanswer,emptyanswer,emptyanswer
301KG0KX9BKUHWOWND282HLDV8EH2M,3LBXNTKX0RU5QQ643S4B49D7IF59XQ,A1YLO4LT02D2F0,Approved,Thu Mar 05 01:53:40 EST 2015,Thu Mar 05 01:54:37 EST 2015,This paper studies a logical framework for automated negotiation,suppose an agent who has a knowledge base,we introduce methods of constructing counter-proposals,"To this end, we combine the techniques of extended abduction",a negotiation protocol based on the exchange,emptyanswer,emptyanswer,emptyanswer,emptyanswer,emptyanswer,emptyanswer,emptyanswer,emptyanswer,emptyanswer,emptyanswer,emptyanswer
301KG0KX9BKUHWOWND282HLDV8EH2M,39DD6S19JPABQHX0CL8IT8UTHD1ZE7,A3I10J1GPDAPQR,Approved,Thu Mar 05 05:52:22 EST 2015,Thu Mar 05 05:54:31 EST 2015,Negotiation,Abduction,Relaxation,counter-proposals,conditional proposals and neighborhood proposals in the process of negotiation,emptyanswer,emptyanswer,emptyanswer,emptyanswer,emptyanswer,emptyanswer,emptyanswer,emptyanswer,emptyanswer,emptyanswer,emptyanswer
301KG0KX9BKUHWOWND282HLDV8EH2M,31N2WW6R9RP2B2Q3MPXF7PAEEJX3FC,A1QUDNLO95AKS5,Approved,Thu Mar 05 10:04:52 EST 2015,Thu Mar 05 10:05:52 EST 2015,Negotiation,Abduction and Relaxation,logical framework,two agents,neighborhood proposals,emptyanswer,emptyanswer,emptyanswer,emptyanswer,emptyanswer,emptyanswer,emptyanswer,emptyanswer,emptyanswer,emptyanswer,emptyanswer
301KG0KX9BKUHWOWND282HLDV8EH2M,30OG32W0SUAH9SJH9XXOYLNK70BNEY,A3G4SXD4N30C3L,Approved,Thu Mar 05 17:47:19 EST 2015,Thu Mar 05 17:49:02 EST 2015,Negotiation,Abduction,Relaxation,logical framework,automated negotiation,counter-proposals,artificial intelligence,cooperative query answering,conditional proposals,neighborhood proposals,emptyanswer,emptyanswer,emptyanswer,emptyanswer,emptyanswer,emptyanswer
301KG0KX9BKUHWOWND282HLDV8EH2M,3WSELTNVR31CES7PQOHEB13LB45ATZ,A3DHYTZ1GPN0T8,Approved,Thu Mar 05 21:23:41 EST 2015,Thu Mar 05 21:24:04 EST 2015,paper,constructing,databases,proposals,techniques,emptyanswer,emptyanswer,emptyanswer,emptyanswer,emptyanswer,emptyanswer,emptyanswer,emptyanswer,emptyanswer,emptyanswer,emptyanswer
301KG0KX9BKUHWOWND282HLDV8EH2M,3LPW2N6LKT1U8ZAXVXG78M9124KU5D,ADUJUZANFOWKW,Approved,Thu Mar 05 22:20:37 EST 2015,Thu Mar 05 22:21:09 EST 2015,negoitation,framework,agents,query,databases,emptyanswer,emptyanswer,emptyanswer,emptyanswer,emptyanswer,emptyanswer,emptyanswer,emptyanswer,emptyanswer,emptyanswer,emptyanswer
301KG0KX9BKUHWOWND282HLDV8EH2M,3BXQMRHWKZXSG6V3NWXTPOKNO24UM3,A2KELEVTA0306Y,Approved,Fri Mar 06 10:10:24 EST 2015,Fri Mar 06 10:11:56 EST 2015,paper,studies,logical,framework,automated,negotiation,agents,suppose,knowledge,represented,program,constructing,counter-proposals,negotiation,proposals,exchange
301KG0KX9BKUHWOWND282HLDV8EH2M,3LUY3GC63ZZW3YGK24WAW00YLWJP7T,A14TK50KH724N6,Approved,Fri Mar 06 10:26:17 EST 2015,Fri Mar 06 10:27:39 EST 2015,Negotiation,Abduction and Relaxation,logical framework,logic program,extended abduction,artificial intelligence,cooperative query answering,negotiation protoco,emptyanswer,emptyanswer,emptyanswer,emptyanswer,emptyanswer,emptyanswer,emptyanswer,emptyanswer
301KG0KX9BKUHWOWND282HLDV8EH2M,30BXRYBRP4WJGWJXRZWHF7XOSWLWH0,AQXSUU4I4DAH8,Approved,Fri Mar 06 10:52:55 EST 2015,Fri Mar 06 10:53:40 EST 2015,Abduction and Relaxation,logic program,Negotiation,counter-proposals,neighborhood proposals,emptyanswer,emptyanswer,emptyanswer,emptyanswer,emptyanswer,emptyanswer,emptyanswer,emptyanswer,emptyanswer,emptyanswer,emptyanswer
301KG0KX9BKUHWOWND282HLDV8EH2M,3ERMJ6L4DYRQIVJ7AO4IFW63GSMM7A,A2A4LHPXF2E2GS,Approved,Fri Mar 06 12:26:17 EST 2015,Fri Mar 06 12:30:19 EST 2015,automated negotiation,abduction and relaxation,two agents,knowledge base represented by logic program,constructing counter-proposals,conditional proposals and neighborhood proposals,emptyanswer,emptyanswer,emptyanswer,emptyanswer,emptyanswer,emptyanswer,emptyanswer,emptyanswer,emptyanswer,emptyanswer
301KG0KX9BKUHWOWND282HLDV8EH2M,3DBQWDE4Y6XHD9QOYW4LURH7UC8N53,A3K6BSW10S4YKJ,Approved,Fri Mar 06 13:26:47 EST 2015,Fri Mar 06 13:28:28 EST 2015,Abduction,Relaxation,counter-proposals,extended abduction,relaxation in cooperative query answering for databases,negotiation,emptyanswer,emptyanswer,emptyanswer,emptyanswer,emptyanswer,emptyanswer,emptyanswer,emptyanswer,emptyanswer,emptyanswer
301KG0KX9BKUHWOWND282HLDV8EH2M,3ZQIG0FLQEFOYXEHWODLU8OX0D9WV7,A28IXE702NXWKQ,Approved,Fri Mar 06 20:34:02 EST 2015,Fri Mar 06 20:34:26 EST 2015,paper,counter-proposals,databases,proposals,computing,emptyanswer,emptyanswer,emptyanswer,emptyanswer,emptyanswer,emptyanswer,emptyanswer,emptyanswer,emptyanswer,emptyanswer,emptyanswer
301KG0KX9BKUHWOWND282HLDV8EH2M,3LKC68YZ3A2T8D5KVCR7ZGUP4LPOWC,A2GBY8O6GYSB89,Approved,Sat Mar 07 11:35:01 EST 2015,Sat Mar 07 11:36:48 EST 2015,logical framework for automated negotiation between two agents,knowledge base represented by a logic program,methods of constructing counter-proposals,the technique of extended abduction in artificial intelligence,producing conditional proposals and neighborhood proposals,emptyanswer,emptyanswer,emptyanswer,emptyanswer,emptyanswer,emptyanswer,emptyanswer,emptyanswer,emptyanswer,emptyanswer,emptyanswer
301KG0KX9BKUHWOWND282HLDV8EH2M,3IFS6Q0HJIIQ5AD8DC41IUVIMZ1IS3,A37WDQ1VG5XN6Z,Approved,Sat Mar 07 13:41:45 EST 2015,Sat Mar 07 13:41:53 EST 2015,nothing,nothing,nothing,nothing,nothing,emptyanswer,emptyanswer,emptyanswer,emptyanswer,emptyanswer,emptyanswer,emptyanswer,emptyanswer,emptyanswer,emptyanswer,emptyanswer
301KG0KX9BKUHWOWND282HLDV8EH2M,30IQTZXKAK5NUWIR3WLIBYCEFLK0XY,A38IE69ORDCEGY,Approved,Sat Mar 07 22:55:35 EST 2015,Sat Mar 07 22:57:15 EST 2015,Abduction and relaxation,automated negotiation,negotiation protocol,proposal exchange,agent negotiation process,emptyanswer,emptyanswer,emptyanswer,emptyanswer,emptyanswer,emptyanswer,emptyanswer,emptyanswer,emptyanswer,emptyanswer,emptyanswer
301KG0KX9BKUHWOWND282HLDV8EH2M,39LOEL67OS4TWNGGEBR9XXTSRPM38H,A1PGHAOKNZ8FJ4,Approved,Sun Mar 08 13:35:28 EDT 2015,Sun Mar 08 13:37:32 EDT 2015,Negotiation,abduction (economics),relaxation (economics),logical framework for automated negotiation between two agents,We provide a negotiation protocol based on the exchange of these proposals,emptyanswer,emptyanswer,emptyanswer,emptyanswer,emptyanswer,emptyanswer,emptyanswer,emptyanswer,emptyanswer,emptyanswer,emptyanswer
301KG0KX9BKUHWOWND282HLDV8EH2M,3WMOAN2SRBWYB3534NMYYPB674EVNU,A156NFBMKKLDL9,Approved,Sun Mar 08 13:55:51 EDT 2015,Sun Mar 08 13:56:15 EDT 2015,Negotiation by Abduction,Relaxation,constructing counter-proposals,conditional proposals,neighborhood proposals,emptyanswer,emptyanswer,emptyanswer,emptyanswer,emptyanswer,emptyanswer,emptyanswer,emptyanswer,emptyanswer,emptyanswer,emptyanswer
301KG0KX9BKUHWOWND282HLDV8EH2M,3IOEN3P9S7IAI6JDYSGSPQI4NAM165,A16MCPIUMNIDW,Approved,Sun Mar 08 15:56:33 EDT 2015,Sun Mar 08 15:57:30 EDT 2015,negotiation,logic program,artifical intelligence,abduction,database,proposals,negotiation protocol,emptyanswer,emptyanswer,emptyanswer,emptyanswer,emptyanswer,emptyanswer,emptyanswer,emptyanswer,emptyanswer
301KG0KX9BKUHWOWND282HLDV8EH2M,3C44YUNSI1OCK7HUTHZWWSAU7ESDPU,A2SZAM3EZER2PH,Approved,Mon Mar 09 06:41:55 EDT 2015,Mon Mar 09 06:42:39 EDT 2015,paper studies,negotiation between two agents,artificial intelligence,respectively,proposals,emptyanswer,emptyanswer,emptyanswer,emptyanswer,emptyanswer,emptyanswer,emptyanswer,emptyanswer,emptyanswer,emptyanswer,emptyanswer
301KG0KX9BKUHWOWND282HLDV8EH2M,3Q8GYXHFEP1YM5TX96V7EGNVVEF5C0,A2E2IQ99W6B7AV,Approved,Mon Mar 09 06:43:58 EDT 2015,Mon Mar 09 06:45:22 EDT 2015,Automated negotiation,Framework studying,Artificial intelligence,Proposals,Protocol writing,emptyanswer,emptyanswer,emptyanswer,emptyanswer,emptyanswer,emptyanswer,emptyanswer,emptyanswer,emptyanswer,emptyanswer,emptyanswer
301KG0KX9BKUHWOWND282HLDV8EH2M,345LHZDEDXRRUKNTHESETPBHOIK3U7,ACYGMRGAZ22U7,Approved,Mon Mar 09 18:04:30 EDT 2015,Mon Mar 09 18:04:36 EDT 2015,Keyword/Keyphrase 1:,Keyword/Keyphrase 1:,Keyword/Keyphrase 1:,Keyword/Keyphrase 1:,Keyword/Keyphrase 1:,emptyanswer,emptyanswer,emptyanswer,emptyanswer,emptyanswer,emptyanswer,emptyanswer,emptyanswer,emptyanswer,emptyanswer,emptyanswer
301KG0KX9BKUHWOWND282HLDV8EH2M,3CFJTT4SXTP4MCTGP96QN3ZMZQO7IF,APEB5ERGCYP6D,Approved,Tue Mar 10 02:46:10 EDT 2015,Tue Mar 10 02:48:33 EDT 2015,studies a logical framework,automated negotiation between two agents,agent who has a knowledge base represented by a logic program,develop procedures for computing new proposals,negotiation protocol based on the exchange of these proposals,emptyanswer,emptyanswer,emptyanswer,emptyanswer,emptyanswer,emptyanswer,emptyanswer,emptyanswer,emptyanswer,emptyanswer,emptyanswer
301KG0KX9BKUHWOWND282HLDV8EH2M,384PI804XS0FYFWS9MFVCQVM0BCS0M,AW36CVMS3526O,Approved,Tue Mar 10 14:08:04 EDT 2015,Tue Mar 10 14:08:43 EDT 2015,Negotiation,Relaxation,framework,protocol,procedures,emptyanswer,emptyanswer,emptyanswer,emptyanswer,emptyanswer,emptyanswer,emptyanswer,emptyanswer,emptyanswer,emptyanswer,emptyanswer
301KG0KX9BKUHWOWND282HLDV8EH2M,3PEIJLRY6TSG2MJCW3E3ITLIGVTWX0,A1JWEYGDFDB100,Approved,Tue Mar 10 14:11:02 EDT 2015,Tue Mar 10 14:12:37 EDT 2015,Negotiation,Abduction,Relaxation,logic program,cooperative query answering,emptyanswer,emptyanswer,emptyanswer,emptyanswer,emptyanswer,emptyanswer,emptyanswer,emptyanswer,emptyanswer,emptyanswer,emptyanswer
301KG0KX9BKUHWOWND282HLDV8EH2M,3XCC1ODXDLARLT1EBV951MH8RD1QR4,ANB69EQROUTQJ,Approved,Tue Mar 10 18:38:20 EDT 2015,Tue Mar 10 18:39:15 EDT 2015,automated negotiation,abduction,relaxation,artificial intelligence,cooperative query,conditional protocols,emptyanswer,emptyanswer,emptyanswer,emptyanswer,emptyanswer,emptyanswer,emptyanswer,emptyanswer,emptyanswer,emptyanswer
301KG0KX9BKUHWOWND282HLDV8EH2M,3R6P78PK7KADOJKSCO9O7NEO9CNTGP,ATRHDYWCIYTDJ,Approved,Wed Mar 11 04:30:06 EDT 2015,Wed Mar 11 04:30:17 EDT 2015,framework,negotiation,between,suppose,neighborhood,emptyanswer,emptyanswer,emptyanswer,emptyanswer,emptyanswer,emptyanswer,emptyanswer,emptyanswer,emptyanswer,emptyanswer,emptyanswer
301KG0KX9BKUHWOWND282HLDV8EH2M,3M0NZ3JDP1XBUY471KFFPEOG400Z50,A3CMDYA9USA3MR,Approved,Wed Mar 11 07:25:39 EDT 2015,Wed Mar 11 07:25:51 EDT 2015,studies,negotiation,suppose,knowledge,protocol,emptyanswer,emptyanswer,emptyanswer,emptyanswer,emptyanswer,emptyanswer,emptyanswer,emptyanswer,emptyanswer,emptyanswer,emptyanswer
301KG0KX9BKUHWOWND282HLDV8EH2M,3YWRV122CSYDVHTZTVNAK6JS48X8UX,AL9R6CILUG30X,Approved,Wed Mar 11 12:54:32 EDT 2015,Wed Mar 11 12:56:12 EDT 2015,Automated negotiation,artificial intelligence,query answering,Abduction,Relaxation,negotiation protocol,emptyanswer,emptyanswer,emptyanswer,emptyanswer,emptyanswer,emptyanswer,emptyanswer,emptyanswer,emptyanswer,emptyanswer
301KG0KX9BKUHWOWND282HLDV8EH2M,3TXD01ZLD4GCCG6XHSXX3U3N2M44UP,A2SDTL2V8VJ25O,Approved,Wed Mar 11 14:36:03 EDT 2015,Wed Mar 11 14:36:58 EDT 2015,Negotiation,Abduction,Relaxation,framework,respectively,emptyanswer,emptyanswer,emptyanswer,emptyanswer,emptyanswer,emptyanswer,emptyanswer,emptyanswer,emptyanswer,emptyanswer,emptyanswer
301KG0KX9BKUHWOWND282HLDV8EH2M,31Z0PCVWUKEUVQ9RJL5U1A1VBB3T7Q,A2KS418T8MPLJH,Approved,Thu Mar 12 10:59:25 EDT 2015,Thu Mar 12 11:04:22 EDT 2015,Negotiation by Abduction and Relaxation,logical framework for automated negotiation between two agents,We suppose an agent who has a knowledge base represented by a logic program,we introduce methods of constructing counter-proposals in response to proposals made by an agent[,negotiation protocol based on the exchange of these proposals and develop procedures for computing new proposals,emptyanswer,emptyanswer,emptyanswer,emptyanswer,emptyanswer,emptyanswer,emptyanswer,emptyanswer,emptyanswer,emptyanswer,emptyanswer
301KG0KX9BKUHWOWND282HLDV8EH2M,3Y4W8Q93LZJPPREQFT8V2KZCU7NVD2,AM1HY736BY3Z8,Approved,Thu Mar 12 12:14:31 EDT 2015,Thu Mar 12 12:15:23 EDT 2015,Negotiation by Abduction and Relaxation,This paper studies a logical framework for automated negotiation between two agents.,We suppose an agent who has a knowledge base represented by a logic program.,These techniques are respectively used for producing conditional proposals and neighborhood proposals in the process of negotiation.,We provide a negotiation protocol based on the exchange of these proposals and develop procedures for computing new proposals.,emptyanswer,emptyanswer,emptyanswer,emptyanswer,emptyanswer,emptyanswer,emptyanswer,emptyanswer,emptyanswer,emptyanswer,emptyanswer
301KG0KX9BKUHWOWND282HLDV8EH2M,3IXEICO792IBRQVM0B02VW1ZG1P6TC,AU3WQKISBW5MZ,Approved,Thu Mar 12 14:30:28 EDT 2015,Thu Mar 12 14:30:41 EDT 2015,"This paper studies a logical framework for automated negotiation between two agents. We suppose an agent who has a knowledge base represented by a logic program. Then, we introduce methods of constructing counter-proposals in response to proposals made by an agent. To this end, we combine the techniques of extended abduction in artificial intelligence and relaxation in cooperative query answering for databases. These techniques are respectively used for producing conditional proposals and neighborhood proposals in the process of negotiation. We provide a negotiation protocol based on the exchange of these proposals and develop procedures for computing new proposals.","This paper studies a logical framework for automated negotiation between two agents. We suppose an agent who has a knowledge base represented by a logic program. Then, we introduce methods of constructing counter-proposals in response to proposals made by an agent. To this end, we combine the techniques of extended abduction in artificial intelligence and relaxation in cooperative query answering for databases. These techniques are respectively used for producing conditional proposals and neighborhood proposals in the process of negotiation. We provide a negotiation protocol based on the exchange of these proposals and develop procedures for computing new proposals.","This paper studies a logical framework for automated negotiation between two agents. We suppose an agent who has a knowledge base represented by a logic program. Then, we introduce methods of constructing counter-proposals in response to proposals made by an agent. To this end, we combine the techniques of extended abduction in artificial intelligence and relaxation in cooperative query answering for databases. These techniques are respectively used for producing conditional proposals and neighborhood proposals in the process of negotiation. We provide a negotiation protocol based on the exchange of these proposals and develop procedures for computing new proposals.","This paper studies a logical framework for automated negotiation between two agents. We suppose an agent who has a knowledge base represented by a logic program. Then, we introduce methods of constructing counter-proposals in response to proposals made by an agent. To this end, we combine the techniques of extended abduction in artificial intelligence and relaxation in cooperative query answering for databases. These techniques are respectively used for producing conditional proposals and neighborhood proposals in the process of negotiation. We provide a negotiation protocol based on the exchange of these proposals and develop procedures for computing new proposals.","This paper studies a logical framework for automated negotiation between two agents. We suppose an agent who has a knowledge base represented by a logic program. Then, we introduce methods of constructing counter-proposals in response to proposals made by an agent. To this end, we combine the techniques of extended abduction in artificial intelligence and relaxation in cooperative query answering for databases. These techniques are respectively used for producing conditional proposals and neighborhood proposals in the process of negotiation. We provide a negotiation protocol based on the exchange of these proposals and develop procedures for computing new proposals.",emptyanswer,emptyanswer,emptyanswer,emptyanswer,emptyanswer,emptyanswer,emptyanswer,emptyanswer,emptyanswer,emptyanswer,emptyanswer
301KG0KX9BKUHWOWND282HLDV8EH2M,3DEL4X4EL6KKRRECB4WR3Q6YS7AXYQ,ADVZAZ12Z8N9J,Approved,Thu Mar 12 16:34:31 EDT 2015,Thu Mar 12 16:36:20 EDT 2015,This paper studies a logical framework for automated negotiation between two agents.,N/A,N/A,N/A,N/A,emptyanswer,emptyanswer,emptyanswer,emptyanswer,emptyanswer,emptyanswer,emptyanswer,emptyanswer,emptyanswer,emptyanswer,emptyanswer
301KG0KX9BKUHWOWND282HLDV8EH2M,3KGTPGBS6XK292RADEE9AF6PJAOU24,A1A9GCQVBEMT58,Approved,Fri Mar 13 03:51:45 EDT 2015,Fri Mar 13 03:56:28 EDT 2015,Logical framework,Automated negotiations,Constructing Counter proposals,extended abduction in AI,conditional proposals and neighbourhood proposals,negotiation protocol,emptyanswer,emptyanswer,emptyanswer,emptyanswer,emptyanswer,emptyanswer,emptyanswer,emptyanswer,emptyanswer,emptyanswer
301KG0KX9BKUHWOWND282HLDV8EH2M,32N49TQG3GHRRKBEVJHTCJR696YVAC,A3HPVFAF1U9WXK,Approved,Fri Mar 13 09:01:56 EDT 2015,Fri Mar 13 09:02:52 EDT 2015,Negotiation,Abduction,Relaxation,agents,logical framework,emptyanswer,emptyanswer,emptyanswer,emptyanswer,emptyanswer,emptyanswer,emptyanswer,emptyanswer,emptyanswer,emptyanswer,emptyanswer
301KG0KX9BKUHWOWND282HLDV8EH2M,3ERMJ6L4DYRQIVJ7AO4IFW63H5O7MO,A330N7LVL2IOVZ,Approved,Fri Mar 13 15:07:45 EDT 2015,Fri Mar 13 15:09:36 EDT 2015,automated negotiation,logic program,counter proposals,extended abduction,neighborhood proposals,emptyanswer,emptyanswer,emptyanswer,emptyanswer,emptyanswer,emptyanswer,emptyanswer,emptyanswer,emptyanswer,emptyanswer,emptyanswer
301KG0KX9BKUHWOWND282HLDV8EH2M,3Z2R0DQ0JHDLK6UONEZ46XKMXOJ2EO,A3DTN2OMF6DUSI,Approved,Fri Mar 13 23:23:20 EDT 2015,Fri Mar 13 23:23:25 EDT 2015,model,model,model,model,model,emptyanswer,emptyanswer,emptyanswer,emptyanswer,emptyanswer,emptyanswer,emptyanswer,emptyanswer,emptyanswer,emptyanswer,emptyanswer
301KG0KX9BKUHWOWND282HLDV8EH2M,3ZWFC4W1UU6UU4B5XFYBPNDULJ3RF3,A610SH5RY1NG1,Approved,Sat Mar 14 06:21:13 EDT 2015,Sat Mar 14 06:21:30 EDT 2015,negotiation,abduction,relaxation,logic program,methods,emptyanswer,emptyanswer,emptyanswer,emptyanswer,emptyanswer,emptyanswer,emptyanswer,emptyanswer,emptyanswer,emptyanswer,emptyanswer
301KG0KX9BKUHWOWND282HLDV8EH2M,3PPTZCWALQJ0NKN5LC3INPJ712IZQL,A2Z9HR2IBD75R9,Approved,Sat Mar 14 09:35:32 EDT 2015,Sat Mar 14 09:36:22 EDT 2015,Negotiation,Abduction,Relaxation,producing,proposals,emptyanswer,emptyanswer,emptyanswer,emptyanswer,emptyanswer,emptyanswer,emptyanswer,emptyanswer,emptyanswer,emptyanswer,emptyanswer
301KG0KX9BKUHWOWND282HLDV8EH2M,39GHHAVOMFQ3Y0V35TTJWSUCMD9J4Q,A2UNRV6PEOEXG0,Approved,Sat Mar 14 13:31:20 EDT 2015,Sat Mar 14 13:31:54 EDT 2015,negotiation,agents,automated negotiation,artificial intelligence,logic program,emptyanswer,emptyanswer,emptyanswer,emptyanswer,emptyanswer,emptyanswer,emptyanswer,emptyanswer,emptyanswer,emptyanswer,emptyanswer
301KG0KX9BKUHWOWND282HLDV8EH2M,37Z929RLG97GEOTJ7O35W1XRYVFTSO,AH3ER3EJXHRO2,Approved,Sat Mar 14 17:07:25 EDT 2015,Sat Mar 14 17:07:46 EDT 2015,negotiation,abduction,relaxation,automated negotiation,logic program,emptyanswer,emptyanswer,emptyanswer,emptyanswer,emptyanswer,emptyanswer,emptyanswer,emptyanswer,emptyanswer,emptyanswer,emptyanswer
301KG0KX9BKUHWOWND282HLDV8EH2M,39DD6S19JPABQHX0CL8IT8UTI0TEZP,ACVJ6IUO9QM4R,Approved,Sat Mar 14 17:22:16 EDT 2015,Sat Mar 14 17:23:00 EDT 2015,Negotiations between two agents,knowledge base represented by a logic program,logic programs,counter-proposals,artificial intelligence and relaxation,emptyanswer,emptyanswer,emptyanswer,emptyanswer,emptyanswer,emptyanswer,emptyanswer,emptyanswer,emptyanswer,emptyanswer,emptyanswer
301KG0KX9BKUHWOWND282HLDV8EH2M,34FNN24DCM8BP8U25YDWB7FEZDOY5F,AEISWC78MXIR5,Approved,Sat Mar 14 16:43:04 EDT 2015,Sat Mar 14 17:23:23 EDT 2015,Abduction,Relaxation,automated,counter-proposals,agents,emptyanswer,emptyanswer,emptyanswer,emptyanswer,emptyanswer,emptyanswer,emptyanswer,emptyanswer,emptyanswer,emptyanswer,emptyanswer
301KG0KX9BKUHWOWND282HLDV8EH2M,33LKR6A5KEJGK4UPU5OL00AI8V71TH,A3LV5FJGIHFQ94,Approved,Sat Mar 14 18:59:03 EDT 2015,Sat Mar 14 19:01:43 EDT 2015,logic,automated,agents,program,artificial,intelligence,relaxation,protocol,emptyanswer,emptyanswer,emptyanswer,emptyanswer,emptyanswer,emptyanswer,emptyanswer,emptyanswer
301KG0KX9BKUHWOWND282HLDV8EH2M,3QL2OFSM96H2CUZ3D6RT8XNHNBFCNM,A3S4ZDSPYCDH3D,Approved,Sat Mar 14 20:07:03 EDT 2015,Sat Mar 14 20:09:07 EDT 2015,automated negotiation,artificial intelligence,producing conditional proposals and neighborhood proposals,computing new proposals,Abduction and relaxation,framework for negotiation,emptyanswer,emptyanswer,emptyanswer,emptyanswer,emptyanswer,emptyanswer,emptyanswer,emptyanswer,emptyanswer,emptyanswer
301KG0KX9BKUHWOWND282HLDV8EH2M,3LKC68YZ3A2T8D5KVCR7ZGUP512OWM,A29ZV4XJB7R1O,Approved,Sat Mar 14 20:14:20 EDT 2015,Sat Mar 14 20:31:31 EDT 2015,Negotiation,Abduction,Relaxation,framework,automated,emptyanswer,emptyanswer,emptyanswer,emptyanswer,emptyanswer,emptyanswer,emptyanswer,emptyanswer,emptyanswer,emptyanswer,emptyanswer
301KG0KX9BKUHWOWND282HLDV8EH2M,3T3IWE1XG6M418E6FKE011IQG88QTC,A1G94QON7A9K0N,Approved,Sat Mar 14 20:58:06 EDT 2015,Sat Mar 14 20:58:32 EDT 2015,negotiations,databases,conditional,protocol,proposal,emptyanswer,emptyanswer,emptyanswer,emptyanswer,emptyanswer,emptyanswer,emptyanswer,emptyanswer,emptyanswer,emptyanswer,emptyanswer
301KG0KX9BKUHWOWND282HLDV8EH2M,3I33IC7ZWF1IUTDC79XIAEUVCDCA20,A9VLWY4KW6OCB,Approved,Sat Mar 14 21:21:16 EDT 2015,Sat Mar 14 21:30:38 EDT 2015,Negotiation,Abduction,Relaxation,framework,negotiation,emptyanswer,emptyanswer,emptyanswer,emptyanswer,emptyanswer,emptyanswer,emptyanswer,emptyanswer,emptyanswer,emptyanswer,emptyanswer
301KG0KX9BKUHWOWND282HLDV8EH2M,3LUY3GC63ZZW3YGK24WAW00YMFZP7C,A2TM0CPAMAO45B,Approved,Sat Mar 14 21:31:25 EDT 2015,Sat Mar 14 21:32:07 EDT 2015,automated negotiation,logic problem,counter-proposals,extended abduction,negotiation based protocol,emptyanswer,emptyanswer,emptyanswer,emptyanswer,emptyanswer,emptyanswer,emptyanswer,emptyanswer,emptyanswer,emptyanswer,emptyanswer
301KG0KX9BKUHWOWND282HLDV8EH2M,3QY5DC2MXRJMAW3M19TGUY0ESKBUFI,ATOMPVWZKAE0E,Approved,Sat Mar 14 22:14:01 EDT 2015,Sat Mar 14 22:15:28 EDT 2015,automated negotiation,extended abduction in artificial intelligence,relaxation in cooperative query answering,conditional proposal,neighborhood proposal,negotiation protocol,emptyanswer,emptyanswer,emptyanswer,emptyanswer,emptyanswer,emptyanswer,emptyanswer,emptyanswer,emptyanswer,emptyanswer
