HitId,AssignmentId,WorkerId,Status,AcceptTime,SubmitTime,Answer 1,Answer 2,Answer 3,Answer 4,Answer 5,Answer 6,Answer 7,Answer 8,Answer 9,Answer 10,Answer 11,Answer 12,Answer 13,Answer 14,Answer 15,Answer 16
302OLP89DY6S5R8KE0HMX87VU42ACE,3TPWUS5F890SZO8H57IG4G08FSGWC3,A1W7BQWWGKJ3XF,Approved,Mon Mar 02 13:05:00 EST 2015,Mon Mar 02 13:10:19 EST 2015,Large Spatial Databases,Remote Access,data archives,large volumes of online spatial data,efficient,client-server architecture,distributed workload,data visualization,data management,maximizing system responsiveness,decrease network latency,n/a,n/a,n/a,n/a,n/a
302OLP89DY6S5R8KE0HMX87VU42ACE,3180JW2OT4BLUJZ3JYCT1K0QLGQ5JG,A22R7DT2XQIKXV,Approved,Mon Mar 02 15:08:18 EST 2015,Mon Mar 02 15:08:24 EST 2015,aa,aa,aa,aa,aa,emptyanswer,emptyanswer,emptyanswer,emptyanswer,emptyanswer,emptyanswer,emptyanswer,emptyanswer,emptyanswer,emptyanswer,emptyanswer
302OLP89DY6S5R8KE0HMX87VU42ACE,34YB12FSQYN9BOU83R8CL9JWFJ5GMJ,A3ODG942FG22PJ,Approved,Mon Mar 02 17:22:12 EST 2015,Mon Mar 02 17:23:38 EST 2015,Remote,Large,Spatial,Databases,APPOINT,na,na,na,na,na,na,na,na,na,na,na
302OLP89DY6S5R8KE0HMX87VU42ACE,3RUIQRXJBBN5RYQOE64DYO9FBVILL9,A27I79P03I0ZPO,Approved,Mon Mar 02 22:52:43 EST 2015,Mon Mar 02 22:53:18 EST 2015,Remote,Access,Spatial,Databases,congestions,emptyanswer,emptyanswer,emptyanswer,emptyanswer,emptyanswer,emptyanswer,emptyanswer,emptyanswer,emptyanswer,emptyanswer,emptyanswer
302OLP89DY6S5R8KE0HMX87VU42ACE,34BBWHLWHAAJCRUHXHE2FJY3SYSIWL,A2R085B34P2LYS,Approved,Mon Mar 02 22:48:52 EST 2015,Mon Mar 02 23:11:29 EST 2015,Access,to,Large,Spatial,Databases,emptyanswer,emptyanswer,emptyanswer,emptyanswer,emptyanswer,emptyanswer,emptyanswer,emptyanswer,emptyanswer,emptyanswer,emptyanswer
302OLP89DY6S5R8KE0HMX87VU42ACE,3UOUJI6MTDD3AIU713Z2050LVWAUXP,A1B5NXRZQYRC4R,Approved,Tue Mar 03 08:59:20 EST 2015,Tue Mar 03 08:59:34 EST 2015,remote,access,large,spatial,databases,emptyanswer,emptyanswer,emptyanswer,emptyanswer,emptyanswer,emptyanswer,emptyanswer,emptyanswer,emptyanswer,emptyanswer,emptyanswer
302OLP89DY6S5R8KE0HMX87VU42ACE,3MB8LZR5BFSU7S86T6SCJOW0MW4KLY,A3S81UFDOWF2ST,Approved,Tue Mar 03 09:46:31 EST 2015,Tue Mar 03 09:48:35 EST 2015,Remote Access to Large Spatial Databases,decrease network latency,improve service bandwidth,resolve server congestions,centralized peer-to-peer approach,emptyanswer,emptyanswer,emptyanswer,emptyanswer,emptyanswer,emptyanswer,emptyanswer,emptyanswer,emptyanswer,emptyanswer,emptyanswer
302OLP89DY6S5R8KE0HMX87VU42ACE,3YMTUJH0DSFXC3R8HN7NYYHLJN24TX,A26M2B8NZVKWTZ,Approved,Tue Mar 03 10:37:24 EST 2015,Tue Mar 03 10:38:10 EST 2015,Databases,Large,Spatial,Remote,congestions,emptyanswer,emptyanswer,emptyanswer,emptyanswer,emptyanswer,emptyanswer,emptyanswer,emptyanswer,emptyanswer,emptyanswer,emptyanswer
302OLP89DY6S5R8KE0HMX87VU42ACE,3LRLIPTPEQ8DB9H2WF3MAAGPSK9KAK,A2A4LHPXF2E2GS,Approved,Tue Mar 03 11:42:20 EST 2015,Tue Mar 03 11:50:33 EST 2015,remote access,large spatial data archives,two efficient approaches,work distributed between server and clients,"spatial query evaluation, data visualization, data management",APPOINT (an Approach for Peer-to-Peer Offloading the Internet),centralized peer-to-peer approach,clients act on server's behalf,decrease network latency,improve service bandwidth,resolve server congestions,emptyanswer,emptyanswer,emptyanswer,emptyanswer,emptyanswer
302OLP89DY6S5R8KE0HMX87VU42ACE,3L70J4KAZGL5X3BS4YHZ6XLZ8CRDAH,A3FG9YWTFFK1AU,Approved,Tue Mar 03 17:21:59 EST 2015,Tue Mar 03 17:39:54 EST 2015,Remote Access,Large Spatial Databases,Enterprises,Approach for Peer-to-Peer Offloading the INTernet,APPOINT,emptyanswer,emptyanswer,emptyanswer,emptyanswer,emptyanswer,emptyanswer,emptyanswer,emptyanswer,emptyanswer,emptyanswer,emptyanswer
302OLP89DY6S5R8KE0HMX87VU42ACE,3JRJSWSMQHKA5OQ7RED9P7PE2E33E7,A9HQ3E0F2AGVO,Approved,Tue Mar 03 17:48:38 EST 2015,Tue Mar 03 17:51:57 EST 2015,online spatial data,remote access,client-server architecture,spatial query evaluation,data visualization,data management,emptyanswer,emptyanswer,emptyanswer,emptyanswer,emptyanswer,emptyanswer,emptyanswer,emptyanswer,emptyanswer,emptyanswer
302OLP89DY6S5R8KE0HMX87VU42ACE,36PW28KO4ZVAP9PS0TSJCF3K8OLEA4,A2QHRGCYA9YOA4,Approved,Wed Mar 04 00:29:26 EST 2015,Wed Mar 04 00:30:41 EST 2015,Large Spatial Databases,remote access to large spatial data,client-server architecture,spatial query evaluation,data visualization,APPOINT (an Approach for Peer-to-Peer Offloading the INTernet),centralized peer-to-peer approach,client-server architecture,emptyanswer,emptyanswer,emptyanswer,emptyanswer,emptyanswer,emptyanswer,emptyanswer,emptyanswer
302OLP89DY6S5R8KE0HMX87VU42ACE,3ERET4BTVM8Z6Q7X49PMEF55M4SK9A,A3H35QRODK1C4K,Approved,Wed Mar 04 10:13:54 EST 2015,Wed Mar 04 10:14:14 EST 2015,remote,access,large,spatial,databases,emptyanswer,emptyanswer,emptyanswer,emptyanswer,emptyanswer,emptyanswer,emptyanswer,emptyanswer,emptyanswer,emptyanswer,emptyanswer
302OLP89DY6S5R8KE0HMX87VU42ACE,3DH6GAKTYYO9WMERCMKC0BM9ZMQYZZ,A3FFZN4FO3Q789,Approved,Wed Mar 04 10:36:20 EST 2015,Wed Mar 04 10:37:54 EST 2015,public,large,appoint,clients,volmes,emptyanswer,emptyanswer,emptyanswer,emptyanswer,emptyanswer,emptyanswer,emptyanswer,emptyanswer,emptyanswer,emptyanswer,emptyanswer
302OLP89DY6S5R8KE0HMX87VU42ACE,3VAR3R6G1P0IIC92X9B1L0R3M3S8O1,A17JEL4FN1B9TB,Approved,Wed Mar 04 12:12:58 EST 2015,Wed Mar 04 12:14:03 EST 2015,Remote,Access,Large,Spatial,Databases,emptyanswer,emptyanswer,emptyanswer,emptyanswer,emptyanswer,emptyanswer,emptyanswer,emptyanswer,emptyanswer,emptyanswer,emptyanswer
302OLP89DY6S5R8KE0HMX87VU42ACE,3DY4FPOOA1NJQ1XVXU3F79GG8PMVRD,A2F6ZON8X5EAGL,Approved,Wed Mar 04 14:41:15 EST 2015,Wed Mar 04 14:42:09 EST 2015,Remote Access to Large Spatial Databases,internet,volumes,data management,architecture,emptyanswer,emptyanswer,emptyanswer,emptyanswer,emptyanswer,emptyanswer,emptyanswer,emptyanswer,emptyanswer,emptyanswer,emptyanswer
302OLP89DY6S5R8KE0HMX87VU42ACE,3RU7GD8VPOSIMW0CQ7ULRRWU83JSPS,A3OTLWGJFB65KD,Approved,Wed Mar 04 19:16:47 EST 2015,Wed Mar 04 19:16:54 EST 2015,nothing,nothing,nothing,nothing,nothing,emptyanswer,emptyanswer,emptyanswer,emptyanswer,emptyanswer,emptyanswer,emptyanswer,emptyanswer,emptyanswer,emptyanswer,emptyanswer
302OLP89DY6S5R8KE0HMX87VU42ACE,3F0BG9B9MPMQCC8LTRST9RTAPUMY7I,A3LUJSAN4DQ1ZT,Approved,Wed Mar 04 21:49:02 EST 2015,Wed Mar 04 21:50:32 EST 2015,Remote access,Large spatial databases,APPOINT,Network latency,Server,Concurrently,Minimization,emptyanswer,emptyanswer,emptyanswer,emptyanswer,emptyanswer,emptyanswer,emptyanswer,emptyanswer,emptyanswer
302OLP89DY6S5R8KE0HMX87VU42ACE,3MTMREQS4VH469BJLTMPYLAKFVHWAZ,A9LA6QK6VCERR,Approved,Thu Mar 05 02:00:38 EST 2015,Thu Mar 05 02:02:51 EST 2015,Large Spatial Databases,APPOINT,Approach for Peer-to-Peer Offloading the INTernet,online spatial data,centralized peer-to-peer approach,emptyanswer,emptyanswer,emptyanswer,emptyanswer,emptyanswer,emptyanswer,emptyanswer,emptyanswer,emptyanswer,emptyanswer,emptyanswer
302OLP89DY6S5R8KE0HMX87VU42ACE,3JV9LGBJWTDXBRFKG7NPDD81APMGOC,A3HPVFAF1U9WXK,Approved,Thu Mar 05 07:22:37 EST 2015,Thu Mar 05 07:23:38 EST 2015,Large Spatial Databases,Remote Access,Internet,data,peer-to-peer,emptyanswer,emptyanswer,emptyanswer,emptyanswer,emptyanswer,emptyanswer,emptyanswer,emptyanswer,emptyanswer,emptyanswer,emptyanswer
302OLP89DY6S5R8KE0HMX87VU42ACE,3SITXWYCNV8OEJL11CI7VF8X6G2XBK,A1QUDNLO95AKS5,Approved,Thu Mar 05 08:36:13 EST 2015,Thu Mar 05 08:36:38 EST 2015,Remote Access,Large Spatial Databases,APPOINT,an Approach for Peer-to-Peer Offloading the INTernet,network,emptyanswer,emptyanswer,emptyanswer,emptyanswer,emptyanswer,emptyanswer,emptyanswer,emptyanswer,emptyanswer,emptyanswer,emptyanswer
302OLP89DY6S5R8KE0HMX87VU42ACE,3A9AA95ATWLHGU21EBHDYGM2ULE5PA,A1YLO4LT02D2F0,Approved,Thu Mar 05 11:10:48 EST 2015,Thu Mar 05 11:11:34 EST 2015,private sectors have been making their large spatial data,interactive work with such large volumes,while maximizing system responsiveness,for system resources on the client,active clients of the client-server,emptyanswer,emptyanswer,emptyanswer,emptyanswer,emptyanswer,emptyanswer,emptyanswer,emptyanswer,emptyanswer,emptyanswer,emptyanswer
302OLP89DY6S5R8KE0HMX87VU42ACE,3WSELTNVR31CES7PQOHEB13LB3UATM,ADUJUZANFOWKW,Approved,Thu Mar 05 16:45:17 EST 2015,Thu Mar 05 16:45:45 EST 2015,databases,access,remote,APPOINT,peer-to-peer,emptyanswer,emptyanswer,emptyanswer,emptyanswer,emptyanswer,emptyanswer,emptyanswer,emptyanswer,emptyanswer,emptyanswer,emptyanswer
302OLP89DY6S5R8KE0HMX87VU42ACE,3FE7TXL1LIMAH9KTW5U40E90F862QW,A3I10J1GPDAPQR,Approved,Thu Mar 05 17:11:44 EST 2015,Thu Mar 05 17:12:58 EST 2015,Remote Access,Large Spatial Databases,service bandwidth,server congestions,client-server architecture,emptyanswer,emptyanswer,emptyanswer,emptyanswer,emptyanswer,emptyanswer,emptyanswer,emptyanswer,emptyanswer,emptyanswer,emptyanswer
302OLP89DY6S5R8KE0HMX87VU42ACE,3UN61F00HWO2S7IGR3L23BMHV5BR51,A3DHYTZ1GPN0T8,Approved,Thu Mar 05 21:50:32 EST 2015,Thu Mar 05 21:51:40 EST 2015,Enterprises,challenging task,large spatial data,client-server,architecture,emptyanswer,emptyanswer,emptyanswer,emptyanswer,emptyanswer,emptyanswer,emptyanswer,emptyanswer,emptyanswer,emptyanswer,emptyanswer
302OLP89DY6S5R8KE0HMX87VU42ACE,31LM9EDVOLRPK859NY8FV10CCB5NJN,AQXSUU4I4DAH8,Approved,Fri Mar 06 04:26:04 EST 2015,Fri Mar 06 04:26:45 EST 2015,spatial query evaluatio,Remote Access,large volumes of online spatial data,peer-to-peer approach,Large Spatial Databases,emptyanswer,emptyanswer,emptyanswer,emptyanswer,emptyanswer,emptyanswer,emptyanswer,emptyanswer,emptyanswer,emptyanswer,emptyanswer
302OLP89DY6S5R8KE0HMX87VU42ACE,3PW9OPU9PQJM050CBQ4PZD1S71312Z,A28IXE702NXWKQ,Approved,Fri Mar 06 12:14:50 EST 2015,Fri Mar 06 12:15:44 EST 2015,Enterprises,private sectors,two efficient,APPOINT,server's behalf,emptyanswer,emptyanswer,emptyanswer,emptyanswer,emptyanswer,emptyanswer,emptyanswer,emptyanswer,emptyanswer,emptyanswer,emptyanswer
302OLP89DY6S5R8KE0HMX87VU42ACE,3TU5ZICBRD0L3OMICM35A5M31DO8Q5,A2KELEVTA0306Y,Approved,Fri Mar 06 12:20:47 EST 2015,Fri Mar 06 12:22:41 EST 2015,Enterprises,public,private,sectors,making,large,Offloading,communicate,system,minimization,responsiveness,architecture,congestions,improve,bandwidth,decrease
302OLP89DY6S5R8KE0HMX87VU42ACE,358UUM7WRZ2HFBWZFW0Z1V0DMFZR7H,A1A7P5LC80G47W,Approved,Fri Mar 06 15:03:46 EST 2015,Fri Mar 06 15:04:46 EST 2015,remote access,large spatial databases,client-server architecture,data visualization,data management,emptyanswer,emptyanswer,emptyanswer,emptyanswer,emptyanswer,emptyanswer,emptyanswer,emptyanswer,emptyanswer,emptyanswer,emptyanswer
302OLP89DY6S5R8KE0HMX87VU42ACE,3OVR4I9USPIKKNZG0JDSTT6YZT7Q4Z,A2GBY8O6GYSB89,Approved,Sat Mar 07 10:51:36 EST 2015,Sat Mar 07 10:54:50 EST 2015,Large spatial databases,interactive work with large volumes of online spatial data,transfer large volumes of online data efficiently,prolonged periods of access to large online data,APPOINT (an Approach for Peer-to-Peer Offloading the INTernet),emptyanswer,emptyanswer,emptyanswer,emptyanswer,emptyanswer,emptyanswer,emptyanswer,emptyanswer,emptyanswer,emptyanswer,emptyanswer
302OLP89DY6S5R8KE0HMX87VU42ACE,3AMYWKA6YBLVEYQE4UE31MVCGJW6OT,A3K6BSW10S4YKJ,Approved,Sat Mar 07 11:06:10 EST 2015,Sat Mar 07 11:08:47 EST 2015,online spatial data,a challenging task,a client-server architecture,spatial query evaluation,"data visualization, and data management",maximizing system responsiveness,APPOINT (an Approach for Peer-to-Peer Offloading the INTernet),to decrease network latency,improve service bandwidth,resolve server congestions.,emptyanswer,emptyanswer,emptyanswer,emptyanswer,emptyanswer,emptyanswer
302OLP89DY6S5R8KE0HMX87VU42ACE,32AT8R96GL8VE1887TTF1XJTGUNUSM,A37WDQ1VG5XN6Z,Approved,Sat Mar 07 13:28:16 EST 2015,Sat Mar 07 13:29:02 EST 2015,nothing,nothing,nothing,nothing,nothing,emptyanswer,emptyanswer,emptyanswer,emptyanswer,emptyanswer,emptyanswer,emptyanswer,emptyanswer,emptyanswer,emptyanswer,emptyanswer
302OLP89DY6S5R8KE0HMX87VU42ACE,34S6N1K2ZVI3527YNLPF6WG8UTGLH3,A38IE69ORDCEGY,Approved,Sun Mar 08 00:15:50 EST 2015,Sun Mar 08 00:17:05 EST 2015,Remote access,spatial databases,spatial query evaluation,data management,data visualization,APPOINT,emptyanswer,emptyanswer,emptyanswer,emptyanswer,emptyanswer,emptyanswer,emptyanswer,emptyanswer,emptyanswer,emptyanswer
302OLP89DY6S5R8KE0HMX87VU42ACE,39LNWE0K4UV6KN5C2HZ1XVD67Y2IU3,A1JWEYGDFDB100,Approved,Sun Mar 08 07:54:09 EDT 2015,Sun Mar 08 07:55:32 EDT 2015,Remote Access,Large Spatial Databases,interactive work,client-server architecture,service bandwidth,emptyanswer,emptyanswer,emptyanswer,emptyanswer,emptyanswer,emptyanswer,emptyanswer,emptyanswer,emptyanswer,emptyanswer,emptyanswer
302OLP89DY6S5R8KE0HMX87VU42ACE,3SB4CE2TJVUJV9G9VYIB04ORO8EXA6,A2YW509B0UMSEH,Approved,Sun Mar 08 08:53:00 EDT 2015,Sun Mar 08 08:53:46 EDT 2015,Remote,public sector,private sector,Database,task,emptyanswer,emptyanswer,emptyanswer,emptyanswer,emptyanswer,emptyanswer,emptyanswer,emptyanswer,emptyanswer,emptyanswer,emptyanswer
302OLP89DY6S5R8KE0HMX87VU42ACE,3XC1O3LBOSLTABYTNF64KFJW5OXLT1,A3G4SXD4N30C3L,Approved,Sun Mar 08 13:15:21 EDT 2015,Sun Mar 08 13:16:02 EDT 2015,Remote Access,Large Spatial Databases,APPOINT (an Approach for Peer-to-Peer Offloading the INTernet),centralized peer-to-peer approach,client-server architecture,emptyanswer,emptyanswer,emptyanswer,emptyanswer,emptyanswer,emptyanswer,emptyanswer,emptyanswer,emptyanswer,emptyanswer,emptyanswer
302OLP89DY6S5R8KE0HMX87VU42ACE,31UV0MXWNQBPZ8FX1GRTPJLQ8HJ5II,A156NFBMKKLDL9,Approved,Sun Mar 08 13:53:37 EDT 2015,Sun Mar 08 13:54:22 EDT 2015,Remote Access,Large Spatial Databases,maximizing system responsivenes,active clients,decrease network latency,improve service bandwidth,resolve server congestions,emptyanswer,emptyanswer,emptyanswer,emptyanswer,emptyanswer,emptyanswer,emptyanswer,emptyanswer,emptyanswer
302OLP89DY6S5R8KE0HMX87VU42ACE,3DEL4X4EL6KKRRECB4WR3Q6YRZWYXW,A3EOFHEPL3L07Y,Approved,Sun Mar 08 18:08:49 EDT 2015,Sun Mar 08 18:11:44 EDT 2015,Remote Access to Large Spatial Databases,two efficient approaches to remote access to large spatial data,a client-server architecture where the work is distributed between the server and the individual clients for spatial query evaluation,enable the minimization of the requirements for system resources on the client side while maximizing system responsiveness as well as the number of connections one server can handle concurrently,APPOINT (an Approach for Peer-to-Peer Offloading the INTernet),a centralized peer-to-peer approach that helps Internet users transfer large volumes of online data efficiently,emptyanswer,emptyanswer,emptyanswer,emptyanswer,emptyanswer,emptyanswer,emptyanswer,emptyanswer,emptyanswer,emptyanswer
302OLP89DY6S5R8KE0HMX87VU42ACE,3K3R2QNK8B2D9MC9YNTOK2E3O9J9UH,A156E6TWVB7GP7,Approved,Sun Mar 08 23:03:02 EDT 2015,Sun Mar 08 23:13:50 EDT 2015,Enterprises,large spatial data,system responsiveness,APPOINT,improve service bandwidth,emptyanswer,emptyanswer,emptyanswer,emptyanswer,emptyanswer,emptyanswer,emptyanswer,emptyanswer,emptyanswer,emptyanswer,emptyanswer
302OLP89DY6S5R8KE0HMX87VU42ACE,3E7TUJ2EGCLRSK1NCS3ZA2AF294D9R,A2E2IQ99W6B7AV,Approved,Mon Mar 09 04:33:44 EDT 2015,Mon Mar 09 04:35:29 EDT 2015,Remote Access,Data archiving,Information spaces,Peer-to-peer data collection,Latency,Bandwidth,emptyanswer,emptyanswer,emptyanswer,emptyanswer,emptyanswer,emptyanswer,emptyanswer,emptyanswer,emptyanswer,emptyanswer
302OLP89DY6S5R8KE0HMX87VU42ACE,39OWYR0EPKQ3R5NRBAQ5XJ6RNWCYFL,A2SZAM3EZER2PH,Approved,Mon Mar 09 07:02:54 EDT 2015,Mon Mar 09 07:03:42 EDT 2015,Enterprises in the public,remote access,data management,system resources,decrease network latency,emptyanswer,emptyanswer,emptyanswer,emptyanswer,emptyanswer,emptyanswer,emptyanswer,emptyanswer,emptyanswer,emptyanswer,emptyanswer
302OLP89DY6S5R8KE0HMX87VU42ACE,3EICBYG644V6T48IY8Z1FQ60DFYCJH,ACYGMRGAZ22U7,Approved,Mon Mar 09 17:43:41 EDT 2015,Mon Mar 09 17:44:04 EDT 2015,Keyword/Keyphrase 1:,Keyword/Keyphrase 1:,Keyword/Keyphrase 1:,Keyword/Keyphrase 1:,Keyword/Keyphrase 1:,emptyanswer,emptyanswer,emptyanswer,emptyanswer,emptyanswer,emptyanswer,emptyanswer,emptyanswer,emptyanswer,emptyanswer,emptyanswer
302OLP89DY6S5R8KE0HMX87VU42ACE,34X6J5FLPTXAN5I13Q0WZVVHHV0JQW,APEB5ERGCYP6D,Approved,Tue Mar 10 01:43:58 EDT 2015,Tue Mar 10 02:14:10 EDT 2015,Enterprises in the public and private sectors,large spatial data archives available over the Internet,interactive work with such large volumes of online spatial data,an Approach for Peer-to-Peer Offloading the INTernet,improve service bandwidth and resolve server congestions,emptyanswer,emptyanswer,emptyanswer,emptyanswer,emptyanswer,emptyanswer,emptyanswer,emptyanswer,emptyanswer,emptyanswer,emptyanswer
302OLP89DY6S5R8KE0HMX87VU42ACE,3QY5DC2MXRJMAW3M19TGUY0ERAFUF1,A2UGT7BSQ540HI,Approved,Tue Mar 10 11:40:45 EDT 2015,Tue Mar 10 11:42:50 EDT 2015,Challenging,Maximize System,Transfer Data,Communicate,Improve Service,Minimize Requirements,Spatial Data,Data Management,Efficiency,emptyanswer,emptyanswer,emptyanswer,emptyanswer,emptyanswer,emptyanswer,emptyanswer
302OLP89DY6S5R8KE0HMX87VU42ACE,3OLF68YTN902VNPOV4CPUXOKK7OAF6,AW36CVMS3526O,Approved,Tue Mar 10 11:51:59 EDT 2015,Tue Mar 10 11:53:34 EDT 2015,Databases,Enterprises,challenging,communicate,congestions,emptyanswer,emptyanswer,emptyanswer,emptyanswer,emptyanswer,emptyanswer,emptyanswer,emptyanswer,emptyanswer,emptyanswer,emptyanswer
302OLP89DY6S5R8KE0HMX87VU42ACE,3W8CV64QJ2Y8406PYOMP1NPDU409H5,ANB69EQROUTQJ,Approved,Tue Mar 10 18:56:35 EDT 2015,Tue Mar 10 18:57:54 EDT 2015,remote access,large spatial database,interactive work,client-server architecture,maximize system responsiveness,emptyanswer,emptyanswer,emptyanswer,emptyanswer,emptyanswer,emptyanswer,emptyanswer,emptyanswer,emptyanswer,emptyanswer,emptyanswer
302OLP89DY6S5R8KE0HMX87VU42ACE,39LNWE0K4UV6KN5C2HZ1XVD672PIUY,A16MCPIUMNIDW,Approved,Tue Mar 10 19:14:32 EDT 2015,Tue Mar 10 19:15:54 EDT 2015,Remote access,large spatial database,data archive,client-server architecture,interactive,APPOINT,Approach for Peer-to-Peer Offloading the INTernet,peer-to-peer,emptyanswer,emptyanswer,emptyanswer,emptyanswer,emptyanswer,emptyanswer,emptyanswer,emptyanswer
302OLP89DY6S5R8KE0HMX87VU42ACE,3AMW0RGHOD1L6J87IBDZSXMOLLAPNA,A3UY2GVCKC8LSL,Approved,Tue Mar 10 23:25:59 EDT 2015,Tue Mar 10 23:26:34 EDT 2015,Large Spatial Databases,Remote Access,improve service bandwidth,Approach for Peer-to-Peer Offloading the INTernet,APPOINT,emptyanswer,emptyanswer,emptyanswer,emptyanswer,emptyanswer,emptyanswer,emptyanswer,emptyanswer,emptyanswer,emptyanswer,emptyanswer
302OLP89DY6S5R8KE0HMX87VU42ACE,3OXV7EAXLEP6S9XSLWUBDJX1LZ736G,ATRHDYWCIYTDJ,Approved,Wed Mar 11 04:31:16 EDT 2015,Wed Mar 11 04:31:27 EDT 2015,private,sectors,making,archives,client,emptyanswer,emptyanswer,emptyanswer,emptyanswer,emptyanswer,emptyanswer,emptyanswer,emptyanswer,emptyanswer,emptyanswer,emptyanswer
302OLP89DY6S5R8KE0HMX87VU42ACE,38F71OA9GTV3XOYDS72U3OJKEQYMFR,A3CMDYA9USA3MR,Approved,Wed Mar 11 07:45:23 EDT 2015,Wed Mar 11 07:45:37 EDT 2015,private,archives,architecture,communicate,congestions,emptyanswer,emptyanswer,emptyanswer,emptyanswer,emptyanswer,emptyanswer,emptyanswer,emptyanswer,emptyanswer,emptyanswer,emptyanswer
302OLP89DY6S5R8KE0HMX87VU42ACE,3JWH6J9I9SCJ2P7XZ6VYXDHZ4I8BNQ,A2SDTL2V8VJ25O,Approved,Wed Mar 11 20:41:57 EDT 2015,Wed Mar 11 20:42:34 EDT 2015,Remote,Spatial,Databases,efficiently,architecture,emptyanswer,emptyanswer,emptyanswer,emptyanswer,emptyanswer,emptyanswer,emptyanswer,emptyanswer,emptyanswer,emptyanswer,emptyanswer
302OLP89DY6S5R8KE0HMX87VU42ACE,39ZSFO5CA8V2FYPIKZK19WS6LKAUJP,A2KS418T8MPLJH,Approved,Thu Mar 12 11:23:43 EDT 2015,Thu Mar 12 11:24:37 EDT 2015,Remote Access to Large Spatial Databases,Enterprises in the public and private sectors have been making their large spatial data archives available over the Internet,We propose two efficient approaches to remote access to large spatial data,"Second, for prolonged periods of access to large online data",active clients of the client-server architecture act on the server's behalf and communicate with each other to decrease network latency,emptyanswer,emptyanswer,emptyanswer,emptyanswer,emptyanswer,emptyanswer,emptyanswer,emptyanswer,emptyanswer,emptyanswer,emptyanswer
302OLP89DY6S5R8KE0HMX87VU42ACE,3FPRZHYEPY6R7ZCTM42JPBD03UYV34,AM1HY736BY3Z8,Approved,Thu Mar 12 12:09:30 EDT 2015,Thu Mar 12 12:10:35 EDT 2015,Remote Access to Large Spatial Databases,Enterprises in the public and private sectors have been making their large spatial data archives available over the Internet,We propose two efficient approaches to remote access to large spatial data.,We enable the minimization of the requirements for system resources on the client side while maximizing system responsiveness as well as the number of connections one server can handle concurrently.,"In APPOINT, active clients of the client-server architecture act on the server's behalf and communicate with each other to decrease network latency, improve service bandwidth, and resolve server congestions.",emptyanswer,emptyanswer,emptyanswer,emptyanswer,emptyanswer,emptyanswer,emptyanswer,emptyanswer,emptyanswer,emptyanswer,emptyanswer
302OLP89DY6S5R8KE0HMX87VU42ACE,3NC5L260MOLRXRJP5NH7VS8PASBOFB,AU3WQKISBW5MZ,Approved,Thu Mar 12 14:11:01 EDT 2015,Thu Mar 12 14:11:42 EDT 2015,Enterprises in the public and private sectors have been making their large spatial data archives available over the Internet.,"However, interactive work with such large volumes of online spatial data is a challenging task. We propose two efficient approaches to remote access to large spatial data. First, we introduce a client-server architecture where the work is distributed between the server and the individual clients for spatial query evaluation, data visualization, and data management.","We enable the minimization of the requirements for system resources on the client side while maximizing system responsiveness as well as the number of connections one server can handle concurrently. Second, for prolonged periods of access to large online data, we introduce APPOINT (an Approach for Peer-to-Peer Offloading the INTernet).",This is a centralized peer-to-peer approach that helps Internet users transfer large volumes of online data efficiently.,"In APPOINT, active clients of the client-server architecture act on the server's behalf and communicate with each other to decrease network latency, improve service bandwidth, and resolve server congestions.",emptyanswer,emptyanswer,emptyanswer,emptyanswer,emptyanswer,emptyanswer,emptyanswer,emptyanswer,emptyanswer,emptyanswer,emptyanswer
302OLP89DY6S5R8KE0HMX87VU42ACE,3Z4XG4ZF48Q5CLNUY0YX4DIWZS4X89,A3MRB8TFD1IUS6,Approved,Thu Mar 12 14:54:05 EDT 2015,Thu Mar 12 14:55:58 EDT 2015,Large Spatial Databases,Remote Access,APPOINT,client server,data visulization,management,Peer to Peer,emptyanswer,emptyanswer,emptyanswer,emptyanswer,emptyanswer,emptyanswer,emptyanswer,emptyanswer,emptyanswer
302OLP89DY6S5R8KE0HMX87VU42ACE,3HMIGG0U4L5UCQD43WKZNRP51YZY8H,ADVZAZ12Z8N9J,Approved,Thu Mar 12 15:49:27 EDT 2015,Thu Mar 12 15:51:30 EDT 2015,Enterprises in the public and private sectors have been making their large spatial data archives available over the Internet.,N/A,N/A,N/A,N/A,emptyanswer,emptyanswer,emptyanswer,emptyanswer,emptyanswer,emptyanswer,emptyanswer,emptyanswer,emptyanswer,emptyanswer,emptyanswer
302OLP89DY6S5R8KE0HMX87VU42ACE,3EJPLAJKEMF7D24L63PKHK2G1XFZ6P,AL9R6CILUG30X,Approved,Thu Mar 12 17:03:31 EDT 2015,Thu Mar 12 17:05:57 EDT 2015,Spatial Databases,Remote Access,client-server architecture,APPOINT (an Approach for Peer-to-Peer Offloading the INTernet),peer-to-peer approach,network latency,service bandwidth,emptyanswer,emptyanswer,emptyanswer,emptyanswer,emptyanswer,emptyanswer,emptyanswer,emptyanswer,emptyanswer
302OLP89DY6S5R8KE0HMX87VU42ACE,34Q075JO1XCF4VXYW30BGP8DBGF011,A1A9GCQVBEMT58,Approved,Fri Mar 13 09:04:10 EDT 2015,Fri Mar 13 09:07:44 EDT 2015,client-server architecture,individual clients for spatial query evaluation,maximizing system responsiveness,Approach for Peer-to-Peer Offloading the INTernet,entralized peer-to-peer approach,decrease network latency,improve service bandwidth,resolve server congestions,emptyanswer,emptyanswer,emptyanswer,emptyanswer,emptyanswer,emptyanswer,emptyanswer,emptyanswer
302OLP89DY6S5R8KE0HMX87VU42ACE,3NGMS9VZTLHXRE6W6KYH8YZBITYFFY,A3DTN2OMF6DUSI,Approved,Fri Mar 13 22:56:20 EDT 2015,Fri Mar 13 22:56:40 EDT 2015,Access,Spatial,Databases,data,online,emptyanswer,emptyanswer,emptyanswer,emptyanswer,emptyanswer,emptyanswer,emptyanswer,emptyanswer,emptyanswer,emptyanswer,emptyanswer
302OLP89DY6S5R8KE0HMX87VU42ACE,3FE7TXL1LIMAH9KTW5U40E90GS8Q2R,A31EFJBJF2MBZ2,Approved,Sat Mar 14 02:33:59 EDT 2015,Sat Mar 14 02:45:34 EDT 2015,Large spatial data archives available over the Internet - interactive work a challenging task.,"1) Introduce a client-server architecture where the work is distributed between the server and the individual clients for spatial query evaluation, data visualization, and data management.",Enable the minimization of the requirements for system resources on the client side while maximizing system responsiveness as well as the number of connections one server can handle concurrently.,2)For prolonged periods of access to large online data - introduce APPOINT (an Approach for Peer-to-Peer Offloading the INTernet).,APPOINT - A centralized peer-to-peer approach that helps Internet users transfer large volumes of online data efficiently.,In APPOINT - active clients of the client-server architecture act on the server's behalf and communicate with each other.,"i) to decrease network latency   ii) improve service bandwidth, and  iii) resolve server congestions.",emptyanswer,emptyanswer,emptyanswer,emptyanswer,emptyanswer,emptyanswer,emptyanswer,emptyanswer,emptyanswer
302OLP89DY6S5R8KE0HMX87VU42ACE,3TDXMTX3CBTLICFB6Z1YHPZQ5N46IW,A8HUG07IE2R3,Approved,Sat Mar 14 05:04:21 EDT 2015,Sat Mar 14 05:30:33 EDT 2015,Remote Access to Large Spatial Databases,introduce a client-server architecture,prolonged periods of access to large online data,communicate with each other to decrease network latency,resolve server congestion,emptyanswer,emptyanswer,emptyanswer,emptyanswer,emptyanswer,emptyanswer,emptyanswer,emptyanswer,emptyanswer,emptyanswer,emptyanswer
302OLP89DY6S5R8KE0HMX87VU42ACE,3B2X28YI3WEBV4150P9HV2VDAYW6B1,A610SH5RY1NG1,Approved,Sat Mar 14 06:18:11 EDT 2015,Sat Mar 14 06:18:29 EDT 2015,remote access,large spatial databases,internet,interactive work,large volumes,emptyanswer,emptyanswer,emptyanswer,emptyanswer,emptyanswer,emptyanswer,emptyanswer,emptyanswer,emptyanswer,emptyanswer,emptyanswer
302OLP89DY6S5R8KE0HMX87VU42ACE,34QN5IT0TZQXFVHJVO9QVZVLPPF08L,A2Z9HR2IBD75R9,Approved,Sat Mar 14 09:44:40 EDT 2015,Sat Mar 14 09:44:58 EDT 2015,Remote Access,Large Spatial Databases,APPOINT,congestions,server,emptyanswer,emptyanswer,emptyanswer,emptyanswer,emptyanswer,emptyanswer,emptyanswer,emptyanswer,emptyanswer,emptyanswer,emptyanswer
302OLP89DY6S5R8KE0HMX87VU42ACE,3TGOYF991XLBTE0CWYOFGY1H26WUUL,A2UNRV6PEOEXG0,Approved,Sat Mar 14 13:52:49 EDT 2015,Sat Mar 14 13:53:31 EDT 2015,Remote access,large spatial data archives,internet,an Approach for Peer-to-Peer Offloading the INTernet,improve bandwidth,emptyanswer,emptyanswer,emptyanswer,emptyanswer,emptyanswer,emptyanswer,emptyanswer,emptyanswer,emptyanswer,emptyanswer,emptyanswer
302OLP89DY6S5R8KE0HMX87VU42ACE,3KGTPGBS6XK292RADEE9AF6PJFL2UJ,A3PRX6CU0P34NE,Approved,Sat Mar 14 15:54:34 EDT 2015,Sat Mar 14 16:10:39 EDT 2015,Remote access,Large spatial database,Enterprises,Public and private sectors,Archives,emptyanswer,emptyanswer,emptyanswer,emptyanswer,emptyanswer,emptyanswer,emptyanswer,emptyanswer,emptyanswer,emptyanswer,emptyanswer
302OLP89DY6S5R8KE0HMX87VU42ACE,36AHBNMV1RB6TL9VK4VF9J36CUMYDN,AH3ER3EJXHRO2,Approved,Sat Mar 14 16:44:51 EDT 2015,Sat Mar 14 16:45:11 EDT 2015,remote access,large spatial databases,enterprises,archives,data,emptyanswer,emptyanswer,emptyanswer,emptyanswer,emptyanswer,emptyanswer,emptyanswer,emptyanswer,emptyanswer,emptyanswer,emptyanswer
302OLP89DY6S5R8KE0HMX87VU42ACE,3KV0LJBBH2K00E3MJ22OKDX3IL0RMX,AWFQ7OX0UPSM5,Approved,Sat Mar 14 17:24:12 EDT 2015,Sat Mar 14 17:24:59 EDT 2015,Large Spatial Databases,Remote Access,public and private sectors,large spatial data archives,client-server architecture,emptyanswer,emptyanswer,emptyanswer,emptyanswer,emptyanswer,emptyanswer,emptyanswer,emptyanswer,emptyanswer,emptyanswer,emptyanswer
302OLP89DY6S5R8KE0HMX87VU42ACE,3WYGZ5XF3WEHB53WDFPDVAAVFJVKSI,A1BV5YY1UQCMZY,Approved,Sat Mar 14 19:58:15 EDT 2015,Sat Mar 14 19:59:20 EDT 2015,remote access,large spatial database,archives,client-server architecture,appoint,server,emptyanswer,emptyanswer,emptyanswer,emptyanswer,emptyanswer,emptyanswer,emptyanswer,emptyanswer,emptyanswer,emptyanswer
302OLP89DY6S5R8KE0HMX87VU42ACE,3JMSRU9HQITUHXSQBOJF82HXUQUEVY,A2I4DDHMIT7HX,Approved,Sat Mar 14 20:06:04 EDT 2015,Sat Mar 14 20:07:55 EDT 2015,spatial databases,client-server architecture,peer-to-peer,spatial query evaluation,data visualization,APPOINT,data management,system resources,system responsiveness,emptyanswer,emptyanswer,emptyanswer,emptyanswer,emptyanswer,emptyanswer,emptyanswer
