HitId,AssignmentId,WorkerId,Status,AcceptTime,SubmitTime,Answer 1,Answer 2,Answer 3,Answer 4,Answer 5,Answer 6,Answer 7,Answer 8,Answer 9,Answer 10,Answer 11,Answer 12,Answer 13,Answer 14,Answer 15,Answer 16
32ZCLEW0BYJM09KSDBG5A79LJAAJPG,340UGXU9DY0B6TPC1OYKCK30FJLVU2,A1XRIEYLA7ZJ3B,Approved,Mon Mar 02 13:00:18 EST 2015,Mon Mar 02 13:03:17 EST 2015,Agent-Based Approach,Privacy-Preserving,Recommender Systems,personalized information,Information Filtering architectures,information and service providers,multilateral way,main modules of our solution,emptyanswer,emptyanswer,emptyanswer,emptyanswer,emptyanswer,emptyanswer,emptyanswer,emptyanswer
32ZCLEW0BYJM09KSDBG5A79LJAAJPG,3WQ3B2KGE8FGOI08UJX0064W1U8B1D,A1W7BQWWGKJ3XF,Approved,Mon Mar 02 13:35:32 EST 2015,Mon Mar 02 13:37:33 EST 2015,Privacy-Preserving,Recommender Systems,Agent-Based,personalized information,personal user data,Information Filtering architectures,privacy,n/a,n/a,n/a,n/a,n/a,n/a,n/a,n/a,n/a
32ZCLEW0BYJM09KSDBG5A79LJAAJPG,3IO1LGZLK9WST63YXDP7405C10786F,A22R7DT2XQIKXV,Approved,Mon Mar 02 15:04:37 EST 2015,Mon Mar 02 15:04:44 EST 2015,aa,aa,aa,aa,aa,emptyanswer,emptyanswer,emptyanswer,emptyanswer,emptyanswer,emptyanswer,emptyanswer,emptyanswer,emptyanswer,emptyanswer,emptyanswer
32ZCLEW0BYJM09KSDBG5A79LJAAJPG,3GDTJDAPVUAUI9OQKTWOTW2YR0MM83,A3ODG942FG22PJ,Approved,Mon Mar 02 15:28:37 EST 2015,Mon Mar 02 15:29:09 EST 2015,Agent-Based,Privacy-Preserving,Recommender Systems,Information Filtering,architectures,NA,NA,NA,NA,NA,NA,NA,NA,NA,NA,NA
32ZCLEW0BYJM09KSDBG5A79LJAAJPG,3IFS6Q0HJIIQ5AD8DC41IUVIMLWSIG,A2R085B34P2LYS,Approved,Mon Mar 02 22:43:01 EST 2015,Mon Mar 02 22:52:21 EST 2015,Agent,Approach,Privacy,Preserving,Recommender,emptyanswer,emptyanswer,emptyanswer,emptyanswer,emptyanswer,emptyanswer,emptyanswer,emptyanswer,emptyanswer,emptyanswer,emptyanswer
32ZCLEW0BYJM09KSDBG5A79LJAAJPG,3CP1TO84PT0LON1VCD6123E9J5V25H,A2BA1R9MAHHWJH,Approved,Tue Mar 03 00:23:48 EST 2015,Tue Mar 03 00:26:45 EST 2015,Recommender Systems,various domains,generate personalized,information,personal user data,ability to preserve,all participants,essential requirement,underlying Information,Filtering architectures,deployed Recommender,Recommender Systems,privacy-aware,service providers.,Existing approaches,neglect to address
32ZCLEW0BYJM09KSDBG5A79LJAAJPG,3TK8OJTYM1KYEOHGK2ZQ2EG1742VPJ,A1B5NXRZQYRC4R,Approved,Tue Mar 03 06:32:19 EST 2015,Tue Mar 03 06:32:57 EST 2015,Agent-Based,Approach,Privacy-Preserving,Recommender,Systems,emptyanswer,emptyanswer,emptyanswer,emptyanswer,emptyanswer,emptyanswer,emptyanswer,emptyanswer,emptyanswer,emptyanswer,emptyanswer
32ZCLEW0BYJM09KSDBG5A79LJAAJPG,354GIDR5ZB5FX6CG0KWB2KP350F00R,A26M2B8NZVKWTZ,Approved,Tue Mar 03 06:39:00 EST 2015,Tue Mar 03 06:42:55 EST 2015,Privacy-Preserving,Recommender,Systems,Agent-Based,information,emptyanswer,emptyanswer,emptyanswer,emptyanswer,emptyanswer,emptyanswer,emptyanswer,emptyanswer,emptyanswer,emptyanswer,emptyanswer
32ZCLEW0BYJM09KSDBG5A79LJAAJPG,30BXRYBRP4WJGWJXRZWHF7XOSMZHWF,A160HFSRDNT91E,Approved,Tue Mar 03 08:23:11 EST 2015,Tue Mar 03 08:24:09 EST 2015,Data Privacy,Agent-Based,Recommender Systems,Filtering,Security,emptyanswer,emptyanswer,emptyanswer,emptyanswer,emptyanswer,emptyanswer,emptyanswer,emptyanswer,emptyanswer,emptyanswer,emptyanswer
32ZCLEW0BYJM09KSDBG5A79LJAAJPG,3DBQWDE4Y6XHD9QOYW4LURH7U1C5N3,A27I79P03I0ZPO,Approved,Tue Mar 03 11:07:33 EST 2015,Tue Mar 03 11:08:05 EST 2015,Agent-Based,Privacy-Preserving,Recommender,Systems,implemented,emptyanswer,emptyanswer,emptyanswer,emptyanswer,emptyanswer,emptyanswer,emptyanswer,emptyanswer,emptyanswer,emptyanswer,emptyanswer
32ZCLEW0BYJM09KSDBG5A79LJAAJPG,3R2UR8A0IAF8XDAA5HNT1Z8WDASOXC,A3S81UFDOWF2ST,Approved,Tue Mar 03 11:38:25 EST 2015,Tue Mar 03 11:39:43 EST 2015,Privacy-Preserving Recommender Systems,preserve the privacy of all participants,Multiagent System technology,privacy-aware users as well as information and service providers,Information Filtering,emptyanswer,emptyanswer,emptyanswer,emptyanswer,emptyanswer,emptyanswer,emptyanswer,emptyanswer,emptyanswer,emptyanswer,emptyanswer
32ZCLEW0BYJM09KSDBG5A79LJAAJPG,3QHK8ZVMIMHTEP4CNTFJKLDAZ2DBLN,A3FG9YWTFFK1AU,Approved,Tue Mar 03 16:50:34 EST 2015,Tue Mar 03 17:08:29 EST 2015,Agent-Based Approach,Privacy-Preserving Recommender Systems,domains,generate personalized information based on personal user data,modules,emptyanswer,emptyanswer,emptyanswer,emptyanswer,emptyanswer,emptyanswer,emptyanswer,emptyanswer,emptyanswer,emptyanswer,emptyanswer
32ZCLEW0BYJM09KSDBG5A79LJAAJPG,3EQHHY4HQSRB3H92BSRQ478ATQ75GE,A9HQ3E0F2AGVO,Approved,Tue Mar 03 17:33:24 EST 2015,Tue Mar 03 17:35:44 EST 2015,Recommender Systems,personalized information,personal user data,privacy,Multiagent System technology,emptyanswer,emptyanswer,emptyanswer,emptyanswer,emptyanswer,emptyanswer,emptyanswer,emptyanswer,emptyanswer,emptyanswer,emptyanswer
32ZCLEW0BYJM09KSDBG5A79LJAAJPG,358010RM5ES3NXJ76T97WR2494PXVP,A2YW509B0UMSEH,Approved,Tue Mar 03 22:56:12 EST 2015,Tue Mar 03 23:01:35 EST 2015,Privacy,Recommender System,technology,user,data,emptyanswer,emptyanswer,emptyanswer,emptyanswer,emptyanswer,emptyanswer,emptyanswer,emptyanswer,emptyanswer,emptyanswer,emptyanswer
32ZCLEW0BYJM09KSDBG5A79LJAAJPG,3HYA4D452RIDQKUKIPJAOF5M824F2E,A3FFZN4FO3Q789,Approved,Wed Mar 04 10:54:40 EST 2015,Wed Mar 04 11:00:26 EST 2015,preliminary,preliminary,preliminary,preliminary,preliminary,emptyanswer,emptyanswer,emptyanswer,emptyanswer,emptyanswer,emptyanswer,emptyanswer,emptyanswer,emptyanswer,emptyanswer,emptyanswer
32ZCLEW0BYJM09KSDBG5A79LJAAJPG,36DSNE9QZ5X72T5LOD8SAQ0H2EKOJZ,A3H35QRODK1C4K,Approved,Wed Mar 04 11:55:48 EST 2015,Wed Mar 04 11:57:10 EST 2015,agent-based,approach,privacy-preserving,recommender,systems,emptyanswer,emptyanswer,emptyanswer,emptyanswer,emptyanswer,emptyanswer,emptyanswer,emptyanswer,emptyanswer,emptyanswer,emptyanswer
32ZCLEW0BYJM09KSDBG5A79LJAAJPG,3PMBY0YE272HNSV9CW8OQWSXHW5C9D,A2F6ZON8X5EAGL,Approved,Wed Mar 04 16:05:20 EST 2015,Wed Mar 04 16:05:56 EST 2015,An Agent-Based Approach for Privacy-Preserving Recommender Systems,systems,information,applications,approach,emptyanswer,emptyanswer,emptyanswer,emptyanswer,emptyanswer,emptyanswer,emptyanswer,emptyanswer,emptyanswer,emptyanswer,emptyanswer
32ZCLEW0BYJM09KSDBG5A79LJAAJPG,39KFRKBFINUXXI0KAD9VKDF5FJLOYN,A3OTLWGJFB65KD,Approved,Wed Mar 04 19:26:04 EST 2015,Wed Mar 04 19:26:12 EST 2015,nothing,nothing,nothing,nothing,nothing,emptyanswer,emptyanswer,emptyanswer,emptyanswer,emptyanswer,emptyanswer,emptyanswer,emptyanswer,emptyanswer,emptyanswer,emptyanswer
32ZCLEW0BYJM09KSDBG5A79LJAAJPG,3LEP4MGT3GZAGDGKACHV1855QXFDBL,A3LUJSAN4DQ1ZT,Approved,Wed Mar 04 22:54:49 EST 2015,Wed Mar 04 22:55:33 EST 2015,agent-based,privacy-preserving,multilateral,filtering,modules,privacy-aware,emptyanswer,emptyanswer,emptyanswer,emptyanswer,emptyanswer,emptyanswer,emptyanswer,emptyanswer,emptyanswer,emptyanswer
32ZCLEW0BYJM09KSDBG5A79LJAAJPG,3SNVL38CI4R14OE0GTZDG56DSRGKCG,A9LA6QK6VCERR,Approved,Wed Mar 04 23:37:20 EST 2015,Wed Mar 04 23:39:20 EST 2015,Privacy-Preserving Recommender Systems,Multiagent System technology,Information Filtering architectures,filtering techniques,Agent-Based Approach,emptyanswer,emptyanswer,emptyanswer,emptyanswer,emptyanswer,emptyanswer,emptyanswer,emptyanswer,emptyanswer,emptyanswer,emptyanswer
32ZCLEW0BYJM09KSDBG5A79LJAAJPG,3DBQWDE4Y6XHD9QOYW4LURH7U5FN5W,A1YLO4LT02D2F0,Approved,Thu Mar 05 02:33:54 EST 2015,Thu Mar 05 02:34:47 EST 2015,Recommender Systems are used in various domains,generate personalized information based on personal user data,ability to preserve the privacy of all participants,Existing approaches neglect to address privacy,the main modules of our solution as well as an application we have implemented based on this approach,emptyanswer,emptyanswer,emptyanswer,emptyanswer,emptyanswer,emptyanswer,emptyanswer,emptyanswer,emptyanswer,emptyanswer,emptyanswer
32ZCLEW0BYJM09KSDBG5A79LJAAJPG,379J5II41OFRLSGWXKH9LTJV246LEN,A3I10J1GPDAPQR,Approved,Thu Mar 05 08:44:58 EST 2015,Thu Mar 05 08:46:52 EST 2015,Agent-Based Approach,Privacy-Preserving Recommender Systems,essential requirement,Information Filtering architectures,Multiagent System technology,emptyanswer,emptyanswer,emptyanswer,emptyanswer,emptyanswer,emptyanswer,emptyanswer,emptyanswer,emptyanswer,emptyanswer,emptyanswer
32ZCLEW0BYJM09KSDBG5A79LJAAJPG,3TPWUS5F890SZO8H57IG4G08FZYCWF,A1QUDNLO95AKS5,Approved,Thu Mar 05 08:57:41 EST 2015,Thu Mar 05 08:58:49 EST 2015,Agent-Based Approach,Privacy-Preserving Recommender Systems,Multiagent System,technology,participants,emptyanswer,emptyanswer,emptyanswer,emptyanswer,emptyanswer,emptyanswer,emptyanswer,emptyanswer,emptyanswer,emptyanswer,emptyanswer
32ZCLEW0BYJM09KSDBG5A79LJAAJPG,3PEIJLRY6TSG2MJCW3E3ITLIGIPWX6,ADUJUZANFOWKW,Approved,Thu Mar 05 17:45:58 EST 2015,Thu Mar 05 17:46:32 EST 2015,agent,privacy,filtering,information,technology,emptyanswer,emptyanswer,emptyanswer,emptyanswer,emptyanswer,emptyanswer,emptyanswer,emptyanswer,emptyanswer,emptyanswer,emptyanswer
32ZCLEW0BYJM09KSDBG5A79LJAAJPG,3E47SOBEYQVAYTOCGQE13PR00Q5ICN,A3G4SXD4N30C3L,Approved,Thu Mar 05 20:48:23 EST 2015,Thu Mar 05 20:49:14 EST 2015,Agent-Based Approach,Privacy-Preserving Recommender Systems,personal user data,Information Filtering architectures,privacy-preserving Recommender Systems,Multiagent System technology,emptyanswer,emptyanswer,emptyanswer,emptyanswer,emptyanswer,emptyanswer,emptyanswer,emptyanswer,emptyanswer,emptyanswer
32ZCLEW0BYJM09KSDBG5A79LJAAJPG,3BF51CHDTV9Q86ICYS3W8COKRP80H0,A3DHYTZ1GPN0T8,Approved,Thu Mar 05 22:17:38 EST 2015,Thu Mar 05 22:19:07 EST 2015,Recommender Systems,Information Filtering architectures,data,privacy,implemented based,emptyanswer,emptyanswer,emptyanswer,emptyanswer,emptyanswer,emptyanswer,emptyanswer,emptyanswer,emptyanswer,emptyanswer,emptyanswer
32ZCLEW0BYJM09KSDBG5A79LJAAJPG,3WYGZ5XF3WEHB53WDFPDVAAVEZESK4,AQXSUU4I4DAH8,Approved,Fri Mar 06 04:30:08 EST 2015,Fri Mar 06 04:30:41 EST 2015,Information Filtering architecture,Agent-Based Approach,privacy-preserving Recommender Systems,Privacy-Preserving Recommender Systems,Multiagent System technology,emptyanswer,emptyanswer,emptyanswer,emptyanswer,emptyanswer,emptyanswer,emptyanswer,emptyanswer,emptyanswer,emptyanswer,emptyanswer
32ZCLEW0BYJM09KSDBG5A79LJAAJPG,34V1S5K3GS0S7BM825VL4W0NLHH96J,A2KELEVTA0306Y,Approved,Fri Mar 06 10:11:56 EST 2015,Fri Mar 06 10:13:44 EST 2015,Recommender,Systems,used,generate,personalized,information,preserve,participants,essential,requirement,underlying,privacy-preserving,recommendations,implemented,modules,approach
32ZCLEW0BYJM09KSDBG5A79LJAAJPG,3WLEIWSYHOGX4GLQDF7AR0HZOPNH20,ADVZAZ12Z8N9J,Approved,Fri Mar 06 10:13:59 EST 2015,Fri Mar 06 10:23:18 EST 2015,Recommender Systems are used in various domains to generate personalized information based on personal user data.,"The ability to preserve the privacy of all participants is an essential requirement of the underlying Information Filtering architectures, because the deployed Recommender Systems have to be accepted by privacy-aware users as well as information and service providers. Existing approaches neglect to address privacy in this multilateral way.",We have developed an approach for privacy-preserving Recommender Systems based on Multiagent System technology which enables applications to generate recommendations via various filtering techniques while preserving the privacy of all participants.,We describe the main modules of our solution as well as an application we have implemented based on this approach.,N/A,emptyanswer,emptyanswer,emptyanswer,emptyanswer,emptyanswer,emptyanswer,emptyanswer,emptyanswer,emptyanswer,emptyanswer,emptyanswer
32ZCLEW0BYJM09KSDBG5A79LJAAJPG,3JV9LGBJWTDXBRFKG7NPDD81AVNGOP,A2A4LHPXF2E2GS,Approved,Fri Mar 06 12:47:17 EST 2015,Fri Mar 06 12:56:00 EST 2015,agent-based approach,privacy-preserving recommender systems,generate personalized information,ability to preserve participant privacy,multiagent system technology,generate recommendations via filtering techniques,emptyanswer,emptyanswer,emptyanswer,emptyanswer,emptyanswer,emptyanswer,emptyanswer,emptyanswer,emptyanswer,emptyanswer
32ZCLEW0BYJM09KSDBG5A79LJAAJPG,3VA45EW49NM07CPHYO2M6Q4V86J1OP,A2SDTL2V8VJ25O,Approved,Fri Mar 06 16:16:34 EST 2015,Fri Mar 06 16:17:21 EST 2015,Agent-Based,Approach,Privacy,Preserving,Systems,emptyanswer,emptyanswer,emptyanswer,emptyanswer,emptyanswer,emptyanswer,emptyanswer,emptyanswer,emptyanswer,emptyanswer,emptyanswer
32ZCLEW0BYJM09KSDBG5A79LJAAJPG,3AZHRG4CU4JBEYBDJ7EU4INA8PL301,A37WDQ1VG5XN6Z,Approved,Sat Mar 07 13:35:39 EST 2015,Sat Mar 07 13:35:48 EST 2015,nothing,nothing,nothing,nothing,nothing,emptyanswer,emptyanswer,emptyanswer,emptyanswer,emptyanswer,emptyanswer,emptyanswer,emptyanswer,emptyanswer,emptyanswer,emptyanswer
32ZCLEW0BYJM09KSDBG5A79LJAAJPG,3EQHHY4HQSRB3H92BSRQ478AT39G5H,A38IE69ORDCEGY,Approved,Sat Mar 07 17:50:28 EST 2015,Sat Mar 07 17:55:26 EST 2015,Recommender systems,Participant privacy,multilateral privacy protection,Multiagent systems,Privacy preservation,emptyanswer,emptyanswer,emptyanswer,emptyanswer,emptyanswer,emptyanswer,emptyanswer,emptyanswer,emptyanswer,emptyanswer,emptyanswer
32ZCLEW0BYJM09KSDBG5A79LJAAJPG,3X0H8UUIT1N865XD2T8GJL4Q1B0SWN,APEB5ERGCYP6D,Approved,Sat Mar 07 23:58:00 EST 2015,Sun Mar 08 00:12:45 EST 2015,various domains to generate personalized information,to preserve the privacy of all participants is an essential requirement,Information Filtering architectures,the deployed Recommender Systems,neglect to address privacy in this multilateral way,emptyanswer,emptyanswer,emptyanswer,emptyanswer,emptyanswer,emptyanswer,emptyanswer,emptyanswer,emptyanswer,emptyanswer,emptyanswer
32ZCLEW0BYJM09KSDBG5A79LJAAJPG,3OVHNO1VE606YBJ0GQXYNQC8HBJZDH,ANB69EQROUTQJ,Approved,Sun Mar 08 15:00:43 EDT 2015,Sun Mar 08 15:01:47 EDT 2015,privacy,recommender systems,personalized information,information filtering architectures,mulitagent system technology,filtering techniques,emptyanswer,emptyanswer,emptyanswer,emptyanswer,emptyanswer,emptyanswer,emptyanswer,emptyanswer,emptyanswer,emptyanswer
32ZCLEW0BYJM09KSDBG5A79LJAAJPG,3P4MQ7TPPXBH1GI0WGQP6IH5NNRBBM,A2GBY8O6GYSB89,Approved,Sun Mar 08 18:43:50 EDT 2015,Sun Mar 08 18:44:46 EDT 2015,Agent-Based Approach,Privacy-Preserving Recommender Systems,various domains,personal user data,essential requirement,Information Filtering architectures,emptyanswer,emptyanswer,emptyanswer,emptyanswer,emptyanswer,emptyanswer,emptyanswer,emptyanswer,emptyanswer,emptyanswer
32ZCLEW0BYJM09KSDBG5A79LJAAJPG,3YJ6NA41JBFPNTHM3DL7ZQ57CXZPJS,A156NFBMKKLDL9,Approved,Sun Mar 08 22:16:18 EDT 2015,Sun Mar 08 22:16:43 EDT 2015,Agent-Based Approach,Privacy-Preserving,Recommender Systems,privacy-aware,Multiagent System,emptyanswer,emptyanswer,emptyanswer,emptyanswer,emptyanswer,emptyanswer,emptyanswer,emptyanswer,emptyanswer,emptyanswer,emptyanswer
32ZCLEW0BYJM09KSDBG5A79LJAAJPG,33C7UALJVLXXMK21R7DQ94EVT7P81F,A2SZAM3EZER2PH,Approved,Mon Mar 09 06:43:45 EDT 2015,Mon Mar 09 06:44:17 EDT 2015,Recommender Systems,personalized information,privacy-aware,System technology,application,emptyanswer,emptyanswer,emptyanswer,emptyanswer,emptyanswer,emptyanswer,emptyanswer,emptyanswer,emptyanswer,emptyanswer,emptyanswer
32ZCLEW0BYJM09KSDBG5A79LJAAJPG,3XM0HYN6NKYHCDVUPCAG2ASF7QHPEN,ACYGMRGAZ22U7,Approved,Mon Mar 09 17:46:47 EDT 2015,Mon Mar 09 17:47:15 EDT 2015,Keyword/Keyphrase 1:,Keyword/Keyphrase 1:,Keyword/Keyphrase 1:,Keyword/Keyphrase 1:,Keyword/Keyphrase 1:,emptyanswer,emptyanswer,emptyanswer,emptyanswer,emptyanswer,emptyanswer,emptyanswer,emptyanswer,emptyanswer,emptyanswer,emptyanswer
32ZCLEW0BYJM09KSDBG5A79LJAAJPG,31LVTDXBL79GUWL1JQ19K0IEH6DRLD,A2E2IQ99W6B7AV,Approved,Tue Mar 10 03:15:05 EDT 2015,Tue Mar 10 03:16:04 EDT 2015,Agent based approach,User data,Privacy preservation,Multi-agent system,Filter techniques,emptyanswer,emptyanswer,emptyanswer,emptyanswer,emptyanswer,emptyanswer,emptyanswer,emptyanswer,emptyanswer,emptyanswer,emptyanswer
32ZCLEW0BYJM09KSDBG5A79LJAAJPG,32ZKVD547FMCYLENHNBJOZJTZZ5B3U,AW36CVMS3526O,Approved,Tue Mar 10 12:22:26 EDT 2015,Tue Mar 10 12:23:11 EDT 2015,Privacy-Preserving,personalized,architecture,techniques,application,emptyanswer,emptyanswer,emptyanswer,emptyanswer,emptyanswer,emptyanswer,emptyanswer,emptyanswer,emptyanswer,emptyanswer,emptyanswer
32ZCLEW0BYJM09KSDBG5A79LJAAJPG,3YDGXNSEOZTEEJZKEPWS72LY5UF48A,A3UY2GVCKC8LSL,Approved,Tue Mar 10 23:24:57 EDT 2015,Tue Mar 10 23:25:58 EDT 2015,Recommender System,Information Filtering architecture,privacy-preserving,Privacy-Preserving,Agent-Based,emptyanswer,emptyanswer,emptyanswer,emptyanswer,emptyanswer,emptyanswer,emptyanswer,emptyanswer,emptyanswer,emptyanswer,emptyanswer
32ZCLEW0BYJM09KSDBG5A79LJAAJPG,3O7L7BFSHEOPVR8QCHKWTDR3LFHIE5,A3K6BSW10S4YKJ,Approved,Wed Mar 11 00:38:47 EDT 2015,Wed Mar 11 00:39:44 EDT 2015,Information Filtering architectures,Recommender Systems,privacy-aware users,neglect to address privacy,Multiagent System technology,emptyanswer,emptyanswer,emptyanswer,emptyanswer,emptyanswer,emptyanswer,emptyanswer,emptyanswer,emptyanswer,emptyanswer,emptyanswer
32ZCLEW0BYJM09KSDBG5A79LJAAJPG,3WJ1OXY92AFTG8F1NQ6JK57YX4PA85,ATRHDYWCIYTDJ,Approved,Wed Mar 11 04:15:32 EDT 2015,Wed Mar 11 04:15:46 EDT 2015,personalized,personal,implemented,approaches,preserving,emptyanswer,emptyanswer,emptyanswer,emptyanswer,emptyanswer,emptyanswer,emptyanswer,emptyanswer,emptyanswer,emptyanswer,emptyanswer
32ZCLEW0BYJM09KSDBG5A79LJAAJPG,32KTQ2V7RDEUWE70PL22TSX9BS3M9Z,A3CMDYA9USA3MR,Approved,Wed Mar 11 07:41:25 EDT 2015,Wed Mar 11 07:41:36 EDT 2015,Recommender,various,generate,Recommender,privacy,emptyanswer,emptyanswer,emptyanswer,emptyanswer,emptyanswer,emptyanswer,emptyanswer,emptyanswer,emptyanswer,emptyanswer,emptyanswer
32ZCLEW0BYJM09KSDBG5A79LJAAJPG,30LB5CDZNC9CZRI64E938JSPNSX0ZO,A1JWEYGDFDB100,Approved,Wed Mar 11 11:17:00 EDT 2015,Wed Mar 11 11:18:49 EDT 2015,Agent-Based Approach,Privacy-Preserving Recommender Systems,personalized information,personal user data,Multiagent System technology,emptyanswer,emptyanswer,emptyanswer,emptyanswer,emptyanswer,emptyanswer,emptyanswer,emptyanswer,emptyanswer,emptyanswer,emptyanswer
32ZCLEW0BYJM09KSDBG5A79LJAAJPG,3M81GAB8A0I45MKPFYNF17C49TFQBC,A28IXE702NXWKQ,Approved,Wed Mar 11 14:35:59 EDT 2015,Wed Mar 11 14:37:13 EDT 2015,Recommender Systems,various domains to generate personalized,The ability to preserve the privacy of all participants,approach for privacy-preserving Recommender Systems,applications to generate recommendations via various filtering,emptyanswer,emptyanswer,emptyanswer,emptyanswer,emptyanswer,emptyanswer,emptyanswer,emptyanswer,emptyanswer,emptyanswer,emptyanswer
32ZCLEW0BYJM09KSDBG5A79LJAAJPG,35GCEFQ6I5N8GJH3N1RMAHQWR5EZ3I,A3HPVFAF1U9WXK,Approved,Thu Mar 12 01:38:40 EDT 2015,Thu Mar 12 01:39:22 EDT 2015,Recommender Systems,Privacy,personalized,Agent,Multiagent System technology,emptyanswer,emptyanswer,emptyanswer,emptyanswer,emptyanswer,emptyanswer,emptyanswer,emptyanswer,emptyanswer,emptyanswer,emptyanswer
32ZCLEW0BYJM09KSDBG5A79LJAAJPG,34FNN24DCM8BP8U25YDWB7FEZ7RY56,A2KS418T8MPLJH,Approved,Thu Mar 12 12:16:36 EDT 2015,Thu Mar 12 12:17:27 EDT 2015,Agent-Based Approach for Privacy-Preserving Recommender Systems,Recommender Systems are used in various domains to generate personalized information,The ability to preserve the privacy of all participants is an essential requirement of the underlying Information Filtering architectures,privacy-preserving Recommender Systems based on Multiagent System technology,We describe the main modules of our solution as well as an application we have implemented based on this approach,emptyanswer,emptyanswer,emptyanswer,emptyanswer,emptyanswer,emptyanswer,emptyanswer,emptyanswer,emptyanswer,emptyanswer,emptyanswer
32ZCLEW0BYJM09KSDBG5A79LJAAJPG,3LYA37P8IQMIUJMU2T3I5L0VBO5KBZ,AM1HY736BY3Z8,Approved,Thu Mar 12 12:37:30 EDT 2015,Thu Mar 12 12:40:58 EDT 2015,An Agent-Based Approach for Privacy-Preserving Recommender Systems,Recommender Systems are used in various domains to generate personalized information based on personal user data.,"The ability to preserve the privacy of all participants is an essential requirement of the underlying Information Filtering architectures, because the deployed Recommender Systems have to be accepted by privacy-aware users as well as information and service providers",We have developed an approach for privacy-preserving Recommender Systems based on Multiagent System technology which enables applications to generate recommendations via various filtering techniques while preserving the privacy of all participants,We describe the main modules of our solution as well as an application we have implemented based on this approach.,emptyanswer,emptyanswer,emptyanswer,emptyanswer,emptyanswer,emptyanswer,emptyanswer,emptyanswer,emptyanswer,emptyanswer,emptyanswer
32ZCLEW0BYJM09KSDBG5A79LJAAJPG,3IFS6Q0HJIIQ5AD8DC41IUVIN96SI3,AU3WQKISBW5MZ,Approved,Thu Mar 12 14:38:38 EDT 2015,Thu Mar 12 14:38:47 EDT 2015,"Recommender Systems are used in various domains to generate personalized information based on personal user data. The ability to preserve the privacy of all participants is an essential requirement of the underlying Information Filtering architectures, because the deployed Recommender Systems have to be accepted by privacy-aware users as well as information and service providers. Existing approaches neglect to address privacy in this multilateral way.","Recommender Systems are used in various domains to generate personalized information based on personal user data. The ability to preserve the privacy of all participants is an essential requirement of the underlying Information Filtering architectures, because the deployed Recommender Systems have to be accepted by privacy-aware users as well as information and service providers. Existing approaches neglect to address privacy in this multilateral way.","Recommender Systems are used in various domains to generate personalized information based on personal user data. The ability to preserve the privacy of all participants is an essential requirement of the underlying Information Filtering architectures, because the deployed Recommender Systems have to be accepted by privacy-aware users as well as information and service providers. Existing approaches neglect to address privacy in this multilateral way.","Recommender Systems are used in various domains to generate personalized information based on personal user data. The ability to preserve the privacy of all participants is an essential requirement of the underlying Information Filtering architectures, because the deployed Recommender Systems have to be accepted by privacy-aware users as well as information and service providers. Existing approaches neglect to address privacy in this multilateral way.","Recommender Systems are used in various domains to generate personalized information based on personal user data. The ability to preserve the privacy of all participants is an essential requirement of the underlying Information Filtering architectures, because the deployed Recommender Systems have to be accepted by privacy-aware users as well as information and service providers. Existing approaches neglect to address privacy in this multilateral way.",emptyanswer,emptyanswer,emptyanswer,emptyanswer,emptyanswer,emptyanswer,emptyanswer,emptyanswer,emptyanswer,emptyanswer,emptyanswer
32ZCLEW0BYJM09KSDBG5A79LJAAJPG,3TUI152ZZBM3SO2XD1UQVVZVOJFQ1P,AUH4A0OGHF2CK,Approved,Thu Mar 12 17:04:00 EDT 2015,Thu Mar 12 17:05:23 EDT 2015,Approach for Privacy-Preserving Recommender Systems,Techique of Privacy-Preserving Recommender Systems,Applications of Privacy-Preserving Recommender Systems,multilateral way Privacy-Preserving Recommender Systems,privacy-preserving Recommender Systems based on Multiagent System technology,emptyanswer,emptyanswer,emptyanswer,emptyanswer,emptyanswer,emptyanswer,emptyanswer,emptyanswer,emptyanswer,emptyanswer,emptyanswer
32ZCLEW0BYJM09KSDBG5A79LJAAJPG,3P59JYT76LJN9PCLD9OZ5JKN0XUT2R,A2UNRV6PEOEXG0,Approved,Fri Mar 13 12:38:59 EDT 2015,Fri Mar 13 12:39:56 EDT 2015,Recommender systems,Privacy,Personal user data,filtering techniques,personalized information,emptyanswer,emptyanswer,emptyanswer,emptyanswer,emptyanswer,emptyanswer,emptyanswer,emptyanswer,emptyanswer,emptyanswer,emptyanswer
32ZCLEW0BYJM09KSDBG5A79LJAAJPG,3B3WTRP3DB14PA37F3JIEJJB6RU92C,AYSAS2T3FXW40,Approved,Fri Mar 13 22:29:37 EDT 2015,Fri Mar 13 22:32:07 EDT 2015,Recommender Systems,Information Filtering architectures,privacy-aware,participants,Multiagent System technology,participants,emptyanswer,emptyanswer,emptyanswer,emptyanswer,emptyanswer,emptyanswer,emptyanswer,emptyanswer,emptyanswer,emptyanswer
32ZCLEW0BYJM09KSDBG5A79LJAAJPG,37TD41K0AH8ZS7R8L28F7RXNA62CS5,A3DTN2OMF6DUSI,Approved,Fri Mar 13 23:09:36 EDT 2015,Fri Mar 13 23:09:55 EDT 2015,Recommender,Systems,describe,modules,solution,emptyanswer,emptyanswer,emptyanswer,emptyanswer,emptyanswer,emptyanswer,emptyanswer,emptyanswer,emptyanswer,emptyanswer,emptyanswer
32ZCLEW0BYJM09KSDBG5A79LJAAJPG,3LQ8PUHQFLR1F1ZS2IS2EGOGE15HIT,AL9R6CILUG30X,Approved,Sat Mar 14 01:56:10 EDT 2015,Sat Mar 14 01:58:26 EDT 2015,Agent-Based Approach,Privacy-Preservation,Recommender Systems,Information Filtering architecture,Multiagent System technology,service providers,emptyanswer,emptyanswer,emptyanswer,emptyanswer,emptyanswer,emptyanswer,emptyanswer,emptyanswer,emptyanswer,emptyanswer
32ZCLEW0BYJM09KSDBG5A79LJAAJPG,3QEMNNSB2XYNE1DUXV5FW6J98U07DG,A610SH5RY1NG1,Approved,Sat Mar 14 07:05:09 EDT 2015,Sat Mar 14 07:05:24 EDT 2015,Recommender,Agent-Based,Approach,Privacy-Preserving,Systems,emptyanswer,emptyanswer,emptyanswer,emptyanswer,emptyanswer,emptyanswer,emptyanswer,emptyanswer,emptyanswer,emptyanswer,emptyanswer
32ZCLEW0BYJM09KSDBG5A79LJAAJPG,3U0SRXB7CD46IWOMV3HOXSM3NABNRS,A2Z9HR2IBD75R9,Approved,Sat Mar 14 09:32:03 EDT 2015,Sat Mar 14 09:32:20 EDT 2015,Agent-Based Approach,Privacy-Preserving,Recommender Systems,architectures,participants,emptyanswer,emptyanswer,emptyanswer,emptyanswer,emptyanswer,emptyanswer,emptyanswer,emptyanswer,emptyanswer,emptyanswer,emptyanswer
32ZCLEW0BYJM09KSDBG5A79LJAAJPG,3NS0A6KXC479AVTRIGY6TBF5VG6GZ6,AH3ER3EJXHRO2,Approved,Sat Mar 14 16:16:41 EDT 2015,Sat Mar 14 16:17:12 EDT 2015,agent-based approach,privacy-preserving recommender systems,multiagent system technology,filtering,privacy,emptyanswer,emptyanswer,emptyanswer,emptyanswer,emptyanswer,emptyanswer,emptyanswer,emptyanswer,emptyanswer,emptyanswer,emptyanswer
32ZCLEW0BYJM09KSDBG5A79LJAAJPG,3V0Z7YWSIYZ2MHGAI4OE6188XMU2V8,A3PRX6CU0P34NE,Approved,Sat Mar 14 15:54:41 EDT 2015,Sat Mar 14 16:18:57 EDT 2015,Privacy-Preserving Recommender Systems,Generating personalized information,Personal user data,Privacy preservation,Multiagent System technology,emptyanswer,emptyanswer,emptyanswer,emptyanswer,emptyanswer,emptyanswer,emptyanswer,emptyanswer,emptyanswer,emptyanswer,emptyanswer
32ZCLEW0BYJM09KSDBG5A79LJAAJPG,31QNSG6A5RSBX6H3GNUZAE58X4G78P,A1BV5YY1UQCMZY,Approved,Sat Mar 14 16:29:37 EDT 2015,Sat Mar 14 16:30:11 EDT 2015,agent-based,approach,privacy,recommender systems,multiagent system technology,emptyanswer,emptyanswer,emptyanswer,emptyanswer,emptyanswer,emptyanswer,emptyanswer,emptyanswer,emptyanswer,emptyanswer,emptyanswer
32ZCLEW0BYJM09KSDBG5A79LJAAJPG,33L7PJKHCGXYV4EATQX0FAXQM188T3,A3HEJEVDXYX2K9,Approved,Sat Mar 14 16:45:56 EDT 2015,Sat Mar 14 16:47:32 EDT 2015,Agent-Based Approach,Privacy-Preserving Recommender Systems,Multiagent System technology,personal user data,Information Filtering architectures,Information Filtering architectures,emptyanswer,emptyanswer,emptyanswer,emptyanswer,emptyanswer,emptyanswer,emptyanswer,emptyanswer,emptyanswer,emptyanswer
32ZCLEW0BYJM09KSDBG5A79LJAAJPG,3QIYRE09Y3GIPRP5X929R14QJDIN1Z,AWFQ7OX0UPSM5,Approved,Sat Mar 14 17:54:01 EDT 2015,Sat Mar 14 18:02:56 EDT 2015,Agent-Based Approach,Privacy-Preserving Recommender Systems,personalized information,personal user data,Information Filtering architectures,emptyanswer,emptyanswer,emptyanswer,emptyanswer,emptyanswer,emptyanswer,emptyanswer,emptyanswer,emptyanswer,emptyanswer,emptyanswer
32ZCLEW0BYJM09KSDBG5A79LJAAJPG,39O5D9O87TRV8Q6TVN7EZJPBITJC3Z,ATOMPVWZKAE0E,Approved,Sat Mar 14 18:23:24 EDT 2015,Sat Mar 14 18:25:35 EDT 2015,Agent-Based Recommender System,Privacy,personal user data,Information Filtering architecture,information and service providers,privacy-preserving,Multiagent System technology,filtering technique,emptyanswer,emptyanswer,emptyanswer,emptyanswer,emptyanswer,emptyanswer,emptyanswer,emptyanswer
32ZCLEW0BYJM09KSDBG5A79LJAAJPG,3YGXWBAF70GGQMPXV1CX9OHHWTH4CE,A3NDYVCFCYRPT9,Approved,Sat Mar 14 18:59:01 EDT 2015,Sat Mar 14 19:04:38 EDT 2015,recommender systems,personalized information,personal user data,privacy,information filtering,multiagent system technology,recommendations,suggestions,personal information,emptyanswer,emptyanswer,emptyanswer,emptyanswer,emptyanswer,emptyanswer,emptyanswer
32ZCLEW0BYJM09KSDBG5A79LJAAJPG,3Y4W8Q93LZJPPREQFT8V2KZCUDQDVZ,A3LV5FJGIHFQ94,Approved,Sat Mar 14 19:27:41 EDT 2015,Sat Mar 14 19:29:22 EDT 2015,Recommender,Systems,personalization,privacy,filtering,application,emptyanswer,emptyanswer,emptyanswer,emptyanswer,emptyanswer,emptyanswer,emptyanswer,emptyanswer,emptyanswer,emptyanswer
32ZCLEW0BYJM09KSDBG5A79LJAAJPG,3IX2EGZR7BIAZ6X1G5PW4L5MERARJY,A17JEL4FN1B9TB,Approved,Sat Mar 14 19:31:26 EDT 2015,Sat Mar 14 19:32:27 EDT 2015,Agent,Based,Approach,Privacy,Preserving,Recommender,Systems,emptyanswer,emptyanswer,emptyanswer,emptyanswer,emptyanswer,emptyanswer,emptyanswer,emptyanswer,emptyanswer
32ZCLEW0BYJM09KSDBG5A79LJAAJPG,3I33IC7ZWF1IUTDC79XIAEUVCD82AO,AEISWC78MXIR5,Approved,Sat Mar 14 20:43:45 EDT 2015,Sat Mar 14 20:46:24 EDT 2015,Privacy-Preserving,Agent-Based,personalized,Recommender Systems,architectures,Information Filtering,emptyanswer,emptyanswer,emptyanswer,emptyanswer,emptyanswer,emptyanswer,emptyanswer,emptyanswer,emptyanswer,emptyanswer
32ZCLEW0BYJM09KSDBG5A79LJAAJPG,3A1COHJ8NJU8QVNFTWGB1RU2B8Q8H8,A29ZV4XJB7R1O,Approved,Sat Mar 14 20:46:33 EDT 2015,Sat Mar 14 20:57:17 EDT 2015,Agent,Based,Approach,Privacy,Preserving,emptyanswer,emptyanswer,emptyanswer,emptyanswer,emptyanswer,emptyanswer,emptyanswer,emptyanswer,emptyanswer,emptyanswer,emptyanswer
