HitId,AssignmentId,WorkerId,Status,AcceptTime,SubmitTime,Answer 1,Answer 2,Answer 3,Answer 4,Answer 5,Answer 6,Answer 7,Answer 8,Answer 9,Answer 10,Answer 11,Answer 12,Answer 13,Answer 14,Answer 15,Answer 16
33IXYHIZB4HIXMXUXCU2HEO03SME23,3P1L2B7AD1ODXJTLRYK5Q5D96ZUOLY,A1W7BQWWGKJ3XF,Approved,Mon Mar 02 12:43:04 EST 2015,Mon Mar 02 12:49:03 EST 2015,Shooter Localization,Weapon Classification,Wearable Sensors,wireless sensor,mobile countersniper system,helmetmountedmicrophone array,acoustic detection,orientation,trajectory,accuracy,US Army,N/a,n/a,n/a,n/a,n/a
33IXYHIZB4HIXMXUXCU2HEO03SME23,3OB0CAO74HON51EX60E504I43SLHYW,A17JEL4FN1B9TB,Approved,Mon Mar 02 12:52:43 EST 2015,Mon Mar 02 12:54:03 EST 2015,Shooter,Localization,Weapon,Classification,Soldier,Wearable,Networked,Sensors,emptyanswer,emptyanswer,emptyanswer,emptyanswer,emptyanswer,emptyanswer,emptyanswer,emptyanswer
33IXYHIZB4HIXMXUXCU2HEO03SME23,3NLZY2D53POGIV616BC9FA89L1GLQ9,A22R7DT2XQIKXV,Approved,Mon Mar 02 14:24:14 EST 2015,Mon Mar 02 14:24:19 EST 2015,aa,aa,aa,aa,aa,emptyanswer,emptyanswer,emptyanswer,emptyanswer,emptyanswer,emptyanswer,emptyanswer,emptyanswer,emptyanswer,emptyanswer,emptyanswer
33IXYHIZB4HIXMXUXCU2HEO03SME23,34YB12FSQYN9BOU83R8CL9JWFJZMGJ,A3ODG942FG22PJ,Approved,Mon Mar 02 15:30:00 EST 2015,Mon Mar 02 15:30:26 EST 2015,helmetmountedmicrophone,COTS MICAz,Localization,Soldier-Wearable Networked Sensors,Shooter,NA,NA,NA,NA,NA,NA,NA,NA,NA,NA,NA
33IXYHIZB4HIXMXUXCU2HEO03SME23,3SKEMFQBZ34ZSLONZHJ8EJAU2VXK82,A2A4LHPXF2E2GS,Approved,Mon Mar 02 17:34:51 EST 2015,Mon Mar 02 17:41:00 EST 2015,Shooter Localization,Weapon Classification,Soldier-Wearable Networked Sensors,mobile countersniper system,sensor node,Time of Arrival (ToA),Angle of Arrival (AoA),trajectory precision,caliber estimation,weapon estimation accuracy,emptyanswer,emptyanswer,emptyanswer,emptyanswer,emptyanswer,emptyanswer
33IXYHIZB4HIXMXUXCU2HEO03SME23,39GXDJN2OTDD8WIZYLXFGSLBITJV8E,A2R085B34P2LYS,Approved,Mon Mar 02 21:54:36 EST 2015,Mon Mar 02 22:00:41 EST 2015,Shooter,Localization,Weapon,Classification,Networked,optional,optional,optional,optional,optional,optional,optional,optional,optional,optional,optional
33IXYHIZB4HIXMXUXCU2HEO03SME23,39ASUFLU6X6MLMXLB3KXWNEI97XXEQ,A5Z0E99JKX0R1,Approved,Tue Mar 03 01:38:36 EST 2015,Tue Mar 03 01:46:38 EST 2015,helmetmountedmicrophone array,COTS MICAz mote for internodecommunication,custom sensorboard,Time of Arrival (ToA),A 3-axis compass providesself orientation and Bluetooth is used for communication,it can fuse ToA orAngle of Arrival (AoA) observations,shockwaves,"The system estimatesthe trajectory, the range, the caliber and the weapontype.",US Army AberdeenTest Center.,1-degree trajectory precision,95% caliber estimationaccuracy,emptyanswer,emptyanswer,emptyanswer,emptyanswer,emptyanswer
33IXYHIZB4HIXMXUXCU2HEO03SME23,3F6KKYWMNB0CHM5HD2M4S35Z7IZDN8,A26M2B8NZVKWTZ,Approved,Tue Mar 03 06:44:37 EST 2015,Tue Mar 03 06:45:12 EST 2015,Classification,Soldier-Wearable,Sensors,Networked,Localization,emptyanswer,emptyanswer,emptyanswer,emptyanswer,emptyanswer,emptyanswer,emptyanswer,emptyanswer,emptyanswer,emptyanswer,emptyanswer
33IXYHIZB4HIXMXUXCU2HEO03SME23,3PPTZCWALQJ0NKN5LC3INPJ70BVQZ6,A1B5NXRZQYRC4R,Approved,Tue Mar 03 06:55:35 EST 2015,Tue Mar 03 06:56:11 EST 2015,shooter,localization,weapon,classification,Soldier-Wearable Networked Sensors,emptyanswer,emptyanswer,emptyanswer,emptyanswer,emptyanswer,emptyanswer,emptyanswer,emptyanswer,emptyanswer,emptyanswer,emptyanswer
33IXYHIZB4HIXMXUXCU2HEO03SME23,31LVTDXBL79GUWL1JQ19K0IEHO0RL0,A27I79P03I0ZPO,Approved,Tue Mar 03 10:51:40 EST 2015,Tue Mar 03 10:53:28 EST 2015,Shooter,Localization,Weapon,Classification,Sensors,emptyanswer,emptyanswer,emptyanswer,emptyanswer,emptyanswer,emptyanswer,emptyanswer,emptyanswer,emptyanswer,emptyanswer,emptyanswer
33IXYHIZB4HIXMXUXCU2HEO03SME23,3EA3QWIZ4IURKAQN2C9RSZR4O5ETIC,A1PXJWCNRYCBS5,Approved,Tue Mar 03 14:50:07 EST 2015,Tue Mar 03 15:09:27 EST 2015,Shooter localization and weapon classification,soldier wearable networked sensors,helmetmountedmicrophone array,cots micaz mote for internodecommunication,1 degree trajectory precision and over 95% calibar estimationaccuracy,emptyanswer,emptyanswer,emptyanswer,emptyanswer,emptyanswer,emptyanswer,emptyanswer,emptyanswer,emptyanswer,emptyanswer,emptyanswer
33IXYHIZB4HIXMXUXCU2HEO03SME23,3EWIJTFFVO6EOWRA8RVQN9R7Z1F0E3,A3FG9YWTFFK1AU,Approved,Tue Mar 03 16:37:05 EST 2015,Tue Mar 03 16:52:15 EST 2015,Shooter Localization,Weapon Classification,Soldier-Wearable Networked Sensors,Time of Arrival (ToA),estimation algorithms,Angle of Arrival (AoA),guns,trajectory,emptyanswer,emptyanswer,emptyanswer,emptyanswer,emptyanswer,emptyanswer,emptyanswer,emptyanswer
33IXYHIZB4HIXMXUXCU2HEO03SME23,3VELCLL3GKI61ZCOZLJWJWVHGV41FV,A9HQ3E0F2AGVO,Approved,Tue Mar 03 18:01:07 EST 2015,Tue Mar 03 18:23:46 EST 2015,mobilecountersniper system,helmetmountedmicrophone array,COTS MICAz mote,custom sensorboard,1-degree trajectory precision,emptyanswer,emptyanswer,emptyanswer,emptyanswer,emptyanswer,emptyanswer,emptyanswer,emptyanswer,emptyanswer,emptyanswer,emptyanswer
33IXYHIZB4HIXMXUXCU2HEO03SME23,3QXNC7EIPIUXT00T0GF4VVQW85X902,A9LA6QK6VCERR,Approved,Wed Mar 04 01:33:48 EST 2015,Wed Mar 04 01:40:22 EST 2015,Shooter Localization,Weapon Classification,Soldier-Wearable Networked Sensors,wireless sensor network-based mobilecountersniper system,helmet mounted microphone array,COTS MICAz mote for internode communication,custom sensorboard that implements the acoustic detection,Time of Arrival (ToA) estimation algorithms,FPGA,US Army AberdeenTest Center,emptyanswer,emptyanswer,emptyanswer,emptyanswer,emptyanswer,emptyanswer
33IXYHIZB4HIXMXUXCU2HEO03SME23,3ZWFC4W1UU6UU4B5XFYBPNDUKUVFR4,A3LUJSAN4DQ1ZT,Approved,Wed Mar 04 02:05:43 EST 2015,Wed Mar 04 02:07:03 EST 2015,wireless sensor,network-based,mobilecountersniper system,helmetmountedmicrophone array,COTs MICAz,weapon accuracy,emptyanswer,emptyanswer,emptyanswer,emptyanswer,emptyanswer,emptyanswer,emptyanswer,emptyanswer,emptyanswer,emptyanswer
33IXYHIZB4HIXMXUXCU2HEO03SME23,3WYGZ5XF3WEHB53WDFPDVAAVESGKSK,A2YW509B0UMSEH,Approved,Wed Mar 04 10:01:12 EST 2015,Wed Mar 04 10:02:17 EST 2015,Shooter,Weapon,Networked Sensors,shot,gun,emptyanswer,emptyanswer,emptyanswer,emptyanswer,emptyanswer,emptyanswer,emptyanswer,emptyanswer,emptyanswer,emptyanswer,emptyanswer
33IXYHIZB4HIXMXUXCU2HEO03SME23,35GCEFQ6I5N8GJH3N1RMAHQWQLVZ3U,A3FFZN4FO3Q789,Approved,Wed Mar 04 10:37:21 EST 2015,Wed Mar 04 10:50:57 EST 2015,market,market,market,market,market,emptyanswer,emptyanswer,emptyanswer,emptyanswer,emptyanswer,emptyanswer,emptyanswer,emptyanswer,emptyanswer,emptyanswer,emptyanswer
33IXYHIZB4HIXMXUXCU2HEO03SME23,3EKVH9QMEY3GS0GORJOK0F21WPO2DQ,A3H35QRODK1C4K,Approved,Wed Mar 04 10:57:46 EST 2015,Wed Mar 04 10:58:14 EST 2015,shooter,localization,weapon,classification,networked,emptyanswer,emptyanswer,emptyanswer,emptyanswer,emptyanswer,emptyanswer,emptyanswer,emptyanswer,emptyanswer,emptyanswer,emptyanswer
33IXYHIZB4HIXMXUXCU2HEO03SME23,3E47SOBEYQVAYTOCGQE13PR00MOICY,A2F6ZON8X5EAGL,Approved,Wed Mar 04 14:56:23 EST 2015,Wed Mar 04 14:57:18 EST 2015,Shooter Localization and Weapon Classification with Soldier-Wearable Networked Sensors,paper,sensor,orientation,weapon,emptyanswer,emptyanswer,emptyanswer,emptyanswer,emptyanswer,emptyanswer,emptyanswer,emptyanswer,emptyanswer,emptyanswer,emptyanswer
33IXYHIZB4HIXMXUXCU2HEO03SME23,3AQF3RZ558H18LDL5RVDESMYO8Z6FH,A3OTLWGJFB65KD,Approved,Wed Mar 04 19:11:56 EST 2015,Wed Mar 04 19:12:10 EST 2015,nothing,nothing,nothing,nothing,nothing,emptyanswer,emptyanswer,emptyanswer,emptyanswer,emptyanswer,emptyanswer,emptyanswer,emptyanswer,emptyanswer,emptyanswer,emptyanswer
33IXYHIZB4HIXMXUXCU2HEO03SME23,3U8YCDAGXPF3LZHFHIQQHQGLI8Q0QA,A1YLO4LT02D2F0,Approved,Thu Mar 05 02:07:48 EST 2015,Thu Mar 05 02:14:24 EST 2015,The paper presents a wireless sensor network-based mobile counter sniper system.,A 3-axis compass providesself orientation,observations of muzzle blasts,The paper presents the system design,close to 100% weapon estimation accuracy,emptyanswer,emptyanswer,emptyanswer,emptyanswer,emptyanswer,emptyanswer,emptyanswer,emptyanswer,emptyanswer,emptyanswer,emptyanswer
33IXYHIZB4HIXMXUXCU2HEO03SME23,3YGXWBAF70GGQMPXV1CX9OHHV6V4CH,A3S81UFDOWF2ST,Approved,Thu Mar 05 07:28:48 EST 2015,Thu Mar 05 07:29:35 EST 2015,Shooter Localization,Weapon Classification,Soldier-Wearable Networked Sensors,COTS MICAz mote for internodecommunication,weapontype,emptyanswer,emptyanswer,emptyanswer,emptyanswer,emptyanswer,emptyanswer,emptyanswer,emptyanswer,emptyanswer,emptyanswer,emptyanswer
33IXYHIZB4HIXMXUXCU2HEO03SME23,33C7UALJVLXXMK21R7DQ94EVTV3815,A3I10J1GPDAPQR,Approved,Thu Mar 05 08:38:44 EST 2015,Thu Mar 05 08:40:00 EST 2015,Shooter Localization,Weapon Classification,Soldier-Wearable Networked Sensors,heterogeneous sensor fusion algorithm,system performance,emptyanswer,emptyanswer,emptyanswer,emptyanswer,emptyanswer,emptyanswer,emptyanswer,emptyanswer,emptyanswer,emptyanswer,emptyanswer
33IXYHIZB4HIXMXUXCU2HEO03SME23,3EF8EXOTT1UM61YKIBAHYUN996Y1JJ,A1QUDNLO95AKS5,Approved,Thu Mar 05 08:47:18 EST 2015,Thu Mar 05 08:47:50 EST 2015,Shooter Localization,Weapon Classification,Soldier-Wearable Networked Sensors,Time of Arrival (ToA),estimationaccuracy,emptyanswer,emptyanswer,emptyanswer,emptyanswer,emptyanswer,emptyanswer,emptyanswer,emptyanswer,emptyanswer,emptyanswer,emptyanswer
33IXYHIZB4HIXMXUXCU2HEO03SME23,3TMSXRD2X6Z8CLYJPATWNKHHB2AW1C,A3UY2GVCKC8LSL,Approved,Thu Mar 05 10:19:29 EST 2015,Thu Mar 05 10:20:12 EST 2015,shooter localization,weapon classification,solider-wearable,networked sensor,3-axis compass,bluetooth,COTS MICAz mote,emptyanswer,emptyanswer,emptyanswer,emptyanswer,emptyanswer,emptyanswer,emptyanswer,emptyanswer,emptyanswer
33IXYHIZB4HIXMXUXCU2HEO03SME23,3ZOTGHDK5IA01WOBB7H62RR4Y1EOS4,ADUJUZANFOWKW,Approved,Thu Mar 05 15:46:19 EST 2015,Thu Mar 05 15:47:10 EST 2015,wireless,sensor,mobilecountersniper,internodecommunication,trajectory,emptyanswer,emptyanswer,emptyanswer,emptyanswer,emptyanswer,emptyanswer,emptyanswer,emptyanswer,emptyanswer,emptyanswer,emptyanswer
33IXYHIZB4HIXMXUXCU2HEO03SME23,3K5TEWLKGVA6X2UC7796THFPLY7VIN,A3DHYTZ1GPN0T8,Approved,Thu Mar 05 22:58:20 EST 2015,Thu Mar 05 22:59:55 EST 2015,paper presents a wireless sensor network-based mobilecountersniper system,implements,fusion,multiple sensors,characterized by 1-degree,emptyanswer,emptyanswer,emptyanswer,emptyanswer,emptyanswer,emptyanswer,emptyanswer,emptyanswer,emptyanswer,emptyanswer,emptyanswer
33IXYHIZB4HIXMXUXCU2HEO03SME23,336KAV9KYQRJQBBFNFBYD0C2EKA2YS,A3A6FIAZ2W81,Approved,Fri Mar 06 01:55:26 EST 2015,Fri Mar 06 01:57:06 EST 2015,weapon classification,shooter localization,wireless sensor,network-based mobilecountersniper system,algorithm,trajectory estimation,emptyanswer,emptyanswer,emptyanswer,emptyanswer,emptyanswer,emptyanswer,emptyanswer,emptyanswer,emptyanswer,emptyanswer
33IXYHIZB4HIXMXUXCU2HEO03SME23,3YMTUJH0DSFXC3R8HN7NYYHLJXG4TV,A3G4SXD4N30C3L,Approved,Fri Mar 06 10:34:11 EST 2015,Fri Mar 06 10:38:42 EST 2015,Shooter Localization,Weapon Classification,Soldier-Wearable Networked Sensors,network-based mobilecountersniper system,Time of Arrival (ToA),COTS MICAz mote,Angle of Arrival (AoA),emptyanswer,emptyanswer,emptyanswer,emptyanswer,emptyanswer,emptyanswer,emptyanswer,emptyanswer,emptyanswer
33IXYHIZB4HIXMXUXCU2HEO03SME23,3DH6GAKTYYO9WMERCMKC0BM9ZV4ZYW,AQXSUU4I4DAH8,Approved,Fri Mar 06 11:12:24 EST 2015,Fri Mar 06 11:12:59 EST 2015,Soldier-Wearable Networked Sensors,Shooter Localization,orientation and Bluetooth,Weapon Classification,US Army AberdeenTest Center,emptyanswer,emptyanswer,emptyanswer,emptyanswer,emptyanswer,emptyanswer,emptyanswer,emptyanswer,emptyanswer,emptyanswer,emptyanswer
33IXYHIZB4HIXMXUXCU2HEO03SME23,3PJUZCGDJ6FFBP5WVKSJOAWERDH89G,ADVZAZ12Z8N9J,Approved,Fri Mar 06 11:51:50 EST 2015,Fri Mar 06 11:55:59 EST 2015,The paper presents a wireless sensor network-based mobilecountersniper system.,"A sensor node consists of a helmetmountedmicrophone array, a COTS MICAz mote for internodecommunication and a custom sensorboard that implementsthe acoustic detection and Time of Arrival (ToA) estimationalgorithms on an FPGA.",A 3-axis compass providesself orientation and Bluetooth is used for communicationwith the soldier's PDA running the data fusion and the userinterface.,"The heterogeneous sensor fusion algorithm canwork with data from a single sensor or it can fuse ToA orAngle of Arrival (AoA) observations of muzzle blasts andballistic shockwaves from multiple sensors. The system estimatesthe trajectory, the range, the caliber and the weapontype.",N/A,emptyanswer,emptyanswer,emptyanswer,emptyanswer,emptyanswer,emptyanswer,emptyanswer,emptyanswer,emptyanswer,emptyanswer,emptyanswer
33IXYHIZB4HIXMXUXCU2HEO03SME23,386CSBG1OZLYZA3UJ767QRQCVKA6QX,AF5NW2R9ST1KX,Approved,Sat Mar 07 08:25:09 EST 2015,Sat Mar 07 08:26:13 EST 2015,wireless sensor,mobile counter sniper system,COTS,Angle of Arrival,Time of Arrival,emptyanswer,emptyanswer,emptyanswer,emptyanswer,emptyanswer,emptyanswer,emptyanswer,emptyanswer,emptyanswer,emptyanswer,emptyanswer
33IXYHIZB4HIXMXUXCU2HEO03SME23,3QIYRE09Y3GIPRP5X929R14QIYDN1Z,APEB5ERGCYP6D,Approved,Sat Mar 07 11:57:54 EST 2015,Sat Mar 07 12:08:23 EST 2015,wireless sensor network-based mobilecountersniper system,sensor node consists of a helmetmountedmicrophone array,over 95% caliber estimationaccuracy for all shots,close to 100% weapon estimationaccuracy for 4 out of 6 guns tested.,heterogeneous sensor fusion algorithm canwork with data,emptyanswer,emptyanswer,emptyanswer,emptyanswer,emptyanswer,emptyanswer,emptyanswer,emptyanswer,emptyanswer,emptyanswer,emptyanswer
33IXYHIZB4HIXMXUXCU2HEO03SME23,36AHBNMV1RB6TL9VK4VF9J36BHWYD6,A38IE69ORDCEGY,Approved,Sun Mar 08 01:41:36 EST 2015,Sun Mar 08 01:44:32 EST 2015,Soldier-Wearable networked sensors,mobile counter sniper system,helmet mounted microphone array,FPGA,heterogeneous sensor fusion algorithm,emptyanswer,emptyanswer,emptyanswer,emptyanswer,emptyanswer,emptyanswer,emptyanswer,emptyanswer,emptyanswer,emptyanswer,emptyanswer
33IXYHIZB4HIXMXUXCU2HEO03SME23,3AMYWKA6YBLVEYQE4UE31MVCGLNO66,A2KELEVTA0306Y,Approved,Sun Mar 08 10:48:20 EDT 2015,Sun Mar 08 10:50:30 EDT 2015,paper,presents,wireless,sensor,network-based,mobilecountersniper,system,sensor,node,consists,helmetmountedmicrophone,array,internodecommunication,custom,implementsthe,userinterface
33IXYHIZB4HIXMXUXCU2HEO03SME23,37M28K1J0QCI0PBKEU3A9VGCDAEAJA,A156NFBMKKLDL9,Approved,Sun Mar 08 17:42:39 EDT 2015,Sun Mar 08 17:44:07 EDT 2015,Shooter Localization,Weapon Classification,Soldier-Wearable Networked Sensors,"trajectory, the range, the caliber and the weapontype",system performance,emptyanswer,emptyanswer,emptyanswer,emptyanswer,emptyanswer,emptyanswer,emptyanswer,emptyanswer,emptyanswer,emptyanswer,emptyanswer
33IXYHIZB4HIXMXUXCU2HEO03SME23,32EYX73OY08JDM8VS4TABNEXUU0URY,A2GBY8O6GYSB89,Approved,Sun Mar 08 18:32:04 EDT 2015,Sun Mar 08 18:32:56 EDT 2015,Shooter Localization,Weapon Classification,Soldier-Wearable Networked Sensors,wireless sensor network-based mobilecountersniper system,US Army AberdeenTest Center,COTS MICAz mote for internodecommunication,emptyanswer,emptyanswer,emptyanswer,emptyanswer,emptyanswer,emptyanswer,emptyanswer,emptyanswer,emptyanswer,emptyanswer
33IXYHIZB4HIXMXUXCU2HEO03SME23,3HWRJOOET51EP5BMHTEAXFXQU9VSEB,A3GSN49YWM9CLD,Approved,Mon Mar 09 05:25:13 EDT 2015,Mon Mar 09 05:26:04 EDT 2015,wireless sensor network-based mobilecountersniper system.,helmetmountedmicrophone,estimationaccuracy,acoustic detection and Time of Arrival (ToA),heterogeneous,emptyanswer,emptyanswer,emptyanswer,emptyanswer,emptyanswer,emptyanswer,emptyanswer,emptyanswer,emptyanswer,emptyanswer,emptyanswer
33IXYHIZB4HIXMXUXCU2HEO03SME23,3ZPPDN2SLVVWKQFN8NEJGKS02L99EK,A2SZAM3EZER2PH,Approved,Mon Mar 09 06:01:57 EDT 2015,Mon Mar 09 06:02:48 EDT 2015,mobilecountersniper system,helmetmountedmicrophone array,internodecommunication,heterogeneous sensor,estimationaccuracy,emptyanswer,emptyanswer,emptyanswer,emptyanswer,emptyanswer,emptyanswer,emptyanswer,emptyanswer,emptyanswer,emptyanswer,emptyanswer
33IXYHIZB4HIXMXUXCU2HEO03SME23,3QECW5O0KH0F8MV8VSQX3QNZJ045T8,ACYGMRGAZ22U7,Approved,Mon Mar 09 17:51:31 EDT 2015,Mon Mar 09 17:51:39 EDT 2015,Keyword/Keyphrase 1:,Keyword/Keyphrase 1:,Keyword/Keyphrase 1:,Keyword/Keyphrase 1:,Keyword/Keyphrase 1:  vvvvvvvvvvvvvvv,emptyanswer,emptyanswer,emptyanswer,emptyanswer,emptyanswer,emptyanswer,emptyanswer,emptyanswer,emptyanswer,emptyanswer,emptyanswer
33IXYHIZB4HIXMXUXCU2HEO03SME23,3A0EX8ZRN8NDEOBB6849ETF68Y9YBS,A2E2IQ99W6B7AV,Approved,Mon Mar 09 18:32:51 EDT 2015,Mon Mar 09 18:33:31 EDT 2015,Firearms,Weapon classification,Wearable networking,United States military,Gun testing,emptyanswer,emptyanswer,emptyanswer,emptyanswer,emptyanswer,emptyanswer,emptyanswer,emptyanswer,emptyanswer,emptyanswer,emptyanswer
33IXYHIZB4HIXMXUXCU2HEO03SME23,3EG49X351UBI87465L1ZKZM5STUX6U,AW36CVMS3526O,Approved,Tue Mar 10 12:08:10 EDT 2015,Tue Mar 10 12:09:35 EDT 2015,Weapon,mobilecountersniper,helmetmountedmicrophone,characterized,estimationaccuracy,emptyanswer,emptyanswer,emptyanswer,emptyanswer,emptyanswer,emptyanswer,emptyanswer,emptyanswer,emptyanswer,emptyanswer,emptyanswer
33IXYHIZB4HIXMXUXCU2HEO03SME23,30LB5CDZNC9CZRI64E938JSPNRKZ08,ATRHDYWCIYTDJ,Approved,Wed Mar 11 04:38:48 EDT 2015,Wed Mar 11 04:39:03 EDT 2015,sensor,acoustic,consists,weapon,caliber,emptyanswer,emptyanswer,emptyanswer,emptyanswer,emptyanswer,emptyanswer,emptyanswer,emptyanswer,emptyanswer,emptyanswer,emptyanswer
33IXYHIZB4HIXMXUXCU2HEO03SME23,3RU7GD8VPOSIMW0CQ7ULRRWU8L3PS9,A3CMDYA9USA3MR,Approved,Wed Mar 11 07:53:41 EDT 2015,Wed Mar 11 07:54:00 EDT 2015,sensor,mobilecountersniper,consists,estimationaccuracy,estimationaccuracy,emptyanswer,emptyanswer,emptyanswer,emptyanswer,emptyanswer,emptyanswer,emptyanswer,emptyanswer,emptyanswer,emptyanswer,emptyanswer
33IXYHIZB4HIXMXUXCU2HEO03SME23,36WLNQG78Z9F8JUK67SF7QNQQQGEBD,A3K6BSW10S4YKJ,Approved,Wed Mar 11 08:45:33 EDT 2015,Wed Mar 11 08:46:30 EDT 2015,wireless sensor network-based mobilecountersniper system,consists of a helmetmountedmicrophone array,COTS MICAz mote,custom sensorboard,Time of Arrival (ToA),emptyanswer,emptyanswer,emptyanswer,emptyanswer,emptyanswer,emptyanswer,emptyanswer,emptyanswer,emptyanswer,emptyanswer,emptyanswer
33IXYHIZB4HIXMXUXCU2HEO03SME23,3LUY3GC63ZZW3YGK24WAW00YL7V7P9,A1JWEYGDFDB100,Approved,Wed Mar 11 11:11:39 EDT 2015,Wed Mar 11 11:13:07 EDT 2015,Shooter Localization,Weapon Classification,Soldier-Wearable Networked Sensors,Time of Arrival,heterogeneous sensor fusion algorithm,emptyanswer,emptyanswer,emptyanswer,emptyanswer,emptyanswer,emptyanswer,emptyanswer,emptyanswer,emptyanswer,emptyanswer,emptyanswer
33IXYHIZB4HIXMXUXCU2HEO03SME23,3IX2EGZR7BIAZ6X1G5PW4L5MDKPRJY,A28IXE702NXWKQ,Approved,Wed Mar 11 14:31:37 EDT 2015,Wed Mar 11 14:32:40 EDT 2015,wireless sensor network-based,mobilecountersniper system,a COTS MICAz mote for internodecommunication,The heterogeneous sensor fusion algorithm canwork with data,1-degree trajectory precision and over 95% caliber estimationaccuracy for all shots,emptyanswer,emptyanswer,emptyanswer,emptyanswer,emptyanswer,emptyanswer,emptyanswer,emptyanswer,emptyanswer,emptyanswer,emptyanswer
33IXYHIZB4HIXMXUXCU2HEO03SME23,3TXWC2NHNZPXU9K59IYO51WF4ILS9K,A1A7P5LC80G47W,Approved,Thu Mar 12 01:00:45 EDT 2015,Thu Mar 12 01:01:54 EDT 2015,shooter localization,weapon classification,soldier-wearable,networked sensors,mobile countersniper,emptyanswer,emptyanswer,emptyanswer,emptyanswer,emptyanswer,emptyanswer,emptyanswer,emptyanswer,emptyanswer,emptyanswer,emptyanswer
33IXYHIZB4HIXMXUXCU2HEO03SME23,3NGI5ARFTT4ISC1IDOF1VQ9LJMU1P8,A3HPVFAF1U9WXK,Approved,Thu Mar 12 01:38:00 EDT 2015,Thu Mar 12 01:38:39 EDT 2015,Shooter,Localization,Weapon Classification,Soldier-Wearable Networked Sensors,acoustic detection,emptyanswer,emptyanswer,emptyanswer,emptyanswer,emptyanswer,emptyanswer,emptyanswer,emptyanswer,emptyanswer,emptyanswer,emptyanswer
33IXYHIZB4HIXMXUXCU2HEO03SME23,3M0NZ3JDP1XBUY471KFFPEOG51U5Z3,A2KS418T8MPLJH,Approved,Thu Mar 12 11:20:35 EDT 2015,Thu Mar 12 11:21:35 EDT 2015,Shooter Localization and Weapon Classification,Classification with Soldier-Wearable Networked Sensors,wireless sensor network-based mobilecountersniper system,COTS MICAz mote for internodecommunication and a custom sensorboard that implementsthe acoustic detection and Time of Arrival (ToA),The paper presents the system design and the resultsfrom an independent evaluation at the US Army AberdeenTest Center,emptyanswer,emptyanswer,emptyanswer,emptyanswer,emptyanswer,emptyanswer,emptyanswer,emptyanswer,emptyanswer,emptyanswer,emptyanswer
33IXYHIZB4HIXMXUXCU2HEO03SME23,3E1QT0TDFP88MQYZZEYW13VHBEX8IF,AU3WQKISBW5MZ,Approved,Thu Mar 12 13:14:31 EDT 2015,Thu Mar 12 13:15:47 EDT 2015,The paper presents a wireless sensor network-based mobilecountersniper system,"A sensor node consists of a helmetmountedmicrophone array, a COTS MICAz mote for internodecommunication",sensorboard that implementsthe acoustic detection and Time of Arrival (ToA) estimationalgorithms on an FPGA.,A 3-axis compass providesself orientation and Bluetooth is used for communicationwith the soldier's PDA running the data fusion and the userinterface.,The heterogeneous sensor fusion algorithm canwork with data from a single sensor or it can fuse ToA orAngle of Arrival  (AoA),emptyanswer,emptyanswer,emptyanswer,emptyanswer,emptyanswer,emptyanswer,emptyanswer,emptyanswer,emptyanswer,emptyanswer,emptyanswer
33IXYHIZB4HIXMXUXCU2HEO03SME23,3RJSC4XJ10TESDYHXQ2NJFLUNUG50G,AM1HY736BY3Z8,Approved,Thu Mar 12 13:29:56 EDT 2015,Thu Mar 12 13:31:00 EDT 2015,Shooter Localization and Weapon Classification with Soldier-Wearable Networked Sensors,The paper presents a wireless sensor network-based mobilecountersniper system.,A 3-axis compass providesself orientation and Bluetooth is used for communicationwith the soldier's PDA running the data fusion and the userinterface.,"The system estimatesthe trajectory, the range, the caliber and the weapontype.","The system performance is characterized by 1-degree trajectory precision and over 95% caliber estimationaccuracy for all shots, and close to 100% weapon estimationaccuracy for 4 out of 6 guns tested.",emptyanswer,emptyanswer,emptyanswer,emptyanswer,emptyanswer,emptyanswer,emptyanswer,emptyanswer,emptyanswer,emptyanswer,emptyanswer
33IXYHIZB4HIXMXUXCU2HEO03SME23,38YMOXR4MUY3J7ZGVG5DIG8YKU6W6P,A3MVLTRGO37TJD,Approved,Thu Mar 12 13:54:49 EDT 2015,Thu Mar 12 13:58:22 EDT 2015,"wireless sensor network-based mobilecountersniper system,a sensor node consists of a helmetmountedmicrophone array, a COTS MICAz mote and a custom sensorboard and Time of Arrival (ToA)",Bluetooth is used for communicationwith the soldier's PDA running the data fusion and the userinterface,The heterogeneous sensor fusion algorithm canwork with data from a single sensor or it can fuse ToA orAngle of Arrival,"system estimatesthe trajectory, the range, the caliber and the weapontype.","system performance is characterized by 1-degree trajectory precision and over 95% caliber estimationaccuracy for all shots, and close to 100% weapon estimationaccuracy for 4 out of 6 guns tested.",emptyanswer,emptyanswer,emptyanswer,emptyanswer,emptyanswer,emptyanswer,emptyanswer,emptyanswer,emptyanswer,emptyanswer,emptyanswer
33IXYHIZB4HIXMXUXCU2HEO03SME23,3TPWUS5F890SZO8H57IG4G08GHLCW3,AL9R6CILUG30X,Approved,Thu Mar 12 16:02:52 EDT 2015,Thu Mar 12 16:05:07 EDT 2015,mobilecounter sniper,Weapon Classification,Soldier-Wearable Networked Sensors,COTS MICAz mote,Time of Arrival (ToA),Angle of Arrival (AoA),US Army AberdeenTest Center,emptyanswer,emptyanswer,emptyanswer,emptyanswer,emptyanswer,emptyanswer,emptyanswer,emptyanswer,emptyanswer
33IXYHIZB4HIXMXUXCU2HEO03SME23,3YMU66OBIN7NJATXCUSZT4B0ZL2HGK,A3MRB8TFD1IUS6,Approved,Thu Mar 12 16:57:48 EDT 2015,Thu Mar 12 16:59:50 EDT 2015,shooter localization,weapon classification,Soldier Wearable Networked Sensors,Aberdeen Test Center,Network based,mobile counter sniper system,emptyanswer,emptyanswer,emptyanswer,emptyanswer,emptyanswer,emptyanswer,emptyanswer,emptyanswer,emptyanswer,emptyanswer
33IXYHIZB4HIXMXUXCU2HEO03SME23,338JKRMM26YM9JGUQU0PXI0X1QRHAA,A2SDTL2V8VJ25O,Approved,Thu Mar 12 18:06:43 EDT 2015,Thu Mar 12 18:07:27 EDT 2015,Shooter,Localization,Classification,Networked,FPGA,emptyanswer,emptyanswer,emptyanswer,emptyanswer,emptyanswer,emptyanswer,emptyanswer,emptyanswer,emptyanswer,emptyanswer,emptyanswer
33IXYHIZB4HIXMXUXCU2HEO03SME23,3JW0YLFXRTF1DMEMMYIHGA7B8XLWWE,A2JAXR0JNTQOMA,Approved,Fri Mar 13 00:59:06 EDT 2015,Fri Mar 13 01:00:20 EDT 2015,shooter localization,weapon classification,wireless sensor,bluetooth,soldier wearable,emptyanswer,emptyanswer,emptyanswer,emptyanswer,emptyanswer,emptyanswer,emptyanswer,emptyanswer,emptyanswer,emptyanswer,emptyanswer
33IXYHIZB4HIXMXUXCU2HEO03SME23,3T111IHZ5EPLTUKSUTYJFRRJII8R95,A2UNRV6PEOEXG0,Approved,Fri Mar 13 13:16:06 EDT 2015,Fri Mar 13 13:21:37 EDT 2015,Shooter Localization,sensor node,PDA,Soldier-wearable,weapon classification,emptyanswer,emptyanswer,emptyanswer,emptyanswer,emptyanswer,emptyanswer,emptyanswer,emptyanswer,emptyanswer,emptyanswer,emptyanswer
33IXYHIZB4HIXMXUXCU2HEO03SME23,3NXNZ5RS1AWBBB0DLF0DAA0JH6G79O,AUH4A0OGHF2CK,Approved,Fri Mar 13 14:14:53 EDT 2015,Fri Mar 13 14:16:26 EDT 2015,wireless sensor network-based mobilecountersniper system,Shooter Localization and Weapon Classification,A heterogeneous sensor fusion algorithm,A study of wireless sensor network-based mobilecountersniper system,system design and the results for wireless sensor network-based mobilecountersniper system,emptyanswer,emptyanswer,emptyanswer,emptyanswer,emptyanswer,emptyanswer,emptyanswer,emptyanswer,emptyanswer,emptyanswer,emptyanswer
33IXYHIZB4HIXMXUXCU2HEO03SME23,3QUO65DNQUNGG9GF0CC6HS9SKH8UO2,A3DTN2OMF6DUSI,Approved,Fri Mar 13 23:22:33 EDT 2015,Fri Mar 13 23:22:38 EDT 2015,model,model,model,model,model,emptyanswer,emptyanswer,emptyanswer,emptyanswer,emptyanswer,emptyanswer,emptyanswer,emptyanswer,emptyanswer,emptyanswer,emptyanswer
33IXYHIZB4HIXMXUXCU2HEO03SME23,33LK57MYLT4C002IDGSNIPY8JPBZSG,A8HUG07IE2R3,Approved,Sat Mar 14 00:56:25 EDT 2015,Sat Mar 14 00:59:01 EDT 2015,wireless sensor network-based mobilecountersniper system,internodecommunication and a custom sensorboard,data fusion and the userinterface,"trajectory, the range, the caliber and the weapontype",ballistic shockwaves from multiple sensors,1-degree trajectory precision and over 95% caliber estimationaccuracy for all shots,emptyanswer,emptyanswer,emptyanswer,emptyanswer,emptyanswer,emptyanswer,emptyanswer,emptyanswer,emptyanswer,emptyanswer
33IXYHIZB4HIXMXUXCU2HEO03SME23,3E13VNJ1NNUQBQEE0TPHMT89XD2I1Q,A610SH5RY1NG1,Approved,Sat Mar 14 06:29:08 EDT 2015,Sat Mar 14 06:29:26 EDT 2015,shooter,localization,weapon classification,solider-wearable,networked sensors,emptyanswer,emptyanswer,emptyanswer,emptyanswer,emptyanswer,emptyanswer,emptyanswer,emptyanswer,emptyanswer,emptyanswer,emptyanswer
33IXYHIZB4HIXMXUXCU2HEO03SME23,3SITXWYCNV8OEJL11CI7VF8X72IBXN,A2Z9HR2IBD75R9,Approved,Sat Mar 14 09:26:18 EDT 2015,Sat Mar 14 09:26:40 EDT 2015,Shooter,Localization,Weapon Classification,Soldier-Wearable,Networked Sensors,emptyanswer,emptyanswer,emptyanswer,emptyanswer,emptyanswer,emptyanswer,emptyanswer,emptyanswer,emptyanswer,emptyanswer,emptyanswer
33IXYHIZB4HIXMXUXCU2HEO03SME23,39ZSFO5CA8V2FYPIKZK19WS6LQ9UJ0,AWFQ7OX0UPSM5,Approved,Sat Mar 14 16:45:42 EDT 2015,Sat Mar 14 16:46:52 EDT 2015,Soldier-Wearable Networked Sensors,wireless sensor network-based mobilecountersniper system,helmetmountedmicrophone array,COTS MICAz mote for internodecommunication,Time of Arrival (ToA),emptyanswer,emptyanswer,emptyanswer,emptyanswer,emptyanswer,emptyanswer,emptyanswer,emptyanswer,emptyanswer,emptyanswer,emptyanswer
33IXYHIZB4HIXMXUXCU2HEO03SME23,34J10VATJFXESUYVL8FWNUGH5QDQIE,AH3ER3EJXHRO2,Approved,Sat Mar 14 16:49:28 EDT 2015,Sat Mar 14 16:49:52 EDT 2015,shooter localization,weapon classification,soldier-wearable,networked sensors,wireless sensor,emptyanswer,emptyanswer,emptyanswer,emptyanswer,emptyanswer,emptyanswer,emptyanswer,emptyanswer,emptyanswer,emptyanswer,emptyanswer
33IXYHIZB4HIXMXUXCU2HEO03SME23,3DHE4R9OCWAJ4KQFT9PS605YA79G20,ACVJ6IUO9QM4R,Approved,Sat Mar 14 17:34:58 EDT 2015,Sat Mar 14 17:38:09 EDT 2015,wireless sensor network-based mobilecountersniper system,sensor node,"helmetmountedmicrophone array, a COTS MICAz mote for internodecommunication and a custom sensorboard that implementsthe acoustic detection and Time of Arrival (ToA) estimationalgorithms on an FPGA",heterogeneous sensor fusion algorithm,observations of muzzle blasts,emptyanswer,emptyanswer,emptyanswer,emptyanswer,emptyanswer,emptyanswer,emptyanswer,emptyanswer,emptyanswer,emptyanswer,emptyanswer
33IXYHIZB4HIXMXUXCU2HEO03SME23,3180JW2OT4BLUJZ3JYCT1K0QMAPJ5I,A1G94QON7A9K0N,Approved,Sat Mar 14 20:20:29 EDT 2015,Sat Mar 14 20:20:49 EDT 2015,wireless,aoa,muzzle,shockwaves,army,emptyanswer,emptyanswer,emptyanswer,emptyanswer,emptyanswer,emptyanswer,emptyanswer,emptyanswer,emptyanswer,emptyanswer,emptyanswer
33IXYHIZB4HIXMXUXCU2HEO03SME23,30H4UDGLT2HFO1N76AYZFIXOH4JMP9,A29ZV4XJB7R1O,Approved,Sat Mar 14 20:09:10 EDT 2015,Sat Mar 14 20:29:40 EDT 2015,Shooter,Localization,Weapon Classification,Soldier-Wearable,Classification,Networked Sensors,emptyanswer,emptyanswer,emptyanswer,emptyanswer,emptyanswer,emptyanswer,emptyanswer,emptyanswer,emptyanswer,emptyanswer
33IXYHIZB4HIXMXUXCU2HEO03SME23,39PAAFCODMZW6GAN1J8A7OHYX0PTVB,A9VLWY4KW6OCB,Approved,Sat Mar 14 21:12:05 EDT 2015,Sat Mar 14 21:20:47 EDT 2015,Shooter,Localization,Weapon,Classification,Sensors,emptyanswer,emptyanswer,emptyanswer,emptyanswer,emptyanswer,emptyanswer,emptyanswer,emptyanswer,emptyanswer,emptyanswer,emptyanswer
