HitId,AssignmentId,WorkerId,Status,AcceptTime,SubmitTime,Answer 1,Answer 2,Answer 3,Answer 4,Answer 5,Answer 6,Answer 7,Answer 8,Answer 9,Answer 10,Answer 11,Answer 12,Answer 13,Answer 14,Answer 15,Answer 16
33Q5P9PUSOLT6ZGSQSXLE1Y43P8ZC3,3SLE99ER0NCDJELG2U6SS0O8E9KBZ1,A221FSWO28B4YF,Approved,Mon Mar 02 12:41:08 EST 2015,Mon Mar 02 12:41:55 EST 2015,context awareness,group interaction,support,computing environments,system architecture,emptyanswer,emptyanswer,emptyanswer,emptyanswer,emptyanswer,emptyanswer,emptyanswer,emptyanswer,emptyanswer,emptyanswer,emptyanswer
33Q5P9PUSOLT6ZGSQSXLE1Y43P8ZC3,3R5F3LQFV2JX28AP6ZBEYKO7L97ZOZ,A22R7DT2XQIKXV,Approved,Mon Mar 02 14:56:14 EST 2015,Mon Mar 02 14:56:22 EST 2015,aa,aa,aa,aa,aa,emptyanswer,emptyanswer,emptyanswer,emptyanswer,emptyanswer,emptyanswer,emptyanswer,emptyanswer,emptyanswer,emptyanswer,emptyanswer
33Q5P9PUSOLT6ZGSQSXLE1Y43P8ZC3,3QY7M81QH7LVS7J4PCR20JEZRBRK7F,A3ODG942FG22PJ,Approved,Mon Mar 02 17:34:15 EST 2015,Mon Mar 02 17:34:43 EST 2015,Context,Awareness,Interaction,Support,subsystem,na,na,na,na,na,na,na,na,na,na,na
33Q5P9PUSOLT6ZGSQSXLE1Y43P8ZC3,30LB5CDZNC9CZRI64E938JSPN6C0ZV,A27I79P03I0ZPO,Approved,Mon Mar 02 21:14:29 EST 2015,Mon Mar 02 21:15:39 EST 2015,Interaction,Awareness,Context,Support,group,emptyanswer,emptyanswer,emptyanswer,emptyanswer,emptyanswer,emptyanswer,emptyanswer,emptyanswer,emptyanswer,emptyanswer,emptyanswer
33Q5P9PUSOLT6ZGSQSXLE1Y43P8ZC3,3O7L7BFSHEOPVR8QCHKWTDR3LUNIE5,A2R085B34P2LYS,Approved,Mon Mar 02 22:41:16 EST 2015,Mon Mar 02 22:48:25 EST 2015,Context,Awareness,Group,Interaction,Support,emptyanswer,emptyanswer,emptyanswer,emptyanswer,emptyanswer,emptyanswer,emptyanswer,emptyanswer,emptyanswer,emptyanswer,emptyanswer
33Q5P9PUSOLT6ZGSQSXLE1Y43P8ZC3,3R0T90IZ1SBW22IHQ2EYIDEKL60CGY,A1B5NXRZQYRC4R,Approved,Tue Mar 03 06:27:00 EST 2015,Tue Mar 03 06:27:28 EST 2015,Context,Awareness,Group,Interaction,Support,emptyanswer,emptyanswer,emptyanswer,emptyanswer,emptyanswer,emptyanswer,emptyanswer,emptyanswer,emptyanswer,emptyanswer,emptyanswer
33Q5P9PUSOLT6ZGSQSXLE1Y43P8ZC3,3AMYWKA6YBLVEYQE4UE31MVCG6GO65,A26M2B8NZVKWTZ,Approved,Tue Mar 03 06:43:46 EST 2015,Tue Mar 03 06:44:36 EST 2015,Context,Awareness,Interaction,Group,Support,emptyanswer,emptyanswer,emptyanswer,emptyanswer,emptyanswer,emptyanswer,emptyanswer,emptyanswer,emptyanswer,emptyanswer,emptyanswer
33Q5P9PUSOLT6ZGSQSXLE1Y43P8ZC3,339ANSOTR51SHR0083VZR8485UWKIA,A2YW509B0UMSEH,Approved,Wed Mar 04 03:52:02 EST 2015,Wed Mar 04 03:53:02 EST 2015,Context,Awareness,Group Interaction,Support,users,emptyanswer,emptyanswer,emptyanswer,emptyanswer,emptyanswer,emptyanswer,emptyanswer,emptyanswer,emptyanswer,emptyanswer,emptyanswer
33Q5P9PUSOLT6ZGSQSXLE1Y43P8ZC3,3PZDLQMM0TK6N8AARNT9G9KJBPAC2Y,A3H35QRODK1C4K,Approved,Wed Mar 04 10:34:50 EST 2015,Wed Mar 04 10:35:27 EST 2015,context,awareness,group,interaction,support,emptyanswer,emptyanswer,emptyanswer,emptyanswer,emptyanswer,emptyanswer,emptyanswer,emptyanswer,emptyanswer,emptyanswer,emptyanswer
33Q5P9PUSOLT6ZGSQSXLE1Y43P8ZC3,3YW4XOSQKQKVKH9EUAEV5WWKQJ61UJ,A3FFZN4FO3Q789,Approved,Wed Mar 04 11:06:42 EST 2015,Wed Mar 04 11:10:13 EST 2015,than,than,than,than,than,emptyanswer,emptyanswer,emptyanswer,emptyanswer,emptyanswer,emptyanswer,emptyanswer,emptyanswer,emptyanswer,emptyanswer,emptyanswer
33Q5P9PUSOLT6ZGSQSXLE1Y43P8ZC3,39L1G8WVWQQBLNWVFQIUIN6KD7313U,A2F6ZON8X5EAGL,Approved,Wed Mar 04 15:36:50 EST 2015,Wed Mar 04 15:37:17 EST 2015,Context Awareness for Group Interaction Support,present,computing,motivation,interaction,emptyanswer,emptyanswer,emptyanswer,emptyanswer,emptyanswer,emptyanswer,emptyanswer,emptyanswer,emptyanswer,emptyanswer,emptyanswer
33Q5P9PUSOLT6ZGSQSXLE1Y43P8ZC3,3BDCF01OGXTPRXXNXLT3SWBBKEELY1,A3OTLWGJFB65KD,Approved,Wed Mar 04 19:11:26 EST 2015,Wed Mar 04 19:11:33 EST 2015,nothing,nothing,nothing,nothing,nothing,emptyanswer,emptyanswer,emptyanswer,emptyanswer,emptyanswer,emptyanswer,emptyanswer,emptyanswer,emptyanswer,emptyanswer,emptyanswer
33Q5P9PUSOLT6ZGSQSXLE1Y43P8ZC3,3X4JMASXCM8GHTFQY0T0M1LMW7V0B2,A1W7BQWWGKJ3XF,Approved,Wed Mar 04 20:49:25 EST 2015,Wed Mar 04 20:50:52 EST 2015,Context Awareness,Group Interaction,distributed computing environments,architecture,spatial proximity,user location,context-aware,emptyanswer,emptyanswer,emptyanswer,emptyanswer,emptyanswer,emptyanswer,emptyanswer,emptyanswer,emptyanswer
33Q5P9PUSOLT6ZGSQSXLE1Y43P8ZC3,3GFK2QRXX9G703Z2QXV8QAUYNGSW53,A3LUJSAN4DQ1ZT,Approved,Wed Mar 04 22:03:31 EST 2015,Wed Mar 04 22:05:13 EST 2015,Context awareness,Group interaction support,Mobile,architecture,Spatial proximities,emptyanswer,emptyanswer,emptyanswer,emptyanswer,emptyanswer,emptyanswer,emptyanswer,emptyanswer,emptyanswer,emptyanswer,emptyanswer
33Q5P9PUSOLT6ZGSQSXLE1Y43P8ZC3,384PI804XS0FYFWS9MFVCQVM0WA0SY,A9LA6QK6VCERR,Approved,Thu Mar 05 01:56:29 EST 2015,Thu Mar 05 01:57:52 EST 2015,Context Awareness,Group Interaction Support,mobile distributed computing environments,supporting group interaction,contextual information,actual context-aware application,emptyanswer,emptyanswer,emptyanswer,emptyanswer,emptyanswer,emptyanswer,emptyanswer,emptyanswer,emptyanswer,emptyanswer
33Q5P9PUSOLT6ZGSQSXLE1Y43P8ZC3,31UV0MXWNQBPZ8FX1GRTPJLQ86L5IY,A1YLO4LT02D2F0,Approved,Thu Mar 05 02:46:02 EST 2015,Thu Mar 05 02:46:49 EST 2015,we present an implemented system,group interaction in mobile distributed,an introduction to context computing,information about the location of users,which provides services for group interaction,emptyanswer,emptyanswer,emptyanswer,emptyanswer,emptyanswer,emptyanswer,emptyanswer,emptyanswer,emptyanswer,emptyanswer,emptyanswer
33Q5P9PUSOLT6ZGSQSXLE1Y43P8ZC3,3F6KKYWMNB0CHM5HD2M4S35Z7NWNDP,A3I10J1GPDAPQR,Approved,Thu Mar 05 06:18:10 EST 2015,Thu Mar 05 06:19:26 EST 2015,Context Awareness,Group Interaction Support,mobile distributed computing environments,contextual information,spatial proximities,emptyanswer,emptyanswer,emptyanswer,emptyanswer,emptyanswer,emptyanswer,emptyanswer,emptyanswer,emptyanswer,emptyanswer,emptyanswer
33Q5P9PUSOLT6ZGSQSXLE1Y43P8ZC3,3WT783CTPBG0BLA6AGMKH2NN5YCCBV,A3S81UFDOWF2ST,Approved,Thu Mar 05 07:30:11 EST 2015,Thu Mar 05 07:30:58 EST 2015,Context Awareness,Group Interaction Support,implemented system,mobile distributed computing environments,subsystem for location sensing,emptyanswer,emptyanswer,emptyanswer,emptyanswer,emptyanswer,emptyanswer,emptyanswer,emptyanswer,emptyanswer,emptyanswer,emptyanswer
33Q5P9PUSOLT6ZGSQSXLE1Y43P8ZC3,39L1G8WVWQQBLNWVFQIUIN6KD9B318,A1QUDNLO95AKS5,Approved,Thu Mar 05 08:36:39 EST 2015,Thu Mar 05 08:37:06 EST 2015,Context Awareness,Group Interaction Support,environments,location,actual context-aware application,group interaction,emptyanswer,emptyanswer,emptyanswer,emptyanswer,emptyanswer,emptyanswer,emptyanswer,emptyanswer,emptyanswer,emptyanswer
33Q5P9PUSOLT6ZGSQSXLE1Y43P8ZC3,3NL0RFNU0FMY9K1LNETVX7UP0G0K48,A2SDTL2V8VJ25O,Approved,Thu Mar 05 15:41:38 EST 2015,Thu Mar 05 15:42:47 EST 2015,Awareness,Interaction Support,environments,motivation,architecture,emptyanswer,emptyanswer,emptyanswer,emptyanswer,emptyanswer,emptyanswer,emptyanswer,emptyanswer,emptyanswer,emptyanswer,emptyanswer
33Q5P9PUSOLT6ZGSQSXLE1Y43P8ZC3,3B2X28YI3WEBV4150P9HV2VD9D26B0,ADUJUZANFOWKW,Approved,Thu Mar 05 16:30:45 EST 2015,Thu Mar 05 16:32:04 EST 2015,context,interaction,computing,interaction,system,emptyanswer,emptyanswer,emptyanswer,emptyanswer,emptyanswer,emptyanswer,emptyanswer,emptyanswer,emptyanswer,emptyanswer,emptyanswer
33Q5P9PUSOLT6ZGSQSXLE1Y43P8ZC3,3JC6VJ2SABIATQWZPSZG8LX7V1L5A5,A3DHYTZ1GPN0T8,Approved,Thu Mar 05 21:33:27 EST 2015,Thu Mar 05 21:35:09 EST 2015,paper,contextual,location,proximities,context-aware application,emptyanswer,emptyanswer,emptyanswer,emptyanswer,emptyanswer,emptyanswer,emptyanswer,emptyanswer,emptyanswer,emptyanswer,emptyanswer
33Q5P9PUSOLT6ZGSQSXLE1Y43P8ZC3,31N2WW6R9RP2B2Q3MPXF7PAEEOE3F3,AQXSUU4I4DAH8,Approved,Fri Mar 06 11:00:24 EST 2015,Fri Mar 06 11:00:47 EST 2015,computing environments,Context Awareness,contextual information,Group Interaction Support,architecture of our system,emptyanswer,emptyanswer,emptyanswer,emptyanswer,emptyanswer,emptyanswer,emptyanswer,emptyanswer,emptyanswer,emptyanswer,emptyanswer
33Q5P9PUSOLT6ZGSQSXLE1Y43P8ZC3,3GS6S824SQWBQS58UXRUKRUKE94WNL,A14TK50KH724N6,Approved,Fri Mar 06 12:20:15 EST 2015,Fri Mar 06 12:21:16 EST 2015,Context Awareness,Group Interaction Support,implemented system,mobile distributed computing environments,context computing,group interaction,emptyanswer,emptyanswer,emptyanswer,emptyanswer,emptyanswer,emptyanswer,emptyanswer,emptyanswer,emptyanswer,emptyanswer
33Q5P9PUSOLT6ZGSQSXLE1Y43P8ZC3,38BQUHLA9WZX31B6RALKQISY6H3OM9,A3K6BSW10S4YKJ,Approved,Fri Mar 06 13:36:01 EST 2015,Fri Mar 06 13:37:17 EST 2015,Context Awareness,Group Interaction Support,an implemented system,mobile distributed computing environments,context computing,spatial proximities,context-aware application,emptyanswer,emptyanswer,emptyanswer,emptyanswer,emptyanswer,emptyanswer,emptyanswer,emptyanswer,emptyanswer
33Q5P9PUSOLT6ZGSQSXLE1Y43P8ZC3,3URFVVM165HSFDUM2LNNXQGW37HZUM,A1A7P5LC80G47W,Approved,Fri Mar 06 15:29:03 EST 2015,Fri Mar 06 15:29:55 EST 2015,context awareness,group interaction,supporting group interaction,distributed computing,spatial proximities,emptyanswer,emptyanswer,emptyanswer,emptyanswer,emptyanswer,emptyanswer,emptyanswer,emptyanswer,emptyanswer,emptyanswer,emptyanswer
33Q5P9PUSOLT6ZGSQSXLE1Y43P8ZC3,39RP059MEHSDK7MXN5GYKYSZZI1BM9,A3G4SXD4N30C3L,Approved,Fri Mar 06 18:45:52 EST 2015,Fri Mar 06 18:46:49 EST 2015,Context Awareness,Group Interaction Support,implemented system,mobile distributed computing environments,context-aware application,context computing,emptyanswer,emptyanswer,emptyanswer,emptyanswer,emptyanswer,emptyanswer,emptyanswer,emptyanswer,emptyanswer,emptyanswer
33Q5P9PUSOLT6ZGSQSXLE1Y43P8ZC3,3OCHAWUVGOJP7MPV7PV0UIRNTH0KXU,A1VOWQJOBWOVKG,Approved,Fri Mar 06 19:37:27 EST 2015,Fri Mar 06 19:39:17 EST 2015,Context Awareness,Group Interaction Support,implemented system,group interaction,mobile distributed computing environments,emptyanswer,emptyanswer,emptyanswer,emptyanswer,emptyanswer,emptyanswer,emptyanswer,emptyanswer,emptyanswer,emptyanswer,emptyanswer
33Q5P9PUSOLT6ZGSQSXLE1Y43P8ZC3,3JMSRU9HQITUHXSQBOJF82HXTA9EVG,APEB5ERGCYP6D,Approved,Sat Mar 07 07:15:31 EST 2015,Sat Mar 07 08:07:07 EST 2015,an implemented system for supporting group interaction in mobile distributed computing environments,context computing,motivation for using contextual information,one for the actual context-aware application,provides services for group interaction,emptyanswer,emptyanswer,emptyanswer,emptyanswer,emptyanswer,emptyanswer,emptyanswer,emptyanswer,emptyanswer,emptyanswer,emptyanswer
33Q5P9PUSOLT6ZGSQSXLE1Y43P8ZC3,3LJ7UR74RHCZHQMOKRLBPZBTUIJ4NP,ADVZAZ12Z8N9J,Approved,Sat Mar 07 10:04:01 EST 2015,Sat Mar 07 10:10:09 EST 2015,"In this paper, we present an implemented system for supporting group interaction in mobile distributed computing environments.","First, an introduction to context computing and a motivation for using contextual information to facilitate group interaction is given.","We then present the architecture of our system, which consists of two parts: a subsystem for location sensing that acquires information about the location of users as well as spatial proximities between them, and one for the actual context-aware application, which provides services for group interaction.",N/A,N/A,emptyanswer,emptyanswer,emptyanswer,emptyanswer,emptyanswer,emptyanswer,emptyanswer,emptyanswer,emptyanswer,emptyanswer,emptyanswer
33Q5P9PUSOLT6ZGSQSXLE1Y43P8ZC3,3IHR8NYAM70ZKBY106Y3TOGOUXOP4A,A2GBY8O6GYSB89,Approved,Sat Mar 07 12:09:40 EST 2015,Sat Mar 07 12:10:58 EST 2015,Context Awareness,Group Interaction Support,system for supporting group interaction,mobile distributed computing environments,context-aware application,emptyanswer,emptyanswer,emptyanswer,emptyanswer,emptyanswer,emptyanswer,emptyanswer,emptyanswer,emptyanswer,emptyanswer,emptyanswer
33Q5P9PUSOLT6ZGSQSXLE1Y43P8ZC3,39GHHAVOMFQ3Y0V35TTJWSUCLZN4JW,A38IE69ORDCEGY,Approved,Sat Mar 07 23:41:37 EST 2015,Sat Mar 07 23:43:59 EST 2015,Context awareness,Group Interaction Support,mobile distributed computing environment,group interaction,location sensing and spatial proximities,emptyanswer,emptyanswer,emptyanswer,emptyanswer,emptyanswer,emptyanswer,emptyanswer,emptyanswer,emptyanswer,emptyanswer,emptyanswer
33Q5P9PUSOLT6ZGSQSXLE1Y43P8ZC3,3DIP6YHAPCRW6LWD3V85GOXPIEZE86,A1ULLPIT6EU99K,Approved,Sun Mar 08 05:22:09 EDT 2015,Sun Mar 08 05:43:25 EDT 2015,mobile distributed computing environments,context computing,two parts: a subsystem for location sensing,and one for the actual context-aware application,group interaction,emptyanswer,emptyanswer,emptyanswer,emptyanswer,emptyanswer,emptyanswer,emptyanswer,emptyanswer,emptyanswer,emptyanswer,emptyanswer
33Q5P9PUSOLT6ZGSQSXLE1Y43P8ZC3,3ZR9AIQJUB8WWUUHJLJDENFGMRX407,A1JWEYGDFDB100,Approved,Sun Mar 08 08:41:46 EDT 2015,Sun Mar 08 08:43:00 EDT 2015,Context Awareness,Group Interaction Support,mobile distributed computing environments,architecture,location sensing,emptyanswer,emptyanswer,emptyanswer,emptyanswer,emptyanswer,emptyanswer,emptyanswer,emptyanswer,emptyanswer,emptyanswer,emptyanswer
33Q5P9PUSOLT6ZGSQSXLE1Y43P8ZC3,3KIBXJ1WD5T2DDB36Y84B50UHG6KO6,A2KELEVTA0306Y,Approved,Sun Mar 08 10:42:18 EDT 2015,Sun Mar 08 10:44:15 EDT 2015,paper,present,implemented,system,supporting,group,interaction,mobile,distributed,computing,environments,First,introduction,context,computing,motivation
33Q5P9PUSOLT6ZGSQSXLE1Y43P8ZC3,3Q5ZZ9ZEVOEWA23KSUF2CURC5LB587,A3EOFHEPL3L07Y,Approved,Sun Mar 08 12:35:54 EDT 2015,Sun Mar 08 12:41:28 EDT 2015,context awareness,Group interaction,group interaction support,system for supporting group interaction in mobile distributed computing environments,context computing,contextual information,emptyanswer,emptyanswer,emptyanswer,emptyanswer,emptyanswer,emptyanswer,emptyanswer,emptyanswer,emptyanswer,emptyanswer
33Q5P9PUSOLT6ZGSQSXLE1Y43P8ZC3,3LWJHTCVCCLUI3W5K09BKX3POLIQFT,A156NFBMKKLDL9,Approved,Sun Mar 08 17:02:38 EDT 2015,Sun Mar 08 17:03:21 EDT 2015,Context Awareness,Group Interaction Support,supporting group interaction,distributed computing environments,spatial proximities,emptyanswer,emptyanswer,emptyanswer,emptyanswer,emptyanswer,emptyanswer,emptyanswer,emptyanswer,emptyanswer,emptyanswer,emptyanswer
33Q5P9PUSOLT6ZGSQSXLE1Y43P8ZC3,3HL8HNGX450OQ4FJ3YYPY2D0EMOF98,A2E2IQ99W6B7AV,Approved,Mon Mar 09 06:08:38 EDT 2015,Mon Mar 09 06:10:44 EDT 2015,Group interactions,Mobile computing,Spatial programming,Application development,Services,Location sensors,emptyanswer,emptyanswer,emptyanswer,emptyanswer,emptyanswer,emptyanswer,emptyanswer,emptyanswer,emptyanswer,emptyanswer
33Q5P9PUSOLT6ZGSQSXLE1Y43P8ZC3,3NJM2BJS4W52FFBGTL4LCMSCMEGPC6,A2SZAM3EZER2PH,Approved,Mon Mar 09 06:34:15 EDT 2015,Mon Mar 09 06:35:17 EDT 2015,present an implemented,computing environments,contextual information,spatial proximities,group interaction,emptyanswer,emptyanswer,emptyanswer,emptyanswer,emptyanswer,emptyanswer,emptyanswer,emptyanswer,emptyanswer,emptyanswer,emptyanswer
33Q5P9PUSOLT6ZGSQSXLE1Y43P8ZC3,37WLF8U1WPPCO75Z62MAU5E3WI76K2,AUH4A0OGHF2CK,Approved,Mon Mar 09 09:35:29 EDT 2015,Mon Mar 09 09:37:15 EDT 2015,Group Interaction Support,supporting group interaction for mobile distributed computing environments,location sensing and context-aware application,Context Awareness and Group Interaction Support,A study on Context Awareness for Group Interaction Support,emptyanswer,emptyanswer,emptyanswer,emptyanswer,emptyanswer,emptyanswer,emptyanswer,emptyanswer,emptyanswer,emptyanswer,emptyanswer
33Q5P9PUSOLT6ZGSQSXLE1Y43P8ZC3,3OS46CRSLFYQ4IZB560HWEPKCGUV6T,ACYGMRGAZ22U7,Approved,Mon Mar 09 17:56:25 EDT 2015,Mon Mar 09 17:56:31 EDT 2015,Keyword/Keyphrase 1:,Keyword/Keyphrase 1:,Keyword/Keyphrase 1:,Keyword/Keyphrase 1:,Keyword/Keyphrase 1:,emptyanswer,emptyanswer,emptyanswer,emptyanswer,emptyanswer,emptyanswer,emptyanswer,emptyanswer,emptyanswer,emptyanswer,emptyanswer
33Q5P9PUSOLT6ZGSQSXLE1Y43P8ZC3,36DSNE9QZ5X72T5LOD8SAQ0H2UJJOP,A3HPVFAF1U9WXK,Approved,Tue Mar 10 02:02:01 EDT 2015,Tue Mar 10 02:02:39 EDT 2015,Context,Awareness,Group Interaction,mobile,distributed environments,computing,emptyanswer,emptyanswer,emptyanswer,emptyanswer,emptyanswer,emptyanswer,emptyanswer,emptyanswer,emptyanswer,emptyanswer
33Q5P9PUSOLT6ZGSQSXLE1Y43P8ZC3,3VA45EW49NM07CPHYO2M6Q4V8EZ1OL,A3UY2GVCKC8LSL,Approved,Tue Mar 10 06:41:27 EDT 2015,Tue Mar 10 06:42:10 EDT 2015,mobile distributed,context-aware,location sensing,Group Interaction Support,Context Awareness,emptyanswer,emptyanswer,emptyanswer,emptyanswer,emptyanswer,emptyanswer,emptyanswer,emptyanswer,emptyanswer,emptyanswer,emptyanswer
33Q5P9PUSOLT6ZGSQSXLE1Y43P8ZC3,3P1L2B7AD1ODXJTLRYK5Q5D96KJOLT,AW36CVMS3526O,Approved,Tue Mar 10 13:55:25 EDT 2015,Tue Mar 10 13:56:12 EDT 2015,Interaction,supporting,computing,motivation,interaction,emptyanswer,emptyanswer,emptyanswer,emptyanswer,emptyanswer,emptyanswer,emptyanswer,emptyanswer,emptyanswer,emptyanswer,emptyanswer
33Q5P9PUSOLT6ZGSQSXLE1Y43P8ZC3,3570Y55XZPI955JMMUWNF463OE6GY2,ATRHDYWCIYTDJ,Approved,Wed Mar 11 05:01:09 EDT 2015,Wed Mar 11 05:01:20 EDT 2015,present,implemented,supporting,mobile,users,emptyanswer,emptyanswer,emptyanswer,emptyanswer,emptyanswer,emptyanswer,emptyanswer,emptyanswer,emptyanswer,emptyanswer,emptyanswer
33Q5P9PUSOLT6ZGSQSXLE1Y43P8ZC3,30LB5CDZNC9CZRI64E938JSPNSPZ0F,A3CMDYA9USA3MR,Approved,Wed Mar 11 07:22:51 EDT 2015,Wed Mar 11 07:23:03 EDT 2015,present,supporting,interaction,environments,context,emptyanswer,emptyanswer,emptyanswer,emptyanswer,emptyanswer,emptyanswer,emptyanswer,emptyanswer,emptyanswer,emptyanswer,emptyanswer
33Q5P9PUSOLT6ZGSQSXLE1Y43P8ZC3,3Y54SXRO1LKWT1LNWTY5B2FFILDUT3,A1XRIEYLA7ZJ3B,Approved,Wed Mar 11 10:42:01 EDT 2015,Wed Mar 11 10:44:17 EDT 2015,Context Awareness for Group Interaction Support,mobile distributed computing environments,a motivation for using contextual information to facilitate group interaction,subsystem for location sensing that acquires information about the location of users as well as spatial proximities between them,"the actual context-aware application, which provides services for group interaction",emptyanswer,emptyanswer,emptyanswer,emptyanswer,emptyanswer,emptyanswer,emptyanswer,emptyanswer,emptyanswer,emptyanswer,emptyanswer
33Q5P9PUSOLT6ZGSQSXLE1Y43P8ZC3,34Q075JO1XCF4VXYW30BGP8DADK01Z,AL9R6CILUG30X,Approved,Wed Mar 11 11:38:59 EDT 2015,Wed Mar 11 11:41:04 EDT 2015,Context Awareness,Group Interaction Support,Mobile distributed computing environment,Location of users,Spatial proximities,Context-aware application,emptyanswer,emptyanswer,emptyanswer,emptyanswer,emptyanswer,emptyanswer,emptyanswer,emptyanswer,emptyanswer,emptyanswer
33Q5P9PUSOLT6ZGSQSXLE1Y43P8ZC3,323Q6SJS8IFH5AX21AMHBJBOX4CHFQ,A28IXE702NXWKQ,Approved,Wed Mar 11 15:10:57 EDT 2015,Wed Mar 11 15:11:52 EDT 2015,In this paper,present an implemented system,supporting group interaction in mobile distributed computing environments,"present the architecture of our system,",spatial proximities between them,emptyanswer,emptyanswer,emptyanswer,emptyanswer,emptyanswer,emptyanswer,emptyanswer,emptyanswer,emptyanswer,emptyanswer,emptyanswer
33Q5P9PUSOLT6ZGSQSXLE1Y43P8ZC3,3TK8OJTYM1KYEOHGK2ZQ2EG17PSVPF,ANB69EQROUTQJ,Approved,Wed Mar 11 22:43:32 EDT 2015,Wed Mar 11 22:44:24 EDT 2015,CONTEXT AWARENESS,GROUP INTERACTION,MOBILE DISTRIBUTED COMPUTING ENVIRONMENTS,CONTEXT COMPUTING,LOCATION SENSING,emptyanswer,emptyanswer,emptyanswer,emptyanswer,emptyanswer,emptyanswer,emptyanswer,emptyanswer,emptyanswer,emptyanswer,emptyanswer
33Q5P9PUSOLT6ZGSQSXLE1Y43P8ZC3,3CFJTT4SXTP4MCTGP96QN3ZM0UP7IP,A2KS418T8MPLJH,Approved,Thu Mar 12 11:56:37 EDT 2015,Thu Mar 12 11:57:29 EDT 2015,Context Awareness for Group Interaction Support,we present an implemented system for supporting group interaction in mobile distributed computing environments,introduction to context computing and a motivation for using contextual information to facilitate group interaction is given,subsystem for location sensing that acquires information about the location of users as well as spatial proximities between them,"actual context-aware application, which provides services for group interaction",emptyanswer,emptyanswer,emptyanswer,emptyanswer,emptyanswer,emptyanswer,emptyanswer,emptyanswer,emptyanswer,emptyanswer,emptyanswer
33Q5P9PUSOLT6ZGSQSXLE1Y43P8ZC3,3EICBYG644V6T48IY8Z1FQ60EK5JC6,AM1HY736BY3Z8,Approved,Thu Mar 12 12:19:50 EDT 2015,Thu Mar 12 12:21:12 EDT 2015,Context Awareness for Group Interaction Support,we present an implemented system for supporting group interaction in mobile distributed computing environments.,an introduction to context computing and a motivation for using contextual information to facilitate group interaction is given.,a subsystem for location sensing that acquires information about the location of users as well as spatial proximities between them,"one for the actual context-aware application, which provides services for group interaction.",emptyanswer,emptyanswer,emptyanswer,emptyanswer,emptyanswer,emptyanswer,emptyanswer,emptyanswer,emptyanswer,emptyanswer,emptyanswer
33Q5P9PUSOLT6ZGSQSXLE1Y43P8ZC3,3KGTPGBS6XK292RADEE9AF6PJAUU2A,AU3WQKISBW5MZ,Approved,Thu Mar 12 14:26:44 EDT 2015,Thu Mar 12 14:27:16 EDT 2015,"In this paper, we present an implemented system for supporting group interaction in mobile distributed computing environments.","First, an introduction to context computing and a motivation for using contextual information to facilitate group interaction is given.","We then present the architecture of our system, which consists of two parts: a subsystem for location sensing that acquires information about the location of users as well as spatial proximities between them, and one for the actual context-aware application, which provides services for group interaction.","We then present the architecture of our system, which consists of two parts: a subsystem for location sensing that acquires information about the location of users as well as spatial proximities between them, and one for the actual context-aware application, which provides services for group interaction.","We then present the architecture of our system, which consists of two parts: a subsystem for location sensing that acquires information about the location of users as well as spatial proximities between them, and one for the actual context-aware application, which provides services for group interaction.",emptyanswer,emptyanswer,emptyanswer,emptyanswer,emptyanswer,emptyanswer,emptyanswer,emptyanswer,emptyanswer,emptyanswer,emptyanswer
33Q5P9PUSOLT6ZGSQSXLE1Y43P8ZC3,3QECW5O0KH0F8MV8VSQX3QNZK7LT5S,A2UNRV6PEOEXG0,Approved,Fri Mar 13 12:40:50 EDT 2015,Fri Mar 13 12:41:23 EDT 2015,Context awareness,Group interaction support,context computing,contextual information,group interaction,emptyanswer,emptyanswer,emptyanswer,emptyanswer,emptyanswer,emptyanswer,emptyanswer,emptyanswer,emptyanswer,emptyanswer,emptyanswer
33Q5P9PUSOLT6ZGSQSXLE1Y43P8ZC3,3PPTZCWALQJ0NKN5LC3INPJ7105ZQ4,A3DTN2OMF6DUSI,Approved,Fri Mar 13 23:24:05 EDT 2015,Fri Mar 13 23:24:10 EDT 2015,model,model,model,model,model,emptyanswer,emptyanswer,emptyanswer,emptyanswer,emptyanswer,emptyanswer,emptyanswer,emptyanswer,emptyanswer,emptyanswer,emptyanswer
33Q5P9PUSOLT6ZGSQSXLE1Y43P8ZC3,3AUQQEL7U5SVQ7DW3HK0NDFT0NYV03,A610SH5RY1NG1,Approved,Sat Mar 14 07:04:08 EDT 2015,Sat Mar 14 07:04:29 EDT 2015,Context Awareness,Group Interaction,Support,distributed computing environments,context computing,emptyanswer,emptyanswer,emptyanswer,emptyanswer,emptyanswer,emptyanswer,emptyanswer,emptyanswer,emptyanswer,emptyanswer,emptyanswer
33Q5P9PUSOLT6ZGSQSXLE1Y43P8ZC3,3SKRO2GZ71QHHL420WATZ9NMPHFK1R,A2Z9HR2IBD75R9,Approved,Sat Mar 14 09:50:57 EDT 2015,Sat Mar 14 09:51:18 EDT 2015,Context,Awareness,Group,Support,application,emptyanswer,emptyanswer,emptyanswer,emptyanswer,emptyanswer,emptyanswer,emptyanswer,emptyanswer,emptyanswer,emptyanswer,emptyanswer
33Q5P9PUSOLT6ZGSQSXLE1Y43P8ZC3,33UKMF9319JHTO6YWO8V66TD0EPTT9,A3PRX6CU0P34NE,Approved,Sat Mar 14 15:54:36 EDT 2015,Sat Mar 14 16:12:45 EDT 2015,Context Awareness,Group Interaction Support,Implemented system for supporting group interaction,Mobile distributed computing environments,Location sensing,emptyanswer,emptyanswer,emptyanswer,emptyanswer,emptyanswer,emptyanswer,emptyanswer,emptyanswer,emptyanswer,emptyanswer,emptyanswer
33Q5P9PUSOLT6ZGSQSXLE1Y43P8ZC3,3M23Y66PO26ACQI7BBVCLR5DEN3S6B,AH3ER3EJXHRO2,Approved,Sat Mar 14 16:33:50 EDT 2015,Sat Mar 14 16:34:29 EDT 2015,context awareness,group interaction support,computing environments,context computing,implemented system,emptyanswer,emptyanswer,emptyanswer,emptyanswer,emptyanswer,emptyanswer,emptyanswer,emptyanswer,emptyanswer,emptyanswer,emptyanswer
33Q5P9PUSOLT6ZGSQSXLE1Y43P8ZC3,37TD41K0AH8ZS7R8L28F7RXNA9ESC3,A1BV5YY1UQCMZY,Approved,Sat Mar 14 16:35:58 EDT 2015,Sat Mar 14 16:36:44 EDT 2015,context awareness,group interaction support,implemented system,context computing,location sensing,emptyanswer,emptyanswer,emptyanswer,emptyanswer,emptyanswer,emptyanswer,emptyanswer,emptyanswer,emptyanswer,emptyanswer,emptyanswer
33Q5P9PUSOLT6ZGSQSXLE1Y43P8ZC3,3ZQIG0FLQEFOYXEHWODLU8OX1TVWVQ,AWFQ7OX0UPSM5,Approved,Sat Mar 14 19:01:07 EDT 2015,Sat Mar 14 19:02:26 EDT 2015,Context Awareness,Group Interaction Support,mobile distributed computing environments,context computing,location sensing,emptyanswer,emptyanswer,emptyanswer,emptyanswer,emptyanswer,emptyanswer,emptyanswer,emptyanswer,emptyanswer,emptyanswer,emptyanswer
33Q5P9PUSOLT6ZGSQSXLE1Y43P8ZC3,320DUZ38G7LJAGON0UVK5HRFCJ1GJV,A1G94QON7A9K0N,Approved,Sat Mar 14 20:03:24 EDT 2015,Sat Mar 14 20:03:45 EDT 2015,context,computing,motivation,acquire,users,emptyanswer,emptyanswer,emptyanswer,emptyanswer,emptyanswer,emptyanswer,emptyanswer,emptyanswer,emptyanswer,emptyanswer,emptyanswer
33Q5P9PUSOLT6ZGSQSXLE1Y43P8ZC3,3EJJQNKU9R4E802BS5MBS8P710BRH0,ACVJ6IUO9QM4R,Approved,Sat Mar 14 20:28:47 EDT 2015,Sat Mar 14 20:29:49 EDT 2015,Support,Group interaction,subsystem for location sensing,context- aware application,spatial proximity,emptyanswer,emptyanswer,emptyanswer,emptyanswer,emptyanswer,emptyanswer,emptyanswer,emptyanswer,emptyanswer,emptyanswer,emptyanswer
33Q5P9PUSOLT6ZGSQSXLE1Y43P8ZC3,3P4RDNWND55X67UIQIVNQT4VRWWJIT,A29ZV4XJB7R1O,Approved,Sat Mar 14 20:28:03 EDT 2015,Sat Mar 14 20:38:42 EDT 2015,Context,Awareness,Group Interaction,Support,environments,emptyanswer,emptyanswer,emptyanswer,emptyanswer,emptyanswer,emptyanswer,emptyanswer,emptyanswer,emptyanswer,emptyanswer,emptyanswer
33Q5P9PUSOLT6ZGSQSXLE1Y43P8ZC3,3YJ6NA41JBFPNTHM3DL7ZQ57DAZPJJ,A9VLWY4KW6OCB,Approved,Sat Mar 14 21:43:27 EDT 2015,Sat Mar 14 22:04:43 EDT 2015,Context,Awareness,Group,Interaction,Support,emptyanswer,emptyanswer,emptyanswer,emptyanswer,emptyanswer,emptyanswer,emptyanswer,emptyanswer,emptyanswer,emptyanswer,emptyanswer
33Q5P9PUSOLT6ZGSQSXLE1Y43P8ZC3,3RANCT1ZVFGWXFR6W77KB89TDMKUB1,A1GK9ZI7T30X9Z,Approved,Sat Mar 14 22:43:05 EDT 2015,Sat Mar 14 22:44:21 EDT 2015,Context Awareness,Group Interaction Support,mobile,distributed computing,contextual information,location sensing,emptyanswer,emptyanswer,emptyanswer,emptyanswer,emptyanswer,emptyanswer,emptyanswer,emptyanswer,emptyanswer,emptyanswer
33Q5P9PUSOLT6ZGSQSXLE1Y43P8ZC3,3NL0RFNU0FMY9K1LNETVX7UP13DK4W,A1YNGE7LM9TQHL,Approved,Sun Mar 15 01:49:12 EDT 2015,Sun Mar 15 01:50:44 EDT 2015,Context Awareness for Group Interaction Support,"In this paper, we present an implemented system for supporting group interaction in mobile distributed computing environments.","First, an introduction to context computing and a motivation for using contextual information to facilitate group interaction is given.","We then present the architecture of our system, which consists of two parts","a subsystem for location sensing that acquires information about the location of users as well as spatial proximities between them, and one for the actual context-aware application, which provides services for group interaction.",emptyanswer,emptyanswer,emptyanswer,emptyanswer,emptyanswer,emptyanswer,emptyanswer,emptyanswer,emptyanswer,emptyanswer,emptyanswer
33Q5P9PUSOLT6ZGSQSXLE1Y43P8ZC3,3ZY8KE4ISJ2JE0IVKFEF2J6BDT2VQB,AHAJG2TJ4P3G2,Approved,Sun Mar 15 01:59:23 EDT 2015,Sun Mar 15 02:00:50 EDT 2015,Context Awarenes,Group Interaction Support,implemented system,mobile distributed computing environments,context-aware application,group interaction,emptyanswer,emptyanswer,emptyanswer,emptyanswer,emptyanswer,emptyanswer,emptyanswer,emptyanswer,emptyanswer,emptyanswer
33Q5P9PUSOLT6ZGSQSXLE1Y43P8ZC3,3VD82FOHKQNKUFZFELR6NMNMDL5COM,A389JBZP3NGJUF,Approved,Sun Mar 15 02:20:22 EDT 2015,Sun Mar 15 02:24:05 EDT 2015,We present an implemented system for supporting group interaction in mobile distributed computing environments,We present an introduction to context computing and a motivation for using contextual information to facilitate group interaction,Our system architecture consists of two parts,"A subsystem for location sensing that acquires information about the location of users as well as spatial proximities between them, and one for the actual context-aware application",Our system provides services for group interaction,emptyanswer,emptyanswer,emptyanswer,emptyanswer,emptyanswer,emptyanswer,emptyanswer,emptyanswer,emptyanswer,emptyanswer,emptyanswer
