HitId,AssignmentId,WorkerId,Status,AcceptTime,SubmitTime,Answer 1,Answer 2,Answer 3,Answer 4,Answer 5,Answer 6,Answer 7,Answer 8,Answer 9,Answer 10,Answer 11,Answer 12,Answer 13,Answer 14,Answer 15,Answer 16
33QQ60S6ARHSQ8R28P5T28HOSIWU0G,3WOKGM4L71F00N4Z25YMSLLL32MO0U,A22R7DT2XQIKXV,Approved,Mon Mar 02 14:01:18 EST 2015,Mon Mar 02 14:01:27 EST 2015,aa,aa,aa,aa,aa,emptyanswer,emptyanswer,emptyanswer,emptyanswer,emptyanswer,emptyanswer,emptyanswer,emptyanswer,emptyanswer,emptyanswer,emptyanswer
33QQ60S6ARHSQ8R28P5T28HOSIWU0G,3XM0HYN6NKYHCDVUPCAG2ASF78WEPR,A28O0LXEATB5XE,Approved,Mon Mar 02 15:14:20 EST 2015,Mon Mar 02 15:16:01 EST 2015,privacy attitudes and behavior,behavioral economics,individual decision making process,privacy in electronic commerce,self-control problems,immediate gratification,emptyanswer,emptyanswer,emptyanswer,emptyanswer,emptyanswer,emptyanswer,emptyanswer,emptyanswer,emptyanswer,emptyanswer
33QQ60S6ARHSQ8R28P5T28HOSIWU0G,3WMOAN2SRBWYB3534NMYYPB67OYVNI,A1W7BQWWGKJ3XF,Approved,Mon Mar 02 15:33:08 EST 2015,Mon Mar 02 15:35:19 EST 2015,Privacy,Immediate Gratification,behavioral economics,individual decision making,electronic commerce,risk perception,emptyanswer,emptyanswer,emptyanswer,emptyanswer,emptyanswer,emptyanswer,emptyanswer,emptyanswer,emptyanswer,emptyanswer
33QQ60S6ARHSQ8R28P5T28HOSIWU0G,3FTYUGLFSUK8RXZB92QIYM5DGWXD5E,A3ODG942FG22PJ,Approved,Mon Mar 02 16:37:50 EST 2015,Mon Mar 02 16:38:13 EST 2015,Privacy,Dichotomies,Commerce,Economics,Immediate Gratification,na,na,na,na,na,na,na,na,na,na,na
33QQ60S6ARHSQ8R28P5T28HOSIWU0G,3WRFBPLXRANEZU3KKDGSFUJNG483NW,A2A4LHPXF2E2GS,Approved,Mon Mar 02 16:47:16 EST 2015,Mon Mar 02 16:57:30 EST 2015,The individual decision-making process with respect to privacy in electronic commerce.,Individual rationality unrealistic while self-control problems and immediate gratification are realistic.,Psychological distortions prevent privacy protection.,'Naive' individuals and 'sophisticated' individuals.,Even occurs for those aware of significant risk.,emptyanswer,emptyanswer,emptyanswer,emptyanswer,emptyanswer,emptyanswer,emptyanswer,emptyanswer,emptyanswer,emptyanswer,emptyanswer
33QQ60S6ARHSQ8R28P5T28HOSIWU0G,3300DTYQT2G2CPW9PPP52FIPC4ZEQZ,A3FG9YWTFFK1AU,Approved,Mon Mar 02 20:25:06 EST 2015,Mon Mar 02 20:30:30 EST 2015,Privacy,Electronic Commerce,Economics of Immediate Gratification,individual rationality,protecting their privacy,emptyanswer,emptyanswer,emptyanswer,emptyanswer,emptyanswer,emptyanswer,emptyanswer,emptyanswer,emptyanswer,emptyanswer,emptyanswer
33QQ60S6ARHSQ8R28P5T28HOSIWU0G,3X31TUMD7XLS1RMKLWMUE901DPA1LG,A26M2B8NZVKWTZ,Approved,Mon Mar 02 21:26:54 EST 2015,Mon Mar 02 21:29:18 EST 2015,Privacy,Electronic,Commerce,behavior,attitudes,emptyanswer,emptyanswer,emptyanswer,emptyanswer,emptyanswer,emptyanswer,emptyanswer,emptyanswer,emptyanswer,emptyanswer,emptyanswer
33QQ60S6ARHSQ8R28P5T28HOSIWU0G,31T4R4OBOSFD997GXZA4C01RM2Y7C5,AXJJYIFR3JVRJ,Approved,Mon Mar 02 22:09:23 EST 2015,Mon Mar 02 22:12:20 EST 2015,electronic commerce,privacy,behavioral economics,gratification,rationality,emptyanswer,emptyanswer,emptyanswer,emptyanswer,emptyanswer,emptyanswer,emptyanswer,emptyanswer,emptyanswer,emptyanswer,emptyanswer
33QQ60S6ARHSQ8R28P5T28HOSIWU0G,3TAYZSBPLL7MUPZ6O9J9VEO1XPYS24,A2R085B34P2LYS,Approved,Mon Mar 02 22:12:47 EST 2015,Mon Mar 02 22:14:17 EST 2015,Privacy,Electronic,Commerce,Economics,Gratification,optional,optional,optional,optional,optional,optional,optional,optional,optional,optional,optional
33QQ60S6ARHSQ8R28P5T28HOSIWU0G,3X31TUMD7XLS1RMKLWMUE901DPJL19,A1XRIEYLA7ZJ3B,Approved,Tue Mar 03 01:11:59 EST 2015,Tue Mar 03 01:16:58 EST 2015,Privacy in Electronic Commerce,Economics of Immediate Gratification,behavioral economics,unrealistic to expect individual  rationality,psychological distortions well documented in the behavioral literature,risks from not protecting their privacy,emptyanswer,emptyanswer,emptyanswer,emptyanswer,emptyanswer,emptyanswer,emptyanswer,emptyanswer,emptyanswer,emptyanswer
33QQ60S6ARHSQ8R28P5T28HOSIWU0G,3GD6L00D3SWC7945L8N9EMFQDVL1M5,A1B5NXRZQYRC4R,Approved,Tue Mar 03 06:32:57 EST 2015,Tue Mar 03 06:33:29 EST 2015,Privacy,Electronic Commerce,Economics of Immediate Gratification,Dichotomies,sophisticated,emptyanswer,emptyanswer,emptyanswer,emptyanswer,emptyanswer,emptyanswer,emptyanswer,emptyanswer,emptyanswer,emptyanswer,emptyanswer
33QQ60S6ARHSQ8R28P5T28HOSIWU0G,3WI0P0II61RXWKX9693L1NA98FODRW,A27I79P03I0ZPO,Approved,Tue Mar 03 06:46:23 EST 2015,Tue Mar 03 06:47:18 EST 2015,Privacy,Commerce,Economics,protecting,Gratification,emptyanswer,emptyanswer,emptyanswer,emptyanswer,emptyanswer,emptyanswer,emptyanswer,emptyanswer,emptyanswer,emptyanswer,emptyanswer
33QQ60S6ARHSQ8R28P5T28HOSIWU0G,3ZPPDN2SLVVWKQFN8NEJGKS026BE9X,A9HQ3E0F2AGVO,Approved,Tue Mar 03 17:23:40 EST 2015,Tue Mar 03 17:26:04 EST 2015,electronic commerce,expectindividual rationality,self-control,Immediate Gratification,psychological distortions,emptyanswer,emptyanswer,emptyanswer,emptyanswer,emptyanswer,emptyanswer,emptyanswer,emptyanswer,emptyanswer,emptyanswer,emptyanswer
33QQ60S6ARHSQ8R28P5T28HOSIWU0G,3XUHV3NRVKXP3D4DVY98P7KB8Q7H5C,A2YW509B0UMSEH,Approved,Tue Mar 03 23:27:26 EST 2015,Tue Mar 03 23:45:54 EST 2015,Privacy,Electronic Commerce,Economics,users,data,emptyanswer,emptyanswer,emptyanswer,emptyanswer,emptyanswer,emptyanswer,emptyanswer,emptyanswer,emptyanswer,emptyanswer,emptyanswer
33QQ60S6ARHSQ8R28P5T28HOSIWU0G,3AMYWKA6YBLVEYQE4UE31MVCG8U6O5,A3S81UFDOWF2ST,Approved,Wed Mar 04 10:15:07 EST 2015,Wed Mar 04 10:15:59 EST 2015,Privacy,Electronic Commerce,Immediate Gratification,Decision making process,Rationality,emptyanswer,emptyanswer,emptyanswer,emptyanswer,emptyanswer,emptyanswer,emptyanswer,emptyanswer,emptyanswer,emptyanswer,emptyanswer
33QQ60S6ARHSQ8R28P5T28HOSIWU0G,33PPUNGG3840ZL25YRSISFTCWZAZRX,A3H35QRODK1C4K,Approved,Wed Mar 04 10:24:41 EST 2015,Wed Mar 04 10:25:02 EST 2015,privacy,electronic,commerce,economics,immediate,emptyanswer,emptyanswer,emptyanswer,emptyanswer,emptyanswer,emptyanswer,emptyanswer,emptyanswer,emptyanswer,emptyanswer,emptyanswer
33QQ60S6ARHSQ8R28P5T28HOSIWU0G,38F5OAUN5NB4QHIWJRO5NRY7ZX3H7U,A3FFZN4FO3Q789,Approved,Wed Mar 04 11:04:02 EST 2015,Wed Mar 04 11:07:16 EST 2015,preliminary,preliminary,preliminary,preliminary,preliminary,emptyanswer,emptyanswer,emptyanswer,emptyanswer,emptyanswer,emptyanswer,emptyanswer,emptyanswer,emptyanswer,emptyanswer,emptyanswer
33QQ60S6ARHSQ8R28P5T28HOSIWU0G,3X3OR7WPZZZACR65KHV9TJN9RZCL8O,A3OTLWGJFB65KD,Approved,Wed Mar 04 19:14:15 EST 2015,Wed Mar 04 19:14:26 EST 2015,nothing,nothing,nothing,nothing,nothing,emptyanswer,emptyanswer,emptyanswer,emptyanswer,emptyanswer,emptyanswer,emptyanswer,emptyanswer,emptyanswer,emptyanswer,emptyanswer
33QQ60S6ARHSQ8R28P5T28HOSIWU0G,3OVR4I9USPIKKNZG0JDSTT6YZJJQ4R,A2F6ZON8X5EAGL,Approved,Wed Mar 04 22:26:14 EST 2015,Wed Mar 04 22:30:21 EST 2015,Privacy in Electronic  Commerce  and the Economic  of Immediate  Gratification,Privacy,Realistic,Available,Literature,emptyanswer,emptyanswer,emptyanswer,emptyanswer,emptyanswer,emptyanswer,emptyanswer,emptyanswer,emptyanswer,emptyanswer,emptyanswer
33QQ60S6ARHSQ8R28P5T28HOSIWU0G,3J2UYBXQQLBABHYV29CSBLZUI7Y06X,A3LUJSAN4DQ1ZT,Approved,Wed Mar 04 23:16:45 EST 2015,Wed Mar 04 23:17:33 EST 2015,dichotomies,electronic commerce,economics,immediate gratification,behavioral literature,naive,sophisticated,emptyanswer,emptyanswer,emptyanswer,emptyanswer,emptyanswer,emptyanswer,emptyanswer,emptyanswer,emptyanswer
33QQ60S6ARHSQ8R28P5T28HOSIWU0G,3FE7TXL1LIMAH9KTW5U40E90F74Q2G,A3I10J1GPDAPQR,Approved,Thu Mar 05 08:59:02 EST 2015,Thu Mar 05 09:00:52 EST 2015,Privacy in Electronic Commerce,Economics of Immediate Gratification,Dichotomies,psychological distortions,risks,emptyanswer,emptyanswer,emptyanswer,emptyanswer,emptyanswer,emptyanswer,emptyanswer,emptyanswer,emptyanswer,emptyanswer,emptyanswer
33QQ60S6ARHSQ8R28P5T28HOSIWU0G,3RSDURM96ALBLRNVGZ6ZF1LRBJGEYE,A1YLO4LT02D2F0,Approved,Thu Mar 05 11:29:20 EST 2015,Thu Mar 05 11:29:54 EST 2015,Dichotomies between privacy attitudes,iterature but not yet fully,apply lessons from the research,economics to understand,individuals perceive the risks,emptyanswer,emptyanswer,emptyanswer,emptyanswer,emptyanswer,emptyanswer,emptyanswer,emptyanswer,emptyanswer,emptyanswer,emptyanswer
33QQ60S6ARHSQ8R28P5T28HOSIWU0G,36WLNQG78Z9F8JUK67SF7QNQQA1EB2,A1QUDNLO95AKS5,Approved,Thu Mar 05 12:13:17 EST 2015,Thu Mar 05 12:13:45 EST 2015,Privacy in Electronic Commerce,Economics of Immediate Gratification,attitudes and behavior,literature,unrealistic,emptyanswer,emptyanswer,emptyanswer,emptyanswer,emptyanswer,emptyanswer,emptyanswer,emptyanswer,emptyanswer,emptyanswer,emptyanswer
33QQ60S6ARHSQ8R28P5T28HOSIWU0G,3JAOYWH7VI3AQWPFP91NTFIKB77L9U,A3DHYTZ1GPN0T8,Approved,Thu Mar 05 13:27:08 EST 2015,Thu Mar 05 13:27:45 EST 2015,Dichotomies,privacy attitudes,decision making process,documented,sophisticated,emptyanswer,emptyanswer,emptyanswer,emptyanswer,emptyanswer,emptyanswer,emptyanswer,emptyanswer,emptyanswer,emptyanswer,emptyanswer
33QQ60S6ARHSQ8R28P5T28HOSIWU0G,320DUZ38G7LJAGON0UVK5HRFBWAJGW,A2SDTL2V8VJ25O,Approved,Thu Mar 05 15:46:58 EST 2015,Thu Mar 05 15:48:03 EST 2015,Privacy,Electronic Commerce,Economics of Immediate Gratification,Dichotomies,genuinely,emptyanswer,emptyanswer,emptyanswer,emptyanswer,emptyanswer,emptyanswer,emptyanswer,emptyanswer,emptyanswer,emptyanswer,emptyanswer
33QQ60S6ARHSQ8R28P5T28HOSIWU0G,3DY4FPOOA1NJQ1XVXU3F79GG8SGRV9,ADUJUZANFOWKW,Approved,Thu Mar 05 19:07:16 EST 2015,Thu Mar 05 19:08:06 EST 2015,privacy,commerce,economics,distortions,risks,emptyanswer,emptyanswer,emptyanswer,emptyanswer,emptyanswer,emptyanswer,emptyanswer,emptyanswer,emptyanswer,emptyanswer,emptyanswer
33QQ60S6ARHSQ8R28P5T28HOSIWU0G,3R3YRB5GRF2RE5MEQT7OGXPNUJGUAG,A156E6TWVB7GP7,Approved,Fri Mar 06 00:53:12 EST 2015,Fri Mar 06 00:54:18 EST 2015,Dichotomies,unrealistic,psychological distortions,behavioral,naive and sophisicated,emptyanswer,emptyanswer,emptyanswer,emptyanswer,emptyanswer,emptyanswer,emptyanswer,emptyanswer,emptyanswer,emptyanswer,emptyanswer
33QQ60S6ARHSQ8R28P5T28HOSIWU0G,3FTF2T8WLRHQ1Q1ETN8P2QZ09IFW9A,A9LA6QK6VCERR,Approved,Fri Mar 06 01:26:42 EST 2015,Fri Mar 06 01:28:21 EST 2015,Privacy in Electronic Commerce,Economics of Immediate Gratification,behavioral economics,protecting privacy,privacy attitudes and behavior,emptyanswer,emptyanswer,emptyanswer,emptyanswer,emptyanswer,emptyanswer,emptyanswer,emptyanswer,emptyanswer,emptyanswer,emptyanswer
33QQ60S6ARHSQ8R28P5T28HOSIWU0G,3E1QT0TDFP88MQYZZEYW13VHA2X8IQ,AQXSUU4I4DAH8,Approved,Fri Mar 06 10:48:07 EST 2015,Fri Mar 06 10:48:58 EST 2015,Economics of Immediate Gratification,expectindividual rationality,Privacy in Electronic Commerce,psychological distortions,behavioral literature,emptyanswer,emptyanswer,emptyanswer,emptyanswer,emptyanswer,emptyanswer,emptyanswer,emptyanswer,emptyanswer,emptyanswer,emptyanswer
33QQ60S6ARHSQ8R28P5T28HOSIWU0G,3W2LOLRXLBE5AQ3JYQP8505ZSZZRKN,A1A7P5LC80G47W,Approved,Fri Mar 06 15:08:04 EST 2015,Fri Mar 06 15:09:41 EST 2015,economics of immediate gratification,privacy in electronic commerce,behavioral economics,self-control,psychological distortions,emptyanswer,emptyanswer,emptyanswer,emptyanswer,emptyanswer,emptyanswer,emptyanswer,emptyanswer,emptyanswer,emptyanswer,emptyanswer
33QQ60S6ARHSQ8R28P5T28HOSIWU0G,3QEMNNSB2XYNE1DUXV5FW6J97G17DO,APEB5ERGCYP6D,Approved,Sat Mar 07 07:15:28 EST 2015,Sat Mar 07 08:02:48 EST 2015,Dichotomies between privacy attitudes,We apply lessons from the research on behavioral economics,unrealistic to expectindividual rationality in this context,more realistic descriptions of the decision process,risks from not protecting their privacy as significant,emptyanswer,emptyanswer,emptyanswer,emptyanswer,emptyanswer,emptyanswer,emptyanswer,emptyanswer,emptyanswer,emptyanswer,emptyanswer
33QQ60S6ARHSQ8R28P5T28HOSIWU0G,3F0BG9B9MPMQCC8LTRST9RTAP4CY7S,AA3V5BYE3MSQW,Approved,Sat Mar 07 09:33:38 EST 2015,Sat Mar 07 09:35:43 EST 2015,privacy attitudes and behavior,behavioral economics,individual decision making process,electronic commerce,self-control problems,decision process,psychological distortions,emptyanswer,emptyanswer,emptyanswer,emptyanswer,emptyanswer,emptyanswer,emptyanswer,emptyanswer,emptyanswer
33QQ60S6ARHSQ8R28P5T28HOSIWU0G,3SPJ0334212JW79NU0HQCHYJGZEJYM,AWQK8QA93VLW9,Approved,Sat Mar 07 10:37:39 EST 2015,Sat Mar 07 10:38:39 EST 2015,Privacy,Electronic Commerce,Economics of Immediate Gratification,behavioral economics,risks,emptyanswer,emptyanswer,emptyanswer,emptyanswer,emptyanswer,emptyanswer,emptyanswer,emptyanswer,emptyanswer,emptyanswer,emptyanswer
33QQ60S6ARHSQ8R28P5T28HOSIWU0G,3OS46CRSLFYQ4IZB560HWEPKCCUV6L,A3K6BSW10S4YKJ,Approved,Sat Mar 07 11:39:34 EST 2015,Sat Mar 07 11:41:15 EST 2015,Dichotomies,behavioral economics,electronic commerce,psychological distortions,Immediate Gratification,emptyanswer,emptyanswer,emptyanswer,emptyanswer,emptyanswer,emptyanswer,emptyanswer,emptyanswer,emptyanswer,emptyanswer,emptyanswer
33QQ60S6ARHSQ8R28P5T28HOSIWU0G,3R08VXYT7CUMN7DLEQA5OU8UEWMW71,A37WDQ1VG5XN6Z,Approved,Sat Mar 07 13:42:03 EST 2015,Sat Mar 07 13:42:11 EST 2015,nothing,nothing,nothing,nothing,nothing,emptyanswer,emptyanswer,emptyanswer,emptyanswer,emptyanswer,emptyanswer,emptyanswer,emptyanswer,emptyanswer,emptyanswer,emptyanswer
33QQ60S6ARHSQ8R28P5T28HOSIWU0G,3H0W84IWBK12OQB924E575SU84BER2,A28IXE702NXWKQ,Approved,Sat Mar 07 13:58:24 EST 2015,Sat Mar 07 13:59:33 EST 2015,Dichotomies,electronic commerce,currently available,psychological,significant,emptyanswer,emptyanswer,emptyanswer,emptyanswer,emptyanswer,emptyanswer,emptyanswer,emptyanswer,emptyanswer,emptyanswer,emptyanswer
33QQ60S6ARHSQ8R28P5T28HOSIWU0G,3E337GFOL97FT6F8FSNCYO8WKPINGP,A1JWEYGDFDB100,Approved,Sun Mar 08 09:44:54 EDT 2015,Sun Mar 08 09:46:06 EDT 2015,Privacy,Electronic Commerce,Economics of Immediate Gratification,behavioral economics,self-control problems,emptyanswer,emptyanswer,emptyanswer,emptyanswer,emptyanswer,emptyanswer,emptyanswer,emptyanswer,emptyanswer,emptyanswer,emptyanswer
33QQ60S6ARHSQ8R28P5T28HOSIWU0G,3CFVK00FWLKN8DNHR2YB95RILGK6L9,A38IE69ORDCEGY,Approved,Sun Mar 08 12:38:42 EDT 2015,Sun Mar 08 12:40:42 EDT 2015,Electronic commerce privacy,immediate gratification,behavioral economics,privacy protection,decision making process,emptyanswer,emptyanswer,emptyanswer,emptyanswer,emptyanswer,emptyanswer,emptyanswer,emptyanswer,emptyanswer,emptyanswer,emptyanswer
33QQ60S6ARHSQ8R28P5T28HOSIWU0G,34S9DKFK73OFFX089Y9I5OF0PLGYN6,ANB69EQROUTQJ,Approved,Sun Mar 08 14:02:38 EDT 2015,Sun Mar 08 14:03:57 EDT 2015,privacy,electronic commerce,immediate gratification,behavioral economics research,individual decision making process,protecting privacy,emptyanswer,emptyanswer,emptyanswer,emptyanswer,emptyanswer,emptyanswer,emptyanswer,emptyanswer,emptyanswer,emptyanswer
33QQ60S6ARHSQ8R28P5T28HOSIWU0G,3ZGVPD4G6TGDF0FX2GXDSUUUKX8TZV,A3G4SXD4N30C3L,Approved,Sun Mar 08 15:28:34 EDT 2015,Sun Mar 08 15:29:20 EDT 2015,Privacy in Electronic Commerce,Immediate Gratification,privacy attitudes,behavioral economics,self-control problems,emptyanswer,emptyanswer,emptyanswer,emptyanswer,emptyanswer,emptyanswer,emptyanswer,emptyanswer,emptyanswer,emptyanswer,emptyanswer
33QQ60S6ARHSQ8R28P5T28HOSIWU0G,36PW28KO4ZVAP9PS0TSJCF3K82IEAT,A156NFBMKKLDL9,Approved,Sun Mar 08 17:01:37 EDT 2015,Sun Mar 08 17:02:37 EDT 2015,Privacy in Electronic Commerce,Economics of Immediate Gratification,behavioral economics,decision process,psychological distortions,emptyanswer,emptyanswer,emptyanswer,emptyanswer,emptyanswer,emptyanswer,emptyanswer,emptyanswer,emptyanswer,emptyanswer,emptyanswer
33QQ60S6ARHSQ8R28P5T28HOSIWU0G,3OLF68YTN902VNPOV4CPUXOKK3YAF8,A2GBY8O6GYSB89,Approved,Sun Mar 08 18:25:39 EDT 2015,Sun Mar 08 18:26:58 EDT 2015,Privacy in Electronic Commerce,Economics of Immediate Gratification,psychological distortions,privacy,expectindividual rationality,emptyanswer,emptyanswer,emptyanswer,emptyanswer,emptyanswer,emptyanswer,emptyanswer,emptyanswer,emptyanswer,emptyanswer,emptyanswer
33QQ60S6ARHSQ8R28P5T28HOSIWU0G,35L9RVQFCOH6OSUSWZHGXJCR7NCUHF,A2SZAM3EZER2PH,Approved,Mon Mar 09 06:20:23 EDT 2015,Mon Mar 09 06:21:09 EDT 2015,privacy attitudes,apply lessons,decision process,currently available data,significant,emptyanswer,emptyanswer,emptyanswer,emptyanswer,emptyanswer,emptyanswer,emptyanswer,emptyanswer,emptyanswer,emptyanswer,emptyanswer
33QQ60S6ARHSQ8R28P5T28HOSIWU0G,3OB0CAO74HON51EX60E504I43B0YHU,A17JEL4FN1B9TB,Approved,Mon Mar 09 12:03:15 EDT 2015,Mon Mar 09 12:04:00 EDT 2015,Privacy,Electronic,Commerce,Economics,Immediate,Gratification,emptyanswer,emptyanswer,emptyanswer,emptyanswer,emptyanswer,emptyanswer,emptyanswer,emptyanswer,emptyanswer,emptyanswer
33QQ60S6ARHSQ8R28P5T28HOSIWU0G,336YQZE83VDBVR5OMVPLHCS7PS85M7,ACYGMRGAZ22U7,Approved,Mon Mar 09 17:49:38 EDT 2015,Mon Mar 09 17:49:44 EDT 2015,Keyword/Keyphrase 1:,Keyword/Keyphrase 1:,Keyword/Keyphrase 1:,Keyword/Keyphrase 1:,Keyword/Keyphrase 1:,emptyanswer,emptyanswer,emptyanswer,emptyanswer,emptyanswer,emptyanswer,emptyanswer,emptyanswer,emptyanswer,emptyanswer,emptyanswer
33QQ60S6ARHSQ8R28P5T28HOSIWU0G,3T111IHZ5EPLTUKSUTYJFRRJHDGR92,AW36CVMS3526O,Approved,Tue Mar 10 11:27:22 EDT 2015,Tue Mar 10 11:28:18 EDT 2015,Dichotomies,literature,economics,electronic,psychological,emptyanswer,emptyanswer,emptyanswer,emptyanswer,emptyanswer,emptyanswer,emptyanswer,emptyanswer,emptyanswer,emptyanswer,emptyanswer
33QQ60S6ARHSQ8R28P5T28HOSIWU0G,3BDCF01OGXTPRXXNXLT3SWBBKVDYLB,A3UY2GVCKC8LSL,Approved,Tue Mar 10 23:40:54 EDT 2015,Tue Mar 10 23:41:51 EDT 2015,naive,privacy attitudes,Electronic Commerce,Dichotomies,Immediate Gratification,emptyanswer,emptyanswer,emptyanswer,emptyanswer,emptyanswer,emptyanswer,emptyanswer,emptyanswer,emptyanswer,emptyanswer,emptyanswer
33QQ60S6ARHSQ8R28P5T28HOSIWU0G,3N2BF7Y2VQTNBKPJNXQU69VXU44HMB,ATRHDYWCIYTDJ,Approved,Wed Mar 11 04:47:28 EDT 2015,Wed Mar 11 04:47:42 EDT 2015,between,behavior,literature,individuals,risks,emptyanswer,emptyanswer,emptyanswer,emptyanswer,emptyanswer,emptyanswer,emptyanswer,emptyanswer,emptyanswer,emptyanswer,emptyanswer
33QQ60S6ARHSQ8R28P5T28HOSIWU0G,3VHHR074H3G6CD1MAC33FJREGWL7L0,A3HPVFAF1U9WXK,Approved,Wed Mar 11 05:25:22 EDT 2015,Wed Mar 11 05:25:59 EDT 2015,Electronic Commerce,Privacy,Immediate Gratification,Economics,behavior,emptyanswer,emptyanswer,emptyanswer,emptyanswer,emptyanswer,emptyanswer,emptyanswer,emptyanswer,emptyanswer,emptyanswer,emptyanswer
33QQ60S6ARHSQ8R28P5T28HOSIWU0G,3COPXFW7XBBKYDN4LYLJ055KRRQPKS,A3CMDYA9USA3MR,Approved,Wed Mar 11 07:45:38 EDT 2015,Wed Mar 11 07:46:28 EDT 2015,privacy,attitudes,literature,lessons,prove,emptyanswer,emptyanswer,emptyanswer,emptyanswer,emptyanswer,emptyanswer,emptyanswer,emptyanswer,emptyanswer,emptyanswer,emptyanswer
33QQ60S6ARHSQ8R28P5T28HOSIWU0G,3RXCAC0YIROUQZS49QYTGRI1V0P8G4,A2E2IQ99W6B7AV,Approved,Wed Mar 11 16:03:09 EDT 2015,Wed Mar 11 16:04:51 EDT 2015,Electronic Commerce,Immediate gratification,Individuals,Psychological distortions,Decision process,emptyanswer,emptyanswer,emptyanswer,emptyanswer,emptyanswer,emptyanswer,emptyanswer,emptyanswer,emptyanswer,emptyanswer,emptyanswer
33QQ60S6ARHSQ8R28P5T28HOSIWU0G,3WLEIWSYHOGX4GLQDF7AR0HZO0RH2Q,A2UNRV6PEOEXG0,Approved,Wed Mar 11 23:18:55 EDT 2015,Wed Mar 11 23:19:43 EDT 2015,Privacy,self control,electronic commerce,protection,behavioral economics,emptyanswer,emptyanswer,emptyanswer,emptyanswer,emptyanswer,emptyanswer,emptyanswer,emptyanswer,emptyanswer,emptyanswer,emptyanswer
33QQ60S6ARHSQ8R28P5T28HOSIWU0G,3S0TNUHWKTHREFID70XLA6F4J9ND8G,A2KS418T8MPLJH,Approved,Thu Mar 12 12:05:09 EDT 2015,Thu Mar 12 12:06:24 EDT 2015,Dichotomies between privacy attitudes and behavior have been noted in the literature but not yet fully explained.,We apply lessons from the research on behavioral economics to understand the individual decision making process with respect to privacy in electronic commerce. We show that it is unrealistic to expectindividual rationality in this context.,Models of self-control problems and immediate gratification offer more realistic descriptions of the decision process and are more consistent with currently available data.,"In particular, we show why individuals who may genuinely want to protect their privacy might not do so because of psychological distortions well documented in the behavioral literature;",we show that these distortions may affect not only 'naive' individuals but also 'sophisticated' ones; and we prove that this may occur also when individuals perceive the risks from not protecting their privacy as significant.,emptyanswer,emptyanswer,emptyanswer,emptyanswer,emptyanswer,emptyanswer,emptyanswer,emptyanswer,emptyanswer,emptyanswer,emptyanswer
33QQ60S6ARHSQ8R28P5T28HOSIWU0G,3JBT3HLQF81FN8MQLZOTNKTXW1XPZB,AM1HY736BY3Z8,Approved,Thu Mar 12 12:44:52 EDT 2015,Thu Mar 12 12:46:08 EDT 2015,Privacy in Electronic Commerce and the Economics of Immediate Gratification,Dichotomies between privacy attitudes and behavior have been noted in the literature but not yet fully explained.,We apply lessons from the research on behavioral economics to understand the individual decision making process with respect to privacy in electronic commerce.,Models of self-control problems and immediate gratification offer more realistic descriptions of the decision process and are more consistent with currently available data.,we prove that this may occur also when individuals perceive the risks from not protecting their privacy as significant.,emptyanswer,emptyanswer,emptyanswer,emptyanswer,emptyanswer,emptyanswer,emptyanswer,emptyanswer,emptyanswer,emptyanswer,emptyanswer
33QQ60S6ARHSQ8R28P5T28HOSIWU0G,35K3O9HUABC5L060B9EBQGEB6P4FEV,AU3WQKISBW5MZ,Approved,Thu Mar 12 14:17:12 EDT 2015,Thu Mar 12 14:17:45 EDT 2015,Dichotomies between privacy attitudes and behavior have been noted in the literature but not yet fully explained.,"We apply lessons from the research on behavioral economics to understand the individual decision making process with respect to privacy in electronic commerce. We show that it is unrealistic to expectindividual rationality in this context. Models of self-control problems and immediate gratification offer more realistic descriptions of the decision process and are more consistent with currently available data. In particular,","In particular, we show why individuals who may genuinely want to protect their privacy might not do so because of psychological distortions well documented in the behavioral literature; we show that these distortions may affect not only 'naive' individuals but also 'sophisticated' ones; and we prove that this may occur also when individuals perceive the risks from not protecting their privacy as significant.","In particular, we show why individuals who may genuinely want to protect their privacy might not do so because of psychological distortions well documented in the behavioral literature; we show that these distortions may affect not only 'naive' individuals but also 'sophisticated' ones; and we prove that this may occur also when individuals perceive the risks from not protecting their privacy as significant.","In particular, we show why individuals who may genuinely want to protect their privacy might not do so because of psychological distortions well documented in the behavioral literature; we show that these distortions may affect not only 'naive' individuals but also 'sophisticated' ones; and we prove that this may occur also when individuals perceive the risks from not protecting their privacy as significant.",emptyanswer,emptyanswer,emptyanswer,emptyanswer,emptyanswer,emptyanswer,emptyanswer,emptyanswer,emptyanswer,emptyanswer,emptyanswer
33QQ60S6ARHSQ8R28P5T28HOSIWU0G,31EUONYN2V2GTO5F52MBDEBBYM0VO7,A3MRB8TFD1IUS6,Approved,Thu Mar 12 15:05:55 EDT 2015,Thu Mar 12 15:07:27 EDT 2015,Privacy,Electronic Commerce,Economics of Immediate Gratification,Psychological distortions,behavioral economics,decision making,electronic commerce,emptyanswer,emptyanswer,emptyanswer,emptyanswer,emptyanswer,emptyanswer,emptyanswer,emptyanswer,emptyanswer
33QQ60S6ARHSQ8R28P5T28HOSIWU0G,32AT8R96GL8VE1887TTF1XJTH66SUS,A3DTN2OMF6DUSI,Approved,Fri Mar 13 22:53:48 EDT 2015,Fri Mar 13 22:54:37 EDT 2015,Electronic,Commerce,Economics,Gratification,individuals,emptyanswer,emptyanswer,emptyanswer,emptyanswer,emptyanswer,emptyanswer,emptyanswer,emptyanswer,emptyanswer,emptyanswer,emptyanswer
33QQ60S6ARHSQ8R28P5T28HOSIWU0G,3CFJTT4SXTP4MCTGP96QN3ZM0ZBI7W,A610SH5RY1NG1,Approved,Sat Mar 14 07:26:19 EDT 2015,Sat Mar 14 07:36:48 EDT 2015,Privacy,Electronic,Commerce,Economics,Immediate,emptyanswer,emptyanswer,emptyanswer,emptyanswer,emptyanswer,emptyanswer,emptyanswer,emptyanswer,emptyanswer,emptyanswer,emptyanswer
33QQ60S6ARHSQ8R28P5T28HOSIWU0G,32SVAV9L3F87FB9VB9BNTOZNIP0A3V,A2Z9HR2IBD75R9,Approved,Sat Mar 14 10:02:53 EDT 2015,Sat Mar 14 10:03:05 EDT 2015,Electronic,Commerce,Economics,Gratification,individuals,emptyanswer,emptyanswer,emptyanswer,emptyanswer,emptyanswer,emptyanswer,emptyanswer,emptyanswer,emptyanswer,emptyanswer,emptyanswer
33QQ60S6ARHSQ8R28P5T28HOSIWU0G,34HJIJKLP5VCPVVXMI72ZG56H0R4V7,AH3ER3EJXHRO2,Approved,Sat Mar 14 16:34:30 EDT 2015,Sat Mar 14 16:34:56 EDT 2015,privacy,electronic commerce,immediate gratification,economics,decision making,emptyanswer,emptyanswer,emptyanswer,emptyanswer,emptyanswer,emptyanswer,emptyanswer,emptyanswer,emptyanswer,emptyanswer,emptyanswer
33QQ60S6ARHSQ8R28P5T28HOSIWU0G,3MAOD8E57Q9QFSAY42NGMA8ROSUNXO,A1BV5YY1UQCMZY,Approved,Sat Mar 14 16:37:18 EDT 2015,Sat Mar 14 16:38:02 EDT 2015,privacy,immediate gratification,e-commerce,behavioral economics,distortions,emptyanswer,emptyanswer,emptyanswer,emptyanswer,emptyanswer,emptyanswer,emptyanswer,emptyanswer,emptyanswer,emptyanswer,emptyanswer
33QQ60S6ARHSQ8R28P5T28HOSIWU0G,382M9COHEHEU4I3Q6Y9ACGFEGIFEU1,A1HDFKT3ZGK25P,Approved,Sat Mar 14 17:45:41 EDT 2015,Sat Mar 14 17:47:14 EDT 2015,Economics,Privacy attitudes,Electronic Commerce,Gratification,self-control problems,decision process,protect,psychological distortions,emptyanswer,emptyanswer,emptyanswer,emptyanswer,emptyanswer,emptyanswer,emptyanswer,emptyanswer
33QQ60S6ARHSQ8R28P5T28HOSIWU0G,3LWJHTCVCCLUI3W5K09BKX3PPYSQFU,A3LV5FJGIHFQ94,Approved,Sat Mar 14 19:39:32 EDT 2015,Sat Mar 14 19:41:53 EDT 2015,privacy,commerce,individual,protection,realistic,distortion,emptyanswer,emptyanswer,emptyanswer,emptyanswer,emptyanswer,emptyanswer,emptyanswer,emptyanswer,emptyanswer,emptyanswer
33QQ60S6ARHSQ8R28P5T28HOSIWU0G,39O5D9O87TRV8Q6TVN7EZJPBIUOC36,A2I4DDHMIT7HX,Approved,Sat Mar 14 20:04:40 EDT 2015,Sat Mar 14 20:06:04 EDT 2015,privacy attitudes,behavioral economics,immediate gratification,individual decision making processes,psychological distortions,emptyanswer,emptyanswer,emptyanswer,emptyanswer,emptyanswer,emptyanswer,emptyanswer,emptyanswer,emptyanswer,emptyanswer,emptyanswer
33QQ60S6ARHSQ8R28P5T28HOSIWU0G,3ZPPDN2SLVVWKQFN8NEJGKS03YC9EE,A1G94QON7A9K0N,Approved,Sat Mar 14 20:11:41 EDT 2015,Sat Mar 14 20:12:04 EDT 2015,dichotomies,process,data,individuals,risks,emptyanswer,emptyanswer,emptyanswer,emptyanswer,emptyanswer,emptyanswer,emptyanswer,emptyanswer,emptyanswer,emptyanswer,emptyanswer
33QQ60S6ARHSQ8R28P5T28HOSIWU0G,3ZWFC4W1UU6UU4B5XFYBPNDULLVFRN,A29ZV4XJB7R1O,Approved,Sat Mar 14 19:58:05 EDT 2015,Sat Mar 14 20:21:55 EDT 2015,Privacy,Electronic Commerce,Economics,Immediate Gratification,attitudes and behavior,emptyanswer,emptyanswer,emptyanswer,emptyanswer,emptyanswer,emptyanswer,emptyanswer,emptyanswer,emptyanswer,emptyanswer,emptyanswer
33QQ60S6ARHSQ8R28P5T28HOSIWU0G,317HQ483I7RTPXL35GNFJ0LC0G3INY,ACVJ6IUO9QM4R,Approved,Sat Mar 14 20:40:00 EDT 2015,Sat Mar 14 20:40:57 EDT 2015,privacy attitudes and behavior,Models of self-control problems and immediate gratification,behavioral literature,Electronic commerce,'naive' individuals but also 'sophisticated' ones,emptyanswer,emptyanswer,emptyanswer,emptyanswer,emptyanswer,emptyanswer,emptyanswer,emptyanswer,emptyanswer,emptyanswer,emptyanswer
33QQ60S6ARHSQ8R28P5T28HOSIWU0G,3IXEICO792IBRQVM0B02VW1ZG706TZ,ATOMPVWZKAE0E,Approved,Sat Mar 14 21:35:48 EDT 2015,Sat Mar 14 21:37:33 EDT 2015,Electronic Commerce,behavioral economic,self-control,psychological distortion,privacy attitudes and behavior,emptyanswer,emptyanswer,emptyanswer,emptyanswer,emptyanswer,emptyanswer,emptyanswer,emptyanswer,emptyanswer,emptyanswer,emptyanswer
33QQ60S6ARHSQ8R28P5T28HOSIWU0G,3ON104KXQKVP4KV2CSCYLIOKOAD4W3,A9VLWY4KW6OCB,Approved,Sat Mar 14 21:45:42 EDT 2015,Sat Mar 14 22:10:31 EDT 2015,Privacy,Electronic,Commerce,Economics,Gratification,emptyanswer,emptyanswer,emptyanswer,emptyanswer,emptyanswer,emptyanswer,emptyanswer,emptyanswer,emptyanswer,emptyanswer,emptyanswer
