HitId,AssignmentId,WorkerId,Status,AcceptTime,SubmitTime,Answer 1,Answer 2,Answer 3,Answer 4,Answer 5,Answer 6,Answer 7,Answer 8,Answer 9,Answer 10,Answer 11,Answer 12,Answer 13,Answer 14,Answer 15,Answer 16
33TGB4G0LOGLNLIOBW4Q6QIXJBATXJ,3CFVK00FWLKN8DNHR2YB95RIL046LX,A22R7DT2XQIKXV,Approved,Mon Mar 02 14:01:35 EST 2015,Mon Mar 02 14:01:49 EST 2015,aa,aa,aa,aa,aa,emptyanswer,emptyanswer,emptyanswer,emptyanswer,emptyanswer,emptyanswer,emptyanswer,emptyanswer,emptyanswer,emptyanswer,emptyanswer
33TGB4G0LOGLNLIOBW4Q6QIXJBATXJ,340UGXU9DY0B6TPC1OYKCK30FKXVUG,A3ODG942FG22PJ,Approved,Mon Mar 02 17:45:26 EST 2015,Mon Mar 02 17:45:49 EST 2015,Cheating,Sealed-Bid,Auctions,security,seller,na,na,na,na,na,na,na,na,na,na,na
33TGB4G0LOGLNLIOBW4Q6QIXJBATXJ,3SLE99ER0NCDJELG2U6SS0O8EAYZB5,A3FG9YWTFFK1AU,Approved,Mon Mar 02 18:47:41 EST 2015,Mon Mar 02 19:05:53 EST 2015,Cheating,Sealed-Bid Auctions,online auctions,security,overbidding,first-price auction,emptyanswer,emptyanswer,emptyanswer,emptyanswer,emptyanswer,emptyanswer,emptyanswer,emptyanswer,emptyanswer,emptyanswer
33TGB4G0LOGLNLIOBW4Q6QIXJBATXJ,3BXQMRHWKZXSG6V3NWXTPOKNORYMU3,A26M2B8NZVKWTZ,Approved,Mon Mar 02 21:22:10 EST 2015,Mon Mar 02 21:23:26 EST 2015,Auctions,price,winning,bidder,Sealed-Bid,emptyanswer,emptyanswer,emptyanswer,emptyanswer,emptyanswer,emptyanswer,emptyanswer,emptyanswer,emptyanswer,emptyanswer,emptyanswer
33TGB4G0LOGLNLIOBW4Q6QIXJBATXJ,39LOEL67OS4TWNGGEBR9XXTSR9R38Q,A2R085B34P2LYS,Approved,Mon Mar 02 21:54:29 EST 2015,Mon Mar 02 22:00:13 EST 2015,Cheating,Sealed,Bid,Auctions,online,optional,optional,optional,optional,optional,optional,optional,optional,optional,optional,optional
33TGB4G0LOGLNLIOBW4Q6QIXJBATXJ,3X0H8UUIT1N865XD2T8GJL4Q1WTWSQ,A27I79P03I0ZPO,Approved,Mon Mar 02 22:37:06 EST 2015,Mon Mar 02 22:37:48 EST 2015,Cheating,Sealed-Bid,Auctions,first-price,counterintuitive,emptyanswer,emptyanswer,emptyanswer,emptyanswer,emptyanswer,emptyanswer,emptyanswer,emptyanswer,emptyanswer,emptyanswer,emptyanswer
33TGB4G0LOGLNLIOBW4Q6QIXJBATXJ,3KIBXJ1WD5T2DDB36Y84B50UH10OKA,A1B5NXRZQYRC4R,Approved,Tue Mar 03 06:20:25 EST 2015,Tue Mar 03 06:21:45 EST 2015,Cheating,Sealed-Bid,Auctions,Motivated,provide insights,emptyanswer,emptyanswer,emptyanswer,emptyanswer,emptyanswer,emptyanswer,emptyanswer,emptyanswer,emptyanswer,emptyanswer,emptyanswer
33TGB4G0LOGLNLIOBW4Q6QIXJBATXJ,3M0NZ3JDP1XBUY471KFFPEOG4FG5ZG,A19HCBT1EH8484,Approved,Tue Mar 03 09:09:17 EST 2015,Tue Mar 03 09:19:50 EST 2015,auctions,cheating,auction,aware,auctions,NA,NA,NA,NA,NA,NA,NA,NA,NA,NA,NA
33TGB4G0LOGLNLIOBW4Q6QIXJBATXJ,338JKRMM26YM9JGUQU0PXI0X033HAB,A1LQZW7ROEUUJ9,Approved,Tue Mar 03 10:59:05 EST 2015,Tue Mar 03 11:01:04 EST 2015,Sealed-Bid,Cheating,security,fake bid,Auctions,emptyanswer,emptyanswer,emptyanswer,emptyanswer,emptyanswer,emptyanswer,emptyanswer,emptyanswer,emptyanswer,emptyanswer,emptyanswer
33TGB4G0LOGLNLIOBW4Q6QIXJBATXJ,37UEWGM5HT734PHXQGJQ0L90JI11RA,A3S81UFDOWF2ST,Approved,Tue Mar 03 12:30:53 EST 2015,Tue Mar 03 12:32:35 EST 2015,Cheating,Sealed-Bid Auctions,Online auctions,Lack of security,Bidding,emptyanswer,emptyanswer,emptyanswer,emptyanswer,emptyanswer,emptyanswer,emptyanswer,emptyanswer,emptyanswer,emptyanswer,emptyanswer
33TGB4G0LOGLNLIOBW4Q6QIXJBATXJ,3YGXWBAF70GGQMPXV1CX9OHHV1HC41,A9HQ3E0F2AGVO,Approved,Tue Mar 03 16:35:12 EST 2015,Tue Mar 03 16:36:11 EST 2015,Cheating,Sealed-Bid Auctions,bids,equilibrium strategies,overbidding,emptyanswer,emptyanswer,emptyanswer,emptyanswer,emptyanswer,emptyanswer,emptyanswer,emptyanswer,emptyanswer,emptyanswer,emptyanswer
33TGB4G0LOGLNLIOBW4Q6QIXJBATXJ,358010RM5ES3NXJ76T97WR2494YVXW,A9LA6QK6VCERR,Approved,Wed Mar 04 00:50:41 EST 2015,Wed Mar 04 00:52:33 EST 2015,cheating in sealed-bid auctions,fake bid,overbidding in a first-price auction,online auctions,competing bids,emptyanswer,emptyanswer,emptyanswer,emptyanswer,emptyanswer,emptyanswer,emptyanswer,emptyanswer,emptyanswer,emptyanswer,emptyanswer
33TGB4G0LOGLNLIOBW4Q6QIXJBATXJ,3TR2532VIPTHDNZHOHMYTQEQHDX6JX,A3HPVFAF1U9WXK,Approved,Wed Mar 04 01:40:26 EST 2015,Wed Mar 04 01:41:05 EST 2015,Cheating,Sealed-Bid Auctions,security,overbidding,bids,emptyanswer,emptyanswer,emptyanswer,emptyanswer,emptyanswer,emptyanswer,emptyanswer,emptyanswer,emptyanswer,emptyanswer,emptyanswer
33TGB4G0LOGLNLIOBW4Q6QIXJBATXJ,3FE7TXL1LIMAH9KTW5U40E90F4DQ2J,A3FFZN4FO3Q789,Approved,Wed Mar 04 11:01:18 EST 2015,Wed Mar 04 11:04:18 EST 2015,preliminary,preliminary,preliminary,preliminary,preliminary,emptyanswer,emptyanswer,emptyanswer,emptyanswer,emptyanswer,emptyanswer,emptyanswer,emptyanswer,emptyanswer,emptyanswer,emptyanswer
33TGB4G0LOGLNLIOBW4Q6QIXJBATXJ,38JBBYETQO9VNK9BRSISZCHKGFRE4X,A3H35QRODK1C4K,Approved,Wed Mar 04 12:30:24 EST 2015,Wed Mar 04 12:30:51 EST 2015,cheating,sealed-bid,auctions,motivated,absence,emptyanswer,emptyanswer,emptyanswer,emptyanswer,emptyanswer,emptyanswer,emptyanswer,emptyanswer,emptyanswer,emptyanswer,emptyanswer
33TGB4G0LOGLNLIOBW4Q6QIXJBATXJ,3XLBSAQ9Z4BQH2IQPDUCNY2CVO0Z7K,A2F6ZON8X5EAGL,Approved,Wed Mar 04 15:23:42 EST 2015,Wed Mar 04 15:24:36 EST 2015,On Cheating in Sealed-Bid Auctions,security,bids,bidder,auction,emptyanswer,emptyanswer,emptyanswer,emptyanswer,emptyanswer,emptyanswer,emptyanswer,emptyanswer,emptyanswer,emptyanswer,emptyanswer
33TGB4G0LOGLNLIOBW4Q6QIXJBATXJ,3VE8AYVF8MWOCZW9Y6SBY6IPU3RF8E,A3OTLWGJFB65KD,Approved,Wed Mar 04 19:27:48 EST 2015,Wed Mar 04 19:27:54 EST 2015,nothing,nothing,nothing,nothing,nothing,emptyanswer,emptyanswer,emptyanswer,emptyanswer,emptyanswer,emptyanswer,emptyanswer,emptyanswer,emptyanswer,emptyanswer,emptyanswer
33TGB4G0LOGLNLIOBW4Q6QIXJBATXJ,35L9RVQFCOH6OSUSWZHGXJCR7AJUHW,A3LUJSAN4DQ1ZT,Approved,Wed Mar 04 23:33:47 EST 2015,Wed Mar 04 23:34:46 EST 2015,cheating,sealed-bid auctions,online auctions,spies,second-price,fake bid,counterintuitive,overbidding,first-price,emptyanswer,emptyanswer,emptyanswer,emptyanswer,emptyanswer,emptyanswer,emptyanswer
33TGB4G0LOGLNLIOBW4Q6QIXJBATXJ,3WT783CTPBG0BLA6AGMKH2NN5XMBC2,A1YLO4LT02D2F0,Approved,Thu Mar 05 02:29:07 EST 2015,Thu Mar 05 02:30:11 EST 2015,the rise of online auctions and their relative lack,The first type of cheating we consider occurs,the seller spies on the bids,inserts a fake bid in order to increase the payment,results provide insights into sealed-bid auctions,emptyanswer,emptyanswer,emptyanswer,emptyanswer,emptyanswer,emptyanswer,emptyanswer,emptyanswer,emptyanswer,emptyanswer,emptyanswer
33TGB4G0LOGLNLIOBW4Q6QIXJBATXJ,39PAAFCODMZW6GAN1J8A7OHYWCZVTA,A3UY2GVCKC8LSL,Approved,Thu Mar 05 10:16:55 EST 2015,Thu Mar 05 10:17:39 EST 2015,cheating,sealed-bid,auction,equilibrium strategies,first-price,emptyanswer,emptyanswer,emptyanswer,emptyanswer,emptyanswer,emptyanswer,emptyanswer,emptyanswer,emptyanswer,emptyanswer,emptyanswer
33TGB4G0LOGLNLIOBW4Q6QIXJBATXJ,3N1FSUEFL5ZQVEVBVX78TUZZG6J4DT,A1QUDNLO95AKS5,Approved,Thu Mar 05 12:16:51 EST 2015,Thu Mar 05 12:17:19 EST 2015,Cheating,rise of online auctions,Sealed-Bid Auctions,paper,first-price auction.,emptyanswer,emptyanswer,emptyanswer,emptyanswer,emptyanswer,emptyanswer,emptyanswer,emptyanswer,emptyanswer,emptyanswer,emptyanswer
33TGB4G0LOGLNLIOBW4Q6QIXJBATXJ,3NKQQ8O39Y4PCCPQA3YQ6YXTFJCUDB,A3DHYTZ1GPN0T8,Approved,Thu Mar 05 12:56:30 EST 2015,Thu Mar 05 12:58:13 EST 2015,Motivated,second-price auction,bid,counterintuitive,equilibrium,emptyanswer,emptyanswer,emptyanswer,emptyanswer,emptyanswer,emptyanswer,emptyanswer,emptyanswer,emptyanswer,emptyanswer,emptyanswer
33TGB4G0LOGLNLIOBW4Q6QIXJBATXJ,3ZWFC4W1UU6UU4B5XFYBPNDUKY5RFY,A2SDTL2V8VJ25O,Approved,Thu Mar 05 15:55:14 EST 2015,Thu Mar 05 15:56:31 EST 2015,Sealed-Bid,Motivated,security,strategies,provide,emptyanswer,emptyanswer,emptyanswer,emptyanswer,emptyanswer,emptyanswer,emptyanswer,emptyanswer,emptyanswer,emptyanswer,emptyanswer
33TGB4G0LOGLNLIOBW4Q6QIXJBATXJ,3X4JMASXCM8GHTFQY0T0M1LMWAHB05,ADUJUZANFOWKW,Approved,Thu Mar 05 16:36:38 EST 2015,Thu Mar 05 16:37:06 EST 2015,auction,cheating,security,bidding,fake,emptyanswer,emptyanswer,emptyanswer,emptyanswer,emptyanswer,emptyanswer,emptyanswer,emptyanswer,emptyanswer,emptyanswer,emptyanswer
33TGB4G0LOGLNLIOBW4Q6QIXJBATXJ,3OLF68YTN902VNPOV4CPUXOKKWUAFQ,A156E6TWVB7GP7,Approved,Fri Mar 06 00:15:58 EST 2015,Fri Mar 06 00:16:41 EST 2015,Online auctions,Seal-bid,equilibrium,absence,overbidding,emptyanswer,emptyanswer,emptyanswer,emptyanswer,emptyanswer,emptyanswer,emptyanswer,emptyanswer,emptyanswer,emptyanswer,emptyanswer
33TGB4G0LOGLNLIOBW4Q6QIXJBATXJ,39L1G8WVWQQBLNWVFQIUIN6KDFY135,AQXSUU4I4DAH8,Approved,Fri Mar 06 11:29:02 EST 2015,Fri Mar 06 11:29:49 EST 2015,rise of online auctions,Cheating in Sealed-Bid Auctions,paper analyzes,second-price auction,fake bid,effects of overbidding in a first-price auction,emptyanswer,emptyanswer,emptyanswer,emptyanswer,emptyanswer,emptyanswer,emptyanswer,emptyanswer,emptyanswer,emptyanswer
33TGB4G0LOGLNLIOBW4Q6QIXJBATXJ,31LM9EDVOLRPK859NY8FV10CCDRNJD,A3G4SXD4N30C3L,Approved,Fri Mar 06 11:59:33 EST 2015,Fri Mar 06 12:00:32 EST 2015,On Cheating in Sealed-Bid Auctions,online auctions,inserts a fake bid,first-price auction,second-price auction,equilibrium strategies,counterintuitive results,overbidding,emptyanswer,emptyanswer,emptyanswer,emptyanswer,emptyanswer,emptyanswer,emptyanswer,emptyanswer
33TGB4G0LOGLNLIOBW4Q6QIXJBATXJ,38F5OAUN5NB4QHIWJRO5NRY7Z8UH77,APEB5ERGCYP6D,Approved,Sat Mar 07 07:15:12 EST 2015,Sat Mar 07 07:42:15 EST 2015,Motivated by the rise of online auctions,their relative lack of security,two forms of cheating in sealed-bid auctions,bidders are aware of the possibility of cheating,insights into sealed-bid auctions,emptyanswer,emptyanswer,emptyanswer,emptyanswer,emptyanswer,emptyanswer,emptyanswer,emptyanswer,emptyanswer,emptyanswer,emptyanswer
33TGB4G0LOGLNLIOBW4Q6QIXJBATXJ,3PM8NZGV8YFBIPNQKUFXQ43WSO8QXA,ADVZAZ12Z8N9J,Approved,Sat Mar 07 08:23:11 EST 2015,Sat Mar 07 08:28:12 EST 2015,Motivated by the rise of online auctions and their relative lack of security,The first type of cheating we consider occurs when the seller spies on the bids of a second-price auction and then inserts a fake bid in order to increase the payment of the winning bidder.,"In the second type, a bidder cheats in a first-price auction by examining the competing bids before deciding on his own bid.","In both cases, we derive equilibrium strategies when bidders are aware of the possibility of cheating.","These results provide insights into sealed-bid auctions even in the absence of cheating, including some counterintuitive results on the effects of overbidding in a first-price auction.",emptyanswer,emptyanswer,emptyanswer,emptyanswer,emptyanswer,emptyanswer,emptyanswer,emptyanswer,emptyanswer,emptyanswer,emptyanswer
33TGB4G0LOGLNLIOBW4Q6QIXJBATXJ,3TMSXRD2X6Z8CLYJPATWNKHHBAMW14,A37WDQ1VG5XN6Z,Approved,Sat Mar 07 13:39:41 EST 2015,Sat Mar 07 13:39:50 EST 2015,nothing,nothing,nothing,nothing,nothing,emptyanswer,emptyanswer,emptyanswer,emptyanswer,emptyanswer,emptyanswer,emptyanswer,emptyanswer,emptyanswer,emptyanswer,emptyanswer
33TGB4G0LOGLNLIOBW4Q6QIXJBATXJ,3I33IC7ZWF1IUTDC79XIAEUVBX0A2R,A1W7BQWWGKJ3XF,Approved,Sat Mar 07 15:01:53 EST 2015,Sat Mar 07 15:04:36 EST 2015,Cheating,Sealed-Bid Auctions,security,fake bid,equilibrium strategies,emptyanswer,emptyanswer,emptyanswer,emptyanswer,emptyanswer,emptyanswer,emptyanswer,emptyanswer,emptyanswer,emptyanswer,emptyanswer
33TGB4G0LOGLNLIOBW4Q6QIXJBATXJ,345LHZDEDXRRUKNTHESETPBHOESU3Y,A2KELEVTA0306Y,Approved,Sat Mar 07 15:18:58 EST 2015,Sat Mar 07 15:25:15 EST 2015,Motivated,rise,online,auctions,relative,order,lack,security,paper,analyzes,forms,cheating,sealed-bid,auctions,consider,occurs
33TGB4G0LOGLNLIOBW4Q6QIXJBATXJ,3TE22NPXPBBDVICI2M6FQQ5T33D44N,A2YW509B0UMSEH,Approved,Sun Mar 08 08:48:10 EDT 2015,Sun Mar 08 08:49:40 EDT 2015,Cheat,Bid,Auction,online,seller,price,fake,win,first-price auction,second-price auction,emptyanswer,emptyanswer,emptyanswer,emptyanswer,emptyanswer,emptyanswer
33TGB4G0LOGLNLIOBW4Q6QIXJBATXJ,3ATTHHXXWANY1RZ77MAOH2CA1GPIX1,A38IE69ORDCEGY,Approved,Sun Mar 08 12:17:40 EDT 2015,Sun Mar 08 12:18:51 EDT 2015,Sealed-bid auction flaws,online auctions,fake bidding,bid comparison,overbidding,emptyanswer,emptyanswer,emptyanswer,emptyanswer,emptyanswer,emptyanswer,emptyanswer,emptyanswer,emptyanswer,emptyanswer,emptyanswer
33TGB4G0LOGLNLIOBW4Q6QIXJBATXJ,3A4TN5196KHA2YDSA8WG3DQL0LQCH4,A2GBY8O6GYSB89,Approved,Sun Mar 08 14:17:14 EDT 2015,Sun Mar 08 14:18:36 EDT 2015,cheating,Sealed-Bid Auctions,online auctions,fake bid,examining the competing bids,emptyanswer,emptyanswer,emptyanswer,emptyanswer,emptyanswer,emptyanswer,emptyanswer,emptyanswer,emptyanswer,emptyanswer,emptyanswer
33TGB4G0LOGLNLIOBW4Q6QIXJBATXJ,3J88R45B2GXQIDMBKH08QZDMNVBXPL,A156NFBMKKLDL9,Approved,Sun Mar 08 21:52:19 EDT 2015,Sun Mar 08 21:52:44 EDT 2015,Cheating in Sealed-Bid Auction,online auctions,lack of security,possibility of cheating,overbidding in a first-price auction,emptyanswer,emptyanswer,emptyanswer,emptyanswer,emptyanswer,emptyanswer,emptyanswer,emptyanswer,emptyanswer,emptyanswer,emptyanswer
33TGB4G0LOGLNLIOBW4Q6QIXJBATXJ,3OHYZ19UGC4W102HU7VFHRXYC5WAO3,A2SZAM3EZER2PH,Approved,Mon Mar 09 05:59:10 EDT 2015,Mon Mar 09 05:59:57 EDT 2015,online auctions,sealed-bid auctions,seller spies,derive equilibrium,counterintuitive results,emptyanswer,emptyanswer,emptyanswer,emptyanswer,emptyanswer,emptyanswer,emptyanswer,emptyanswer,emptyanswer,emptyanswer,emptyanswer
33TGB4G0LOGLNLIOBW4Q6QIXJBATXJ,31Z0PCVWUKEUVQ9RJL5U1A1VA6A7T0,A2E2IQ99W6B7AV,Approved,Mon Mar 09 06:41:17 EDT 2015,Mon Mar 09 06:42:35 EDT 2015,Auction cheating,Bid spying,Online auctioning,Sealed-bidding,Anti-cheating systems,emptyanswer,emptyanswer,emptyanswer,emptyanswer,emptyanswer,emptyanswer,emptyanswer,emptyanswer,emptyanswer,emptyanswer,emptyanswer
33TGB4G0LOGLNLIOBW4Q6QIXJBATXJ,3PZDLQMM0TK6N8AARNT9G9KJB4VC2D,A12J6O77R7WG93,Approved,Mon Mar 09 09:08:59 EDT 2015,Mon Mar 09 09:10:30 EDT 2015,online auctions,lack of security,sealed-bid auctions,seller spies,fake bid,winning bidder,emptyanswer,emptyanswer,emptyanswer,emptyanswer,emptyanswer,emptyanswer,emptyanswer,emptyanswer,emptyanswer,emptyanswer
33TGB4G0LOGLNLIOBW4Q6QIXJBATXJ,3FE2ERCCZX73O48JJQDC7MMTBSNPOR,ACYGMRGAZ22U7,Approved,Mon Mar 09 17:50:45 EDT 2015,Mon Mar 09 17:50:52 EDT 2015,Keyword/Keyphrase 1:,Keyword/Keyphrase 1:,Keyword/Keyphrase 1:,Keyword/Keyphrase 1:,Keyword/Keyphrase 1:,emptyanswer,emptyanswer,emptyanswer,emptyanswer,emptyanswer,emptyanswer,emptyanswer,emptyanswer,emptyanswer,emptyanswer,emptyanswer
33TGB4G0LOGLNLIOBW4Q6QIXJBATXJ,3KB8R4ZV1E6DSXQBC2I37T8234HGBE,AW36CVMS3526O,Approved,Tue Mar 10 14:46:26 EDT 2015,Tue Mar 10 14:47:12 EDT 2015,Auctions,security,competing,cheating,overbidding,emptyanswer,emptyanswer,emptyanswer,emptyanswer,emptyanswer,emptyanswer,emptyanswer,emptyanswer,emptyanswer,emptyanswer,emptyanswer
33TGB4G0LOGLNLIOBW4Q6QIXJBATXJ,3OSWBBLG1EWHTGJLF89DQ5WX9GSXDZ,A3K6BSW10S4YKJ,Approved,Wed Mar 11 03:28:51 EDT 2015,Wed Mar 11 03:30:04 EDT 2015,rise of online auctions,relative lack of security,two forms of cheating in sealed-bid auctions,fake bid,insights into sealed-bid auctions even in the absence of cheating,emptyanswer,emptyanswer,emptyanswer,emptyanswer,emptyanswer,emptyanswer,emptyanswer,emptyanswer,emptyanswer,emptyanswer,emptyanswer
33TGB4G0LOGLNLIOBW4Q6QIXJBATXJ,3YT88D1N08XDROIHN0OCN22JMUQK31,ATRHDYWCIYTDJ,Approved,Wed Mar 11 04:23:45 EDT 2015,Wed Mar 11 04:24:00 EDT 2015,auctions,security,first,auction,even,emptyanswer,emptyanswer,emptyanswer,emptyanswer,emptyanswer,emptyanswer,emptyanswer,emptyanswer,emptyanswer,emptyanswer,emptyanswer
33TGB4G0LOGLNLIOBW4Q6QIXJBATXJ,3YW4XOSQKQKVKH9EUAEV5WWKQ2IU1Q,A3CMDYA9USA3MR,Approved,Wed Mar 11 07:36:51 EDT 2015,Wed Mar 11 07:37:04 EDT 2015,auctions,paper,cheating,absence,cheating,emptyanswer,emptyanswer,emptyanswer,emptyanswer,emptyanswer,emptyanswer,emptyanswer,emptyanswer,emptyanswer,emptyanswer,emptyanswer
33TGB4G0LOGLNLIOBW4Q6QIXJBATXJ,3K772S5NP8APZWX66Z2BT1QOL3KHEV,AL9R6CILUG30X,Approved,Wed Mar 11 07:42:30 EDT 2015,Wed Mar 11 07:44:12 EDT 2015,Online auctions,Lack of security,Sealed-bid auctions,Cheating,Competing bids,Overbidding,Bidders,emptyanswer,emptyanswer,emptyanswer,emptyanswer,emptyanswer,emptyanswer,emptyanswer,emptyanswer,emptyanswer
33TGB4G0LOGLNLIOBW4Q6QIXJBATXJ,34Z02EIMISCGDF97YMKLMVR82W60T3,A1XRIEYLA7ZJ3B,Approved,Wed Mar 11 08:18:00 EDT 2015,Wed Mar 11 08:21:23 EDT 2015,analyzes two forms of cheating in sealed-bid auctions,seller spies on the bids of a second-price auction,inserts a fake bid in order to increase the payment of the winning bidder,bidder cheats in a first-price auction by examining the competing bids before deciding on his own bid,we derive equilibrium strategies when bidders are aware of the possibility of cheating,results provide insights into sealed-bid auctions,emptyanswer,emptyanswer,emptyanswer,emptyanswer,emptyanswer,emptyanswer,emptyanswer,emptyanswer,emptyanswer,emptyanswer
33TGB4G0LOGLNLIOBW4Q6QIXJBATXJ,3DH6GAKTYYO9WMERCMKC0BM9Z5LZYX,A28IXE702NXWKQ,Approved,Wed Mar 11 15:53:50 EDT 2015,Wed Mar 11 15:55:35 EDT 2015,Motivated by the rise,their relative lack of security,this paper analyzes two forms of cheating in sealed-bid auctions,These results provide insights into sealed-bid auctions,"absence of cheating, including some counterintuitive results",emptyanswer,emptyanswer,emptyanswer,emptyanswer,emptyanswer,emptyanswer,emptyanswer,emptyanswer,emptyanswer,emptyanswer,emptyanswer
33TGB4G0LOGLNLIOBW4Q6QIXJBATXJ,32M8BPYGATLNF54HICAKTGCFZX5GIY,A1JWEYGDFDB100,Approved,Thu Mar 12 10:22:04 EDT 2015,Thu Mar 12 10:23:21 EDT 2015,Cheating,Sealed-Bid Auctions,seller spies on the bids,second-price auction,fake bid,emptyanswer,emptyanswer,emptyanswer,emptyanswer,emptyanswer,emptyanswer,emptyanswer,emptyanswer,emptyanswer,emptyanswer,emptyanswer
33TGB4G0LOGLNLIOBW4Q6QIXJBATXJ,3KYQYYSHYV6UZ75TEHMH7S54YEQDOI,A2KS418T8MPLJH,Approved,Thu Mar 12 11:50:54 EDT 2015,Thu Mar 12 11:53:12 EDT 2015,"Motivated by the rise of online auctions and their relative lack of security, this paper analyzes two forms of cheating in sealed-bid auctions.","In both cases, we derive equilibrium strategies when bidders are aware of the possibility of cheating.",The first type of cheating we consider occurs when the seller spies on the bids of a second-price auction and then inserts a fake bid in order to increase the payment of the winning bidder.,"In the second type, a bidder cheats in a first-price auction by examining the competing bids before deciding on his own bid.","These results provide insights into sealed-bid auctions even in the absence of cheating, including some counterintuitive results on the effects of overbidding in a first-price auction.",emptyanswer,emptyanswer,emptyanswer,emptyanswer,emptyanswer,emptyanswer,emptyanswer,emptyanswer,emptyanswer,emptyanswer,emptyanswer
33TGB4G0LOGLNLIOBW4Q6QIXJBATXJ,39PAAFCODMZW6GAN1J8A7OHYXTDTVL,AM1HY736BY3Z8,Approved,Thu Mar 12 12:47:15 EDT 2015,Thu Mar 12 12:48:43 EDT 2015,On Cheating in Sealed-Bid Auctions,"Motivated by the rise of online auctions and their relative lack of security, this paper analyzes two forms of cheating in sealed-bid auctions.",The first type of cheating we consider occurs when the seller spies on the bids of a second-price auction and then inserts a fake bid in order to increase the payment of the winning bidder.,"In both cases, we derive equilibrium strategies when bidders are aware of the possibility of cheating.","These results provide insights into sealed-bid auctions even in the absence of cheating, including some counterintuitive results on the effects of overbidding in a first-price auction.",emptyanswer,emptyanswer,emptyanswer,emptyanswer,emptyanswer,emptyanswer,emptyanswer,emptyanswer,emptyanswer,emptyanswer,emptyanswer
33TGB4G0LOGLNLIOBW4Q6QIXJBATXJ,317HQ483I7RTPXL35GNFJ0LC09XNIJ,AU3WQKISBW5MZ,Approved,Thu Mar 12 14:15:58 EDT 2015,Thu Mar 12 14:16:30 EDT 2015,"Motivated by the rise of online auctions and their relative lack of security, this paper analyzes two forms of cheating in sealed-bid auctions.",The first type of cheating we consider occurs when the seller spies on the bids of a second-price auction and then inserts a fake bid in order to increase the payment of the winning bidder.,The first type of cheating we consider occurs when the seller spies on the bids of a second-price auction and then inserts a fake bid in order to increase the payment of the winning bidder.,"In the second type, a bidder cheats in a first-price auction by examining the competing bids before deciding on his own bid. In both cases, we derive equilibrium strategies when bidders are aware of the possibility of cheating.","These results provide insights into sealed-bid auctions even in the absence of cheating, including some counterintuitive results on the effects of overbidding in a first-price auction.",emptyanswer,emptyanswer,emptyanswer,emptyanswer,emptyanswer,emptyanswer,emptyanswer,emptyanswer,emptyanswer,emptyanswer,emptyanswer
33TGB4G0LOGLNLIOBW4Q6QIXJBATXJ,3A0EX8ZRN8NDEOBB6849ETF695LYBJ,A1A9GCQVBEMT58,Approved,Fri Mar 13 09:28:01 EDT 2015,Fri Mar 13 09:31:15 EDT 2015,lack of security,equilibrium strategies,possibility of cheating,sealed-bid auctions,counterintuitive results,effects of overbidding,first-price auction,emptyanswer,emptyanswer,emptyanswer,emptyanswer,emptyanswer,emptyanswer,emptyanswer,emptyanswer,emptyanswer
33TGB4G0LOGLNLIOBW4Q6QIXJBATXJ,333U7HK6I9EGYWEWY4UCZWOIZMTDJG,A2UNRV6PEOEXG0,Approved,Fri Mar 13 13:12:55 EDT 2015,Fri Mar 13 13:13:26 EDT 2015,cheating,sealed-bid auctions,bidders,overbidding,online auctions,emptyanswer,emptyanswer,emptyanswer,emptyanswer,emptyanswer,emptyanswer,emptyanswer,emptyanswer,emptyanswer,emptyanswer,emptyanswer
33TGB4G0LOGLNLIOBW4Q6QIXJBATXJ,3KAKFY4PGU1MLTSTNX30AMN6VUII3E,A330N7LVL2IOVZ,Approved,Fri Mar 13 15:05:09 EDT 2015,Fri Mar 13 15:05:50 EDT 2015,online auctions,sealed-bid,fake bid,cheating,results,emptyanswer,emptyanswer,emptyanswer,emptyanswer,emptyanswer,emptyanswer,emptyanswer,emptyanswer,emptyanswer,emptyanswer,emptyanswer
33TGB4G0LOGLNLIOBW4Q6QIXJBATXJ,3OS46CRSLFYQ4IZB560HWEPKDOL6VC,A3DTN2OMF6DUSI,Approved,Fri Mar 13 23:07:14 EDT 2015,Fri Mar 13 23:07:32 EDT 2015,Cheating,Sealed,Bid,Auctions,price,emptyanswer,emptyanswer,emptyanswer,emptyanswer,emptyanswer,emptyanswer,emptyanswer,emptyanswer,emptyanswer,emptyanswer,emptyanswer
33TGB4G0LOGLNLIOBW4Q6QIXJBATXJ,3PW9OPU9PQJM050CBQ4PZD1S8HG21A,A610SH5RY1NG1,Approved,Sat Mar 14 07:41:41 EDT 2015,Sat Mar 14 07:41:57 EDT 2015,Cheating,Sealed-Bid,Auctions,online,seller,emptyanswer,emptyanswer,emptyanswer,emptyanswer,emptyanswer,emptyanswer,emptyanswer,emptyanswer,emptyanswer,emptyanswer,emptyanswer
33TGB4G0LOGLNLIOBW4Q6QIXJBATXJ,352YTHGROVC77U0DHTQYKFEX9KK4HJ,A2Z9HR2IBD75R9,Approved,Sat Mar 14 09:42:53 EDT 2015,Sat Mar 14 09:43:06 EDT 2015,Cheating,Sealed-Bid Auctions,online,forms,results,emptyanswer,emptyanswer,emptyanswer,emptyanswer,emptyanswer,emptyanswer,emptyanswer,emptyanswer,emptyanswer,emptyanswer,emptyanswer
33TGB4G0LOGLNLIOBW4Q6QIXJBATXJ,3WMOAN2SRBWYB3534NMYYPB68HMVNT,AH3ER3EJXHRO2,Approved,Sat Mar 14 16:47:03 EDT 2015,Sat Mar 14 16:47:32 EDT 2015,cheating,sealed-bid auction,secutiry,equilibrium strategies,overbidding,emptyanswer,emptyanswer,emptyanswer,emptyanswer,emptyanswer,emptyanswer,emptyanswer,emptyanswer,emptyanswer,emptyanswer,emptyanswer
33TGB4G0LOGLNLIOBW4Q6QIXJBATXJ,3YT88D1N08XDROIHN0OCN22JN2QK3I,ACVJ6IUO9QM4R,Approved,Sat Mar 14 17:20:25 EDT 2015,Sat Mar 14 17:21:25 EDT 2015,sealed bid auctions and cheating.,cheating auction systems,spying on bids of auctions,fake bids on auctions,increased payments of winning bidders,emptyanswer,emptyanswer,emptyanswer,emptyanswer,emptyanswer,emptyanswer,emptyanswer,emptyanswer,emptyanswer,emptyanswer,emptyanswer
33TGB4G0LOGLNLIOBW4Q6QIXJBATXJ,3MTMREQS4VH469BJLTMPYLAKGJWAW5,A17JEL4FN1B9TB,Approved,Sat Mar 14 19:40:21 EDT 2015,Sat Mar 14 19:41:29 EDT 2015,Cheating,Sealed,Bid,Auctions,online,emptyanswer,emptyanswer,emptyanswer,emptyanswer,emptyanswer,emptyanswer,emptyanswer,emptyanswer,emptyanswer,emptyanswer,emptyanswer
33TGB4G0LOGLNLIOBW4Q6QIXJBATXJ,3URFVVM165HSFDUM2LNNXQGW4PTZUZ,A1G94QON7A9K0N,Approved,Sat Mar 14 20:06:18 EDT 2015,Sat Mar 14 20:06:42 EDT 2015,auctions,equilibrium,bidders,cheating,sealed-bid,emptyanswer,emptyanswer,emptyanswer,emptyanswer,emptyanswer,emptyanswer,emptyanswer,emptyanswer,emptyanswer,emptyanswer,emptyanswer
33TGB4G0LOGLNLIOBW4Q6QIXJBATXJ,3JMSRU9HQITUHXSQBOJF82HXUQXVEI,A1BV5YY1UQCMZY,Approved,Sat Mar 14 20:40:19 EDT 2015,Sat Mar 14 20:41:25 EDT 2015,cheating,sealed-bid auctions,overbidding,online auctions,security,first price auction,second price auction,emptyanswer,emptyanswer,emptyanswer,emptyanswer,emptyanswer,emptyanswer,emptyanswer,emptyanswer,emptyanswer
33TGB4G0LOGLNLIOBW4Q6QIXJBATXJ,3Y4W8Q93LZJPPREQFT8V2KZCUEWVDP,A29ZV4XJB7R1O,Approved,Sat Mar 14 20:40:18 EDT 2015,Sat Mar 14 20:50:31 EDT 2015,Cheating,Auctions,Sealed-Bid,Motivated,payment,emptyanswer,emptyanswer,emptyanswer,emptyanswer,emptyanswer,emptyanswer,emptyanswer,emptyanswer,emptyanswer,emptyanswer,emptyanswer
33TGB4G0LOGLNLIOBW4Q6QIXJBATXJ,3CN4LGXD5XNTTPQ2RTUM6F90ZICY4V,A9VLWY4KW6OCB,Approved,Sat Mar 14 21:44:27 EDT 2015,Sat Mar 14 22:06:48 EDT 2015,Cheating,Sealed,Auctions,Motivated,payment,emptyanswer,emptyanswer,emptyanswer,emptyanswer,emptyanswer,emptyanswer,emptyanswer,emptyanswer,emptyanswer,emptyanswer,emptyanswer
33TGB4G0LOGLNLIOBW4Q6QIXJBATXJ,3YHH42UU5BESU212PDIU04HR9RU0LR,A1GK9ZI7T30X9Z,Approved,Sat Mar 14 22:27:26 EDT 2015,Sat Mar 14 22:28:31 EDT 2015,Cheating,Sealed-Bid Auctions,online auctions,security,second-price auction,bid,emptyanswer,emptyanswer,emptyanswer,emptyanswer,emptyanswer,emptyanswer,emptyanswer,emptyanswer,emptyanswer,emptyanswer
33TGB4G0LOGLNLIOBW4Q6QIXJBATXJ,3S4AW7T80BH9TQJ38E5WC774Q3D4LE,AWFQ7OX0UPSM5,Approved,Sat Mar 14 23:59:42 EDT 2015,Sun Mar 15 00:00:33 EDT 2015,Sealed-Bid Auctions,Cheating,second-price auction,fake bid,equilibrium strategies,emptyanswer,emptyanswer,emptyanswer,emptyanswer,emptyanswer,emptyanswer,emptyanswer,emptyanswer,emptyanswer,emptyanswer,emptyanswer
33TGB4G0LOGLNLIOBW4Q6QIXJBATXJ,3I33IC7ZWF1IUTDC79XIAEUVCDN2A3,A3UN57EC5AXY1Z,Approved,Sun Mar 15 01:56:12 EDT 2015,Sun Mar 15 02:00:51 EDT 2015,online auction,security,sealed bid auctions,cheating,seller spies,emptyanswer,emptyanswer,emptyanswer,emptyanswer,emptyanswer,emptyanswer,emptyanswer,emptyanswer,emptyanswer,emptyanswer,emptyanswer
33TGB4G0LOGLNLIOBW4Q6QIXJBATXJ,3B1NLC6UGZVFWRRLV7042DDRLITPGQ,A1YNGE7LM9TQHL,Approved,Sun Mar 15 02:09:56 EDT 2015,Sun Mar 15 02:10:42 EDT 2015,On Cheating in Sealed-Bid Auctions,"Motivated by the rise of online auctions and their relative lack of security, this paper analyzes two forms of cheating in sealed-bid auctions.",The first type of cheating we consider occurs when the seller spies on the bids of a second-price auction and then inserts a fake bid in order to increase the payment of the winning bidder.,"In the second type, a bidder cheats in a first-price auction by examining the competing bids before deciding on his own bid.","In both cases, we derive equilibrium strategies when bidders are aware of the possibility of cheating.","These results provide insights into sealed-bid auctions even in the absence of cheating, including some counterintuitive results on the effects of overbidding in a first-price auction.",emptyanswer,emptyanswer,emptyanswer,emptyanswer,emptyanswer,emptyanswer,emptyanswer,emptyanswer,emptyanswer,emptyanswer
33TGB4G0LOGLNLIOBW4Q6QIXJBATXJ,32UTUBMZ7GVWAUG61XHP7UBCRT2VB0,AHAJG2TJ4P3G2,Approved,Sun Mar 15 02:15:33 EDT 2015,Sun Mar 15 02:17:32 EDT 2015,Cheating in Sealed-Bid Auctions,online auctions,lack of security,seller spies on the bids,fake bid,equilibrium strategies,sealed-bid auctions,emptyanswer,emptyanswer,emptyanswer,emptyanswer,emptyanswer,emptyanswer,emptyanswer,emptyanswer,emptyanswer
