HitId,AssignmentId,WorkerId,Status,AcceptTime,SubmitTime,Answer 1,Answer 2,Answer 3,Answer 4,Answer 5,Answer 6,Answer 7,Answer 8,Answer 9,Answer 10,Answer 11,Answer 12,Answer 13,Answer 14,Answer 15,Answer 16
34R0BODSP0YAWJGHFVW0FLRCN2DE54,31Q0U3WYDPETM6XIH2LKV4I0I4G71M,AUVC78LEL0T6L,Approved,Mon Mar 02 12:42:56 EST 2015,Mon Mar 02 12:50:20 EST 2015,Matrix Factorization,Combing Content and Link,Hyperlinks,Web mining,web page classification,emptyanswer,emptyanswer,emptyanswer,emptyanswer,emptyanswer,emptyanswer,emptyanswer,emptyanswer,emptyanswer,emptyanswer,emptyanswer
34R0BODSP0YAWJGHFVW0FLRCN2DE54,3KXIR214I4F3S4XVY8NRXB8VJ9742L,A22R7DT2XQIKXV,Approved,Mon Mar 02 14:00:57 EST 2015,Mon Mar 02 14:01:06 EST 2015,aa,aa,aa,aa,aa,emptyanswer,emptyanswer,emptyanswer,emptyanswer,emptyanswer,emptyanswer,emptyanswer,emptyanswer,emptyanswer,emptyanswer,emptyanswer
34R0BODSP0YAWJGHFVW0FLRCN2DE54,3NKQQ8O39Y4PCCPQA3YQ6YXTFDLUD8,A5UZTMO507YXX,Approved,Mon Mar 02 14:59:39 EST 2015,Mon Mar 02 15:00:58 EST 2015,Matrix Factorization,Content Classification,Link Structure,Web Page Classification,Hypertext classification,WebKB,Cora,emptyanswer,emptyanswer,emptyanswer,emptyanswer,emptyanswer,emptyanswer,emptyanswer,emptyanswer,emptyanswer
34R0BODSP0YAWJGHFVW0FLRCN2DE54,3Z7EFSHGN9D7OOD7FCE26ZEFOVSCXK,A1W7BQWWGKJ3XF,Approved,Mon Mar 02 15:19:58 EST 2015,Mon Mar 02 15:22:24 EST 2015,Classification,Combining Content,Matrix Factorization,complex hyperlinks,accuracy,hypertext classification,WebKB and Cora benchmarks,simplicity,emptyanswer,emptyanswer,emptyanswer,emptyanswer,emptyanswer,emptyanswer,emptyanswer,emptyanswer
34R0BODSP0YAWJGHFVW0FLRCN2DE54,3B3WTRP3DB14PA37F3JIEJJB51B92C,A2R085B34P2LYS,Approved,Mon Mar 02 22:53:12 EST 2015,Mon Mar 02 23:14:51 EST 2015,Content,and,Link,for,Classification,emptyanswer,emptyanswer,emptyanswer,emptyanswer,emptyanswer,emptyanswer,emptyanswer,emptyanswer,emptyanswer,emptyanswer,emptyanswer
34R0BODSP0YAWJGHFVW0FLRCN2DE54,3F1567XTNW4LHT5SHE9JA1HEL869Q9,A26M2B8NZVKWTZ,Approved,Tue Mar 03 06:34:20 EST 2015,Tue Mar 03 06:36:07 EST 2015,Classification,Matrix,Factorization,Link,Content,emptyanswer,emptyanswer,emptyanswer,emptyanswer,emptyanswer,emptyanswer,emptyanswer,emptyanswer,emptyanswer,emptyanswer,emptyanswer
34R0BODSP0YAWJGHFVW0FLRCN2DE54,3U5NZHP4LR1TWNMWFDIMNDPSZPSPHO,A27I79P03I0ZPO,Approved,Tue Mar 03 06:35:44 EST 2015,Tue Mar 03 06:36:33 EST 2015,Link,Classification,Combining,Matrix,Factorization,emptyanswer,emptyanswer,emptyanswer,emptyanswer,emptyanswer,emptyanswer,emptyanswer,emptyanswer,emptyanswer,emptyanswer,emptyanswer
34R0BODSP0YAWJGHFVW0FLRCN2DE54,3DR23U6WE5DF45O16TJ07KTCWCLTEH,A1B5NXRZQYRC4R,Approved,Tue Mar 03 06:52:19 EST 2015,Tue Mar 03 06:52:40 EST 2015,Combining,content,link,classification,matrix,emptyanswer,emptyanswer,emptyanswer,emptyanswer,emptyanswer,emptyanswer,emptyanswer,emptyanswer,emptyanswer,emptyanswer,emptyanswer
34R0BODSP0YAWJGHFVW0FLRCN2DE54,3NG53N1RLVI03CL3C9OGA0WTW648PU,AAOGFQY8JCVOD,Approved,Tue Mar 03 07:18:59 EST 2015,Tue Mar 03 07:20:51 EST 2015,matrix factorization,world wide web,hyperlinks,web mining,link structure,content,joint factorization,derive representation,hypertext-classification,benchmarks,emptyanswer,emptyanswer,emptyanswer,emptyanswer,emptyanswer,emptyanswer
34R0BODSP0YAWJGHFVW0FLRCN2DE54,3MAOD8E57Q9QFSAY42NGMA8RN0FNXO,A3ODG942FG22PJ,Approved,Tue Mar 03 08:49:17 EST 2015,Tue Mar 03 08:49:32 EST 2015,Content,Link,Classification,Matrix,Factorization,na,na,na,na,na,na,na,na,na,na,na
34R0BODSP0YAWJGHFVW0FLRCN2DE54,39ZSFO5CA8V2FYPIKZK19WS6KYEJU9,A3FG9YWTFFK1AU,Approved,Tue Mar 03 16:30:53 EST 2015,Tue Mar 03 16:47:49 EST 2015,Combining Content,Link for Classification,Matrix Factorization,complex hyperlinks,hypertext classification,WebKB,cora,emptyanswer,emptyanswer,emptyanswer,emptyanswer,emptyanswer,emptyanswer,emptyanswer,emptyanswer,emptyanswer
34R0BODSP0YAWJGHFVW0FLRCN2DE54,3A7Y0R2P2ONUW2JDP4VOT3RAEI1JXB,A2YW509B0UMSEH,Approved,Wed Mar 04 04:03:32 EST 2015,Wed Mar 04 04:04:18 EST 2015,world wide web,text,content,hyperlink,database,emptyanswer,emptyanswer,emptyanswer,emptyanswer,emptyanswer,emptyanswer,emptyanswer,emptyanswer,emptyanswer,emptyanswer,emptyanswer
34R0BODSP0YAWJGHFVW0FLRCN2DE54,38JBBYETQO9VNK9BRSISZCHKGFLE4R,A3FFZN4FO3Q789,Approved,Wed Mar 04 11:03:14 EST 2015,Wed Mar 04 11:06:28 EST 2015,preliminary,preliminary,preliminary,preliminary,preliminary,emptyanswer,emptyanswer,emptyanswer,emptyanswer,emptyanswer,emptyanswer,emptyanswer,emptyanswer,emptyanswer,emptyanswer,emptyanswer
34R0BODSP0YAWJGHFVW0FLRCN2DE54,3AAJC4I4FGRJ1XJSQMJ9QO7LMIQJZZ,A3H35QRODK1C4K,Approved,Wed Mar 04 12:35:35 EST 2015,Wed Mar 04 12:35:51 EST 2015,combining,content,link,classification,matrix,emptyanswer,emptyanswer,emptyanswer,emptyanswer,emptyanswer,emptyanswer,emptyanswer,emptyanswer,emptyanswer,emptyanswer,emptyanswer
34R0BODSP0YAWJGHFVW0FLRCN2DE54,3J88R45B2GXQIDMBKH08QZDMNI8XPS,A2F6ZON8X5EAGL,Approved,Wed Mar 04 15:09:53 EST 2015,Wed Mar 04 15:10:27 EST 2015,Combining Content and Link for Classification using Matrix Factorization,hyperlinks,statistical,matrix,benchmarks,emptyanswer,emptyanswer,emptyanswer,emptyanswer,emptyanswer,emptyanswer,emptyanswer,emptyanswer,emptyanswer,emptyanswer,emptyanswer
34R0BODSP0YAWJGHFVW0FLRCN2DE54,3WLEIWSYHOGX4GLQDF7AR0HZOIP2H9,A3LUJSAN4DQ1ZT,Approved,Wed Mar 04 22:09:17 EST 2015,Wed Mar 04 22:10:47 EST 2015,Matrix factorization,Textual,WebKB,Cora,Adjacency,emptyanswer,emptyanswer,emptyanswer,emptyanswer,emptyanswer,emptyanswer,emptyanswer,emptyanswer,emptyanswer,emptyanswer,emptyanswer
34R0BODSP0YAWJGHFVW0FLRCN2DE54,3A0EX8ZRN8NDEOBB6849ETF68LQBYW,A3S81UFDOWF2ST,Approved,Wed Mar 04 23:40:29 EST 2015,Wed Mar 04 23:41:02 EST 2015,Combining Content,Classification using Matrix Factorization,rich textual contents,complex hyperlinks,low-dimensional factor space,emptyanswer,emptyanswer,emptyanswer,emptyanswer,emptyanswer,emptyanswer,emptyanswer,emptyanswer,emptyanswer,emptyanswer,emptyanswer
34R0BODSP0YAWJGHFVW0FLRCN2DE54,3SBEHTYCWN2N1WPHCIWQ0GJJ3BGIYI,A9LA6QK6VCERR,Approved,Thu Mar 05 00:26:20 EST 2015,Thu Mar 05 00:27:58 EST 2015,Matrix Factorization,hypertext classification,WebKB benchmarks,Cora benchmarks,document-term matrix,inkage adjacency matrix,emptyanswer,emptyanswer,emptyanswer,emptyanswer,emptyanswer,emptyanswer,emptyanswer,emptyanswer,emptyanswer,emptyanswer
34R0BODSP0YAWJGHFVW0FLRCN2DE54,3X65QVEQI0MCOUWI1TBEV5JSHSWLCX,A3I10J1GPDAPQR,Approved,Thu Mar 05 09:55:07 EST 2015,Thu Mar 05 09:56:39 EST 2015,Classification,Matrix Factorization,WebKB and Cora benchmarks,state-of-the-art methods,joint factorization,emptyanswer,emptyanswer,emptyanswer,emptyanswer,emptyanswer,emptyanswer,emptyanswer,emptyanswer,emptyanswer,emptyanswer,emptyanswer
34R0BODSP0YAWJGHFVW0FLRCN2DE54,3VBEN272MKYC9J7DNO4YXII27EZGSJ,A2L97KXUK1TJLH,Approved,Thu Mar 05 11:10:26 EST 2015,Thu Mar 05 11:12:24 EST 2015,Content,Matrix Factorization,Hyperlinks,World Wide Web,WebKB,Cora,emptyanswer,emptyanswer,emptyanswer,emptyanswer,emptyanswer,emptyanswer,emptyanswer,emptyanswer,emptyanswer,emptyanswer
34R0BODSP0YAWJGHFVW0FLRCN2DE54,3SB4CE2TJVUJV9G9VYIB04OROYOXAW,A1YLO4LT02D2F0,Approved,Thu Mar 05 11:20:58 EST 2015,Thu Mar 05 11:21:31 EST 2015,world wide web contains,huge database violates,structure or the content information,then apply them as additional,classification on the WebKB,emptyanswer,emptyanswer,emptyanswer,emptyanswer,emptyanswer,emptyanswer,emptyanswer,emptyanswer,emptyanswer,emptyanswer,emptyanswer
34R0BODSP0YAWJGHFVW0FLRCN2DE54,3EO896NRAWUNFLATKUUR40641PVJTG,A1QUDNLO95AKS5,Approved,Thu Mar 05 11:45:33 EST 2015,Thu Mar 05 11:45:57 EST 2015,Combining Content,Link for Classification,Matrix Factorization,research,Cora benchmarks,emptyanswer,emptyanswer,emptyanswer,emptyanswer,emptyanswer,emptyanswer,emptyanswer,emptyanswer,emptyanswer,emptyanswer,emptyanswer
34R0BODSP0YAWJGHFVW0FLRCN2DE54,3X0H8UUIT1N865XD2T8GJL4Q13IWST,ADUJUZANFOWKW,Approved,Thu Mar 05 16:40:46 EST 2015,Thu Mar 05 16:41:32 EST 2015,classification,factorization,matrix,hyperlinks,statistics,emptyanswer,emptyanswer,emptyanswer,emptyanswer,emptyanswer,emptyanswer,emptyanswer,emptyanswer,emptyanswer,emptyanswer,emptyanswer
34R0BODSP0YAWJGHFVW0FLRCN2DE54,378XPAWRUCCM5EREWCIAXU1C0NUAIN,A3DHYTZ1GPN0T8,Approved,Thu Mar 05 21:59:40 EST 2015,Thu Mar 05 22:00:34 EST 2015,world wide web,textual contents,huge database,mining problems,practically,emptyanswer,emptyanswer,emptyanswer,emptyanswer,emptyanswer,emptyanswer,emptyanswer,emptyanswer,emptyanswer,emptyanswer,emptyanswer
34R0BODSP0YAWJGHFVW0FLRCN2DE54,3IX2EGZR7BIAZ6X1G5PW4L5MD9BRJY,AQXSUU4I4DAH8,Approved,Fri Mar 06 10:59:52 EST 2015,Fri Mar 06 11:00:24 EST 2015,conventional statistical methods,Combining Content and Link,structure into hub,Classification using Matrix Factorization,document features,emptyanswer,emptyanswer,emptyanswer,emptyanswer,emptyanswer,emptyanswer,emptyanswer,emptyanswer,emptyanswer,emptyanswer,emptyanswer
34R0BODSP0YAWJGHFVW0FLRCN2DE54,3CPLWGV3MOY0EWS01MH267M9G8KN9N,A2A4LHPXF2E2GS,Approved,Fri Mar 06 12:31:18 EST 2015,Fri Mar 06 12:37:54 EST 2015,combining content and link,classification using matrix factorization,solving web mining problems,web page not independent and identical sample,algorithm exploits both content and linkage information,joint factorization on both linkage adjacency matrix and document-term matrix,new representation for web pages,low-dimensional factor space,"without separating content, hub or authority factors",accuracy in hypertext classification on the WebKB and Cora benchmarks,emptyanswer,emptyanswer,emptyanswer,emptyanswer,emptyanswer,emptyanswer
34R0BODSP0YAWJGHFVW0FLRCN2DE54,3D8YOU6S9EJQR3AB0GQC0SN1Y5I6U4,ANB69EQROUTQJ,Approved,Sat Mar 07 10:03:21 EST 2015,Sat Mar 07 10:04:58 EST 2015,classification,matrix factorization,web mining problems,document-term matrix,WebKB,emptyanswer,emptyanswer,emptyanswer,emptyanswer,emptyanswer,emptyanswer,emptyanswer,emptyanswer,emptyanswer,emptyanswer,emptyanswer
34R0BODSP0YAWJGHFVW0FLRCN2DE54,3ZAZR5XV01HWTJDMGU2N3KUQW9AZCG,A2GBY8O6GYSB89,Approved,Sat Mar 07 11:29:28 EST 2015,Sat Mar 07 11:30:34 EST 2015,Combining Content and Link,Classification using Matrix Factorization,rich textual contents,complex hyperlinks,solving web mining problems,emptyanswer,emptyanswer,emptyanswer,emptyanswer,emptyanswer,emptyanswer,emptyanswer,emptyanswer,emptyanswer,emptyanswer,emptyanswer
34R0BODSP0YAWJGHFVW0FLRCN2DE54,3IGI0VL647J3LJW63B0K3XHYB9RONR,A37WDQ1VG5XN6Z,Approved,Sat Mar 07 13:16:17 EST 2015,Sat Mar 07 13:17:37 EST 2015,nothinnothingnothingnothingnothingg,nothing,nothing,nothingnothingnnothingothing,nothingnothinothingnothingng,emptyanswer,emptyanswer,emptyanswer,emptyanswer,emptyanswer,emptyanswer,emptyanswer,emptyanswer,emptyanswer,emptyanswer,emptyanswer
34R0BODSP0YAWJGHFVW0FLRCN2DE54,3J88R45B2GXQIDMBKH08QZDMNT3PX1,A10443E11ZWEHJ,Approved,Sat Mar 07 16:30:10 EST 2015,Sat Mar 07 16:44:11 EST 2015,The world wide web,textual contents that are interconnected via complex hyperlinks,assumption held by most of conventional statistical methods that each web page is considered as an independent and identical sample.,huge database violates,"traditional mining or learning methods for solving web mining problems, e","practically attractive for its great simplicity,",Further analysis can be performed based on the compact representation of web pages.,exploiting both the content and the link structure.,"low-dimensional factor space, without explicitly separating them as content,",state-of-the-art methods,additional document features.,hub or authority factors,"web page classification,","only authority information with the content information, and the others first decompose the link structure into hub and authority features.","attractive for its great simplicity,",excellent accuracy in hypertext classification on the WebKB and Cora benchmarks.
34R0BODSP0YAWJGHFVW0FLRCN2DE54,3SITXWYCNV8OEJL11CI7VF8X6PSXBS,A38IE69ORDCEGY,Approved,Sat Mar 07 18:59:37 EST 2015,Sat Mar 07 19:02:22 EST 2015,Matrix factorization,web page classification,Combining webpage content and links,hypertext classification,WebKB and Cora benchmarks,emptyanswer,emptyanswer,emptyanswer,emptyanswer,emptyanswer,emptyanswer,emptyanswer,emptyanswer,emptyanswer,emptyanswer,emptyanswer
34R0BODSP0YAWJGHFVW0FLRCN2DE54,38JBBYETQO9VNK9BRSISZCHKGRS4EC,APEB5ERGCYP6D,Approved,Sat Mar 07 23:55:32 EST 2015,Sat Mar 07 23:57:12 EST 2015,world wide web contains rich textual contents,areinterconnected via complex hyperlinks,huge database violates the assumption,considerable attention but are still in an early stage,hypertext classification on the WebKB and Cora benchmarks,emptyanswer,emptyanswer,emptyanswer,emptyanswer,emptyanswer,emptyanswer,emptyanswer,emptyanswer,emptyanswer,emptyanswer,emptyanswer
34R0BODSP0YAWJGHFVW0FLRCN2DE54,3YDTZAI2WXFW3JFZF4NDSSYQRJ3147,A2KELEVTA0306Y,Approved,Sun Mar 08 08:29:31 EDT 2015,Sun Mar 08 08:31:34 EDT 2015,world,wide,web,contains,rich,textual,contents,areinterconnected,complex,hyperlinks,huge,database,violates,assumption,conventional,sample
34R0BODSP0YAWJGHFVW0FLRCN2DE54,3GM6G9ZBKNWDGTGENR7JKSYL5TOMT5,A156NFBMKKLDL9,Approved,Sun Mar 08 13:47:12 EDT 2015,Sun Mar 08 13:48:01 EDT 2015,Matrix Factorization,Link Classification,compact representation of web pages,Content,web page classification,emptyanswer,emptyanswer,emptyanswer,emptyanswer,emptyanswer,emptyanswer,emptyanswer,emptyanswer,emptyanswer,emptyanswer,emptyanswer
34R0BODSP0YAWJGHFVW0FLRCN2DE54,3QFUFYSY9YENTY97M32YHU2KSTY4FN,A3G4SXD4N30C3L,Approved,Sun Mar 08 15:27:50 EDT 2015,Sun Mar 08 15:28:33 EDT 2015,Combining Content and Link for Classification,Matrix Factorization,hyperlinks,conventional statistical methods,traditional mining,hypertext classification,WebKB,cora,emptyanswer,emptyanswer,emptyanswer,emptyanswer,emptyanswer,emptyanswer,emptyanswer,emptyanswer
34R0BODSP0YAWJGHFVW0FLRCN2DE54,37M28K1J0QCI0PBKEU3A9VGCDB2AJ0,A156E6TWVB7GP7,Approved,Sun Mar 08 22:54:02 EDT 2015,Sun Mar 08 22:56:29 EDT 2015,World Wide Web,Classification,exploit the content and linkage information,demonstrates accuracy,hypertext,emptyanswer,emptyanswer,emptyanswer,emptyanswer,emptyanswer,emptyanswer,emptyanswer,emptyanswer,emptyanswer,emptyanswer,emptyanswer
34R0BODSP0YAWJGHFVW0FLRCN2DE54,3RUIQRXJBBN5RYQOE64DYO9FBCGLL5,A12J6O77R7WG93,Approved,Mon Mar 09 02:08:38 EDT 2015,Mon Mar 09 02:11:41 EDT 2015,world wide web,rich textual contents,complex hyperlinks,huge database violates,conventional statistical methods,traditional mining,web mining problems,authority information,emptyanswer,emptyanswer,emptyanswer,emptyanswer,emptyanswer,emptyanswer,emptyanswer,emptyanswer
34R0BODSP0YAWJGHFVW0FLRCN2DE54,3L6L49WXW0WVR1GIGRPPVIB731X54M,A2SZAM3EZER2PH,Approved,Mon Mar 09 06:23:22 EDT 2015,Mon Mar 09 06:24:31 EDT 2015,rich textual,assumption,authority information,document-term matrix,hypertext classification,emptyanswer,emptyanswer,emptyanswer,emptyanswer,emptyanswer,emptyanswer,emptyanswer,emptyanswer,emptyanswer,emptyanswer,emptyanswer
34R0BODSP0YAWJGHFVW0FLRCN2DE54,388U7OUMF703X0WFUXFQMGQQE7UR0U,A2E2IQ99W6B7AV,Approved,Mon Mar 09 17:36:58 EDT 2015,Mon Mar 09 17:38:09 EDT 2015,Hyperlinks,Database screening,Web page classification,Feature catagorization,Experimentation methods,emptyanswer,emptyanswer,emptyanswer,emptyanswer,emptyanswer,emptyanswer,emptyanswer,emptyanswer,emptyanswer,emptyanswer,emptyanswer
34R0BODSP0YAWJGHFVW0FLRCN2DE54,3KRVW3HTZNKC1T3ZYR2TAN2Z3CFSMV,ACYGMRGAZ22U7,Approved,Mon Mar 09 17:59:28 EDT 2015,Mon Mar 09 17:59:35 EDT 2015,Keyword/Keyphrase 1:,Keyword/Keyphrase 1:,Keyword/Keyphrase 1:,Keyword/Keyphrase 1:,Keyword/Keyphrase 1:,emptyanswer,emptyanswer,emptyanswer,emptyanswer,emptyanswer,emptyanswer,emptyanswer,emptyanswer,emptyanswer,emptyanswer,emptyanswer
34R0BODSP0YAWJGHFVW0FLRCN2DE54,3Y4W8Q93LZJPPREQFT8V2KZCT3LDV9,A3HPVFAF1U9WXK,Approved,Tue Mar 10 02:27:44 EDT 2015,Tue Mar 10 02:28:45 EDT 2015,Matrix Factorization,Classification,hyperlinks,benchmarks,Content,link,emptyanswer,emptyanswer,emptyanswer,emptyanswer,emptyanswer,emptyanswer,emptyanswer,emptyanswer,emptyanswer,emptyanswer
34R0BODSP0YAWJGHFVW0FLRCN2DE54,323Q6SJS8IFH5AX21AMHBJBOX2FFHN,A17JEL4FN1B9TB,Approved,Tue Mar 10 12:09:13 EDT 2015,Tue Mar 10 12:10:01 EDT 2015,Combining,Content,Link,Classification,Matrix,Factorization,emptyanswer,emptyanswer,emptyanswer,emptyanswer,emptyanswer,emptyanswer,emptyanswer,emptyanswer,emptyanswer,emptyanswer
34R0BODSP0YAWJGHFVW0FLRCN2DE54,3X1FV8S5JXQS1BOHHJ9385296WSVGU,AW36CVMS3526O,Approved,Tue Mar 10 13:39:38 EDT 2015,Tue Mar 10 13:40:32 EDT 2015,Classification,hyperlinks,adjacency,performed,benchmarks,emptyanswer,emptyanswer,emptyanswer,emptyanswer,emptyanswer,emptyanswer,emptyanswer,emptyanswer,emptyanswer,emptyanswer,emptyanswer
34R0BODSP0YAWJGHFVW0FLRCN2DE54,3S4AW7T80BH9TQJ38E5WC774PUF4LX,A3UY2GVCKC8LSL,Approved,Tue Mar 10 23:52:10 EDT 2015,Tue Mar 10 23:52:59 EDT 2015,conventional statistical methods,state-of-the-art,WebKB and Cora benchmarks,Matrix Factorization,Combining Content,emptyanswer,emptyanswer,emptyanswer,emptyanswer,emptyanswer,emptyanswer,emptyanswer,emptyanswer,emptyanswer,emptyanswer,emptyanswer
34R0BODSP0YAWJGHFVW0FLRCN2DE54,3II4UPYCOJ6XKJI9TUELWX04CDZQDP,A3K6BSW10S4YKJ,Approved,Wed Mar 11 01:16:37 EDT 2015,Wed Mar 11 01:18:35 EDT 2015,world wide web,solving web mining problems,the paper aims to design an algorithm that exploits both the content and linkage information,linkage adjacency matrix,the document-term matrix,WebKB and Cora benchmarks,emptyanswer,emptyanswer,emptyanswer,emptyanswer,emptyanswer,emptyanswer,emptyanswer,emptyanswer,emptyanswer,emptyanswer
34R0BODSP0YAWJGHFVW0FLRCN2DE54,37XITHEISW8NRSRV6D8AHHSRNZZCRM,ATRHDYWCIYTDJ,Approved,Wed Mar 11 04:42:58 EDT 2015,Wed Mar 11 04:43:15 EDT 2015,contents,method,demonstrates,violates,proposed,emptyanswer,emptyanswer,emptyanswer,emptyanswer,emptyanswer,emptyanswer,emptyanswer,emptyanswer,emptyanswer,emptyanswer,emptyanswer
34R0BODSP0YAWJGHFVW0FLRCN2DE54,32RIADZISS3WX3ETSN2XOTLZHP6S4K,AL9R6CILUG30X,Approved,Wed Mar 11 07:22:10 EDT 2015,Wed Mar 11 07:25:38 EDT 2015,textual contents,web mining,content and linkage information,linkage adjacency matrix,document-term matrix,WebKB benchmark,Cora benchmark,emptyanswer,emptyanswer,emptyanswer,emptyanswer,emptyanswer,emptyanswer,emptyanswer,emptyanswer,emptyanswer
34R0BODSP0YAWJGHFVW0FLRCN2DE54,3GM6G9ZBKNWDGTGENR7JKSYL5Z5TM5,A3CMDYA9USA3MR,Approved,Wed Mar 11 07:52:12 EDT 2015,Wed Mar 11 07:53:26 EDT 2015,textual,areinterconnected,hyperlinks,violates,compared,emptyanswer,emptyanswer,emptyanswer,emptyanswer,emptyanswer,emptyanswer,emptyanswer,emptyanswer,emptyanswer,emptyanswer,emptyanswer
34R0BODSP0YAWJGHFVW0FLRCN2DE54,3BXQMRHWKZXSG6V3NWXTPOKNODMUM7,A28IXE702NXWKQ,Approved,Wed Mar 11 13:47:20 EDT 2015,Wed Mar 11 13:49:42 EDT 2015,rich textual,complex hyperlinks,assumption,joint factorization,Cora benchmarks,emptyanswer,emptyanswer,emptyanswer,emptyanswer,emptyanswer,emptyanswer,emptyanswer,emptyanswer,emptyanswer,emptyanswer,emptyanswer
34R0BODSP0YAWJGHFVW0FLRCN2DE54,3JV9LGBJWTDXBRFKG7NPDD81A5UGOG,A2KS418T8MPLJH,Approved,Wed Mar 11 16:52:17 EDT 2015,Wed Mar 11 16:53:21 EDT 2015,Combining Content and Link for Classification using Matrix Factorization,The world wide web contains rich textual contents that areinterconnected via complex hyperlinks,"web page classification, by exploiting both the content and the link structure",Though a few methods exploit both the link structure or the content information,Further analysis can be performed based on the compact representation of web pages,emptyanswer,emptyanswer,emptyanswer,emptyanswer,emptyanswer,emptyanswer,emptyanswer,emptyanswer,emptyanswer,emptyanswer,emptyanswer
34R0BODSP0YAWJGHFVW0FLRCN2DE54,3DEL4X4EL6KKRRECB4WR3Q6YR55XYG,A2UNRV6PEOEXG0,Approved,Wed Mar 11 23:37:50 EDT 2015,Wed Mar 11 23:39:46 EDT 2015,Matrix Factorization,web mining problems,hypertext classification,content and linkage information,linkage adjacency matrix,emptyanswer,emptyanswer,emptyanswer,emptyanswer,emptyanswer,emptyanswer,emptyanswer,emptyanswer,emptyanswer,emptyanswer,emptyanswer
34R0BODSP0YAWJGHFVW0FLRCN2DE54,3Z7ISHFUH0UUHGN9ZIMI1YY77RZ8ZC,AM1HY736BY3Z8,Approved,Thu Mar 12 13:24:08 EDT 2015,Thu Mar 12 13:25:19 EDT 2015,Combining Content and Link for Classification using Matrix Factorization,The world wide web contains rich textual contents that areinterconnected via complex hyperlinks.,This huge database violates the assumption held by most of conventional statistical methods that each web page is considered as an independent and identical sample.,"Being practically attractive for its great simplicity, this paper aims to design an algorithm that exploits both the content and linkage information, by carrying out a joint factorization on both the linkage adjacency matrix and the document-term matrix,","In the experiments, the proposed method is compared with state-of-the-art methods and demonstrates an excellent accuracy in hypertext classification on the WebKB and Cora benchmarks.",emptyanswer,emptyanswer,emptyanswer,emptyanswer,emptyanswer,emptyanswer,emptyanswer,emptyanswer,emptyanswer,emptyanswer,emptyanswer
34R0BODSP0YAWJGHFVW0FLRCN2DE54,3TU5ZICBRD0L3OMICM35A5M32OFQ81,A3MVLTRGO37TJD,Approved,Thu Mar 12 14:16:33 EDT 2015,Thu Mar 12 14:19:33 EDT 2015,"world wide web contains rich textual contents that areinterconnected VIA complex hyperlinks ,which violates the assumption held by most of conventional statistical methods","difficult to apply traditional mining or learning methods for solving web mining problems,","difficult to apply traditional mining or learning methods for solving web mining problems, e.g., web page classification, by exploiting both the content and the link structure. The research in this direction has recently received considerable attention but are still in an early stage. Though a few methods exploit",analysis can be performed based on the compact representation of web pages.,the proposed method is compared with state-of-the-art methods and demonstrates an excellent accuracy in hypertext classification on the WebKB and Cora benchmarks.,emptyanswer,emptyanswer,emptyanswer,emptyanswer,emptyanswer,emptyanswer,emptyanswer,emptyanswer,emptyanswer,emptyanswer,emptyanswer
34R0BODSP0YAWJGHFVW0FLRCN2DE54,3EKVH9QMEY3GS0GORJOK0F21XA0D2K,AU3WQKISBW5MZ,Approved,Thu Mar 12 14:37:38 EDT 2015,Thu Mar 12 14:37:54 EDT 2015,"The research in this direction has recently received considerable attention but are still in an early stage. Though a few methods exploit both the link structure or the content information, some of them combine the only authority information with the content information, and the others first decompose the link structure into hub and authority features, then apply them as additional document features. Being practically attractive for its great simplicity, this paper aims to design an algorithm that exploits both the content and linkage information, by carrying out a joint factorization on both the linkage adjacency matrix and the document-term matrix, and derives a new representation for web pages in a low-dimensional factor space, without explicitly separating them as content, hub or authority factors. Further analysis can be performed based on the compact representation of web pages. In the experiments, the proposed method is compared with state-of-the-art methods and demonstrates an excellent accuracy in hypertext classification on the WebKB and Cora benchmarks.","The research in this direction has recently received considerable attention but are still in an early stage. Though a few methods exploit both the link structure or the content information, some of them combine the only authority information with the content information, and the others first decompose the link structure into hub and authority features, then apply them as additional document features. Being practically attractive for its great simplicity, this paper aims to design an algorithm that exploits both the content and linkage information, by carrying out a joint factorization on both the linkage adjacency matrix and the document-term matrix, and derives a new representation for web pages in a low-dimensional factor space, without explicitly separating them as content, hub or authority factors. Further analysis can be performed based on the compact representation of web pages. In the experiments, the proposed method is compared with state-of-the-art methods and demonstrates an excellent accuracy in hypertext classification on the WebKB and Cora benchmarks.","The research in this direction has recently received considerable attention but are still in an early stage. Though a few methods exploit both the link structure or the content information, some of them combine the only authority information with the content information, and the others first decompose the link structure into hub and authority features, then apply them as additional document features. Being practically attractive for its great simplicity, this paper aims to design an algorithm that exploits both the content and linkage information, by carrying out a joint factorization on both the linkage adjacency matrix and the document-term matrix, and derives a new representation for web pages in a low-dimensional factor space, without explicitly separating them as content, hub or authority factors. Further analysis can be performed based on the compact representation of web pages. In the experiments, the proposed method is compared with state-of-the-art methods and demonstrates an excellent accuracy in hypertext classification on the WebKB and Cora benchmarks.","The research in this direction has recently received considerable attention but are still in an early stage. Though a few methods exploit both the link structure or the content information, some of them combine the only authority information with the content information, and the others first decompose the link structure into hub and authority features, then apply them as additional document features. Being practically attractive for its great simplicity, this paper aims to design an algorithm that exploits both the content and linkage information, by carrying out a joint factorization on both the linkage adjacency matrix and the document-term matrix, and derives a new representation for web pages in a low-dimensional factor space, without explicitly separating them as content, hub or authority factors. Further analysis can be performed based on the compact representation of web pages. In the experiments, the proposed method is compared with state-of-the-art methods and demonstrates an excellent accuracy in hypertext classification on the WebKB and Cora benchmarks.","The research in this direction has recently received considerable attention but are still in an early stage. Though a few methods exploit both the link structure or the content information, some of them combine the only authority information with the content information, and the others first decompose the link structure into hub and authority features, then apply them as additional document features. Being practically attractive for its great simplicity, this paper aims to design an algorithm that exploits both the content and linkage information, by carrying out a joint factorization on both the linkage adjacency matrix and the document-term matrix, and derives a new representation for web pages in a low-dimensional factor space, without explicitly separating them as content, hub or authority factors. Further analysis can be performed based on the compact representation of web pages. In the experiments, the proposed method is compared with state-of-the-art methods and demonstrates an excellent accuracy in hypertext classification on the WebKB and Cora benchmarks.",emptyanswer,emptyanswer,emptyanswer,emptyanswer,emptyanswer,emptyanswer,emptyanswer,emptyanswer,emptyanswer,emptyanswer,emptyanswer
34R0BODSP0YAWJGHFVW0FLRCN2DE54,3RGU30DZTA7J2QK9BXTFIMBC8ZFJMW,A3MRB8TFD1IUS6,Approved,Thu Mar 12 15:23:05 EDT 2015,Thu Mar 12 15:25:12 EDT 2015,Combining Content and Link,Classification,Matrix Factorization,hyperlinks,web mining problems,Cora benchmarks,emptyanswer,emptyanswer,emptyanswer,emptyanswer,emptyanswer,emptyanswer,emptyanswer,emptyanswer,emptyanswer,emptyanswer
34R0BODSP0YAWJGHFVW0FLRCN2DE54,34S6N1K2ZVI3527YNLPF6WG8V2RHLT,ADVZAZ12Z8N9J,Approved,Thu Mar 12 19:08:40 EDT 2015,Thu Mar 12 19:11:38 EDT 2015,The world wide web contains rich textual contents that areinterconnected via complex hyperlinks.,N/A,N/A,N/A,N/A,emptyanswer,emptyanswer,emptyanswer,emptyanswer,emptyanswer,emptyanswer,emptyanswer,emptyanswer,emptyanswer,emptyanswer,emptyanswer
34R0BODSP0YAWJGHFVW0FLRCN2DE54,3DL65MZB8DEYIOMQK7OAIAT89DQECZ,A2SDTL2V8VJ25O,Approved,Thu Mar 12 21:03:16 EDT 2015,Thu Mar 12 21:03:46 EDT 2015,Combining,Classification,Factorization,areinterconnected,demonstrates,emptyanswer,emptyanswer,emptyanswer,emptyanswer,emptyanswer,emptyanswer,emptyanswer,emptyanswer,emptyanswer,emptyanswer,emptyanswer
34R0BODSP0YAWJGHFVW0FLRCN2DE54,3TPWUS5F890SZO8H57IG4G08GIMWCQ,A1JWEYGDFDB100,Approved,Fri Mar 13 10:25:13 EDT 2015,Fri Mar 13 10:26:22 EDT 2015,Combining Content,Link for Classification,Matrix Factorization,rich textual contents,complex hyperlinks,emptyanswer,emptyanswer,emptyanswer,emptyanswer,emptyanswer,emptyanswer,emptyanswer,emptyanswer,emptyanswer,emptyanswer,emptyanswer
34R0BODSP0YAWJGHFVW0FLRCN2DE54,3U088ZLJVKS85WD1TRPW9FY77TS0W4,A1A9GCQVBEMT58,Approved,Fri Mar 13 12:51:45 EDT 2015,Fri Mar 13 13:00:54 EDT 2015,interconnected via complex hyperlinks,web mining problems,decompose the link structure,additional document features,"practically attractive,great simplicity",exploits both the content and linkage,joint factorization,linkage adjacency matrix,document-term matrix,low-dimensional factor space,excellent accuracy in hypertext classification,WebKB and Cora benchmarks,emptyanswer,emptyanswer,emptyanswer,emptyanswer
34R0BODSP0YAWJGHFVW0FLRCN2DE54,3YOH7BII096X3XK07AUI6XU2EJ8KVY,A3DTN2OMF6DUSI,Approved,Fri Mar 13 23:23:02 EDT 2015,Fri Mar 13 23:23:08 EDT 2015,model,model,model,model,model,emptyanswer,emptyanswer,emptyanswer,emptyanswer,emptyanswer,emptyanswer,emptyanswer,emptyanswer,emptyanswer,emptyanswer,emptyanswer
34R0BODSP0YAWJGHFVW0FLRCN2DE54,3HMVI3QICJRC1QTJ4BBK8H2XNW61YL,A610SH5RY1NG1,Approved,Sat Mar 14 07:05:24 EDT 2015,Sat Mar 14 07:05:38 EDT 2015,Combining Content,Classification,Matrix,Factorization,hyperlinks,emptyanswer,emptyanswer,emptyanswer,emptyanswer,emptyanswer,emptyanswer,emptyanswer,emptyanswer,emptyanswer,emptyanswer,emptyanswer
34R0BODSP0YAWJGHFVW0FLRCN2DE54,3MTMREQS4VH469BJLTMPYLAKGIVAW2,A2Z9HR2IBD75R9,Approved,Sat Mar 14 09:53:44 EDT 2015,Sat Mar 14 09:54:13 EDT 2015,Combining,Content,Classification,Link,Factorization,emptyanswer,emptyanswer,emptyanswer,emptyanswer,emptyanswer,emptyanswer,emptyanswer,emptyanswer,emptyanswer,emptyanswer,emptyanswer
34R0BODSP0YAWJGHFVW0FLRCN2DE54,3FUI0JHJPXX7VQAA2UWD6GLHCG233O,A9HQ3E0F2AGVO,Approved,Sat Mar 14 16:12:32 EDT 2015,Sat Mar 14 16:13:18 EDT 2015,complex hyperlinks,Matrix Factorization,Cora,WebKB,accuracy,emptyanswer,emptyanswer,emptyanswer,emptyanswer,emptyanswer,emptyanswer,emptyanswer,emptyanswer,emptyanswer,emptyanswer,emptyanswer
34R0BODSP0YAWJGHFVW0FLRCN2DE54,3EA3QWIZ4IURKAQN2C9RSZR4PXBITJ,AH3ER3EJXHRO2,Approved,Sat Mar 14 16:30:03 EDT 2015,Sat Mar 14 16:30:25 EDT 2015,combining content,link for classification,matrix factorization,world wide web,hyperlinks,emptyanswer,emptyanswer,emptyanswer,emptyanswer,emptyanswer,emptyanswer,emptyanswer,emptyanswer,emptyanswer,emptyanswer,emptyanswer
34R0BODSP0YAWJGHFVW0FLRCN2DE54,34BBWHLWHAAJCRUHXHE2FJY3TRTIW9,AWFQ7OX0UPSM5,Approved,Sat Mar 14 16:31:41 EDT 2015,Sat Mar 14 16:32:58 EDT 2015,Classification,Matrix Factorization,complex hyperlinks,conventional statistical methods,traditional mining or learning methods,emptyanswer,emptyanswer,emptyanswer,emptyanswer,emptyanswer,emptyanswer,emptyanswer,emptyanswer,emptyanswer,emptyanswer,emptyanswer
34R0BODSP0YAWJGHFVW0FLRCN2DE54,3NXNZ5RS1AWBBB0DLF0DAA0JHA079G,A1HDFKT3ZGK25P,Approved,Sat Mar 14 17:17:41 EDT 2015,Sat Mar 14 17:21:10 EDT 2015,Matrix Factorization,Combining Content and Link for Classification,complex hyperlinks,web mining problems,algorithm exploits  content and linkage information,joint factorization,WebKB and Cora benchmarks,web page classification,emptyanswer,emptyanswer,emptyanswer,emptyanswer,emptyanswer,emptyanswer,emptyanswer,emptyanswer
34R0BODSP0YAWJGHFVW0FLRCN2DE54,3WOKGM4L71F00N4Z25YMSLLL4WP0OY,A1BV5YY1UQCMZY,Approved,Sat Mar 14 20:25:46 EDT 2015,Sat Mar 14 20:26:39 EDT 2015,matrix factorization,link for classification,combining content,database,webka,analysis,cora,benchmarks,emptyanswer,emptyanswer,emptyanswer,emptyanswer,emptyanswer,emptyanswer,emptyanswer,emptyanswer
34R0BODSP0YAWJGHFVW0FLRCN2DE54,3LOZAJ85YDCUQ6L5IJPWUM5TDYGX2M,A29ZV4XJB7R1O,Approved,Sat Mar 14 20:45:13 EDT 2015,Sat Mar 14 20:55:05 EDT 2015,Combining,Content,Link,Classification,Matrix,emptyanswer,emptyanswer,emptyanswer,emptyanswer,emptyanswer,emptyanswer,emptyanswer,emptyanswer,emptyanswer,emptyanswer,emptyanswer
34R0BODSP0YAWJGHFVW0FLRCN2DE54,3DHE4R9OCWAJ4KQFT9PS605YA8OG2H,A1G94QON7A9K0N,Approved,Sat Mar 14 21:07:23 EDT 2015,Sat Mar 14 21:07:52 EDT 2015,textual,hyperlinks,space,attractive,matrix,emptyanswer,emptyanswer,emptyanswer,emptyanswer,emptyanswer,emptyanswer,emptyanswer,emptyanswer,emptyanswer,emptyanswer,emptyanswer
