HitId,AssignmentId,WorkerId,Status,AcceptTime,SubmitTime,Answer 1,Answer 2,Answer 3,Answer 4,Answer 5,Answer 6,Answer 7,Answer 8,Answer 9,Answer 10,Answer 11,Answer 12,Answer 13,Answer 14,Answer 15,Answer 16
367O8HRHKF7TAJHZ2LXVZAPDOXS4SR,36U2A8VAG1YE7RF5CLH2DWYWV9OYKG,A17JEL4FN1B9TB,Approved,Mon Mar 02 12:36:52 EST 2015,Mon Mar 02 12:39:55 EST 2015,context,Sensitive,stemming,web,search,information,retrieval,emptyanswer,emptyanswer,emptyanswer,emptyanswer,emptyanswer,emptyanswer,emptyanswer,emptyanswer,emptyanswer
367O8HRHKF7TAJHZ2LXVZAPDOXS4SR,3PDJHANYK5FLMH4R0HJDHDYB4ISH6W,A1Z048705962W6,Approved,Mon Mar 02 12:40:05 EST 2015,Mon Mar 02 12:40:52 EST 2015,Information Retrieval,context sensitive stemming method,statistical language modeling,Discounted Cumulative Gain,Web search engine,emptyanswer,emptyanswer,emptyanswer,emptyanswer,emptyanswer,emptyanswer,emptyanswer,emptyanswer,emptyanswer,emptyanswer,emptyanswer
367O8HRHKF7TAJHZ2LXVZAPDOXS4SR,3S3AMIZX3U4TQI8QOCDQCSBN8DFDCI,A22R7DT2XQIKXV,Approved,Mon Mar 02 15:09:36 EST 2015,Mon Mar 02 15:09:42 EST 2015,aa,aa,aa,aa,aa,emptyanswer,emptyanswer,emptyanswer,emptyanswer,emptyanswer,emptyanswer,emptyanswer,emptyanswer,emptyanswer,emptyanswer,emptyanswer
367O8HRHKF7TAJHZ2LXVZAPDOXS4SR,3PPTZCWALQJ0NKN5LC3INPJ70AAZQS,A2R085B34P2LYS,Approved,Mon Mar 02 21:53:54 EST 2015,Mon Mar 02 21:58:41 EST 2015,Context,Sensitive,Stemming,Web,Search,optional,optional,optional,optional,optional,optional,optional,optional,optional,optional,optional
367O8HRHKF7TAJHZ2LXVZAPDOXS4SR,3TXD01ZLD4GCCG6XHSXX3U3N21VU40,A2YW509B0UMSEH,Approved,Tue Mar 03 05:08:07 EST 2015,Tue Mar 03 05:10:32 EST 2015,Web Search,Information Retrieval,traffic,stemming,query,emptyanswer,emptyanswer,emptyanswer,emptyanswer,emptyanswer,emptyanswer,emptyanswer,emptyanswer,emptyanswer,emptyanswer,emptyanswer
367O8HRHKF7TAJHZ2LXVZAPDOXS4SR,3EF8EXOTT1UM61YKIBAHYUN991RJ1K,A1B5NXRZQYRC4R,Approved,Tue Mar 03 06:44:04 EST 2015,Tue Mar 03 06:44:45 EST 2015,Context,Sensitive,Stemming,Web Search,Discounted Cumulative Gain,emptyanswer,emptyanswer,emptyanswer,emptyanswer,emptyanswer,emptyanswer,emptyanswer,emptyanswer,emptyanswer,emptyanswer,emptyanswer
367O8HRHKF7TAJHZ2LXVZAPDOXS4SR,3JZQSN0I3Q935E2RH44ZQJZNIJXGFI,A3ODG942FG22PJ,Approved,Tue Mar 03 08:54:07 EST 2015,Tue Mar 03 08:54:27 EST 2015,Context,Sensitive,Web,Search,DCG5,na,na,na,na,na,na,na,na,na,na,na
367O8HRHKF7TAJHZ2LXVZAPDOXS4SR,39O5D9O87TRV8Q6TVN7EZJPBH17C32,A26M2B8NZVKWTZ,Approved,Tue Mar 03 10:50:14 EST 2015,Tue Mar 03 10:50:59 EST 2015,Search,Stemming,Context,Sensitive,significant,emptyanswer,emptyanswer,emptyanswer,emptyanswer,emptyanswer,emptyanswer,emptyanswer,emptyanswer,emptyanswer,emptyanswer,emptyanswer
367O8HRHKF7TAJHZ2LXVZAPDOXS4SR,3EJJQNKU9R4E802BS5MBS8P707SHRK,A27I79P03I0ZPO,Approved,Tue Mar 03 10:59:54 EST 2015,Tue Mar 03 11:02:11 EST 2015,Context,Stemming,Sensitive,Search,WEB,emptyanswer,emptyanswer,emptyanswer,emptyanswer,emptyanswer,emptyanswer,emptyanswer,emptyanswer,emptyanswer,emptyanswer,emptyanswer
367O8HRHKF7TAJHZ2LXVZAPDOXS4SR,33FOTY3KEMKZYNSE8JTVBQAEJHV1C1,A1PXJWCNRYCBS5,Approved,Tue Mar 03 11:35:00 EST 2015,Tue Mar 03 11:36:29 EST 2015,Context sensitive stemming for web search,Information Retreival tasks,Transforming words,Discounted cumulative gain,morphological variants is useful to expand a query term,emptyanswer,emptyanswer,emptyanswer,emptyanswer,emptyanswer,emptyanswer,emptyanswer,emptyanswer,emptyanswer,emptyanswer,emptyanswer
367O8HRHKF7TAJHZ2LXVZAPDOXS4SR,3AUQQEL7U5SVQ7DW3HK0NDFTZXBV0Z,A9LA6QK6VCERR,Approved,Wed Mar 04 00:25:43 EST 2015,Wed Mar 04 00:27:22 EST 2015,Context Sensitive Stemming,stemming  Information Retrieval tasks,statistical language modeling,Discounted Cumulative Gain,(DCG5),context sensitive analysis on the query side,emptyanswer,emptyanswer,emptyanswer,emptyanswer,emptyanswer,emptyanswer,emptyanswer,emptyanswer,emptyanswer,emptyanswer
367O8HRHKF7TAJHZ2LXVZAPDOXS4SR,340UGXU9DY0B6TPC1OYKCK30FN7UVV,A3S81UFDOWF2ST,Approved,Wed Mar 04 10:04:50 EST 2015,Wed Mar 04 10:05:40 EST 2015,Context Sensitive Stemming,Web Search,Information Retrieval,query terms,precision,emptyanswer,emptyanswer,emptyanswer,emptyanswer,emptyanswer,emptyanswer,emptyanswer,emptyanswer,emptyanswer,emptyanswer,emptyanswer
367O8HRHKF7TAJHZ2LXVZAPDOXS4SR,3Z4XG4ZF48Q5CLNUY0YX4DIWY7R8X0,A3H35QRODK1C4K,Approved,Wed Mar 04 10:58:31 EST 2015,Wed Mar 04 10:59:54 EST 2015,context,sensitive,stemming,web,search,emptyanswer,emptyanswer,emptyanswer,emptyanswer,emptyanswer,emptyanswer,emptyanswer,emptyanswer,emptyanswer,emptyanswer,emptyanswer
367O8HRHKF7TAJHZ2LXVZAPDOXS4SR,3KOPY89HM81IG4CZ5FO0MN267NL3JG,A3FFZN4FO3Q789,Approved,Wed Mar 04 11:03:42 EST 2015,Wed Mar 04 11:06:57 EST 2015,preliminary,preliminary,preliminary,preliminary,preliminary,emptyanswer,emptyanswer,emptyanswer,emptyanswer,emptyanswer,emptyanswer,emptyanswer,emptyanswer,emptyanswer,emptyanswer,emptyanswer
367O8HRHKF7TAJHZ2LXVZAPDOXS4SR,3UJ1CZ6IZHOETMIT6SL7TLRDH2US5G,A3UY2GVCKC8LSL,Approved,Wed Mar 04 12:17:08 EST 2015,Wed Mar 04 12:19:16 EST 2015,context sensitive stemming,web search,stemming,information retrieval,root form,morphological variants,emptyanswer,emptyanswer,emptyanswer,emptyanswer,emptyanswer,emptyanswer,emptyanswer,emptyanswer,emptyanswer,emptyanswer
367O8HRHKF7TAJHZ2LXVZAPDOXS4SR,33SA9F9TRXT7WMSV1YOBU40B08QWE1,A1W7BQWWGKJ3XF,Approved,Wed Mar 04 12:26:06 EST 2015,Wed Mar 04 12:44:16 EST 2015,Context Sensitive Stemming,Web Search,Information Retrieval tasks,root form,indexing,precision,query,emptyanswer,emptyanswer,emptyanswer,emptyanswer,emptyanswer,emptyanswer,emptyanswer,emptyanswer,emptyanswer
367O8HRHKF7TAJHZ2LXVZAPDOXS4SR,3ERMJ6L4DYRQIVJ7AO4IFW63GKL7ME,A2F6ZON8X5EAGL,Approved,Wed Mar 04 16:12:24 EST 2015,Wed Mar 04 16:12:52 EST 2015,Context Sensitive Stemming for Web Search,paper,stemming,improves,discounted,emptyanswer,emptyanswer,emptyanswer,emptyanswer,emptyanswer,emptyanswer,emptyanswer,emptyanswer,emptyanswer,emptyanswer,emptyanswer
367O8HRHKF7TAJHZ2LXVZAPDOXS4SR,3RSDURM96ALBLRNVGZ6ZF1LRBHFEY9,A3OTLWGJFB65KD,Approved,Wed Mar 04 19:27:08 EST 2015,Wed Mar 04 19:27:18 EST 2015,nothing,nothing,nothing,nothing,nothing,emptyanswer,emptyanswer,emptyanswer,emptyanswer,emptyanswer,emptyanswer,emptyanswer,emptyanswer,emptyanswer,emptyanswer,emptyanswer
367O8HRHKF7TAJHZ2LXVZAPDOXS4SR,3A4TN5196KHA2YDSA8WG3DQL092HCX,A3LUJSAN4DQ1ZT,Approved,Wed Mar 04 22:05:26 EST 2015,Wed Mar 04 22:06:25 EST 2015,Context sensitive,Stemming,DCG5,Traffic,Morphological,emptyanswer,emptyanswer,emptyanswer,emptyanswer,emptyanswer,emptyanswer,emptyanswer,emptyanswer,emptyanswer,emptyanswer,emptyanswer
367O8HRHKF7TAJHZ2LXVZAPDOXS4SR,3S4AW7T80BH9TQJ38E5WC774PEKL4N,A1YLO4LT02D2F0,Approved,Thu Mar 05 02:43:48 EST 2015,Thu Mar 05 02:46:02 EST 2015,applied to Information Retrieval tasks,Two unique properties make our approach feasible,improves the precision at the same time,it turns out to be very important for improving precision,can improve relevance as measured by average Discounted Cumulative Gain (DCG5),emptyanswer,emptyanswer,emptyanswer,emptyanswer,emptyanswer,emptyanswer,emptyanswer,emptyanswer,emptyanswer,emptyanswer,emptyanswer
367O8HRHKF7TAJHZ2LXVZAPDOXS4SR,3WRFBPLXRANEZU3KKDGSFUJNGAL3NL,A1QUDNLO95AKS5,Approved,Thu Mar 05 10:54:57 EST 2015,Thu Mar 05 10:55:33 EST 2015,Context Sensitive Stemming,Web Search,transformation,cost of additional computation,improving precision,emptyanswer,emptyanswer,emptyanswer,emptyanswer,emptyanswer,emptyanswer,emptyanswer,emptyanswer,emptyanswer,emptyanswer,emptyanswer
367O8HRHKF7TAJHZ2LXVZAPDOXS4SR,3UOUJI6MTDD3AIU713Z2050LV25XUZ,ADUJUZANFOWKW,Approved,Thu Mar 05 16:04:42 EST 2015,Thu Mar 05 16:05:13 EST 2015,information,retrieval,analysis,query,search,emptyanswer,emptyanswer,emptyanswer,emptyanswer,emptyanswer,emptyanswer,emptyanswer,emptyanswer,emptyanswer,emptyanswer,emptyanswer
367O8HRHKF7TAJHZ2LXVZAPDOXS4SR,3U088ZLJVKS85WD1TRPW9FY76BY0W9,A3I10J1GPDAPQR,Approved,Thu Mar 05 16:28:07 EST 2015,Thu Mar 05 16:30:20 EST 2015,Context Sensitive Stemming,Web Search,Discounted Cumulative Gain,Information Retrieval tasks,indexing,emptyanswer,emptyanswer,emptyanswer,emptyanswer,emptyanswer,emptyanswer,emptyanswer,emptyanswer,emptyanswer,emptyanswer,emptyanswer
367O8HRHKF7TAJHZ2LXVZAPDOXS4SR,3WS1NTTKEYB6UAR632FW5RC7B8H0FK,A3G4SXD4N30C3L,Approved,Thu Mar 05 18:01:23 EST 2015,Thu Mar 05 18:02:15 EST 2015,Context Sensitive Stemming,Web Search,Information Retrieval,statistical language modeling,context sensitive document matching,word pluralization handling,emptyanswer,emptyanswer,emptyanswer,emptyanswer,emptyanswer,emptyanswer,emptyanswer,emptyanswer,emptyanswer,emptyanswer
367O8HRHKF7TAJHZ2LXVZAPDOXS4SR,3IGI0VL647J3LJW63B0K3XHYB3OONC,A3DHYTZ1GPN0T8,Approved,Thu Mar 05 21:32:49 EST 2015,Thu Mar 05 21:33:27 EST 2015,Traditionally,stemming,Information Retrieval,dramatically,Discounted Cumulative Gain (DCG5) by 6.1% on these queriesand 1.8% over all query traffic,emptyanswer,emptyanswer,emptyanswer,emptyanswer,emptyanswer,emptyanswer,emptyanswer,emptyanswer,emptyanswer,emptyanswer,emptyanswer
367O8HRHKF7TAJHZ2LXVZAPDOXS4SR,3EFE17QCRC4Q9F2O7UMGIIU3MJ2SHU,A2KELEVTA0306Y,Approved,Fri Mar 06 07:35:25 EST 2015,Fri Mar 06 07:37:37 EST 2015,Traditionally,stemming,transforming,naive,significant,sensitive,morphological,feasible,expansions,safeguard,pluralization,queriesand,stemming,Cumulative,variants,analysis
367O8HRHKF7TAJHZ2LXVZAPDOXS4SR,3E13VNJ1NNUQBQEE0TPHMT89WX11IB,AQXSUU4I4DAH8,Approved,Fri Mar 06 12:19:45 EST 2015,Fri Mar 06 12:20:27 EST 2015,Information Retrieval tasks,Context Sensitive Stemming,sensitive stemming method,29% of the query traffic,Discounted Cumulative Gain,emptyanswer,emptyanswer,emptyanswer,emptyanswer,emptyanswer,emptyanswer,emptyanswer,emptyanswer,emptyanswer,emptyanswer,emptyanswer
367O8HRHKF7TAJHZ2LXVZAPDOXS4SR,3TS1AR6UQQDKCLRQO105K6MUJSO7F4,APEB5ERGCYP6D,Approved,Fri Mar 06 22:24:21 EST 2015,Fri Mar 06 22:31:42 EST 2015,lowers precision,sensitive stemming method,statistical language modeling,Discounted Cumulative Gain,morphological variants,emptyanswer,emptyanswer,emptyanswer,emptyanswer,emptyanswer,emptyanswer,emptyanswer,emptyanswer,emptyanswer,emptyanswer,emptyanswer
367O8HRHKF7TAJHZ2LXVZAPDOXS4SR,36H9ULYP62TDWGSSPAP2NWR3AOLFJI,AWQK8QA93VLW9,Approved,Sat Mar 07 08:52:31 EST 2015,Sat Mar 07 08:54:13 EST 2015,Context Sensitive Stemming,Web Search,statistical language modeling,context sensitive analysis,query,morphological variants,search engine,document matching,Discounted Cumulative Gain,emptyanswer,emptyanswer,emptyanswer,emptyanswer,emptyanswer,emptyanswer,emptyanswer
367O8HRHKF7TAJHZ2LXVZAPDOXS4SR,3TXMY6UCAENNFRCVTYJACRIMR6OQCC,A3K6BSW10S4YKJ,Approved,Sat Mar 07 10:57:00 EST 2015,Sat Mar 07 10:59:21 EST 2015,stemming,Information Retrieval tasks,indexing,context sensitive stemming method,statistical language modeling,morphological variants,spurious stemming,word pluralization,29% of the query traffic,average Discounted Cumulative Gain (DCG5) by 6.1%,1.8% over all query traffic,emptyanswer,emptyanswer,emptyanswer,emptyanswer,emptyanswer
367O8HRHKF7TAJHZ2LXVZAPDOXS4SR,34S6N1K2ZVI3527YNLPF6WG8USDLHY,A2GBY8O6GYSB89,Approved,Sat Mar 07 13:09:12 EST 2015,Sat Mar 07 13:10:23 EST 2015,Context Sensitive Stemming,Web Search,Information Retrieval tasks,query terms,sensitive stemming method,emptyanswer,emptyanswer,emptyanswer,emptyanswer,emptyanswer,emptyanswer,emptyanswer,emptyanswer,emptyanswer,emptyanswer,emptyanswer
367O8HRHKF7TAJHZ2LXVZAPDOXS4SR,39GXDJN2OTDD8WIZYLXFGSLBI7TV8G,A9HQ3E0F2AGVO,Approved,Sat Mar 07 15:37:32 EST 2015,Sat Mar 07 15:38:20 EST 2015,stemming,Information Retrieval,query terms,Web Search,Discounted Cumulative Gain (DCG5),emptyanswer,emptyanswer,emptyanswer,emptyanswer,emptyanswer,emptyanswer,emptyanswer,emptyanswer,emptyanswer,emptyanswer,emptyanswer
367O8HRHKF7TAJHZ2LXVZAPDOXS4SR,3UWN2HHPUY4IJBOZASHTN2RZ8ZNSNN,ANB69EQROUTQJ,Approved,Sat Mar 07 21:52:39 EST 2015,Sat Mar 07 21:54:41 EST 2015,WEB SEARCH,CONTEXT SENSITIVE STEMMING,INFORMATION RETRIEVAL,STATISTICAL LANGUAGE MODELING,CONTEXT SENSITIVE ANALYSIS,REDUCE BAD EXPANSIONS,emptyanswer,emptyanswer,emptyanswer,emptyanswer,emptyanswer,emptyanswer,emptyanswer,emptyanswer,emptyanswer,emptyanswer
367O8HRHKF7TAJHZ2LXVZAPDOXS4SR,3U0SRXB7CD46IWOMV3HOXSM3MXDRN7,A38IE69ORDCEGY,Approved,Sat Mar 07 23:50:58 EST 2015,Sat Mar 07 23:53:18 EST 2015,Web search,context sensitive stemming,statistical language modeling,search engine optimization,discounted cumulative gain,emptyanswer,emptyanswer,emptyanswer,emptyanswer,emptyanswer,emptyanswer,emptyanswer,emptyanswer,emptyanswer,emptyanswer,emptyanswer
367O8HRHKF7TAJHZ2LXVZAPDOXS4SR,39ASUFLU6X6MLMXLB3KXWNEI9NNEXT,A156NFBMKKLDL9,Approved,Sun Mar 08 14:47:23 EDT 2015,Sun Mar 08 14:48:05 EDT 2015,Context Sensitive Stemming,Web Search,statistical language modeling,query term,word pluralization handling,emptyanswer,emptyanswer,emptyanswer,emptyanswer,emptyanswer,emptyanswer,emptyanswer,emptyanswer,emptyanswer,emptyanswer,emptyanswer
367O8HRHKF7TAJHZ2LXVZAPDOXS4SR,3WS1NTTKEYB6UAR632FW5RC7BHIF0I,A1AWEM2XEAVOVQ,Approved,Sun Mar 08 15:22:26 EDT 2015,Sun Mar 08 15:24:39 EDT 2015,web search,stemming,context sensitive stemming method,context sensitive document matching,word pluralization handling,emptyanswer,emptyanswer,emptyanswer,emptyanswer,emptyanswer,emptyanswer,emptyanswer,emptyanswer,emptyanswer,emptyanswer,emptyanswer
367O8HRHKF7TAJHZ2LXVZAPDOXS4SR,3QAVNHZ3EM3OVFZKHFFNPAT4H04LAA,A5UZTMO507YXX,Approved,Sun Mar 08 22:22:58 EDT 2015,Sun Mar 08 22:23:31 EDT 2015,Context Sensitive Stemming,Web Research,Information Retrieval,Query terms,Discounted Cumulative Gain,emptyanswer,emptyanswer,emptyanswer,emptyanswer,emptyanswer,emptyanswer,emptyanswer,emptyanswer,emptyanswer,emptyanswer,emptyanswer
367O8HRHKF7TAJHZ2LXVZAPDOXS4SR,3LUY3GC63ZZW3YGK24WAW00YL3SP7G,A2SZAM3EZER2PH,Approved,Mon Mar 09 07:47:10 EDT 2015,Mon Mar 09 07:47:54 EDT 2015,Information Retrieval tasks,requires a significant amount,This dramatically reduces,safeguard against,queriesand 1.8%,emptyanswer,emptyanswer,emptyanswer,emptyanswer,emptyanswer,emptyanswer,emptyanswer,emptyanswer,emptyanswer,emptyanswer,emptyanswer
367O8HRHKF7TAJHZ2LXVZAPDOXS4SR,3HQUKB7LNFD1J6O8W0AHE4N1DFMHHD,ADVZAZ12Z8N9J,Approved,Mon Mar 09 11:29:06 EDT 2015,Mon Mar 09 11:55:18 EDT 2015,"Traditionally, stemming has been applied to Information Retrieval tasks by transforming words in documents to the their root form before indexing, and applying a similar transformation to query terms.",N/A,N/A,N/A,N/A,emptyanswer,emptyanswer,emptyanswer,emptyanswer,emptyanswer,emptyanswer,emptyanswer,emptyanswer,emptyanswer,emptyanswer,emptyanswer
367O8HRHKF7TAJHZ2LXVZAPDOXS4SR,31LM9EDVOLRPK859NY8FV10CCJCNJA,ACYGMRGAZ22U7,Approved,Mon Mar 09 18:01:27 EDT 2015,Mon Mar 09 18:01:33 EDT 2015,Keyword/Keyphrase 1:,Keyword/Keyphrase 1:,Keyword/Keyphrase 1:,Keyword/Keyphrase 1:,Keyword/Keyphrase 1:,emptyanswer,emptyanswer,emptyanswer,emptyanswer,emptyanswer,emptyanswer,emptyanswer,emptyanswer,emptyanswer,emptyanswer,emptyanswer
367O8HRHKF7TAJHZ2LXVZAPDOXS4SR,3FTYUGLFSUK8RXZB92QIYM5DGEHD5Y,A2E2IQ99W6B7AV,Approved,Mon Mar 09 18:36:03 EDT 2015,Mon Mar 09 18:36:57 EDT 2015,Context sensitivity,Stemming,Information retrieval,Web searching,Improved precision,emptyanswer,emptyanswer,emptyanswer,emptyanswer,emptyanswer,emptyanswer,emptyanswer,emptyanswer,emptyanswer,emptyanswer,emptyanswer
367O8HRHKF7TAJHZ2LXVZAPDOXS4SR,378XPAWRUCCM5EREWCIAXU1C0ZIAIZ,AW36CVMS3526O,Approved,Tue Mar 10 12:41:50 EDT 2015,Tue Mar 10 12:42:43 EDT 2015,Stemming,Traditionally,additional,morphological,queriesand,emptyanswer,emptyanswer,emptyanswer,emptyanswer,emptyanswer,emptyanswer,emptyanswer,emptyanswer,emptyanswer,emptyanswer,emptyanswer
367O8HRHKF7TAJHZ2LXVZAPDOXS4SR,3PW9OPU9PQJM050CBQ4PZD1S7AS217,ATRHDYWCIYTDJ,Approved,Wed Mar 11 04:43:59 EDT 2015,Wed Mar 11 04:44:11 EDT 2015,propose,stemming,addresses,properties,Cumulative,emptyanswer,emptyanswer,emptyanswer,emptyanswer,emptyanswer,emptyanswer,emptyanswer,emptyanswer,emptyanswer,emptyanswer,emptyanswer
367O8HRHKF7TAJHZ2LXVZAPDOXS4SR,35DR22AR5DJJBOHOMJ31DWALI4D3XJ,A3CMDYA9USA3MR,Approved,Wed Mar 11 07:56:04 EDT 2015,Wed Mar 11 07:57:41 EDT 2015,context,stemming,pluralization,average,Cumulative,emptyanswer,emptyanswer,emptyanswer,emptyanswer,emptyanswer,emptyanswer,emptyanswer,emptyanswer,emptyanswer,emptyanswer,emptyanswer
367O8HRHKF7TAJHZ2LXVZAPDOXS4SR,3L4D84MILZRXACJYK0D2QH3GQBLJHN,A1JWEYGDFDB100,Approved,Wed Mar 11 10:57:57 EDT 2015,Wed Mar 11 10:59:03 EDT 2015,Context Sensitive,Stemming,Web Search,Information Retrieval,morphological variants,emptyanswer,emptyanswer,emptyanswer,emptyanswer,emptyanswer,emptyanswer,emptyanswer,emptyanswer,emptyanswer,emptyanswer,emptyanswer
367O8HRHKF7TAJHZ2LXVZAPDOXS4SR,3M81GAB8A0I45MKPFYNF17C49TJBQ1,A28IXE702NXWKQ,Approved,Wed Mar 11 16:15:36 EDT 2015,Wed Mar 11 16:17:55 EDT 2015,"Traditionally, stemming has been applied",Information Retrieval tasks by transforming,we propose a context sensitive stemming method,our experiments on a major Web search engine,average Discounted Cumulative Gain (DCG5) by 6.1% on these queriesand 1.8% over all query traffic,emptyanswer,emptyanswer,emptyanswer,emptyanswer,emptyanswer,emptyanswer,emptyanswer,emptyanswer,emptyanswer,emptyanswer,emptyanswer
367O8HRHKF7TAJHZ2LXVZAPDOXS4SR,3TXWC2NHNZPXU9K59IYO51WF4IE9SU,A2KS418T8MPLJH,Approved,Thu Mar 12 11:21:36 EDT 2015,Thu Mar 12 11:22:28 EDT 2015,Context Sensitive Stemming for Web Search,Information Retrieval tasks by transforming words in documents to the their root form before indexing,"based on statistical language modeling, we perform context sensitive analysis on the query side",our approach performs a context sensitive document matching for those expanded variants,Discounted Cumulative Gain (DCG5) by 6.1% on these queriesand 1.8% over all query traffic,emptyanswer,emptyanswer,emptyanswer,emptyanswer,emptyanswer,emptyanswer,emptyanswer,emptyanswer,emptyanswer,emptyanswer,emptyanswer
367O8HRHKF7TAJHZ2LXVZAPDOXS4SR,36WLNQG78Z9F8JUK67SF7QNQRRCBE9,AU3WQKISBW5MZ,Approved,Thu Mar 12 13:41:25 EDT 2015,Thu Mar 12 13:42:27 EDT 2015,"Traditionally, stemming has been applied to Information Retrieval tasks by transforming words in documents to the their root form before indexing",and applying a similar transformation to query terms. Although it increases recall,work well for Web Search since it lowers precision and requires a significant amount of additional computation.,"In this paper, we propose a context sensitive stemming method that addresses these two issues.","Two unique properties make our approach feasible for Web Search. First, based on statistical language modeling, we perform context sensitive analysis on the query side.",emptyanswer,emptyanswer,emptyanswer,emptyanswer,emptyanswer,emptyanswer,emptyanswer,emptyanswer,emptyanswer,emptyanswer,emptyanswer
367O8HRHKF7TAJHZ2LXVZAPDOXS4SR,3GNA64GUZE32G63GEOW2YLCC0YEQ5Z,AM1HY736BY3Z8,Approved,Thu Mar 12 14:15:13 EDT 2015,Thu Mar 12 14:16:23 EDT 2015,Context Sensitive Stemming for Web Search,Information Retrieval tasks by transforming words in documents to the their root form before indexing,Two unique properties make our approach feasible for Web Search,"First, based on statistical language modeling, we perform context sensitive analysis on the query side",improve relevance as measured by average Discounted Cumulative Gain (DCG5) by 6.1% on these queriesand 1.8% over all query traffic,emptyanswer,emptyanswer,emptyanswer,emptyanswer,emptyanswer,emptyanswer,emptyanswer,emptyanswer,emptyanswer,emptyanswer,emptyanswer
367O8HRHKF7TAJHZ2LXVZAPDOXS4SR,3HYA4D452RIDQKUKIPJAOF5M9NR2FV,A2SDTL2V8VJ25O,Approved,Thu Mar 12 20:55:51 EDT 2015,Thu Mar 12 20:56:34 EDT 2015,Context,Stemming,transforming,conservative,approach,emptyanswer,emptyanswer,emptyanswer,emptyanswer,emptyanswer,emptyanswer,emptyanswer,emptyanswer,emptyanswer,emptyanswer,emptyanswer
367O8HRHKF7TAJHZ2LXVZAPDOXS4SR,3MMN5BL1WZ38HCIK8C1S2FUNC23M3X,AB98SGS280TY5,Approved,Thu Mar 12 21:14:57 EDT 2015,Thu Mar 12 21:16:19 EDT 2015,stemming,language modeling,web search,query,discounted cumulative gain,emptyanswer,emptyanswer,emptyanswer,emptyanswer,emptyanswer,emptyanswer,emptyanswer,emptyanswer,emptyanswer,emptyanswer,emptyanswer
367O8HRHKF7TAJHZ2LXVZAPDOXS4SR,3P1L2B7AD1ODXJTLRYK5Q5D97QALOU,A3DTN2OMF6DUSI,Approved,Fri Mar 13 22:54:38 EDT 2015,Fri Mar 13 22:55:04 EDT 2015,Stemming,Web Search,expansions,cost,precision,emptyanswer,emptyanswer,emptyanswer,emptyanswer,emptyanswer,emptyanswer,emptyanswer,emptyanswer,emptyanswer,emptyanswer,emptyanswer
367O8HRHKF7TAJHZ2LXVZAPDOXS4SR,34S6N1K2ZVI3527YNLPF6WG8V63HLD,A610SH5RY1NG1,Approved,Sat Mar 14 07:41:57 EDT 2015,Sat Mar 14 07:42:12 EDT 2015,Context,Sensitive,Stemming,Web Search,Retrieval,emptyanswer,emptyanswer,emptyanswer,emptyanswer,emptyanswer,emptyanswer,emptyanswer,emptyanswer,emptyanswer,emptyanswer,emptyanswer
367O8HRHKF7TAJHZ2LXVZAPDOXS4SR,3A4NIXBJ76YPXG89EI5SY1O4CSELM2,A2Z9HR2IBD75R9,Approved,Sat Mar 14 09:38:37 EDT 2015,Sat Mar 14 09:38:54 EDT 2015,Context Sensitive Stemming,Web Search,strategy,safeguard,traffic,emptyanswer,emptyanswer,emptyanswer,emptyanswer,emptyanswer,emptyanswer,emptyanswer,emptyanswer,emptyanswer,emptyanswer,emptyanswer
367O8HRHKF7TAJHZ2LXVZAPDOXS4SR,3YOH7BII096X3XK07AUI6XU2EM6VKD,A2UNRV6PEOEXG0,Approved,Sat Mar 14 13:42:28 EDT 2015,Sat Mar 14 13:43:17 EDT 2015,Context sensitive stemming,web search,statistical language modeling,Discounted Cumulative Gain,Information Retrieval Tasks,emptyanswer,emptyanswer,emptyanswer,emptyanswer,emptyanswer,emptyanswer,emptyanswer,emptyanswer,emptyanswer,emptyanswer,emptyanswer
367O8HRHKF7TAJHZ2LXVZAPDOXS4SR,3TYCR1GOTCIPWN7ST7VM63KDRXMZLP,AL9R6CILUG30X,Approved,Sat Mar 14 14:38:25 EDT 2015,Sat Mar 14 14:40:50 EDT 2015,Context Sensitive Stemming,statistical language modeling,Web Search,morphological variants,Information Retrieval tasks,query traffic,Discounted Cumulative Gain (DCG5),emptyanswer,emptyanswer,emptyanswer,emptyanswer,emptyanswer,emptyanswer,emptyanswer,emptyanswer,emptyanswer
367O8HRHKF7TAJHZ2LXVZAPDOXS4SR,3WRFBPLXRANEZU3KKDGSFUJNHXQN3L,A34HA6251RR0LH,Approved,Sat Mar 14 15:43:11 EDT 2015,Sat Mar 14 15:43:57 EDT 2015,Information Retrieval,Stemming,Context Sensitive Stemming,Web Search,Discounted Cumulative Gain,emptyanswer,emptyanswer,emptyanswer,emptyanswer,emptyanswer,emptyanswer,emptyanswer,emptyanswer,emptyanswer,emptyanswer,emptyanswer
367O8HRHKF7TAJHZ2LXVZAPDOXS4SR,3NJM2BJS4W52FFBGTL4LCMSCNP7PCK,A80VSGAD9H8VE,Approved,Sat Mar 14 16:31:32 EDT 2015,Sat Mar 14 16:32:34 EDT 2015,Discounted Cumulative Gain,statistical language modeling,improving precision,word pluralization handling,Web search engine show,emptyanswer,emptyanswer,emptyanswer,emptyanswer,emptyanswer,emptyanswer,emptyanswer,emptyanswer,emptyanswer,emptyanswer,emptyanswer
367O8HRHKF7TAJHZ2LXVZAPDOXS4SR,386CSBG1OZLYZA3UJ767QRQCWZK6Q2,A1HDFKT3ZGK25P,Approved,Sat Mar 14 17:11:38 EDT 2015,Sat Mar 14 17:13:32 EDT 2015,Context Sensitive Stemming,Web Search,nformation Retrieval tasks,indexing,tatistical language modeling,context sensitive analysis,reduce cost,improve accuracy,emptyanswer,emptyanswer,emptyanswer,emptyanswer,emptyanswer,emptyanswer,emptyanswer,emptyanswer
367O8HRHKF7TAJHZ2LXVZAPDOXS4SR,31QNSG6A5RSBX6H3GNUZAE58X4I78R,AH3ER3EJXHRO2,Approved,Sat Mar 14 17:17:19 EDT 2015,Sat Mar 14 17:40:59 EDT 2015,content sensitive stemming,web search,information retrieval tasks,documents,root form,emptyanswer,emptyanswer,emptyanswer,emptyanswer,emptyanswer,emptyanswer,emptyanswer,emptyanswer,emptyanswer,emptyanswer,emptyanswer
367O8HRHKF7TAJHZ2LXVZAPDOXS4SR,3MAOD8E57Q9QFSAY42NGMA8ROSZNXT,AWFQ7OX0UPSM5,Approved,Sat Mar 14 18:54:33 EDT 2015,Sat Mar 14 18:55:57 EDT 2015,Context Sensitive Stemming,Web Search,statistical language modeling,morphological variants,context sensitive document,emptyanswer,emptyanswer,emptyanswer,emptyanswer,emptyanswer,emptyanswer,emptyanswer,emptyanswer,emptyanswer,emptyanswer,emptyanswer
367O8HRHKF7TAJHZ2LXVZAPDOXS4SR,386CSBG1OZLYZA3UJ767QRQCWZOQ6Q,ATOMPVWZKAE0E,Approved,Sat Mar 14 19:08:43 EDT 2015,Sat Mar 14 19:11:06 EDT 2015,Web Search,Context Sensitive Stemming,Information Retrieval,indexing,query term,statistical language modeling,morphological variants,precision,document matching,word pluralization handling,Discounted Cumulative Gain (DCG5),emptyanswer,emptyanswer,emptyanswer,emptyanswer,emptyanswer
367O8HRHKF7TAJHZ2LXVZAPDOXS4SR,3QFUFYSY9YENTY97M32YHU2KT7BF44,A1BV5YY1UQCMZY,Approved,Sat Mar 14 19:51:29 EDT 2015,Sat Mar 14 19:52:17 EDT 2015,context sensitive stemming,web search,information retrieval tasks,dcg5,query traffic,morphological variants,emptyanswer,emptyanswer,emptyanswer,emptyanswer,emptyanswer,emptyanswer,emptyanswer,emptyanswer,emptyanswer,emptyanswer
367O8HRHKF7TAJHZ2LXVZAPDOXS4SR,38F71OA9GTV3XOYDS72U3OJKFYXMF7,A1G94QON7A9K0N,Approved,Sat Mar 14 20:13:59 EDT 2015,Sat Mar 14 20:14:18 EDT 2015,search,query,traffic,dcg5,engine,emptyanswer,emptyanswer,emptyanswer,emptyanswer,emptyanswer,emptyanswer,emptyanswer,emptyanswer,emptyanswer,emptyanswer,emptyanswer
367O8HRHKF7TAJHZ2LXVZAPDOXS4SR,3OE22WJIGINJ1LTVFP4A6X4SZM9QUX,A29ZV4XJB7R1O,Approved,Sat Mar 14 20:12:40 EDT 2015,Sat Mar 14 20:30:48 EDT 2015,Context,Sensitive Stemming,Web Search,safeguard,query traffic,emptyanswer,emptyanswer,emptyanswer,emptyanswer,emptyanswer,emptyanswer,emptyanswer,emptyanswer,emptyanswer,emptyanswer,emptyanswer
367O8HRHKF7TAJHZ2LXVZAPDOXS4SR,3GS6S824SQWBQS58UXRUKRUKFR1NWA,ACVJ6IUO9QM4R,Approved,Sat Mar 14 20:40:57 EDT 2015,Sat Mar 14 20:41:37 EDT 2015,context sensitive stemming method,Information Retrieval tasks,query terms,query traffic,major Web search engine,emptyanswer,emptyanswer,emptyanswer,emptyanswer,emptyanswer,emptyanswer,emptyanswer,emptyanswer,emptyanswer,emptyanswer,emptyanswer
367O8HRHKF7TAJHZ2LXVZAPDOXS4SR,31T4R4OBOSFD997GXZA4C01RNWKC7L,A9VLWY4KW6OCB,Approved,Sat Mar 14 21:45:27 EDT 2015,Sat Mar 14 22:09:48 EDT 2015,Context,Sensitive,Web Search,Information Retrieval,computation,Stemming,emptyanswer,emptyanswer,emptyanswer,emptyanswer,emptyanswer,emptyanswer,emptyanswer,emptyanswer,emptyanswer,emptyanswer
367O8HRHKF7TAJHZ2LXVZAPDOXS4SR,39LOEL67OS4TWNGGEBR9XXTSS3K83D,A1YNGE7LM9TQHL,Approved,Sun Mar 15 01:17:08 EDT 2015,Sun Mar 15 01:20:04 EDT 2015,Context Sensitive Stemming for Web Search,"Traditionally, stemming has been applied to Information Retrieval tasks by transforming words in documents to the their root form before indexing, and applying a similar transformation to query terms.","Although it increases recall, this naive strategy does not work well for Web Search since it lowers precision and requires a significant amount of additional computation.","In this paper, we propose a context sensitive stemming method that addresses these two issues.",Two unique properties make our approach feasible for Web Search.,"First, based on statistical language modeling, we perform context sensitive analysis on the query side.",We accurately predict which of its morphological variants is useful to expand a query term with before submitting the query to the search engine.,"This dramatically reduces the number of bad expansions, which in turn reduces the cost of additional computation and improves the precision at the same time.","Second, our approach performs a context sensitive document matching for those expanded variants.","This conservative strategy serves as a safeguard against spurious stemming, and it turns out to be very important for improving precision.","Using word pluralization handling as an example of our stemming approach, our experiments on a major Web search engine show that stemming only 29% of the query traffic",we can improve relevance as measured by average Discounted Cumulative Gain (DCG5) by 6.1% on these queriesand 1.8% over all query traffic.,emptyanswer,emptyanswer,emptyanswer,emptyanswer
367O8HRHKF7TAJHZ2LXVZAPDOXS4SR,3RANCT1ZVFGWXFR6W77KB89TDMSUB9,A1GK9ZI7T30X9Z,Approved,Sun Mar 15 02:13:15 EDT 2015,Sun Mar 15 02:15:13 EDT 2015,Context Sensitive Stemming,Web Search,Information Retrieval,indexing,statistical language modeling,morphological variants,expand,expansion,Discounted Cumulative Gain,DCG5,emptyanswer,emptyanswer,emptyanswer,emptyanswer,emptyanswer,emptyanswer
