HitId,AssignmentId,WorkerId,Status,AcceptTime,SubmitTime,Answer 1,Answer 2,Answer 3,Answer 4,Answer 5,Answer 6,Answer 7,Answer 8,Answer 9,Answer 10,Answer 11,Answer 12,Answer 13,Answer 14,Answer 15,Answer 16
373L46LKP65LPINC0JBXEQNMP04JKF,3QAVNHZ3EM3OVFZKHFFNPAT4HIRALM,AXGCH3EOOB0XG,Approved,Mon Mar 02 13:00:37 EST 2015,Mon Mar 02 13:01:07 EST 2015,Learning,Mining,Data,Computing,Interaction,emptyanswer,emptyanswer,emptyanswer,emptyanswer,emptyanswer,emptyanswer,emptyanswer,emptyanswer,emptyanswer,emptyanswer,emptyanswer
373L46LKP65LPINC0JBXEQNMP04JKF,34S9DKFK73OFFX089Y9I5OF0P5WYNQ,A22R7DT2XQIKXV,Approved,Mon Mar 02 14:01:07 EST 2015,Mon Mar 02 14:01:13 EST 2015,aa,aa,aa,aa,aa,emptyanswer,emptyanswer,emptyanswer,emptyanswer,emptyanswer,emptyanswer,emptyanswer,emptyanswer,emptyanswer,emptyanswer,emptyanswer
373L46LKP65LPINC0JBXEQNMP04JKF,3QECW5O0KH0F8MV8VSQX3QNZJIL5TP,A1W7BQWWGKJ3XF,Approved,Mon Mar 02 16:42:12 EST 2015,Mon Mar 02 16:43:41 EST 2015,Framework,Agent-Based Distributed Machine Learning,Data Mining,exchange of meta-level descriptions,online reasoning,agent interaction mechanisms,learning algorithms,emptyanswer,emptyanswer,emptyanswer,emptyanswer,emptyanswer,emptyanswer,emptyanswer,emptyanswer,emptyanswer
373L46LKP65LPINC0JBXEQNMP04JKF,3E4GGUZ1T8QO66MYJ0A74SXRGV7K21,A3FG9YWTFFK1AU,Approved,Mon Mar 02 18:24:24 EST 2015,Mon Mar 02 18:43:56 EST 2015,Framework,Agent-Based Distributed,Machine Learning,Data Mining,agent interaction mechanisms,learning algorithms,emptyanswer,emptyanswer,emptyanswer,emptyanswer,emptyanswer,emptyanswer,emptyanswer,emptyanswer,emptyanswer,emptyanswer
373L46LKP65LPINC0JBXEQNMP04JKF,358UUM7WRZ2HFBWZFW0Z1V0DM3YR7S,A26M2B8NZVKWTZ,Approved,Mon Mar 02 21:23:26 EST 2015,Mon Mar 02 21:24:26 EST 2015,Distributed,Framework,Mining,Data,Learning,emptyanswer,emptyanswer,emptyanswer,emptyanswer,emptyanswer,emptyanswer,emptyanswer,emptyanswer,emptyanswer,emptyanswer,emptyanswer
373L46LKP65LPINC0JBXEQNMP04JKF,3AAJC4I4FGRJ1XJSQMJ9QO7LMFJZJ2,A2A4LHPXF2E2GS,Approved,Mon Mar 02 22:16:02 EST 2015,Mon Mar 02 22:27:11 EST 2015,framework for agent-based distributed machine learning,data mining,exchange of meta-level descriptions,online reasoning for learning success,exchange local models learning processes,different methods for integration,apply existing agent interaction mechanisms,to distributed machine learning tasks,powerful coordination methods,different learners,"different datasets, hypotheses, learning algorithms",emptyanswer,emptyanswer,emptyanswer,emptyanswer,emptyanswer
373L46LKP65LPINC0JBXEQNMP04JKF,3II4UPYCOJ6XKJI9TUELWX04CS3QDN,A2R085B34P2LYS,Approved,Mon Mar 02 22:53:52 EST 2015,Mon Mar 02 23:14:58 EST 2015,for,Agent-Based,Distributed,Machine,Learning,emptyanswer,emptyanswer,emptyanswer,emptyanswer,emptyanswer,emptyanswer,emptyanswer,emptyanswer,emptyanswer,emptyanswer,emptyanswer
373L46LKP65LPINC0JBXEQNMP04JKF,3FE7TXL1LIMAH9KTW5U40E90F2X2QB,A27I79P03I0ZPO,Approved,Tue Mar 03 06:36:33 EST 2015,Tue Mar 03 06:37:20 EST 2015,Distributed,framework,results,individual,learning,emptyanswer,emptyanswer,emptyanswer,emptyanswer,emptyanswer,emptyanswer,emptyanswer,emptyanswer,emptyanswer,emptyanswer,emptyanswer
373L46LKP65LPINC0JBXEQNMP04JKF,3OF2M9AATGNECHPA87JLR37Y15AZKU,A1B5NXRZQYRC4R,Approved,Tue Mar 03 09:12:30 EST 2015,Tue Mar 03 09:12:58 EST 2015,framework,agent-based distributed machine,learning,data mining,system,emptyanswer,emptyanswer,emptyanswer,emptyanswer,emptyanswer,emptyanswer,emptyanswer,emptyanswer,emptyanswer,emptyanswer,emptyanswer
373L46LKP65LPINC0JBXEQNMP04JKF,3ZGVPD4G6TGDF0FX2GXDSUUUKI0ZTZ,A19HCBT1EH8484,Approved,Tue Mar 03 09:07:52 EST 2015,Tue Mar 03 09:17:10 EST 2015,distributed,descriptions,methods,datasets,experimental,NA,NA,NA,NA,NA,NA,NA,NA,NA,NA,NA
373L46LKP65LPINC0JBXEQNMP04JKF,3DHE4R9OCWAJ4KQFT9PS605Y9G8G2G,A9LA6QK6VCERR,Approved,Wed Mar 04 00:41:49 EST 2015,Wed Mar 04 00:45:51 EST 2015,agent-based distributed machine learning,Data Mining,meta-level descriptions of individual learning processes,meta-reasoning,real-world distributed clustering application,emptyanswer,emptyanswer,emptyanswer,emptyanswer,emptyanswer,emptyanswer,emptyanswer,emptyanswer,emptyanswer,emptyanswer,emptyanswer
373L46LKP65LPINC0JBXEQNMP04JKF,33JKGHPFYCTFLGBUQVL7BTSTGY5NMI,A38VMTKS30TQZB,Approved,Wed Mar 04 10:42:24 EST 2015,Wed Mar 04 10:42:59 EST 2015,Machine Learning,Data Mining,Framework,Agent,Distributed,emptyanswer,emptyanswer,emptyanswer,emptyanswer,emptyanswer,emptyanswer,emptyanswer,emptyanswer,emptyanswer,emptyanswer,emptyanswer
373L46LKP65LPINC0JBXEQNMP04JKF,3S4AW7T80BH9TQJ38E5WC774PCLL4K,A3FFZN4FO3Q789,Approved,Wed Mar 04 10:52:46 EST 2015,Wed Mar 04 10:59:13 EST 2015,preliminary,preliminary,preliminary,preliminary,preliminary,emptyanswer,emptyanswer,emptyanswer,emptyanswer,emptyanswer,emptyanswer,emptyanswer,emptyanswer,emptyanswer,emptyanswer,emptyanswer
373L46LKP65LPINC0JBXEQNMP04JKF,3ZGVPD4G6TGDF0FX2GXDSUUUKKHZTK,A3H35QRODK1C4K,Approved,Wed Mar 04 12:33:13 EST 2015,Wed Mar 04 12:33:34 EST 2015,framework,agent-based,distributed,machine,learning,emptyanswer,emptyanswer,emptyanswer,emptyanswer,emptyanswer,emptyanswer,emptyanswer,emptyanswer,emptyanswer,emptyanswer,emptyanswer
373L46LKP65LPINC0JBXEQNMP04JKF,34QN5IT0TZQXFVHJVO9QVZVLO1N08G,A2F6ZON8X5EAGL,Approved,Wed Mar 04 14:55:43 EST 2015,Wed Mar 04 14:56:22 EST 2015,A Framework for Agent-Based Distributed Machine Learning and Data Mining,framework,mining,learning,system,emptyanswer,emptyanswer,emptyanswer,emptyanswer,emptyanswer,emptyanswer,emptyanswer,emptyanswer,emptyanswer,emptyanswer,emptyanswer
373L46LKP65LPINC0JBXEQNMP04JKF,36ZN444YTRXB7ILF6VNSYPLHP0MOIG,A3OTLWGJFB65KD,Approved,Wed Mar 04 19:17:06 EST 2015,Wed Mar 04 19:17:12 EST 2015,nothing,nothing,nothing,nothing,nothing,emptyanswer,emptyanswer,emptyanswer,emptyanswer,emptyanswer,emptyanswer,emptyanswer,emptyanswer,emptyanswer,emptyanswer,emptyanswer
373L46LKP65LPINC0JBXEQNMP04JKF,3VE8AYVF8MWOCZW9Y6SBY6IPU33F8Q,A3LUJSAN4DQ1ZT,Approved,Wed Mar 04 21:55:13 EST 2015,Wed Mar 04 21:56:13 EST 2015,Framework,Online reasoning,Learning agents,Future extensions,Practical,emptyanswer,emptyanswer,emptyanswer,emptyanswer,emptyanswer,emptyanswer,emptyanswer,emptyanswer,emptyanswer,emptyanswer,emptyanswer
373L46LKP65LPINC0JBXEQNMP04JKF,340UGXU9DY0B6TPC1OYKCK30FQSUVM,A3I10J1GPDAPQR,Approved,Thu Mar 05 06:08:29 EST 2015,Thu Mar 05 06:10:22 EST 2015,Data Mining,agent interaction mechanisms,agent-based computing,meta-reasoning,framework,emptyanswer,emptyanswer,emptyanswer,emptyanswer,emptyanswer,emptyanswer,emptyanswer,emptyanswer,emptyanswer,emptyanswer,emptyanswer
373L46LKP65LPINC0JBXEQNMP04JKF,34BBWHLWHAAJCRUHXHE2FJY3S4DIWI,A3HPVFAF1U9WXK,Approved,Thu Mar 05 07:23:39 EST 2015,Thu Mar 05 07:24:13 EST 2015,Framework,Distributed Machine Learning,Data Mining,architecture,agents,emptyanswer,emptyanswer,emptyanswer,emptyanswer,emptyanswer,emptyanswer,emptyanswer,emptyanswer,emptyanswer,emptyanswer,emptyanswer
373L46LKP65LPINC0JBXEQNMP04JKF,3BF51CHDTV9Q86ICYS3W8COKRMJH0M,A3S81UFDOWF2ST,Approved,Thu Mar 05 07:26:36 EST 2015,Thu Mar 05 07:27:13 EST 2015,Agent-Based Distributed Machine Learning,Data Mining,meta-level descriptions,powerful coordination methods,practical systems,emptyanswer,emptyanswer,emptyanswer,emptyanswer,emptyanswer,emptyanswer,emptyanswer,emptyanswer,emptyanswer,emptyanswer,emptyanswer
373L46LKP65LPINC0JBXEQNMP04JKF,3TMFV4NEP8DQNLI4OV2B2U4PP8GW8W,A3UY2GVCKC8LSL,Approved,Thu Mar 05 10:22:05 EST 2015,Thu Mar 05 10:22:52 EST 2015,framework,agent-based,distributed machine learning,data mining,meta-level descriptions,hypotheses and learning algorithms,emptyanswer,emptyanswer,emptyanswer,emptyanswer,emptyanswer,emptyanswer,emptyanswer,emptyanswer,emptyanswer,emptyanswer
373L46LKP65LPINC0JBXEQNMP04JKF,3HMIGG0U4L5UCQD43WKZNRP50GI8Y9,A1YLO4LT02D2F0,Approved,Thu Mar 05 11:14:50 EST 2015,Thu Mar 05 11:15:26 EST 2015,framework for agent-based,data mining based,exchange models of their local learning processes,"methods available in agent-based computing,",report on experimental results,emptyanswer,emptyanswer,emptyanswer,emptyanswer,emptyanswer,emptyanswer,emptyanswer,emptyanswer,emptyanswer,emptyanswer,emptyanswer
373L46LKP65LPINC0JBXEQNMP04JKF,3VHP9MDGRNJQO2MMFI8G0SE8KWECFN,A1QUDNLO95AKS5,Approved,Thu Mar 05 11:50:25 EST 2015,Thu Mar 05 11:50:57 EST 2015,Framework,Agent-Based Distributed Machine Learning,Data Mining,exchange,algorithms,emptyanswer,emptyanswer,emptyanswer,emptyanswer,emptyanswer,emptyanswer,emptyanswer,emptyanswer,emptyanswer,emptyanswer,emptyanswer
373L46LKP65LPINC0JBXEQNMP04JKF,3JZQSN0I3Q935E2RH44ZQJZNIOFGFA,A3DHYTZ1GPN0T8,Approved,Thu Mar 05 13:19:55 EST 2015,Thu Mar 05 13:20:34 EST 2015,proposes,reasoning,available,leveraging,existing,emptyanswer,emptyanswer,emptyanswer,emptyanswer,emptyanswer,emptyanswer,emptyanswer,emptyanswer,emptyanswer,emptyanswer,emptyanswer
373L46LKP65LPINC0JBXEQNMP04JKF,3ZWFC4W1UU6UU4B5XFYBPNDUKYFFRW,ADUJUZANFOWKW,Approved,Thu Mar 05 17:52:08 EST 2015,Thu Mar 05 17:52:36 EST 2015,framework,agent,data,processes,datasets,emptyanswer,emptyanswer,emptyanswer,emptyanswer,emptyanswer,emptyanswer,emptyanswer,emptyanswer,emptyanswer,emptyanswer,emptyanswer
373L46LKP65LPINC0JBXEQNMP04JKF,3IRIK4HM3AJU59TBEP5C6M1VR0M6CV,A156E6TWVB7GP7,Approved,Fri Mar 06 01:10:54 EST 2015,Fri Mar 06 01:15:06 EST 2015,distributed machine,data mining,powerful coordination,meta-reasoning,learning algorithms,emptyanswer,emptyanswer,emptyanswer,emptyanswer,emptyanswer,emptyanswer,emptyanswer,emptyanswer,emptyanswer,emptyanswer,emptyanswer
373L46LKP65LPINC0JBXEQNMP04JKF,34V1S5K3GS0S7BM825VL4W0NLH069Z,ADVZAZ12Z8N9J,Approved,Fri Mar 06 07:51:19 EST 2015,Fri Mar 06 07:57:56 EST 2015,This paper proposes a framework for agent-based distributed machine learning and data mining based on (i) the exchange of meta-level descriptions of individual learning processes among agents and (ii) online reasoning about learning success and learning progress by learning agents.,We present an abstract architecture that enables agents to exchange models of their local learning processes and introduces a number of different methods for integrating these processes. T,"This allows us to apply existing agent interaction mechanisms to distributed machine learning tasks, thus leveraging the powerful coordination methods available in agent-based computing, and enables agents to engage in meta-reasoning about their own learning decisions.","We apply this architecture to a real-world distributed clustering application to illustrate how the conceptual framework can be used in practical systems in which different learners may be using different datasets, hypotheses and learning algorithms.","We report on experimental results obtained using this system, review related work on the subject, and discuss potential future extensions to the framework.",emptyanswer,emptyanswer,emptyanswer,emptyanswer,emptyanswer,emptyanswer,emptyanswer,emptyanswer,emptyanswer,emptyanswer,emptyanswer
373L46LKP65LPINC0JBXEQNMP04JKF,39GHHAVOMFQ3Y0V35TTJWSUCLVGJ4W,A2YW509B0UMSEH,Approved,Fri Mar 06 09:19:19 EST 2015,Fri Mar 06 09:20:10 EST 2015,Framework,Agent,Machine Learning,Data Mining,algorithms,emptyanswer,emptyanswer,emptyanswer,emptyanswer,emptyanswer,emptyanswer,emptyanswer,emptyanswer,emptyanswer,emptyanswer,emptyanswer
373L46LKP65LPINC0JBXEQNMP04JKF,34S9DKFK73OFFX089Y9I5OF0PH3NYA,AQXSUU4I4DAH8,Approved,Fri Mar 06 12:09:47 EST 2015,Fri Mar 06 12:10:35 EST 2015,meta-level descriptions,Framework for Agent,leveraging the powerful coordination methods,Machine Learning and Data Mining,practical systems,emptyanswer,emptyanswer,emptyanswer,emptyanswer,emptyanswer,emptyanswer,emptyanswer,emptyanswer,emptyanswer,emptyanswer,emptyanswer
373L46LKP65LPINC0JBXEQNMP04JKF,33PPUNGG3840ZL25YRSISFTCWACZRL,APEB5ERGCYP6D,Approved,Sat Mar 07 11:13:16 EST 2015,Sat Mar 07 11:22:28 EST 2015,exchange of meta-level descriptions of individual learning processes among agents,architecture to a real-world distributed clustering application,online reasoning about learning success,review related work on the subject,discuss potential future extensions to the framework,emptyanswer,emptyanswer,emptyanswer,emptyanswer,emptyanswer,emptyanswer,emptyanswer,emptyanswer,emptyanswer,emptyanswer,emptyanswer
373L46LKP65LPINC0JBXEQNMP04JKF,3VJ40NV2QIM1GW1Q07MWCWNQ0R7TOR,A9HQ3E0F2AGVO,Approved,Sat Mar 07 11:25:39 EST 2015,Sat Mar 07 11:27:25 EST 2015,agent-based distributed machine learning,data mining,learning agents,meta-reasoning,real-world distributed clustering application,emptyanswer,emptyanswer,emptyanswer,emptyanswer,emptyanswer,emptyanswer,emptyanswer,emptyanswer,emptyanswer,emptyanswer,emptyanswer
373L46LKP65LPINC0JBXEQNMP04JKF,3EFVCAY5L384H1I5HWJWD4AHNLS8JG,A1AWEM2XEAVOVQ,Approved,Sat Mar 07 18:35:41 EST 2015,Sat Mar 07 18:38:49 EST 2015,data mining,agent-based distributed machine learning,agent-based computing,machine learning,learning,emptyanswer,emptyanswer,emptyanswer,emptyanswer,emptyanswer,emptyanswer,emptyanswer,emptyanswer,emptyanswer,emptyanswer,emptyanswer
373L46LKP65LPINC0JBXEQNMP04JKF,38F71OA9GTV3XOYDS72U3OJKEKYFM8,A38IE69ORDCEGY,Approved,Sun Mar 08 01:31:03 EST 2015,Sun Mar 08 01:32:53 EST 2015,Data mining,AGent-based distributed machine learning,meta-reasoning,real-world distributed clustering application,exchange of learning models between agents,emptyanswer,emptyanswer,emptyanswer,emptyanswer,emptyanswer,emptyanswer,emptyanswer,emptyanswer,emptyanswer,emptyanswer,emptyanswer
373L46LKP65LPINC0JBXEQNMP04JKF,3RRCEFRB7MBXGHXRH1G2Y4BZDVU4BT,A1JWEYGDFDB100,Approved,Sun Mar 08 07:25:14 EDT 2015,Sun Mar 08 07:26:38 EDT 2015,Agent-Based,Distributed Machine Learning,Data Mining,architecture,meta-reasoning,emptyanswer,emptyanswer,emptyanswer,emptyanswer,emptyanswer,emptyanswer,emptyanswer,emptyanswer,emptyanswer,emptyanswer,emptyanswer
373L46LKP65LPINC0JBXEQNMP04JKF,3MB8LZR5BFSU7S86T6SCJOW0MB9LKY,A3G4SXD4N30C3L,Approved,Sun Mar 08 15:23:46 EDT 2015,Sun Mar 08 15:24:22 EDT 2015,Agent-Based Distributed Machine Learning,Data Mining,individual learning processes among agents,learning progress by learning agents,interaction mechanisms,real-world distributed clustering application,emptyanswer,emptyanswer,emptyanswer,emptyanswer,emptyanswer,emptyanswer,emptyanswer,emptyanswer,emptyanswer,emptyanswer
373L46LKP65LPINC0JBXEQNMP04JKF,33JKGHPFYCTFLGBUQVL7BTSTGB9NMC,A2GBY8O6GYSB89,Approved,Sun Mar 08 18:32:58 EDT 2015,Sun Mar 08 18:34:20 EDT 2015,Framework,Agent-Based Distributed Machine Learning and Data Mining,the exchange of meta-level descriptions,interaction mechanisms,agent-based computing,emptyanswer,emptyanswer,emptyanswer,emptyanswer,emptyanswer,emptyanswer,emptyanswer,emptyanswer,emptyanswer,emptyanswer,emptyanswer
373L46LKP65LPINC0JBXEQNMP04JKF,3Z9WI9EOZZNSLWPG2LDERW3T5VNKHF,A156NFBMKKLDL9,Approved,Sun Mar 08 21:58:07 EDT 2015,Sun Mar 08 21:58:31 EDT 2015,Framework for Agent-Based,Distributed Machine Learning,Data Mining,local learning processes,"different datasets, hypotheses and learning algorithms",emptyanswer,emptyanswer,emptyanswer,emptyanswer,emptyanswer,emptyanswer,emptyanswer,emptyanswer,emptyanswer,emptyanswer,emptyanswer
373L46LKP65LPINC0JBXEQNMP04JKF,339ANSOTR51SHR0083VZR84859YIK4,A2SZAM3EZER2PH,Approved,Mon Mar 09 07:49:51 EDT 2015,Mon Mar 09 07:51:03 EDT 2015,paper proposes,the exchange of meta-level,integrating these processes,different learners,potential future,emptyanswer,emptyanswer,emptyanswer,emptyanswer,emptyanswer,emptyanswer,emptyanswer,emptyanswer,emptyanswer,emptyanswer,emptyanswer
373L46LKP65LPINC0JBXEQNMP04JKF,31Z0PCVWUKEUVQ9RJL5U1A1VA6XT79,A2E2IQ99W6B7AV,Approved,Mon Mar 09 17:33:29 EDT 2015,Mon Mar 09 17:34:39 EDT 2015,Data mining,Agent learning,Data cordination,Framework concepts,System testing,emptyanswer,emptyanswer,emptyanswer,emptyanswer,emptyanswer,emptyanswer,emptyanswer,emptyanswer,emptyanswer,emptyanswer,emptyanswer
373L46LKP65LPINC0JBXEQNMP04JKF,3LQ8PUHQFLR1F1ZS2IS2EGOGDSEHIJ,ACYGMRGAZ22U7,Approved,Mon Mar 09 17:50:11 EDT 2015,Mon Mar 09 17:50:16 EDT 2015,Keyword/Keyphrase 1:,Keyword/Keyphrase 1:,Keyword/Keyphrase 1:,Keyword/Keyphrase 1:,Keyword/Keyphrase 1:,emptyanswer,emptyanswer,emptyanswer,emptyanswer,emptyanswer,emptyanswer,emptyanswer,emptyanswer,emptyanswer,emptyanswer,emptyanswer
373L46LKP65LPINC0JBXEQNMP04JKF,3M0NZ3JDP1XBUY471KFFPEOG4YO5ZQ,AW36CVMS3526O,Approved,Tue Mar 10 14:17:35 EDT 2015,Tue Mar 10 14:18:43 EDT 2015,Machine,descriptions,distributed,extensions,framework,emptyanswer,emptyanswer,emptyanswer,emptyanswer,emptyanswer,emptyanswer,emptyanswer,emptyanswer,emptyanswer,emptyanswer,emptyanswer
373L46LKP65LPINC0JBXEQNMP04JKF,3OS46CRSLFYQ4IZB560HWEPKCJPV6U,A3K6BSW10S4YKJ,Approved,Wed Mar 11 00:37:42 EDT 2015,Wed Mar 11 00:38:47 EDT 2015,a framework for agent-based distributed machine learning and data mining,the exchange of meta-level descriptions,present an abstract architecture,agent interaction mechanisms,powerful coordination methods available in agent-based computing,emptyanswer,emptyanswer,emptyanswer,emptyanswer,emptyanswer,emptyanswer,emptyanswer,emptyanswer,emptyanswer,emptyanswer,emptyanswer
373L46LKP65LPINC0JBXEQNMP04JKF,3TK8OJTYM1KYEOHGK2ZQ2EG17OQPV5,ATRHDYWCIYTDJ,Approved,Wed Mar 11 04:48:38 EDT 2015,Wed Mar 11 04:48:54 EDT 2015,framework,machine,learning,using,framework,emptyanswer,emptyanswer,emptyanswer,emptyanswer,emptyanswer,emptyanswer,emptyanswer,emptyanswer,emptyanswer,emptyanswer,emptyanswer
373L46LKP65LPINC0JBXEQNMP04JKF,3GD6L00D3SWC7945L8N9EMFQDGFM1Q,A3CMDYA9USA3MR,Approved,Wed Mar 11 07:33:11 EDT 2015,Wed Mar 11 07:33:23 EDT 2015,paper,framework,distributed,experimental,algorithms,emptyanswer,emptyanswer,emptyanswer,emptyanswer,emptyanswer,emptyanswer,emptyanswer,emptyanswer,emptyanswer,emptyanswer,emptyanswer
373L46LKP65LPINC0JBXEQNMP04JKF,3DY46V3X3PHDNKKIUW8Z0AHL31755E,A2KS418T8MPLJH,Approved,Wed Mar 11 14:59:22 EDT 2015,Wed Mar 11 15:00:41 EDT 2015,Agent-Based Distributed Machine Learning and Data Mining,the exchange of meta-level descriptions of individual learning processes among agents,architecture to a real-world distributed clustering application,hypotheses and learning algorithms,discuss potential future extensions to the framework,emptyanswer,emptyanswer,emptyanswer,emptyanswer,emptyanswer,emptyanswer,emptyanswer,emptyanswer,emptyanswer,emptyanswer,emptyanswer
373L46LKP65LPINC0JBXEQNMP04JKF,3U4J9857OEAUZ4FAJZE91GV943OB70,AL9R6CILUG30X,Approved,Wed Mar 11 15:06:35 EDT 2015,Wed Mar 11 15:08:08 EDT 2015,Agent-Based Distribution,Data Mining,meta-level descriptions,online reasoning,learning agents,Agent-based computing,meta-reasoning,emptyanswer,emptyanswer,emptyanswer,emptyanswer,emptyanswer,emptyanswer,emptyanswer,emptyanswer,emptyanswer
373L46LKP65LPINC0JBXEQNMP04JKF,3A4TN5196KHA2YDSA8WG3DQL0RNCHD,A28IXE702NXWKQ,Approved,Wed Mar 11 15:39:26 EDT 2015,Wed Mar 11 15:41:50 EDT 2015,This paper proposes a framework,agent-based distributed machine learning and data mining based,the exchange of meta-level descriptions of individual learning processes among agents,online reasoning about learning success and learning progress by learning agents,and discuss potential future extensions to the framework,emptyanswer,emptyanswer,emptyanswer,emptyanswer,emptyanswer,emptyanswer,emptyanswer,emptyanswer,emptyanswer,emptyanswer,emptyanswer
373L46LKP65LPINC0JBXEQNMP04JKF,3G0WWMR1UVJ66V9MIOSOS2CYQI5QND,ANB69EQROUTQJ,Approved,Wed Mar 11 20:23:24 EDT 2015,Wed Mar 11 20:24:22 EDT 2015,machine learning,data mining,meta-level descriptions,learning success,coordination methods,architecture,emptyanswer,emptyanswer,emptyanswer,emptyanswer,emptyanswer,emptyanswer,emptyanswer,emptyanswer,emptyanswer,emptyanswer
373L46LKP65LPINC0JBXEQNMP04JKF,3P59JYT76LJN9PCLD9OZ5JKN0VP2TR,A1A7P5LC80G47W,Approved,Thu Mar 12 00:47:59 EDT 2015,Thu Mar 12 00:48:55 EDT 2015,agent-based,distributed machine learning,data mining,meta-level descriptions,learning algorithms,emptyanswer,emptyanswer,emptyanswer,emptyanswer,emptyanswer,emptyanswer,emptyanswer,emptyanswer,emptyanswer,emptyanswer,emptyanswer
373L46LKP65LPINC0JBXEQNMP04JKF,3180JW2OT4BLUJZ3JYCT1K0QM3M5JN,AM1HY736BY3Z8,Approved,Thu Mar 12 13:36:25 EDT 2015,Thu Mar 12 13:37:19 EDT 2015,A Framework for Agent-Based Distributed Machine Learning and Data Mining,This paper proposes a framework for agent-based distributed machine learning and data mining based on (i) the exchange of meta-level descriptions of individual learning processes among agents and (ii) online reasoning about learning success and learning progress by learning agents.,"This allows us to apply existing agent interaction mechanisms to distributed machine learning tasks, thus leveraging the powerful coordination methods available in agent-based computing, and enables agents to engage in meta-reasoning about their own learning decisions.","We apply this architecture to a real-world distributed clustering application to illustrate how the conceptual framework can be used in practical systems in which different learners may be using different datasets, hypotheses and learning algorithms.","We report on experimental results obtained using this system, review related work on the subject, and discuss potential future extensions to the framework.",emptyanswer,emptyanswer,emptyanswer,emptyanswer,emptyanswer,emptyanswer,emptyanswer,emptyanswer,emptyanswer,emptyanswer,emptyanswer
373L46LKP65LPINC0JBXEQNMP04JKF,3LEP4MGT3GZAGDGKACHV1855RGDDBM,AU3WQKISBW5MZ,Approved,Thu Mar 12 14:41:32 EDT 2015,Thu Mar 12 14:41:42 EDT 2015,"This paper proposes a framework for agent-based distributed machine learning and data mining based on (i) the exchange of meta-level descriptions of individual learning processes among agents and (ii) online reasoning about learning success and learning progress by learning agents. We present an abstract architecture that enables agents to exchange models of their local learning processes and introduces a number of different methods for integrating these processes. This allows us to apply existing agent interaction mechanisms to distributed machine learning tasks, thus leveraging the powerful coordination methods available in agent-based computing, and enables agents to engage in meta-reasoning about their own learning decisions. We apply this architecture to a real-world distributed clustering application to illustrate how the conceptual framework can be used in practical systems in which different learners may be using different datasets, hypotheses and learning algorithms. We report on experimental results obtained using this system, review related work on the subject, and discuss potential future extensions to the framework.","This paper proposes a framework for agent-based distributed machine learning and data mining based on (i) the exchange of meta-level descriptions of individual learning processes among agents and (ii) online reasoning about learning success and learning progress by learning agents. We present an abstract architecture that enables agents to exchange models of their local learning processes and introduces a number of different methods for integrating these processes. This allows us to apply existing agent interaction mechanisms to distributed machine learning tasks, thus leveraging the powerful coordination methods available in agent-based computing, and enables agents to engage in meta-reasoning about their own learning decisions. We apply this architecture to a real-world distributed clustering application to illustrate how the conceptual framework can be used in practical systems in which different learners may be using different datasets, hypotheses and learning algorithms. We report on experimental results obtained using this system, review related work on the subject, and discuss potential future extensions to the framework.","This paper proposes a framework for agent-based distributed machine learning and data mining based on (i) the exchange of meta-level descriptions of individual learning processes among agents and (ii) online reasoning about learning success and learning progress by learning agents. We present an abstract architecture that enables agents to exchange models of their local learning processes and introduces a number of different methods for integrating these processes. This allows us to apply existing agent interaction mechanisms to distributed machine learning tasks, thus leveraging the powerful coordination methods available in agent-based computing, and enables agents to engage in meta-reasoning about their own learning decisions. We apply this architecture to a real-world distributed clustering application to illustrate how the conceptual framework can be used in practical systems in which different learners may be using different datasets, hypotheses and learning algorithms. We report on experimental results obtained using this system, review related work on the subject, and discuss potential future extensions to the framework.","This paper proposes a framework for agent-based distributed machine learning and data mining based on (i) the exchange of meta-level descriptions of individual learning processes among agents and (ii) online reasoning about learning success and learning progress by learning agents. We present an abstract architecture that enables agents to exchange models of their local learning processes and introduces a number of different methods for integrating these processes. This allows us to apply existing agent interaction mechanisms to distributed machine learning tasks, thus leveraging the powerful coordination methods available in agent-based computing, and enables agents to engage in meta-reasoning about their own learning decisions. We apply this architecture to a real-world distributed clustering application to illustrate how the conceptual framework can be used in practical systems in which different learners may be using different datasets, hypotheses and learning algorithms. We report on experimental results obtained using this system, review related work on the subject, and discuss potential future extensions to the framework.","This paper proposes a framework for agent-based distributed machine learning and data mining based on (i) the exchange of meta-level descriptions of individual learning processes among agents and (ii) online reasoning about learning success and learning progress by learning agents. We present an abstract architecture that enables agents to exchange models of their local learning processes and introduces a number of different methods for integrating these processes. This allows us to apply existing agent interaction mechanisms to distributed machine learning tasks, thus leveraging the powerful coordination methods available in agent-based computing, and enables agents to engage in meta-reasoning about their own learning decisions. We apply this architecture to a real-world distributed clustering application to illustrate how the conceptual framework can be used in practical systems in which different learners may be using different datasets, hypotheses and learning algorithms. We report on experimental results obtained using this system, review related work on the subject, and discuss potential future extensions to the framework.",emptyanswer,emptyanswer,emptyanswer,emptyanswer,emptyanswer,emptyanswer,emptyanswer,emptyanswer,emptyanswer,emptyanswer,emptyanswer
373L46LKP65LPINC0JBXEQNMP04JKF,31T4R4OBOSFD997GXZA4C01RNQA7CU,A2QXX0EHO2CZHV,Approved,Thu Mar 12 15:15:48 EDT 2015,Thu Mar 12 15:24:32 EDT 2015,Proposal is a framework for agent-based distributed machine learning and data mining,One basis is the exchange of meta-level descriptions of individual learning processes,Another basis is online reasoning about learning success and learning progress,models of local learning processes are able to be exchanged,different methods for integrating these processes are introduced,these processes enables agents to engage in meta-reasoning about their own learning processes,this architecture to a real-world distributed clustering application is applied,we illustrate how the conceptual framework can be used in practical systems,experimental results are reported on,future extensions of the framework are discussed,emptyanswer,emptyanswer,emptyanswer,emptyanswer,emptyanswer,emptyanswer
373L46LKP65LPINC0JBXEQNMP04JKF,33TIN5LC049UQVWE8OQDNNKGL4RY9G,A2SDTL2V8VJ25O,Approved,Thu Mar 12 21:00:02 EDT 2015,Thu Mar 12 21:00:53 EDT 2015,Framework,Distributed,Learning,Data,extensions,emptyanswer,emptyanswer,emptyanswer,emptyanswer,emptyanswer,emptyanswer,emptyanswer,emptyanswer,emptyanswer,emptyanswer,emptyanswer
373L46LKP65LPINC0JBXEQNMP04JKF,3YMTUJH0DSFXC3R8HN7NYYHLKBLT4I,A1A9GCQVBEMT58,Approved,Fri Mar 13 07:53:25 EDT 2015,Fri Mar 13 07:58:35 EDT 2015,agent-based distributed machine learning,meta-level descriptions,abstract architecture,distributed machine learning tasks,powerful coordination methods,meta-reasoning,real-world distributed clustering application,conceptual framework,hypotheses and learning algorithms,potential future extensions to the framework,emptyanswer,emptyanswer,emptyanswer,emptyanswer,emptyanswer,emptyanswer
373L46LKP65LPINC0JBXEQNMP04JKF,3LO69W1SU3CP56CN3F7XLW47G3FLG1,A2UNRV6PEOEXG0,Approved,Fri Mar 13 13:59:38 EDT 2015,Fri Mar 13 14:00:22 EDT 2015,Framework,Agent-Based Distributed Machine Learning,Data mining,meta-level descriptions,agents,emptyanswer,emptyanswer,emptyanswer,emptyanswer,emptyanswer,emptyanswer,emptyanswer,emptyanswer,emptyanswer,emptyanswer,emptyanswer
373L46LKP65LPINC0JBXEQNMP04JKF,3HPZF4IVNMSWOT3HK804PDLORR0YC7,A3DTN2OMF6DUSI,Approved,Fri Mar 13 23:20:48 EDT 2015,Fri Mar 13 23:20:55 EDT 2015,model,model,model,model,model,emptyanswer,emptyanswer,emptyanswer,emptyanswer,emptyanswer,emptyanswer,emptyanswer,emptyanswer,emptyanswer,emptyanswer,emptyanswer
373L46LKP65LPINC0JBXEQNMP04JKF,3ZV9H2YQQD64MOCYCE7FBDWEA8C3W8,A610SH5RY1NG1,Approved,Sat Mar 14 06:17:11 EDT 2015,Sat Mar 14 06:17:42 EDT 2015,framework,agent-based,distributed machine learning,meta-level descriptions,learning processes,emptyanswer,emptyanswer,emptyanswer,emptyanswer,emptyanswer,emptyanswer,emptyanswer,emptyanswer,emptyanswer,emptyanswer,emptyanswer
373L46LKP65LPINC0JBXEQNMP04JKF,3J4Q2Z4UTY2WTPI0APJBOLPPK0BWQP,A2Z9HR2IBD75R9,Approved,Sat Mar 14 09:09:06 EDT 2015,Sat Mar 14 09:09:32 EDT 2015,Framework,Agent-Based,Distributed,Machine Learning,Data Mining,emptyanswer,emptyanswer,emptyanswer,emptyanswer,emptyanswer,emptyanswer,emptyanswer,emptyanswer,emptyanswer,emptyanswer,emptyanswer
373L46LKP65LPINC0JBXEQNMP04JKF,3U0SRXB7CD46IWOMV3HOXSM3NB8NRR,AH3ER3EJXHRO2,Approved,Sat Mar 14 16:16:14 EDT 2015,Sat Mar 14 16:16:41 EDT 2015,machine learning,data mining,agent-based,framework,learning agents,emptyanswer,emptyanswer,emptyanswer,emptyanswer,emptyanswer,emptyanswer,emptyanswer,emptyanswer,emptyanswer,emptyanswer,emptyanswer
373L46LKP65LPINC0JBXEQNMP04JKF,3TS1AR6UQQDKCLRQO105K6MUK8VF7G,A16DELN8V1CH9R,Approved,Sat Mar 14 17:23:49 EDT 2015,Sat Mar 14 17:26:09 EDT 2015,agent-based distributed machine learning,agent-based distributed data mining,learning agents,local learning processes,coordination methods,distributed clustering application,learning algorithms,emptyanswer,emptyanswer,emptyanswer,emptyanswer,emptyanswer,emptyanswer,emptyanswer,emptyanswer,emptyanswer
373L46LKP65LPINC0JBXEQNMP04JKF,3E1QT0TDFP88MQYZZEYW13VHBKX8IR,AWFQ7OX0UPSM5,Approved,Sat Mar 14 19:18:24 EDT 2015,Sat Mar 14 19:19:13 EDT 2015,Agent-Based Distributed Machine Learning and Data Mining,exchange of meta-level descriptions of individual learning processes among agents,online reasoning about learning success and learning progress by learning agents,abstract architecture,local learning processes,emptyanswer,emptyanswer,emptyanswer,emptyanswer,emptyanswer,emptyanswer,emptyanswer,emptyanswer,emptyanswer,emptyanswer,emptyanswer
373L46LKP65LPINC0JBXEQNMP04JKF,3V5Q80FXIXQIA8ERYUI8N6GP62932K,A1BV5YY1UQCMZY,Approved,Sat Mar 14 19:47:33 EDT 2015,Sat Mar 14 19:48:30 EDT 2015,framework,agent-based machine learning,data mining,exchange models,experimental results,meta-reasoning,emptyanswer,emptyanswer,emptyanswer,emptyanswer,emptyanswer,emptyanswer,emptyanswer,emptyanswer,emptyanswer,emptyanswer
373L46LKP65LPINC0JBXEQNMP04JKF,3018Q3ZVOIPZYDUXMZCJBM23O4HRAJ,A3S4ZDSPYCDH3D,Approved,Sat Mar 14 19:48:15 EDT 2015,Sat Mar 14 19:50:45 EDT 2015,exchange of meta-level descriptions of individual learning processes among agents,online reasoning about learning success and learning progress by learning agents,different methods for integrating exchange models,enables meta reasoning about their own learning decisions,real world applicable,emptyanswer,emptyanswer,emptyanswer,emptyanswer,emptyanswer,emptyanswer,emptyanswer,emptyanswer,emptyanswer,emptyanswer,emptyanswer
373L46LKP65LPINC0JBXEQNMP04JKF,3QAPZX2QN4CMTGFUF70PL8II3RS02R,A1G94QON7A9K0N,Approved,Sat Mar 14 20:17:25 EDT 2015,Sat Mar 14 20:17:55 EDT 2015,machine learning,clustering,conceptual,algorithms,extensions,emptyanswer,emptyanswer,emptyanswer,emptyanswer,emptyanswer,emptyanswer,emptyanswer,emptyanswer,emptyanswer,emptyanswer,emptyanswer
373L46LKP65LPINC0JBXEQNMP04JKF,3ON104KXQKVP4KV2CSCYLIOKOA14WR,A29ZV4XJB7R1O,Approved,Sat Mar 14 19:57:49 EDT 2015,Sat Mar 14 20:20:36 EDT 2015,Framework,Agent-Based,Distributed Machine Learning,Data Mining,datasets,emptyanswer,emptyanswer,emptyanswer,emptyanswer,emptyanswer,emptyanswer,emptyanswer,emptyanswer,emptyanswer,emptyanswer,emptyanswer
373L46LKP65LPINC0JBXEQNMP04JKF,3WMOAN2SRBWYB3534NMYYPB68I5NV6,A9VLWY4KW6OCB,Approved,Sat Mar 14 21:46:12 EDT 2015,Sat Mar 14 22:11:16 EDT 2015,Framework,Agent,Distributed,Machine,Learning,emptyanswer,emptyanswer,emptyanswer,emptyanswer,emptyanswer,emptyanswer,emptyanswer,emptyanswer,emptyanswer,emptyanswer,emptyanswer
373L46LKP65LPINC0JBXEQNMP04JKF,3DPNQGW4LLERA5GWLAZUNOP708K644,ACVJ6IUO9QM4R,Approved,Sat Mar 14 22:14:41 EDT 2015,Sat Mar 14 22:15:24 EDT 2015,gent-based distributed machine learning,data mining,future extensions to the framework,meta-reasoning,learning decisions,emptyanswer,emptyanswer,emptyanswer,emptyanswer,emptyanswer,emptyanswer,emptyanswer,emptyanswer,emptyanswer,emptyanswer,emptyanswer
373L46LKP65LPINC0JBXEQNMP04JKF,333U7HK6I9EGYWEWY4UCZWOIZR2DJZ,ATOMPVWZKAE0E,Approved,Sun Mar 15 00:40:46 EDT 2015,Sun Mar 15 00:43:29 EDT 2015,agent-based distributed machine learning,data mining,exchange of meta-level description,abstract architecture,agent-based computing coordination method,distributed clustering application,emptyanswer,emptyanswer,emptyanswer,emptyanswer,emptyanswer,emptyanswer,emptyanswer,emptyanswer,emptyanswer,emptyanswer
373L46LKP65LPINC0JBXEQNMP04JKF,36TFCYNS449Y5WON14S3HQBV2HCHX2,A1GK9ZI7T30X9Z,Approved,Sun Mar 15 01:23:19 EDT 2015,Sun Mar 15 01:24:38 EDT 2015,Agent-Based Distributed Machine Learning,Data Mining,framework,meta-level description,learning,agent-based computing,meta-reasoning,emptyanswer,emptyanswer,emptyanswer,emptyanswer,emptyanswer,emptyanswer,emptyanswer,emptyanswer,emptyanswer
