HitId,AssignmentId,WorkerId,Status,AcceptTime,SubmitTime,Answer 1,Answer 2,Answer 3,Answer 4,Answer 5,Answer 6,Answer 7,Answer 8,Answer 9,Answer 10,Answer 11,Answer 12,Answer 13,Answer 14,Answer 15,Answer 16
374UMBUHN4OXKN7TK083SDXNITNCT1,3WMINLGALB2VSB5E42MOMR3HN9DCA8,AK81F0NOBFJS3,Approved,Mon Mar 02 12:47:21 EST 2015,Mon Mar 02 12:50:19 EST 2015,Volume Weighted Average Price,Limit Order,Financial Market,online,Stock trading,algorithms,emptyanswer,emptyanswer,emptyanswer,emptyanswer,emptyanswer,emptyanswer,emptyanswer,emptyanswer,emptyanswer,emptyanswer
374UMBUHN4OXKN7TK083SDXNITNCT1,3XC1O3LBOSLTABYTNF64KFJW58ETLU,A22R7DT2XQIKXV,Approved,Mon Mar 02 14:04:56 EST 2015,Mon Mar 02 14:05:18 EST 2015,aa,aa,aa,aa,aa,emptyanswer,emptyanswer,emptyanswer,emptyanswer,emptyanswer,emptyanswer,emptyanswer,emptyanswer,emptyanswer,emptyanswer,emptyanswer
374UMBUHN4OXKN7TK083SDXNITNCT1,32M8BPYGATLNF54HICAKTGCFYAGGIY,A3ODG942FG22PJ,Approved,Mon Mar 02 15:31:47 EST 2015,Mon Mar 02 15:32:15 EST 2015,Competitive,Algorithms,VWAP,Limit Order,Trading,NA,NA,NA,NA,NA,NA,NA,NA,NA,NA,NA
374UMBUHN4OXKN7TK083SDXNITNCT1,31QTRG6Q2TCFIICLPDMA9DKVPKNYPC,A2R085B34P2LYS,Approved,Mon Mar 02 22:53:32 EST 2015,Mon Mar 02 23:14:56 EST 2015,Algorithms,for,VWAP,and,Limit,emptyanswer,emptyanswer,emptyanswer,emptyanswer,emptyanswer,emptyanswer,emptyanswer,emptyanswer,emptyanswer,emptyanswer,emptyanswer
374UMBUHN4OXKN7TK083SDXNITNCT1,3TUI152ZZBM3SO2XD1UQVVZVNV21QA,A27I79P03I0ZPO,Approved,Mon Mar 02 23:30:56 EST 2015,Mon Mar 02 23:33:27 EST 2015,Competitive,Algorithms,Limit,Trading,VWAP,emptyanswer,emptyanswer,emptyanswer,emptyanswer,emptyanswer,emptyanswer,emptyanswer,emptyanswer,emptyanswer,emptyanswer,emptyanswer
374UMBUHN4OXKN7TK083SDXNITNCT1,3VD82FOHKQNKUFZFELR6NMNMCSXOC3,A1B5NXRZQYRC4R,Approved,Tue Mar 03 08:58:23 EST 2015,Tue Mar 03 08:58:43 EST 2015,competitive,algorithms,vwap,limit order,trading,emptyanswer,emptyanswer,emptyanswer,emptyanswer,emptyanswer,emptyanswer,emptyanswer,emptyanswer,emptyanswer,emptyanswer,emptyanswer
374UMBUHN4OXKN7TK083SDXNITNCT1,30OG32W0SUAH9SJH9XXOYLNK7UBNEM,A26M2B8NZVKWTZ,Approved,Tue Mar 03 11:04:21 EST 2015,Tue Mar 03 11:05:16 EST 2015,Competitive,Algorithms,VWAP,Limit,Trading,emptyanswer,emptyanswer,emptyanswer,emptyanswer,emptyanswer,emptyanswer,emptyanswer,emptyanswer,emptyanswer,emptyanswer,emptyanswer
374UMBUHN4OXKN7TK083SDXNITNCT1,3HRMW88U16PC0KJNPPJ90HWG85B0M1,A2YW509B0UMSEH,Approved,Wed Mar 04 03:59:17 EST 2015,Wed Mar 04 04:02:32 EST 2015,Algorithm,Trading,online,financial market,stock,emptyanswer,emptyanswer,emptyanswer,emptyanswer,emptyanswer,emptyanswer,emptyanswer,emptyanswer,emptyanswer,emptyanswer,emptyanswer
374UMBUHN4OXKN7TK083SDXNITNCT1,3KJYX6QCM9A2SDEIPPU65IUPY7DJVS,A3FFZN4FO3Q789,Approved,Wed Mar 04 11:01:02 EST 2015,Wed Mar 04 11:04:01 EST 2015,preliminary,preliminary,preliminary,preliminary,preliminary,emptyanswer,emptyanswer,emptyanswer,emptyanswer,emptyanswer,emptyanswer,emptyanswer,emptyanswer,emptyanswer,emptyanswer,emptyanswer
374UMBUHN4OXKN7TK083SDXNITNCT1,3V26SBZTBDD91COW88MVEIVB5G2ZZZ,A3H35QRODK1C4K,Approved,Wed Mar 04 12:15:58 EST 2015,Wed Mar 04 12:16:30 EST 2015,competitive,algorithms,vwap,limit order,trading,emptyanswer,emptyanswer,emptyanswer,emptyanswer,emptyanswer,emptyanswer,emptyanswer,emptyanswer,emptyanswer,emptyanswer,emptyanswer
374UMBUHN4OXKN7TK083SDXNITNCT1,3S3AMIZX3U4TQI8QOCDQCSBN8HFDCQ,A2F6ZON8X5EAGL,Approved,Wed Mar 04 14:39:47 EST 2015,Wed Mar 04 14:40:29 EST 2015,Competitive Algorithms for VWAP and Limit Order Trading,financial,trading,books,stock trading,emptyanswer,emptyanswer,emptyanswer,emptyanswer,emptyanswer,emptyanswer,emptyanswer,emptyanswer,emptyanswer,emptyanswer,emptyanswer
374UMBUHN4OXKN7TK083SDXNITNCT1,37M28K1J0QCI0PBKEU3A9VGCDY9AJH,A3OTLWGJFB65KD,Approved,Wed Mar 04 19:25:50 EST 2015,Wed Mar 04 19:25:56 EST 2015,nothing,nothing,nothing,nothing,nothing,emptyanswer,emptyanswer,emptyanswer,emptyanswer,emptyanswer,emptyanswer,emptyanswer,emptyanswer,emptyanswer,emptyanswer,emptyanswer
374UMBUHN4OXKN7TK083SDXNITNCT1,32VNZTT0A73KWOEGDY2SYJG3V6RR41,A3LUJSAN4DQ1ZT,Approved,Wed Mar 04 23:15:08 EST 2015,Wed Mar 04 23:15:56 EST 2015,competitive,algorithms,VWAP,limit order trading,financial markets,volume wheighted average price,emptyanswer,emptyanswer,emptyanswer,emptyanswer,emptyanswer,emptyanswer,emptyanswer,emptyanswer,emptyanswer,emptyanswer
374UMBUHN4OXKN7TK083SDXNITNCT1,3NJM2BJS4W52FFBGTL4LCMSCM1NCPA,A3S81UFDOWF2ST,Approved,Wed Mar 04 23:33:22 EST 2015,Wed Mar 04 23:33:52 EST 2015,Competitive Algorithms,VWAP,Limit Order Trading,stock trading,Volume Weighted Average Price trading,emptyanswer,emptyanswer,emptyanswer,emptyanswer,emptyanswer,emptyanswer,emptyanswer,emptyanswer,emptyanswer,emptyanswer,emptyanswer
374UMBUHN4OXKN7TK083SDXNITNCT1,3TGOYF991XLBTE0CWYOFGY1H1INUUZ,A9LA6QK6VCERR,Approved,Wed Mar 04 23:53:58 EST 2015,Wed Mar 04 23:55:02 EST 2015,Competitive Algorithms,VWAP,Limit Order Trading,Volume Weighted Average Price trading,online algorithms for stock trading,emptyanswer,emptyanswer,emptyanswer,emptyanswer,emptyanswer,emptyanswer,emptyanswer,emptyanswer,emptyanswer,emptyanswer,emptyanswer
374UMBUHN4OXKN7TK083SDXNITNCT1,3TAYZSBPLL7MUPZ6O9J9VEO1XVUS2C,A1YLO4LT02D2F0,Approved,Thu Mar 05 11:25:10 EST 2015,Thu Mar 05 11:25:39 EST 2015,introduce new online models,two important aspects,modern financial markets,Weighted Average Price,extensivestudy of competitive,emptyanswer,emptyanswer,emptyanswer,emptyanswer,emptyanswer,emptyanswer,emptyanswer,emptyanswer,emptyanswer,emptyanswer,emptyanswer
374UMBUHN4OXKN7TK083SDXNITNCT1,3IXQG4FA2TXYDN33YWCTFCMFZDL9BN,A1QUDNLO95AKS5,Approved,Thu Mar 05 12:14:38 EST 2015,Thu Mar 05 12:14:56 EST 2015,Competitive Algorithms,VWAP,Limit Order Trading,new online models,modern financial markets,emptyanswer,emptyanswer,emptyanswer,emptyanswer,emptyanswer,emptyanswer,emptyanswer,emptyanswer,emptyanswer,emptyanswer,emptyanswer
374UMBUHN4OXKN7TK083SDXNITNCT1,326O153BMIX8NGS4K3JL2GBQTWSDEP,AQXSUU4I4DAH8,Approved,Thu Mar 05 14:31:11 EST 2015,Thu Mar 05 14:32:40 EST 2015,Algorithms for VWAP,aspects of modern financial markets,Limit Order Trading,competitive algorithms,stock trading,emptyanswer,emptyanswer,emptyanswer,emptyanswer,emptyanswer,emptyanswer,emptyanswer,emptyanswer,emptyanswer,emptyanswer,emptyanswer
374UMBUHN4OXKN7TK083SDXNITNCT1,3R9WASFE2ZF3WVXW7WSOBQFTTFOZFZ,A3I10J1GPDAPQR,Approved,Thu Mar 05 15:56:44 EST 2015,Thu Mar 05 15:58:02 EST 2015,Competitive Algorithms,VWAP,Limit Order Trading,online models,stock trading,emptyanswer,emptyanswer,emptyanswer,emptyanswer,emptyanswer,emptyanswer,emptyanswer,emptyanswer,emptyanswer,emptyanswer,emptyanswer
374UMBUHN4OXKN7TK083SDXNITNCT1,3IHR8NYAM70ZKBY106Y3TOGOUQ9P4H,A1W7BQWWGKJ3XF,Approved,Thu Mar 05 16:08:46 EST 2015,Thu Mar 05 16:09:13 EST 2015,modern financial markets,online models,Limit Order Trading,VWAP,Competitive Algorithms,emptyanswer,emptyanswer,emptyanswer,emptyanswer,emptyanswer,emptyanswer,emptyanswer,emptyanswer,emptyanswer,emptyanswer,emptyanswer
374UMBUHN4OXKN7TK083SDXNITNCT1,3MD9PLUKKIDFKNAD5KB1JVO2V6CNZW,ADUJUZANFOWKW,Approved,Thu Mar 05 16:12:12 EST 2015,Thu Mar 05 16:12:53 EST 2015,algorithm,VWAP,financial,markets,stock,emptyanswer,emptyanswer,emptyanswer,emptyanswer,emptyanswer,emptyanswer,emptyanswer,emptyanswer,emptyanswer,emptyanswer,emptyanswer
374UMBUHN4OXKN7TK083SDXNITNCT1,3H8DHMCCW9AB9GKEGPUO0BOVDT7DKS,A14TK50KH724N6,Approved,Thu Mar 05 18:14:57 EST 2015,Thu Mar 05 18:17:38 EST 2015,stock trading,Volume Weighted Average Price trading,limit order books,finance,model,new online models,algorithm,emptyanswer,emptyanswer,emptyanswer,emptyanswer,emptyanswer,emptyanswer,emptyanswer,emptyanswer,emptyanswer
374UMBUHN4OXKN7TK083SDXNITNCT1,3A0EX8ZRN8NDEOBB6849ETF68O9YB8,A3DHYTZ1GPN0T8,Approved,Thu Mar 05 21:37:06 EST 2015,Thu Mar 05 21:37:40 EST 2015,introduce,algorithms,important,Volume Weighted Average Price trading,competitive,emptyanswer,emptyanswer,emptyanswer,emptyanswer,emptyanswer,emptyanswer,emptyanswer,emptyanswer,emptyanswer,emptyanswer,emptyanswer
374UMBUHN4OXKN7TK083SDXNITNCT1,35USIKEBNRFDWDQ23FEQMXV7Q476NK,A156E6TWVB7GP7,Approved,Thu Mar 05 22:39:11 EST 2015,Thu Mar 05 22:40:13 EST 2015,Important aspects,Volume Weighted Average Price,algorthms,trading and limit books,stock trading,emptyanswer,emptyanswer,emptyanswer,emptyanswer,emptyanswer,emptyanswer,emptyanswer,emptyanswer,emptyanswer,emptyanswer,emptyanswer
374UMBUHN4OXKN7TK083SDXNITNCT1,3TXMY6UCAENNFRCVTYJACRIMR3LQC3,A28IXE702NXWKQ,Approved,Fri Mar 06 08:55:56 EST 2015,Fri Mar 06 08:56:18 EST 2015,introduce,models,relatethem,algorithms,extensivestudy,emptyanswer,emptyanswer,emptyanswer,emptyanswer,emptyanswer,emptyanswer,emptyanswer,emptyanswer,emptyanswer,emptyanswer,emptyanswer
374UMBUHN4OXKN7TK083SDXNITNCT1,3KMS4QQVK2P870YA7VPEOBRGPAWFKM,A2KELEVTA0306Y,Approved,Fri Mar 06 10:15:30 EST 2015,Fri Mar 06 10:18:37 EST 2015,introduce,new,online,models,important,aspects,modern,financial,Weighted,markets,Volume,Price,Average,extensivestudy,competitive,algorithms
374UMBUHN4OXKN7TK083SDXNITNCT1,3CTOC39K37P0HNDM7RRQZ4EMCZKJ7Y,A1VOWQJOBWOVKG,Approved,Fri Mar 06 19:27:35 EST 2015,Fri Mar 06 19:28:19 EST 2015,Competitive Algorithms,VWAP,Limit Order Trading,online models,Volume Weighted Average Price,emptyanswer,emptyanswer,emptyanswer,emptyanswer,emptyanswer,emptyanswer,emptyanswer,emptyanswer,emptyanswer,emptyanswer,emptyanswer
374UMBUHN4OXKN7TK083SDXNITNCT1,3IKZ72A5B4F9F6JD48HUG38KJ8JFNF,A3EOFHEPL3L07Y,Approved,Sat Mar 07 06:18:38 EST 2015,Sat Mar 07 06:20:15 EST 2015,competitive algorithms for VWAP and limit order trading,competitive algorithms,VWAP,Limit Order Trading,algorithms for stock trading,emptyanswer,emptyanswer,emptyanswer,emptyanswer,emptyanswer,emptyanswer,emptyanswer,emptyanswer,emptyanswer,emptyanswer,emptyanswer
374UMBUHN4OXKN7TK083SDXNITNCT1,3IKZ72A5B4F9F6JD48HUG38KJ8TFNP,A2GBY8O6GYSB89,Approved,Sat Mar 07 10:54:57 EST 2015,Sat Mar 07 10:56:38 EST 2015,Competitive Algorithms,modern financial markets,Volume Weighted Average Price,online algorithms for stock trading,VWAP and Limit Order Trading,emptyanswer,emptyanswer,emptyanswer,emptyanswer,emptyanswer,emptyanswer,emptyanswer,emptyanswer,emptyanswer,emptyanswer,emptyanswer
374UMBUHN4OXKN7TK083SDXNITNCT1,39ASUFLU6X6MLMXLB3KXWNEI9LVXEG,A37WDQ1VG5XN6Z,Approved,Sat Mar 07 13:35:49 EST 2015,Sat Mar 07 13:35:56 EST 2015,nothing,nothing,nothing,nothing,nothing,emptyanswer,emptyanswer,emptyanswer,emptyanswer,emptyanswer,emptyanswer,emptyanswer,emptyanswer,emptyanswer,emptyanswer,emptyanswer
374UMBUHN4OXKN7TK083SDXNITNCT1,34J10VATJFXESUYVL8FWNUGH4BKIQI,A9HQ3E0F2AGVO,Approved,Sat Mar 07 15:38:20 EST 2015,Sat Mar 07 15:38:54 EST 2015,online models,modern financial markets,Volume Weighted Average Price trading,limit order books,competitive algorithms,emptyanswer,emptyanswer,emptyanswer,emptyanswer,emptyanswer,emptyanswer,emptyanswer,emptyanswer,emptyanswer,emptyanswer,emptyanswer
374UMBUHN4OXKN7TK083SDXNITNCT1,3STRJBFXOWQIQ5GB2FU35F6HGNBTKN,A38IE69ORDCEGY,Approved,Sat Mar 07 18:19:40 EST 2015,Sat Mar 07 18:20:50 EST 2015,Limited Order Trading,VWAP,competitive algorithms,stock trading,financial market,emptyanswer,emptyanswer,emptyanswer,emptyanswer,emptyanswer,emptyanswer,emptyanswer,emptyanswer,emptyanswer,emptyanswer,emptyanswer
374UMBUHN4OXKN7TK083SDXNITNCT1,3NXNZ5RS1AWBBB0DLF0DAA0JGW179O,APEB5ERGCYP6D,Approved,Sat Mar 07 23:42:19 EST 2015,Sat Mar 07 23:43:47 EST 2015,new online models for two important aspects of modern financial markets,Volume Weighted Average Price trading,limit order books,an extensivestudy of competitive algorithms in these models,relatethem to earlier online algorithms for stock trading,emptyanswer,emptyanswer,emptyanswer,emptyanswer,emptyanswer,emptyanswer,emptyanswer,emptyanswer,emptyanswer,emptyanswer,emptyanswer
374UMBUHN4OXKN7TK083SDXNITNCT1,3UXUOQ9OKEWPGUAIDLED65B3MFA7AW,A156NFBMKKLDL9,Approved,Sun Mar 08 14:45:45 EDT 2015,Sun Mar 08 14:46:20 EDT 2015,Competitive Algorithms,VWAP,Limit Order Trading,online models,modern financial markets,emptyanswer,emptyanswer,emptyanswer,emptyanswer,emptyanswer,emptyanswer,emptyanswer,emptyanswer,emptyanswer,emptyanswer,emptyanswer
374UMBUHN4OXKN7TK083SDXNITNCT1,3X3OR7WPZZZACR65KHV9TJN9RBEL8E,A3G4SXD4N30C3L,Approved,Sun Mar 08 14:37:16 EDT 2015,Sun Mar 08 14:52:45 EDT 2015,Competitive Algorithms,Volume Weighted Average Price,Limit Order Trading,modern financial markets,stock trading,emptyanswer,emptyanswer,emptyanswer,emptyanswer,emptyanswer,emptyanswer,emptyanswer,emptyanswer,emptyanswer,emptyanswer,emptyanswer
374UMBUHN4OXKN7TK083SDXNITNCT1,3Y54SXRO1LKWT1LNWTY5B2FFIFSTU5,ANB69EQROUTQJ,Approved,Sun Mar 08 14:55:16 EDT 2015,Sun Mar 08 14:56:02 EDT 2015,algorithms,Volume weighted average price,limit order trading,stock trading,online models,emptyanswer,emptyanswer,emptyanswer,emptyanswer,emptyanswer,emptyanswer,emptyanswer,emptyanswer,emptyanswer,emptyanswer,emptyanswer
374UMBUHN4OXKN7TK083SDXNITNCT1,3DQQ64TANGKBTDHLAC4MOGZFEU1WPP,A2SZAM3EZER2PH,Approved,Mon Mar 09 07:37:56 EDT 2015,Mon Mar 09 07:38:44 EDT 2015,introduce new online,important aspects,Volume Weighted Average,extensivestudy,earlier online algorithms,emptyanswer,emptyanswer,emptyanswer,emptyanswer,emptyanswer,emptyanswer,emptyanswer,emptyanswer,emptyanswer,emptyanswer,emptyanswer
374UMBUHN4OXKN7TK083SDXNITNCT1,35LDD5557A3EDAQRTITRJ1BPMIOKMS,A3GSN49YWM9CLD,Approved,Mon Mar 09 10:38:25 EDT 2015,Mon Mar 09 10:39:12 EDT 2015,financial markets:,Volume Weighted Average Price trading,limit order books,extensivestudy of competitive algorithms,relatethem to earlier online algorithm,emptyanswer,emptyanswer,emptyanswer,emptyanswer,emptyanswer,emptyanswer,emptyanswer,emptyanswer,emptyanswer,emptyanswer,emptyanswer
374UMBUHN4OXKN7TK083SDXNITNCT1,3NL0RFNU0FMY9K1LNETVX7UP0RHK4B,ACYGMRGAZ22U7,Approved,Mon Mar 09 17:50:26 EDT 2015,Mon Mar 09 17:50:31 EDT 2015,Keyword/Keyphrase 1:,Keyword/Keyphrase 1:,Keyword/Keyphrase 1:,Keyword/Keyphrase 1:,Keyword/Keyphrase 1:,emptyanswer,emptyanswer,emptyanswer,emptyanswer,emptyanswer,emptyanswer,emptyanswer,emptyanswer,emptyanswer,emptyanswer,emptyanswer
374UMBUHN4OXKN7TK083SDXNITNCT1,33CKWXB73JJFBKIGSM4BUURNF3Y117,AW36CVMS3526O,Approved,Tue Mar 10 11:32:36 EDT 2015,Tue Mar 10 11:33:34 EDT 2015,Competitive Algorithms,introduce,markets,extensivestudy,algorithms,emptyanswer,emptyanswer,emptyanswer,emptyanswer,emptyanswer,emptyanswer,emptyanswer,emptyanswer,emptyanswer,emptyanswer,emptyanswer
374UMBUHN4OXKN7TK083SDXNITNCT1,33ISQZVXPPLJLQ2COGIFSMT5NXHCCZ,A17JEL4FN1B9TB,Approved,Tue Mar 10 12:15:08 EDT 2015,Tue Mar 10 12:16:08 EDT 2015,Competitive,Algorithms,VWAP,Limit,Order,Trading,online,models,emptyanswer,emptyanswer,emptyanswer,emptyanswer,emptyanswer,emptyanswer,emptyanswer,emptyanswer
374UMBUHN4OXKN7TK083SDXNITNCT1,3OXV7EAXLEP6S9XSLWUBDJX1LZU363,A3UY2GVCKC8LSL,Approved,Tue Mar 10 23:32:38 EDT 2015,Tue Mar 10 23:37:31 EDT 2015,financial markets,Volume Weighted Average Price trading,Limit Order Trading,VWAP,Competitive Algorithms,emptyanswer,emptyanswer,emptyanswer,emptyanswer,emptyanswer,emptyanswer,emptyanswer,emptyanswer,emptyanswer,emptyanswer,emptyanswer
374UMBUHN4OXKN7TK083SDXNITNCT1,3JRJSWSMQHKA5OQ7RED9P7PE2XS3EY,A3K6BSW10S4YKJ,Approved,Wed Mar 11 03:14:12 EDT 2015,Wed Mar 11 03:15:29 EDT 2015,Competitive Algorithms,VWAP (Volume Weighted Average Price trading),limit order books,competitive algorithms,for stock trading,emptyanswer,emptyanswer,emptyanswer,emptyanswer,emptyanswer,emptyanswer,emptyanswer,emptyanswer,emptyanswer,emptyanswer,emptyanswer
374UMBUHN4OXKN7TK083SDXNITNCT1,30LSNF239UUX0BWAJXPVRCIEOC42I0,ATRHDYWCIYTDJ,Approved,Wed Mar 11 05:02:24 EDT 2015,Wed Mar 11 05:02:36 EDT 2015,online,modern,Volume,Average,algorithms,emptyanswer,emptyanswer,emptyanswer,emptyanswer,emptyanswer,emptyanswer,emptyanswer,emptyanswer,emptyanswer,emptyanswer,emptyanswer
374UMBUHN4OXKN7TK083SDXNITNCT1,39ASUFLU6X6MLMXLB3KXWNEI9T3EXL,A3CMDYA9USA3MR,Approved,Wed Mar 11 07:59:38 EDT 2015,Wed Mar 11 07:59:50 EDT 2015,models,aspects,financial,algorithms,trading,emptyanswer,emptyanswer,emptyanswer,emptyanswer,emptyanswer,emptyanswer,emptyanswer,emptyanswer,emptyanswer,emptyanswer,emptyanswer
374UMBUHN4OXKN7TK083SDXNITNCT1,3LEP4MGT3GZAGDGKACHV1855QEGBDI,A1XRIEYLA7ZJ3B,Approved,Wed Mar 11 09:22:49 EDT 2015,Wed Mar 11 09:25:30 EDT 2015,Competitive Algorithms for VWAP,new online models for two important aspects of modern financial markets,Volume Weighted Average Price trading,limit order books,relate them to earlier online algorithms for stock trading,emptyanswer,emptyanswer,emptyanswer,emptyanswer,emptyanswer,emptyanswer,emptyanswer,emptyanswer,emptyanswer,emptyanswer,emptyanswer
374UMBUHN4OXKN7TK083SDXNITNCT1,37FMASSAYCQROOW62QI6S5LIIJRBIN,A1JWEYGDFDB100,Approved,Wed Mar 11 10:56:32 EDT 2015,Wed Mar 11 10:57:35 EDT 2015,Competitive Algorithms,VWAP,Limit Order Trading,online models,financial markets,emptyanswer,emptyanswer,emptyanswer,emptyanswer,emptyanswer,emptyanswer,emptyanswer,emptyanswer,emptyanswer,emptyanswer,emptyanswer
374UMBUHN4OXKN7TK083SDXNITNCT1,3X3OR7WPZZZACR65KHV9TJN9RHA8L9,A2E2IQ99W6B7AV,Approved,Wed Mar 11 15:33:02 EDT 2015,Wed Mar 11 15:34:01 EDT 2015,Competitive algrorithms,Order limits,Finance markets,Stock trading,Weighted average pricing,emptyanswer,emptyanswer,emptyanswer,emptyanswer,emptyanswer,emptyanswer,emptyanswer,emptyanswer,emptyanswer,emptyanswer,emptyanswer
374UMBUHN4OXKN7TK083SDXNITNCT1,3N4BPTXIO8RXQIV02KKDABSJZ88UKJ,A2SDTL2V8VJ25O,Approved,Wed Mar 11 20:31:48 EDT 2015,Wed Mar 11 20:32:32 EDT 2015,Competitive,Algorithms,VWAP,Limit,Trading,emptyanswer,emptyanswer,emptyanswer,emptyanswer,emptyanswer,emptyanswer,emptyanswer,emptyanswer,emptyanswer,emptyanswer,emptyanswer
374UMBUHN4OXKN7TK083SDXNITNCT1,3V5Q80FXIXQIA8ERYUI8N6GP6WG32F,A3HPVFAF1U9WXK,Approved,Thu Mar 12 01:50:23 EDT 2015,Thu Mar 12 01:51:02 EDT 2015,Limit Order Trading,models,financial markets,Volume Weighted Average Price,algorithms,trading,emptyanswer,emptyanswer,emptyanswer,emptyanswer,emptyanswer,emptyanswer,emptyanswer,emptyanswer,emptyanswer,emptyanswer
374UMBUHN4OXKN7TK083SDXNITNCT1,34Q075JO1XCF4VXYW30BGP8DBE610P,A2KS418T8MPLJH,Approved,Thu Mar 12 11:25:16 EDT 2015,Thu Mar 12 11:26:29 EDT 2015,We introduce new online models for two important aspects of modern financial markets:,Volume Weighted Average Price trading and limit order books.,competitive algorithms in these models and relatethem to earlier online algorithms for stock trading.,Volume Weighted Average Price trading and limit order books.,We provide an extensivestudy of competitive algorithms in these models and relatethem to earlier online algorithms for stock trading.,emptyanswer,emptyanswer,emptyanswer,emptyanswer,emptyanswer,emptyanswer,emptyanswer,emptyanswer,emptyanswer,emptyanswer,emptyanswer
374UMBUHN4OXKN7TK083SDXNITNCT1,3PPTZCWALQJ0NKN5LC3INPJ71XKZQD,AM1HY736BY3Z8,Approved,Thu Mar 12 13:07:56 EDT 2015,Thu Mar 12 13:08:35 EDT 2015,Competitive Algorithms for VWAP and Limit Order Trading,We introduce new online models for two important aspects of modern financial markets:,Volume Weighted Average Price trading and limit order books.,We provide an extensivestudy of competitive algorithms in these models,relatethem to earlier online algorithms for stock trading.,emptyanswer,emptyanswer,emptyanswer,emptyanswer,emptyanswer,emptyanswer,emptyanswer,emptyanswer,emptyanswer,emptyanswer,emptyanswer
374UMBUHN4OXKN7TK083SDXNITNCT1,3L4PIM1GQTF0UVS025QZE8KARPJRYG,AU3WQKISBW5MZ,Approved,Thu Mar 12 13:37:04 EDT 2015,Thu Mar 12 13:39:08 EDT 2015,We introduce new online models for two important,aspects of modern financial markets: Volume Weighted,Average Price trading and limit order books.,We provide an extensivestudy of competitive algorithms in these models,and relatethem to earlier online algorithms for stock trading,emptyanswer,emptyanswer,emptyanswer,emptyanswer,emptyanswer,emptyanswer,emptyanswer,emptyanswer,emptyanswer,emptyanswer,emptyanswer
374UMBUHN4OXKN7TK083SDXNITNCT1,3A0EX8ZRN8NDEOBB6849ETF694WBY5,ADVZAZ12Z8N9J,Approved,Thu Mar 12 21:50:41 EDT 2015,Thu Mar 12 21:52:57 EDT 2015,We introduce new online models for two important aspects of modern financial markets: Volume Weighted Average Price trading and limit order books.,N/A,N/A,N/A,N/A,emptyanswer,emptyanswer,emptyanswer,emptyanswer,emptyanswer,emptyanswer,emptyanswer,emptyanswer,emptyanswer,emptyanswer,emptyanswer
374UMBUHN4OXKN7TK083SDXNITNCT1,3H7XDTSHKCQ5G0OM7TEZU7LNE9YGW2,AL9R6CILUG30X,Approved,Fri Mar 13 01:57:57 EDT 2015,Fri Mar 13 02:00:52 EDT 2015,Competitive Algorithms,VWAP,Limit Order Trading,online models,modern financial markets,Volume Weighted Average Price trading,limit order books,stock trading,emptyanswer,emptyanswer,emptyanswer,emptyanswer,emptyanswer,emptyanswer,emptyanswer,emptyanswer
374UMBUHN4OXKN7TK083SDXNITNCT1,3DQQ64TANGKBTDHLAC4MOGZFF1ZWP2,A1A9GCQVBEMT58,Approved,Fri Mar 13 08:37:02 EDT 2015,Fri Mar 13 08:39:19 EDT 2015,modern financial markets,Volume Weighted Average Price trading,competitive algorithms,relate them,earlier online algorithms,stock trading,emptyanswer,emptyanswer,emptyanswer,emptyanswer,emptyanswer,emptyanswer,emptyanswer,emptyanswer,emptyanswer,emptyanswer
374UMBUHN4OXKN7TK083SDXNITNCT1,3BF51CHDTV9Q86ICYS3W8COKS5F0H4,A18U96VTGHOXKM,Approved,Fri Mar 13 12:42:53 EDT 2015,Fri Mar 13 12:58:58 EDT 2015,VWAP,Competitive Algorithims,Limit order training,volume weighted average price trading,stock trading,financial markets,emptyanswer,emptyanswer,emptyanswer,emptyanswer,emptyanswer,emptyanswer,emptyanswer,emptyanswer,emptyanswer,emptyanswer
374UMBUHN4OXKN7TK083SDXNITNCT1,3IGI0VL647J3LJW63B0K3XHYCK5NOR,A1T9IKE8GV4LR4,Approved,Fri Mar 13 13:01:52 EDT 2015,Fri Mar 13 13:17:13 EDT 2015,Competition between stock trading algorithms,Online models for stock trading,New vs. old algorithms for stock trading,Volume weight average price trading,Limit order books for stock trading,Competing algorithms for modern financial markets,emptyanswer,emptyanswer,emptyanswer,emptyanswer,emptyanswer,emptyanswer,emptyanswer,emptyanswer,emptyanswer,emptyanswer
374UMBUHN4OXKN7TK083SDXNITNCT1,3VZLGYJEYL9KWHOH7QYAHXF0Y2IXZN,A330N7LVL2IOVZ,Approved,Fri Mar 13 14:15:41 EDT 2015,Fri Mar 13 14:21:00 EDT 2015,modern financial markets,competitive algorithm,online algorithm,stock trading,online models,emptyanswer,emptyanswer,emptyanswer,emptyanswer,emptyanswer,emptyanswer,emptyanswer,emptyanswer,emptyanswer,emptyanswer,emptyanswer
374UMBUHN4OXKN7TK083SDXNITNCT1,3WJEQKOXA81B58VGO5X45VKQK311A5,A3DTN2OMF6DUSI,Approved,Fri Mar 13 22:46:27 EDT 2015,Fri Mar 13 22:46:54 EDT 2015,Competitive,Algorithms,VWAP,Limit Order Trading,financial,emptyanswer,emptyanswer,emptyanswer,emptyanswer,emptyanswer,emptyanswer,emptyanswer,emptyanswer,emptyanswer,emptyanswer,emptyanswer
374UMBUHN4OXKN7TK083SDXNITNCT1,3K3R2QNK8B2D9MC9YNTOK2E3PJK9U3,A8HUG07IE2R3,Approved,Sat Mar 14 01:56:58 EDT 2015,Sat Mar 14 01:58:44 EDT 2015,Competitive Algorithms for VWAP and Limit Order Trading,modern financial markets,Weighted Average Price trading,limit order books,online algorithms for stock trading,emptyanswer,emptyanswer,emptyanswer,emptyanswer,emptyanswer,emptyanswer,emptyanswer,emptyanswer,emptyanswer,emptyanswer,emptyanswer
374UMBUHN4OXKN7TK083SDXNITNCT1,3Z3ZLGNNSITZ2RGC0589JOESM763QF,A610SH5RY1NG1,Approved,Sat Mar 14 07:23:49 EDT 2015,Sat Mar 14 07:24:03 EDT 2015,Trading,Algorithms,Competitive,VWAP,Limit,emptyanswer,emptyanswer,emptyanswer,emptyanswer,emptyanswer,emptyanswer,emptyanswer,emptyanswer,emptyanswer,emptyanswer,emptyanswer
374UMBUHN4OXKN7TK083SDXNITNCT1,3BWI6RSP7G8S67RUTQGZ2O1U86J7ER,A2Z9HR2IBD75R9,Approved,Sat Mar 14 09:56:01 EDT 2015,Sat Mar 14 09:56:21 EDT 2015,Competitive Algorithms,VWAP,Limit Order Trading,financial,markets,emptyanswer,emptyanswer,emptyanswer,emptyanswer,emptyanswer,emptyanswer,emptyanswer,emptyanswer,emptyanswer,emptyanswer,emptyanswer
374UMBUHN4OXKN7TK083SDXNITNCT1,352YTHGROVC77U0DHTQYKFEX9L7H4L,A2UNRV6PEOEXG0,Approved,Sat Mar 14 13:55:49 EDT 2015,Sat Mar 14 13:56:32 EDT 2015,Competitive algorithms,Volume Weighted Average Price trading,online algorithms,limit order trading,stock trading,emptyanswer,emptyanswer,emptyanswer,emptyanswer,emptyanswer,emptyanswer,emptyanswer,emptyanswer,emptyanswer,emptyanswer,emptyanswer
374UMBUHN4OXKN7TK083SDXNITNCT1,3TS1AR6UQQDKCLRQO105K6MUK8S7F5,AH3ER3EJXHRO2,Approved,Sat Mar 14 16:08:10 EDT 2015,Sat Mar 14 16:09:04 EDT 2015,algorithms,financial markets,competitive,stock trading,VWAP,emptyanswer,emptyanswer,emptyanswer,emptyanswer,emptyanswer,emptyanswer,emptyanswer,emptyanswer,emptyanswer,emptyanswer,emptyanswer
374UMBUHN4OXKN7TK083SDXNITNCT1,31IBVUNM9SYMNBSM6Z3LQK2X6Q5FVB,AWFQ7OX0UPSM5,Approved,Sat Mar 14 18:54:02 EDT 2015,Sat Mar 14 18:54:33 EDT 2015,Competitive Algorithms,VWAP,Limit Order Trading,online models,modern financial markets,emptyanswer,emptyanswer,emptyanswer,emptyanswer,emptyanswer,emptyanswer,emptyanswer,emptyanswer,emptyanswer,emptyanswer,emptyanswer
374UMBUHN4OXKN7TK083SDXNITNCT1,3IO1LGZLK9WST63YXDP7405C2U5862,A2I4DDHMIT7HX,Approved,Sat Mar 14 20:11:37 EDT 2015,Sat Mar 14 20:12:20 EDT 2015,Volume Weighted Average Price,limit order trading,financial markets,limit order books,stock trading,competitive algorithms,emptyanswer,emptyanswer,emptyanswer,emptyanswer,emptyanswer,emptyanswer,emptyanswer,emptyanswer,emptyanswer,emptyanswer
374UMBUHN4OXKN7TK083SDXNITNCT1,3PMBY0YE272HNSV9CW8OQWSXIMXC9M,A29ZV4XJB7R1O,Approved,Sat Mar 14 19:54:49 EDT 2015,Sat Mar 14 20:15:17 EDT 2015,Competitive Algorithms,VWAP,Limit Order,Trading,financial markets,emptyanswer,emptyanswer,emptyanswer,emptyanswer,emptyanswer,emptyanswer,emptyanswer,emptyanswer,emptyanswer,emptyanswer,emptyanswer
374UMBUHN4OXKN7TK083SDXNITNCT1,3Z7VU45IPYGC6G3O0XD3MOBZTSX1Z3,A1G94QON7A9K0N,Approved,Sat Mar 14 20:15:02 EDT 2015,Sat Mar 14 20:15:20 EDT 2015,online,financial,books,stock,markets,emptyanswer,emptyanswer,emptyanswer,emptyanswer,emptyanswer,emptyanswer,emptyanswer,emptyanswer,emptyanswer,emptyanswer,emptyanswer
