HitId,AssignmentId,WorkerId,Status,AcceptTime,SubmitTime,Answer 1,Answer 2,Answer 3,Answer 4,Answer 5,Answer 6,Answer 7,Answer 8,Answer 9,Answer 10,Answer 11,Answer 12,Answer 13,Answer 14,Answer 15,Answer 16
38RHULDV9XEGP7XN7F90Q02HZSOWIC,3JRJSWSMQHKA5OQ7RED9P7PE2BZE38,A221FSWO28B4YF,Approved,Mon Mar 02 13:00:45 EST 2015,Mon Mar 02 13:02:08 EST 2015,adaptive filtering methods,cross-benchmark evaluation,logistic regression,non-stationary topics,TREC utility function,emptyanswer,emptyanswer,emptyanswer,emptyanswer,emptyanswer,emptyanswer,emptyanswer,emptyanswer,emptyanswer,emptyanswer,emptyanswer
38RHULDV9XEGP7XN7F90Q02HZSOWIC,33FOTY3KEMKZYNSE8JTVBQAEJGDC1S,A22R7DT2XQIKXV,Approved,Mon Mar 02 15:11:20 EST 2015,Mon Mar 02 15:11:25 EST 2015,aa,aa,aa,aa,aa,emptyanswer,emptyanswer,emptyanswer,emptyanswer,emptyanswer,emptyanswer,emptyanswer,emptyanswer,emptyanswer,emptyanswer,emptyanswer
38RHULDV9XEGP7XN7F90Q02HZSOWIC,3AAJC4I4FGRJ1XJSQMJ9QO7LMF7ZJQ,A3FG9YWTFFK1AU,Approved,Mon Mar 02 18:50:01 EST 2015,Mon Mar 02 19:07:53 EST 2015,Robustness,Adaptive Filtering Methods,Cross-benchmark Evaluation,Topic Detection and Tracking (TDT),Text Retrieval Conferences (TREC),regularized logistic regression (LR),emptyanswer,emptyanswer,emptyanswer,emptyanswer,emptyanswer,emptyanswer,emptyanswer,emptyanswer,emptyanswer,emptyanswer
38RHULDV9XEGP7XN7F90Q02HZSOWIC,3PIWWX1FJJ5T1IEO80GN2UJV3H5JJ0,A27I79P03I0ZPO,Approved,Mon Mar 02 21:08:34 EST 2015,Mon Mar 02 21:11:22 EST 2015,evaluation,Tracking,performing,system,compared,emptyanswer,emptyanswer,emptyanswer,emptyanswer,emptyanswer,emptyanswer,emptyanswer,emptyanswer,emptyanswer,emptyanswer,emptyanswer
38RHULDV9XEGP7XN7F90Q02HZSOWIC,3NPI0JQDAO4J1WDRF7ZB1WSGAI3PTC,A2A4LHPXF2E2GS,Approved,Mon Mar 02 21:53:43 EST 2015,Mon Mar 02 22:06:25 EST 2015,adaptive Filtering Methods,cross-benchmark evaluation,regularized logistic regression (LR)Rocchio for adaptive filtering,Topic Detection and Tracking (TDT) forum,Text Retrieval Conferences (TREC),LR optimizing T11SU 20.9% increase,Rocchio optimizing Ctrk 54% reduction,"best results  on TDT5, TREC10 and TREC11",compared  totop-performing system in TDT2004,emptyanswer,emptyanswer,emptyanswer,emptyanswer,emptyanswer,emptyanswer,emptyanswer
38RHULDV9XEGP7XN7F90Q02HZSOWIC,3MX2NQ3YC9TMP34S02RUST85WES5XR,A2R085B34P2LYS,Approved,Mon Mar 02 22:20:46 EST 2015,Mon Mar 02 22:39:27 EST 2015,Robustness,Adaptive,Filtering,Methods,Evaluation,optional,optional,optional,optional,optional,optional,optional,optional,optional,optional,optional
38RHULDV9XEGP7XN7F90Q02HZSOWIC,3JCG6DTRV3PR9SMEYGK5WW73V86QQ8,A2YW509B0UMSEH,Approved,Tue Mar 03 05:10:33 EST 2015,Tue Mar 03 05:13:07 EST 2015,Cross-benchmark Evaluation,Filtering,Rocchio,feedback,information,emptyanswer,emptyanswer,emptyanswer,emptyanswer,emptyanswer,emptyanswer,emptyanswer,emptyanswer,emptyanswer,emptyanswer,emptyanswer
38RHULDV9XEGP7XN7F90Q02HZSOWIC,3XM0HYN6NKYHCDVUPCAG2ASF795PED,A3ODG942FG22PJ,Approved,Tue Mar 03 08:43:30 EST 2015,Tue Mar 03 08:43:48 EST 2015,Robustness,Adaptive,Filtering,Evaluation,LR,na,na,na,na,na,na,na,na,na,na,na
38RHULDV9XEGP7XN7F90Q02HZSOWIC,3NC5L260MOLRXRJP5NH7VS8P95OFO4,A1B5NXRZQYRC4R,Approved,Tue Mar 03 08:50:50 EST 2015,Tue Mar 03 08:51:16 EST 2015,robustness,adaptive,filtering,methods,evaluation,emptyanswer,emptyanswer,emptyanswer,emptyanswer,emptyanswer,emptyanswer,emptyanswer,emptyanswer,emptyanswer,emptyanswer,emptyanswer
38RHULDV9XEGP7XN7F90Q02HZSOWIC,3B1NLC6UGZVFWRRLV7042DDRKPQGPR,A26M2B8NZVKWTZ,Approved,Tue Mar 03 10:53:51 EST 2015,Tue Mar 03 10:54:42 EST 2015,Adaptive,Evaluation,Robustness,Cross-benchmark,top-performin,emptyanswer,emptyanswer,emptyanswer,emptyanswer,emptyanswer,emptyanswer,emptyanswer,emptyanswer,emptyanswer,emptyanswer,emptyanswer
38RHULDV9XEGP7XN7F90Q02HZSOWIC,3MH9DQ757WBSOWZHCTZYCJ0QS6NGUS,A3S81UFDOWF2ST,Approved,Tue Mar 03 12:29:20 EST 2015,Tue Mar 03 12:30:52 EST 2015,Adaptive Filtering Methods,Topic Detection and Tracking (TDT),Text Retrieval Conferences (TREC),Significant performance improvements,Logistic regression,emptyanswer,emptyanswer,emptyanswer,emptyanswer,emptyanswer,emptyanswer,emptyanswer,emptyanswer,emptyanswer,emptyanswer,emptyanswer
38RHULDV9XEGP7XN7F90Q02HZSOWIC,3AUQQEL7U5SVQ7DW3HK0NDFTZX3V0R,A1W7BQWWGKJ3XF,Approved,Tue Mar 03 22:44:47 EST 2015,Tue Mar 03 22:45:54 EST 2015,Adaptive Filtering Methods,Cross-benchmark Evaluation,Topic Detection and Tracking (TDT),Text Retrieval Conferences (TREC),T11SU (a TREC utility function),Ctrk (the TDT tracking cost),relevance,emptyanswer,emptyanswer,emptyanswer,emptyanswer,emptyanswer,emptyanswer,emptyanswer,emptyanswer,emptyanswer
38RHULDV9XEGP7XN7F90Q02HZSOWIC,3LWJHTCVCCLUI3W5K09BKX3PO7RQFA,A3HPVFAF1U9WXK,Approved,Wed Mar 04 01:37:39 EST 2015,Wed Mar 04 01:38:46 EST 2015,Robustness,Adaptive Filtering,Cross-benchmark Evaluation,logistic regression,optimization,emptyanswer,emptyanswer,emptyanswer,emptyanswer,emptyanswer,emptyanswer,emptyanswer,emptyanswer,emptyanswer,emptyanswer,emptyanswer
38RHULDV9XEGP7XN7F90Q02HZSOWIC,3Y4W8Q93LZJPPREQFT8V2KZCTNDDV5,A3H35QRODK1C4K,Approved,Wed Mar 04 10:16:47 EST 2015,Wed Mar 04 10:17:14 EST 2015,robustness,adaptive,filtering,methods,evaluation,emptyanswer,emptyanswer,emptyanswer,emptyanswer,emptyanswer,emptyanswer,emptyanswer,emptyanswer,emptyanswer,emptyanswer,emptyanswer
38RHULDV9XEGP7XN7F90Q02HZSOWIC,33L7PJKHCGXYV4EATQX0FAXQLB4T83,A3FFZN4FO3Q789,Approved,Wed Mar 04 11:03:34 EST 2015,Wed Mar 04 11:06:50 EST 2015,preliminary,preliminary,preliminary,preliminary,preliminary,emptyanswer,emptyanswer,emptyanswer,emptyanswer,emptyanswer,emptyanswer,emptyanswer,emptyanswer,emptyanswer,emptyanswer,emptyanswer
38RHULDV9XEGP7XN7F90Q02HZSOWIC,3IGI0VL647J3LJW63B0K3XHYBYSON6,A3UY2GVCKC8LSL,Approved,Wed Mar 04 12:28:11 EST 2015,Wed Mar 04 12:29:09 EST 2015,robustness,adaptive filtering,cross-benchmark,evaluation,LR,logistic regression,TDT5,TREC10,TREC11,emptyanswer,emptyanswer,emptyanswer,emptyanswer,emptyanswer,emptyanswer,emptyanswer
38RHULDV9XEGP7XN7F90Q02HZSOWIC,3IO1LGZLK9WST63YXDP7405C14C68Q,A2F6ZON8X5EAGL,Approved,Wed Mar 04 15:56:09 EST 2015,Wed Mar 04 15:57:00 EST 2015,Robustness of Adaptive Filtering Methods In a Cross-benchmark Evaluation,paper,incremental,portion,feedback,emptyanswer,emptyanswer,emptyanswer,emptyanswer,emptyanswer,emptyanswer,emptyanswer,emptyanswer,emptyanswer,emptyanswer,emptyanswer
38RHULDV9XEGP7XN7F90Q02HZSOWIC,3OONKJ5DKCI1KA790LVBC2H4UA3BOV,A3OTLWGJFB65KD,Approved,Wed Mar 04 19:24:18 EST 2015,Wed Mar 04 19:24:26 EST 2015,nothing,nothing,nothing,nothing,nothing,emptyanswer,emptyanswer,emptyanswer,emptyanswer,emptyanswer,emptyanswer,emptyanswer,emptyanswer,emptyanswer,emptyanswer,emptyanswer
38RHULDV9XEGP7XN7F90Q02HZSOWIC,3RXPCZQMQPACFZ8JA5PE1HVTHCU1GO,A3G4SXD4N30C3L,Approved,Wed Mar 04 21:10:39 EST 2015,Wed Mar 04 21:11:56 EST 2015,adaptive filtering methods,cross-benchmark evaluation,Topic Detection and Tracking (TDT),Text Retrieval Conferences (TREC),logistic regression (LR),incremental Rocchio,emptyanswer,emptyanswer,emptyanswer,emptyanswer,emptyanswer,emptyanswer,emptyanswer,emptyanswer,emptyanswer,emptyanswer
38RHULDV9XEGP7XN7F90Q02HZSOWIC,3Z2R0DQ0JHDLK6UONEZ46XKMW34E2E,A3LUJSAN4DQ1ZT,Approved,Wed Mar 04 23:06:00 EST 2015,Wed Mar 04 23:06:29 EST 2015,robustness,cross-benchmark,LR,TDT5,TREC11,T11SU,emptyanswer,emptyanswer,emptyanswer,emptyanswer,emptyanswer,emptyanswer,emptyanswer,emptyanswer,emptyanswer,emptyanswer
38RHULDV9XEGP7XN7F90Q02HZSOWIC,3ERET4BTVM8Z6Q7X49PMEF55M6K9KV,A9LA6QK6VCERR,Approved,Thu Mar 05 00:33:36 EST 2015,Thu Mar 05 00:36:47 EST 2015,Adaptive Filtering Methods,regularized logistic regression,incremental Rocchio for adaptive filtering,Topic Detection and Tracking (TDT) forum,Text Retrieval Conferences (TREC),T11SU,TREC utility function,Rocchio,Ctrk,TDT tracking cost,emptyanswer,emptyanswer,emptyanswer,emptyanswer,emptyanswer,emptyanswer
38RHULDV9XEGP7XN7F90Q02HZSOWIC,373ERPL3YO74D9T6SZ306RSVB5PRTE,A1YLO4LT02D2F0,Approved,Thu Mar 05 02:39:25 EST 2015,Thu Mar 05 02:40:52 EST 2015,paper reports a cross-benchmark evaluation of regularized logistic regression,incremental Rocchio for adaptive filtering,four corpora from the Topic Detection and Tracking,a high-recall oriented objective function.,the top-performing system in TDT2004 without relevance feedback information,emptyanswer,emptyanswer,emptyanswer,emptyanswer,emptyanswer,emptyanswer,emptyanswer,emptyanswer,emptyanswer,emptyanswer,emptyanswer
38RHULDV9XEGP7XN7F90Q02HZSOWIC,33IZTU6J810NV523CY42L4IXA4OSXG,A3I10J1GPDAPQR,Approved,Thu Mar 05 08:17:11 EST 2015,Thu Mar 05 08:18:31 EST 2015,Robustness of Adaptive Filtering Methods,Cross-benchmark Evaluation,Text Retrieval Conferences,high-recall oriented objective function,TDT5,emptyanswer,emptyanswer,emptyanswer,emptyanswer,emptyanswer,emptyanswer,emptyanswer,emptyanswer,emptyanswer,emptyanswer,emptyanswer
38RHULDV9XEGP7XN7F90Q02HZSOWIC,3SEPORI8WNY804GOWG6WXP42WYHAZ1,A1QUDNLO95AKS5,Approved,Thu Mar 05 09:01:26 EST 2015,Thu Mar 05 09:59:12 EST 2015,Robustness,Adaptive,Filtering Methods,Cross-benchmark Evaluation,reduction,emptyanswer,emptyanswer,emptyanswer,emptyanswer,emptyanswer,emptyanswer,emptyanswer,emptyanswer,emptyanswer,emptyanswer,emptyanswer
38RHULDV9XEGP7XN7F90Q02HZSOWIC,39DD6S19JPABQHX0CL8IT8UTHECEZZ,ADUJUZANFOWKW,Approved,Thu Mar 05 16:33:08 EST 2015,Thu Mar 05 16:33:33 EST 2015,evaluation,filtering,TREC,logistics,feedback,emptyanswer,emptyanswer,emptyanswer,emptyanswer,emptyanswer,emptyanswer,emptyanswer,emptyanswer,emptyanswer,emptyanswer,emptyanswer
38RHULDV9XEGP7XN7F90Q02HZSOWIC,3IGI0VL647J3LJW63B0K3XHYB2PONB,A2SDTL2V8VJ25O,Approved,Thu Mar 05 18:44:47 EST 2015,Thu Mar 05 18:45:44 EST 2015,Adaptive,Methods,Evaluation,TREC,compared,emptyanswer,emptyanswer,emptyanswer,emptyanswer,emptyanswer,emptyanswer,emptyanswer,emptyanswer,emptyanswer,emptyanswer,emptyanswer
38RHULDV9XEGP7XN7F90Q02HZSOWIC,30BUDKLTXDUDJ3DB5X1244NYGHXE5P,A3DHYTZ1GPN0T8,Approved,Thu Mar 05 22:56:15 EST 2015,Thu Mar 05 22:56:45 EST 2015,paper,Topic Detection and Tracking (TDT),Text Retrieval Conferences (TREC),T11SU,without relevance feedback information,emptyanswer,emptyanswer,emptyanswer,emptyanswer,emptyanswer,emptyanswer,emptyanswer,emptyanswer,emptyanswer,emptyanswer,emptyanswer
38RHULDV9XEGP7XN7F90Q02HZSOWIC,3DOCMVPBTNDL3YWU2W07O8HTLXUNNF,A2KELEVTA0306Y,Approved,Fri Mar 06 11:21:05 EST 2015,Fri Mar 06 11:23:28 EST 2015,paper,reports,cross-benchmark,evaluation,regularized,logistic,regression,incremental,Rocchio,adaptive,filtering,corpora,Detection,Retrieval,Conferences,non-stationary
38RHULDV9XEGP7XN7F90Q02HZSOWIC,33NF62TLXJ1OC2K6QLGZ39J8IIQJK8,AQXSUU4I4DAH8,Approved,Fri Mar 06 12:21:09 EST 2015,Fri Mar 06 12:21:41 EST 2015,Robustness of Adaptive Filtering,regularized logistic regression,Cross-benchmark Evaluation,20.9% increase in T11SU,top-performing system,emptyanswer,emptyanswer,emptyanswer,emptyanswer,emptyanswer,emptyanswer,emptyanswer,emptyanswer,emptyanswer,emptyanswer,emptyanswer
38RHULDV9XEGP7XN7F90Q02HZSOWIC,37FMASSAYCQROOW62QI6S5LIIB4IBR,AWQK8QA93VLW9,Approved,Sat Mar 07 09:05:56 EST 2015,Sat Mar 07 09:08:33 EST 2015,Cross-benchmark Evaluation,Adaptive Filtering Methods,regularized logistic regression (LR),Rocchio,Topic Detection and Tracking (TDT) forum,Text Retrieval Conferences (TREC),T11SU,Ctrk,systematic cross-corpus parameter optimization,TDT5,TREC10,TREC11,T11SU,TDT2004,feedback information,emptyanswer
38RHULDV9XEGP7XN7F90Q02HZSOWIC,3IXEICO792IBRQVM0B02VW1ZFRE6TG,A9HQ3E0F2AGVO,Approved,Sat Mar 07 11:30:44 EST 2015,Sat Mar 07 11:31:31 EST 2015,regularized logistic regression (LR),Rocchio,Topic Detection and Tracking (TDT),Text Retrieval Conferences (TREC),Ctrk (the TDT tracking cost),emptyanswer,emptyanswer,emptyanswer,emptyanswer,emptyanswer,emptyanswer,emptyanswer,emptyanswer,emptyanswer,emptyanswer,emptyanswer
38RHULDV9XEGP7XN7F90Q02HZSOWIC,3R5F3LQFV2JX28AP6ZBEYKO7LNYZOI,A37WDQ1VG5XN6Z,Approved,Sat Mar 07 13:08:29 EST 2015,Sat Mar 07 13:09:03 EST 2015,nothing,nothing,nothing,nothing,nothing,emptyanswer,emptyanswer,emptyanswer,emptyanswer,emptyanswer,emptyanswer,emptyanswer,emptyanswer,emptyanswer,emptyanswer,emptyanswer
38RHULDV9XEGP7XN7F90Q02HZSOWIC,3IHR8NYAM70ZKBY106Y3TOGOUY2P4Q,A38IE69ORDCEGY,Approved,Sat Mar 07 18:56:58 EST 2015,Sat Mar 07 18:58:10 EST 2015,Adaptive Filtering Methods,Cross-benchmark Evaluation,Adaptive filtering,Topic Detection and Tracking,Text Retrieval Conferences,emptyanswer,emptyanswer,emptyanswer,emptyanswer,emptyanswer,emptyanswer,emptyanswer,emptyanswer,emptyanswer,emptyanswer,emptyanswer
38RHULDV9XEGP7XN7F90Q02HZSOWIC,3OHYZ19UGC4W102HU7VFHRXYC4DOAW,A1JWEYGDFDB100,Approved,Sun Mar 08 10:50:51 EDT 2015,Sun Mar 08 10:52:05 EDT 2015,Robustness,Adaptive Filtering Methods,Cross-benchmark Evaluation,regularized logistic regression,incremental Rocchio,emptyanswer,emptyanswer,emptyanswer,emptyanswer,emptyanswer,emptyanswer,emptyanswer,emptyanswer,emptyanswer,emptyanswer,emptyanswer
38RHULDV9XEGP7XN7F90Q02HZSOWIC,35BLDD71I6WSSSJM7BXSTCIFHIMVZB,A156NFBMKKLDL9,Approved,Sun Mar 08 13:59:39 EDT 2015,Sun Mar 08 14:00:09 EDT 2015,Robustness of Adaptive Filtering Methods,Cross-benchmark Evaluation,Text Retrieval Conferences,systematic cross-corpus parameter optimization,optimizing Ctrk,emptyanswer,emptyanswer,emptyanswer,emptyanswer,emptyanswer,emptyanswer,emptyanswer,emptyanswer,emptyanswer,emptyanswer,emptyanswer
38RHULDV9XEGP7XN7F90Q02HZSOWIC,3TY7ZAOG5FJHAWJK4D6TL44CJD3K0T,A3EOFHEPL3L07Y,Approved,Sun Mar 08 18:07:36 EDT 2015,Sun Mar 08 18:08:48 EDT 2015,Robustness of Adaptive Filtering Methods In a Cross-benchmark Evaluation,This paper reports a cross-benchmark evaluation of regularized logistic regression (LR) and incremental Rocchio for adaptive filtering.,"evaluated these methods with non-stationary topics at various granularity levels, and measured performance with different utility settings",LR performs strongly and robustly in optimizing T11SU (a TREC utility function) while Rocchio is better for optimizing Ctrk (the TDT tracking cost),"the best results ever reported on TDT5, TREC10 and TREC11",emptyanswer,emptyanswer,emptyanswer,emptyanswer,emptyanswer,emptyanswer,emptyanswer,emptyanswer,emptyanswer,emptyanswer,emptyanswer
38RHULDV9XEGP7XN7F90Q02HZSOWIC,3X1FV8S5JXQS1BOHHJ9385296SZGVE,A2GBY8O6GYSB89,Approved,Sun Mar 08 18:52:24 EDT 2015,Sun Mar 08 18:53:10 EDT 2015,Robustness,Adaptive Filtering Methods,Cross-benchmark Evaluation,regularized logistic regression (LR),Topic Detection and Tracking (TDT),Text Retrieval Conferences (TREC),emptyanswer,emptyanswer,emptyanswer,emptyanswer,emptyanswer,emptyanswer,emptyanswer,emptyanswer,emptyanswer,emptyanswer
38RHULDV9XEGP7XN7F90Q02HZSOWIC,324G5B4FB37TFHC0LJHKHZZQDUA70J,A2SZAM3EZER2PH,Approved,Mon Mar 09 05:51:48 EDT 2015,Mon Mar 09 05:52:41 EDT 2015,benchmark evaluation,logistic regression,Detection and Tracking,optimizing T11SU,Relevance feedback,emptyanswer,emptyanswer,emptyanswer,emptyanswer,emptyanswer,emptyanswer,emptyanswer,emptyanswer,emptyanswer,emptyanswer,emptyanswer
38RHULDV9XEGP7XN7F90Q02HZSOWIC,3IFS6Q0HJIIQ5AD8DC41IUVIM3KSI4,A17JEL4FN1B9TB,Approved,Mon Mar 09 12:19:20 EDT 2015,Mon Mar 09 12:20:09 EDT 2015,Robustness,adaptive,filtering,methods,cross,benchmark,Evaluation,emptyanswer,emptyanswer,emptyanswer,emptyanswer,emptyanswer,emptyanswer,emptyanswer,emptyanswer,emptyanswer
38RHULDV9XEGP7XN7F90Q02HZSOWIC,3OVR4I9USPIKKNZG0JDSTT6YZX94QN,ACYGMRGAZ22U7,Approved,Mon Mar 09 17:52:15 EDT 2015,Mon Mar 09 17:52:20 EDT 2015,Keyword/Keyphrase 1:,Keyword/Keyphrase 1:,Keyword/Keyphrase 1:,Keyword/Keyphrase 1:,Keyword/Keyphrase 1:,emptyanswer,emptyanswer,emptyanswer,emptyanswer,emptyanswer,emptyanswer,emptyanswer,emptyanswer,emptyanswer,emptyanswer,emptyanswer
38RHULDV9XEGP7XN7F90Q02HZSOWIC,3MYYFCXHJ36T7Y52XN8GZF2WTCY4GU,AW36CVMS3526O,Approved,Tue Mar 10 14:18:43 EDT 2015,Tue Mar 10 14:19:38 EDT 2015,Evaluation,Detection,optimizing,performance,performance,emptyanswer,emptyanswer,emptyanswer,emptyanswer,emptyanswer,emptyanswer,emptyanswer,emptyanswer,emptyanswer,emptyanswer,emptyanswer
38RHULDV9XEGP7XN7F90Q02HZSOWIC,3X73LLYYQ1DTT2AJZY5UJOKXZTHHNC,ANB69EQROUTQJ,Approved,Tue Mar 10 18:55:29 EDT 2015,Tue Mar 10 18:56:31 EDT 2015,adaptive filtering,cross-benchmark  evaluation,logistic regression,Topic Detection and Tracking,Text Retrieval Conferences,emptyanswer,emptyanswer,emptyanswer,emptyanswer,emptyanswer,emptyanswer,emptyanswer,emptyanswer,emptyanswer,emptyanswer,emptyanswer
38RHULDV9XEGP7XN7F90Q02HZSOWIC,32SVAV9L3F87FB9VB9BNTOZNHIMA32,A3K6BSW10S4YKJ,Approved,Wed Mar 11 00:35:15 EDT 2015,Wed Mar 11 00:36:15 EDT 2015,cross-benchmark evaluation of regularized logistic regression (LR),incremental Rocchio for adaptive filtering,Topic Detection and Tracking (TDT) forum,Text Retrieval Conferences (TREC),LR performs strongly and robustly in optimizing T11SU (a TREC utility function),Rocchio is better for optimizing Ctrk (the TDT tracking cost),emptyanswer,emptyanswer,emptyanswer,emptyanswer,emptyanswer,emptyanswer,emptyanswer,emptyanswer,emptyanswer,emptyanswer
38RHULDV9XEGP7XN7F90Q02HZSOWIC,3AQF3RZ558H18LDL5RVDESMYOPB6FR,ATRHDYWCIYTDJ,Approved,Wed Mar 11 04:12:05 EDT 2015,Wed Mar 11 04:12:21 EDT 2015,regularized,reports,increase,without,information,emptyanswer,emptyanswer,emptyanswer,emptyanswer,emptyanswer,emptyanswer,emptyanswer,emptyanswer,emptyanswer,emptyanswer,emptyanswer
38RHULDV9XEGP7XN7F90Q02HZSOWIC,3VA45EW49NM07CPHYO2M6Q4V8GT1OJ,A3CMDYA9USA3MR,Approved,Wed Mar 11 07:17:22 EDT 2015,Wed Mar 11 07:19:34 EDT 2015,benchmark,logistic,stationary,measuring,information,emptyanswer,emptyanswer,emptyanswer,emptyanswer,emptyanswer,emptyanswer,emptyanswer,emptyanswer,emptyanswer,emptyanswer,emptyanswer
38RHULDV9XEGP7XN7F90Q02HZSOWIC,3LQ8PUHQFLR1F1ZS2IS2EGOGDWRIH5,AL9R6CILUG30X,Approved,Wed Mar 11 08:10:27 EDT 2015,Wed Mar 11 08:13:08 EDT 2015,Filtering Methods,Topic Detection and Tracking (TDT),Regularized Logistic Regression (LR),TREC utility function,Rocchio,TDT5 test,emptyanswer,emptyanswer,emptyanswer,emptyanswer,emptyanswer,emptyanswer,emptyanswer,emptyanswer,emptyanswer,emptyanswer
38RHULDV9XEGP7XN7F90Q02HZSOWIC,358UUM7WRZ2HFBWZFW0Z1V0DMPP7R7,A2KS418T8MPLJH,Approved,Wed Mar 11 14:07:15 EDT 2015,Wed Mar 11 14:09:25 EDT 2015,Cross-benchmark evaluation of regularized logistic regression Robustness of Adaptive Filtering Methods,Four corpora from the Topic Detection and Tracking Robustness of Adaptive Filtering Methods,Robustness of Adaptive Filtering Methods -  LR performs strongly and robustly in optimizing T11SU,54% reduction in Ctrk and a 20.9% increase in T11SU,Top-performing system in TDT2004 without relevance feedback information,emptyanswer,emptyanswer,emptyanswer,emptyanswer,emptyanswer,emptyanswer,emptyanswer,emptyanswer,emptyanswer,emptyanswer,emptyanswer
38RHULDV9XEGP7XN7F90Q02HZSOWIC,3WYGZ5XF3WEHB53WDFPDVAAVEBBSKP,A28IXE702NXWKQ,Approved,Wed Mar 11 15:30:54 EDT 2015,Wed Mar 11 15:31:50 EDT 2015,This paper reports a cross-benchmark evaluation,regularized logistic regression,we evaluated these methods with non-stationary topics,measuring up to a 54% reduction in Ctrk and a 20.9% increase,"T11SU (with b=0.1), compared to the results of the top-performing system in TDT2004",emptyanswer,emptyanswer,emptyanswer,emptyanswer,emptyanswer,emptyanswer,emptyanswer,emptyanswer,emptyanswer,emptyanswer,emptyanswer
38RHULDV9XEGP7XN7F90Q02HZSOWIC,3VP0C6EFSGV7EV52REZQ9I67LRCM65,A2E2IQ99W6B7AV,Approved,Wed Mar 11 16:55:31 EDT 2015,Wed Mar 11 16:56:26 EDT 2015,Adaptive filtering method,Benchmark evaluation,Objective functions,Feedback information,Utility settings,emptyanswer,emptyanswer,emptyanswer,emptyanswer,emptyanswer,emptyanswer,emptyanswer,emptyanswer,emptyanswer,emptyanswer,emptyanswer
38RHULDV9XEGP7XN7F90Q02HZSOWIC,30LSNF239UUX0BWAJXPVRCIEPE82I9,A2UNRV6PEOEXG0,Approved,Thu Mar 12 00:30:32 EDT 2015,Thu Mar 12 00:31:18 EDT 2015,Adaptive Filtering methods,Cross-benchmark evaluation,logistic regression,Topic Detection and Tracking,CTRK,emptyanswer,emptyanswer,emptyanswer,emptyanswer,emptyanswer,emptyanswer,emptyanswer,emptyanswer,emptyanswer,emptyanswer,emptyanswer
38RHULDV9XEGP7XN7F90Q02HZSOWIC,31JLPPHS2UTWHF3WLSG5UJJS719O33,A1A7P5LC80G47W,Approved,Thu Mar 12 01:01:54 EDT 2015,Thu Mar 12 01:03:00 EDT 2015,adaptive filtering methods,cross-benchmark evaluation,regularized logistic regression,topic detection and tracking,text retrieval conferences,emptyanswer,emptyanswer,emptyanswer,emptyanswer,emptyanswer,emptyanswer,emptyanswer,emptyanswer,emptyanswer,emptyanswer,emptyanswer
38RHULDV9XEGP7XN7F90Q02HZSOWIC,3B3WTRP3DB14PA37F3JIEJJB6OG29L,AM1HY736BY3Z8,Approved,Thu Mar 12 11:54:29 EDT 2015,Thu Mar 12 11:56:05 EDT 2015,Robustness of Adaptive Filtering Methods In a Cross-benchmark Evaluation,This paper reports a cross-benchmark evaluation of regularized logistic regression (LR) and incremental Rocchio for adaptive filtering,"the Text Retrieval Conferences (TREC) we evaluated these methods with non-stationary topics at various granularity levels,",Using systematic cross-corpus parameter optimization with both methods,"we obtained the best results ever reported on TDT5, TREC10 and TREC11.",emptyanswer,emptyanswer,emptyanswer,emptyanswer,emptyanswer,emptyanswer,emptyanswer,emptyanswer,emptyanswer,emptyanswer,emptyanswer
38RHULDV9XEGP7XN7F90Q02HZSOWIC,3TS1AR6UQQDKCLRQO105K6MUK207F1,A3MVLTRGO37TJD,Approved,Thu Mar 12 13:29:29 EDT 2015,Thu Mar 12 13:32:44 EDT 2015,cross-benchmark evaluation of regularized logistic regression (LR) and incremental Rocchio for adaptive filtering,Using four corpora from the Topic Detection and Tracking (TDT) forum and the   Text Retrieval Conferences (TREC),LR performs strongly and robustly in optimizing T11SU (a TREC utility function),"Using systematic cross-corpus parameter optimization with both methods, we obtained the best results ever reported on TDT5, TREC10 and TREC11",Relevance feedback on a small portion (0.05~0.2%) of the TDT5 test documents yielded significant performance improvements,emptyanswer,emptyanswer,emptyanswer,emptyanswer,emptyanswer,emptyanswer,emptyanswer,emptyanswer,emptyanswer,emptyanswer,emptyanswer
38RHULDV9XEGP7XN7F90Q02HZSOWIC,3VJ40NV2QIM1GW1Q07MWCWNQ11KTOP,AU3WQKISBW5MZ,Approved,Thu Mar 12 14:39:36 EDT 2015,Thu Mar 12 14:39:45 EDT 2015,"This paper reports a cross-benchmark evaluation of regularized logistic regression (LR) and incremental Rocchio for adaptive filtering. Using four corpora from the Topic Detection and Tracking (TDT) forum and the Text Retrieval Conferences (TREC) we evaluated these methods with non-stationary topics at various granularity levels, and measured performance with different utility settings. We found that LR performs strongly and robustly in optimizing T11SU (a TREC utility function) while Rocchio is better for optimizing Ctrk (the TDT tracking cost), a high-recall oriented objective function. Using systematic cross-corpus parameter optimization with both methods, we obtained the best results ever reported on TDT5, TREC10 and TREC11. Relevance feedback on a small portion (0.05~0.2%) of the TDT5 test documents yielded significant performance improvements, measuring up to a 54% reduction in Ctrk and a 20.9% increase in T11SU (with b=0.1), compared to the results of the top-performing system in TDT2004 without relevance feedback information.","This paper reports a cross-benchmark evaluation of regularized logistic regression (LR) and incremental Rocchio for adaptive filtering. Using four corpora from the Topic Detection and Tracking (TDT) forum and the Text Retrieval Conferences (TREC) we evaluated these methods with non-stationary topics at various granularity levels, and measured performance with different utility settings. We found that LR performs strongly and robustly in optimizing T11SU (a TREC utility function) while Rocchio is better for optimizing Ctrk (the TDT tracking cost), a high-recall oriented objective function. Using systematic cross-corpus parameter optimization with both methods, we obtained the best results ever reported on TDT5, TREC10 and TREC11. Relevance feedback on a small portion (0.05~0.2%) of the TDT5 test documents yielded significant performance improvements, measuring up to a 54% reduction in Ctrk and a 20.9% increase in T11SU (with b=0.1), compared to the results of the top-performing system in TDT2004 without relevance feedback information.","This paper reports a cross-benchmark evaluation of regularized logistic regression (LR) and incremental Rocchio for adaptive filtering. Using four corpora from the Topic Detection and Tracking (TDT) forum and the Text Retrieval Conferences (TREC) we evaluated these methods with non-stationary topics at various granularity levels, and measured performance with different utility settings. We found that LR performs strongly and robustly in optimizing T11SU (a TREC utility function) while Rocchio is better for optimizing Ctrk (the TDT tracking cost), a high-recall oriented objective function. Using systematic cross-corpus parameter optimization with both methods, we obtained the best results ever reported on TDT5, TREC10 and TREC11. Relevance feedback on a small portion (0.05~0.2%) of the TDT5 test documents yielded significant performance improvements, measuring up to a 54% reduction in Ctrk and a 20.9% increase in T11SU (with b=0.1), compared to the results of the top-performing system in TDT2004 without relevance feedback information.","This paper reports a cross-benchmark evaluation of regularized logistic regression (LR) and incremental Rocchio for adaptive filtering. Using four corpora from the Topic Detection and Tracking (TDT) forum and the Text Retrieval Conferences (TREC) we evaluated these methods with non-stationary topics at various granularity levels, and measured performance with different utility settings. We found that LR performs strongly and robustly in optimizing T11SU (a TREC utility function) while Rocchio is better for optimizing Ctrk (the TDT tracking cost), a high-recall oriented objective function. Using systematic cross-corpus parameter optimization with both methods, we obtained the best results ever reported on TDT5, TREC10 and TREC11. Relevance feedback on a small portion (0.05~0.2%) of the TDT5 test documents yielded significant performance improvements, measuring up to a 54% reduction in Ctrk and a 20.9% increase in T11SU (with b=0.1), compared to the results of the top-performing system in TDT2004 without relevance feedback information.","This paper reports a cross-benchmark evaluation of regularized logistic regression (LR) and incremental Rocchio for adaptive filtering. Using four corpora from the Topic Detection and Tracking (TDT) forum and the Text Retrieval Conferences (TREC) we evaluated these methods with non-stationary topics at various granularity levels, and measured performance with different utility settings. We found that LR performs strongly and robustly in optimizing T11SU (a TREC utility function) while Rocchio is better for optimizing Ctrk (the TDT tracking cost), a high-recall oriented objective function. Using systematic cross-corpus parameter optimization with both methods, we obtained the best results ever reported on TDT5, TREC10 and TREC11. Relevance feedback on a small portion (0.05~0.2%) of the TDT5 test documents yielded significant performance improvements, measuring up to a 54% reduction in Ctrk and a 20.9% increase in T11SU (with b=0.1), compared to the results of the top-performing system in TDT2004 without relevance feedback information.",emptyanswer,emptyanswer,emptyanswer,emptyanswer,emptyanswer,emptyanswer,emptyanswer,emptyanswer,emptyanswer,emptyanswer,emptyanswer
38RHULDV9XEGP7XN7F90Q02HZSOWIC,3L2IS5HSFAHYYOG3ZXCT239NU5XUND,ADVZAZ12Z8N9J,Approved,Thu Mar 12 21:40:42 EDT 2015,Thu Mar 12 21:50:40 EDT 2015,This paper reports a cross-benchmark evaluation of regularized logistic regression (LR) and incremental Rocchio for adaptive filtering.,N/A,N/A,N/A,N/A,emptyanswer,emptyanswer,emptyanswer,emptyanswer,emptyanswer,emptyanswer,emptyanswer,emptyanswer,emptyanswer,emptyanswer,emptyanswer
38RHULDV9XEGP7XN7F90Q02HZSOWIC,30BUDKLTXDUDJ3DB5X1244NYHY5E5W,A3DTN2OMF6DUSI,Approved,Fri Mar 13 22:52:13 EDT 2015,Fri Mar 13 22:52:47 EDT 2015,Adaptive Filtering Methods,Cross-benchmark Evaluation,regularized logistic regression,incremental Rocchio,Topic Detection and Tracking,emptyanswer,emptyanswer,emptyanswer,emptyanswer,emptyanswer,emptyanswer,emptyanswer,emptyanswer,emptyanswer,emptyanswer,emptyanswer
38RHULDV9XEGP7XN7F90Q02HZSOWIC,3TS1AR6UQQDKCLRQO105K6MUK7LF74,A610SH5RY1NG1,Approved,Sat Mar 14 07:43:17 EDT 2015,Sat Mar 14 07:44:11 EDT 2015,Robustness,Adaptive,Filtering,Methods,Cross-benchmark,emptyanswer,emptyanswer,emptyanswer,emptyanswer,emptyanswer,emptyanswer,emptyanswer,emptyanswer,emptyanswer,emptyanswer,emptyanswer
38RHULDV9XEGP7XN7F90Q02HZSOWIC,3PXX5PX6LXXCI6D8Q2QTB7XZ6HBBAL,A2Z9HR2IBD75R9,Approved,Sat Mar 14 09:39:23 EDT 2015,Sat Mar 14 09:39:40 EDT 2015,Robustness,Adaptive,Methods,Filtering,Evaluation,Cross-benchmark,emptyanswer,emptyanswer,emptyanswer,emptyanswer,emptyanswer,emptyanswer,emptyanswer,emptyanswer,emptyanswer,emptyanswer
38RHULDV9XEGP7XN7F90Q02HZSOWIC,3QJOXOW4XJQBRAYHXWIOL6YK3WEEMB,A2EEL9YYUHL5SK,Approved,Sat Mar 14 18:43:55 EDT 2015,Sat Mar 14 18:45:42 EDT 2015,Robustness of Adaptive Filtering Methods,Cross-benchmark Evaluation,logistic regression,Topic Detection Tracking (TDT) forum,Text Retrieval Conferences (TREC),emptyanswer,emptyanswer,emptyanswer,emptyanswer,emptyanswer,emptyanswer,emptyanswer,emptyanswer,emptyanswer,emptyanswer,emptyanswer
38RHULDV9XEGP7XN7F90Q02HZSOWIC,351SEKWQS0G6Z4KH1174FOGZ3LGMDV,A1G94QON7A9K0N,Approved,Sat Mar 14 20:07:34 EDT 2015,Sat Mar 14 20:08:04 EDT 2015,logistic,rocchio,filter,tdt2004,performance,emptyanswer,emptyanswer,emptyanswer,emptyanswer,emptyanswer,emptyanswer,emptyanswer,emptyanswer,emptyanswer,emptyanswer,emptyanswer
38RHULDV9XEGP7XN7F90Q02HZSOWIC,3NGI5ARFTT4ISC1IDOF1VQ9LJTQ1PI,A1BV5YY1UQCMZY,Approved,Sat Mar 14 20:13:28 EDT 2015,Sat Mar 14 20:14:50 EDT 2015,robustness,adaptive filtering methods,cross-benchmark evaluation,lr,tdt5,trec10,trec11,ctrk,incremental rocchio,adaptive filtering,tdt2004,emptyanswer,emptyanswer,emptyanswer,emptyanswer,emptyanswer
38RHULDV9XEGP7XN7F90Q02HZSOWIC,3QAPZX2QN4CMTGFUF70PL8II3RR20S,A29ZV4XJB7R1O,Approved,Sat Mar 14 20:06:15 EDT 2015,Sat Mar 14 20:28:46 EDT 2015,Robustness,Adaptive,Filtering Methods,Cross-benchmark,Evaluation,emptyanswer,emptyanswer,emptyanswer,emptyanswer,emptyanswer,emptyanswer,emptyanswer,emptyanswer,emptyanswer,emptyanswer,emptyanswer
38RHULDV9XEGP7XN7F90Q02HZSOWIC,30LB5CDZNC9CZRI64E938JSPO0VZ02,A8HUG07IE2R3,Approved,Sat Mar 14 20:51:50 EDT 2015,Sat Mar 14 20:54:19 EDT 2015,Adaptive Filtering Methods In a Cross-benchmark Evaluation,evaluation of regularized logistic regression  and incremental Rocchio,"on-stationary topics at various granularity levels, and measured performance with different utility settings",yielded significant performance improvements,54% reduction in Ctrk and a 20.9% increase in T11SU (with b=0.1),emptyanswer,emptyanswer,emptyanswer,emptyanswer,emptyanswer,emptyanswer,emptyanswer,emptyanswer,emptyanswer,emptyanswer,emptyanswer
38RHULDV9XEGP7XN7F90Q02HZSOWIC,33TIN5LC049UQVWE8OQDNNKGLAN9YZ,A2TM0CPAMAO45B,Approved,Sat Mar 14 21:02:30 EDT 2015,Sat Mar 14 21:03:26 EDT 2015,Adaptive Filtering Methods,regularized logistic regression (LR),Rocchio,Text Retrieval Conferences (TREC),T11SU (a TREC utility function),emptyanswer,emptyanswer,emptyanswer,emptyanswer,emptyanswer,emptyanswer,emptyanswer,emptyanswer,emptyanswer,emptyanswer,emptyanswer
38RHULDV9XEGP7XN7F90Q02HZSOWIC,34V1S5K3GS0S7BM825VL4W0NM0X69Z,A9VLWY4KW6OCB,Approved,Sat Mar 14 21:28:40 EDT 2015,Sat Mar 14 21:46:10 EDT 2015,Robustness,Adaptive,TREC,T11SU,logistic regression,emptyanswer,emptyanswer,emptyanswer,emptyanswer,emptyanswer,emptyanswer,emptyanswer,emptyanswer,emptyanswer,emptyanswer,emptyanswer
38RHULDV9XEGP7XN7F90Q02HZSOWIC,39RP059MEHSDK7MXN5GYKYSZ00GMB0,ACVJ6IUO9QM4R,Approved,Sat Mar 14 22:05:59 EDT 2015,Sat Mar 14 22:14:41 EDT 2015,Retrieval Conferences (TREC),cross-benchmark evaluation,relevance feedback,TDT5 test documents,non-stationary topics,emptyanswer,emptyanswer,emptyanswer,emptyanswer,emptyanswer,emptyanswer,emptyanswer,emptyanswer,emptyanswer,emptyanswer,emptyanswer
38RHULDV9XEGP7XN7F90Q02HZSOWIC,3XC1O3LBOSLTABYTNF64KFJW62QTLV,A1GK9ZI7T30X9Z,Approved,Sat Mar 14 22:44:22 EDT 2015,Sat Mar 14 22:45:40 EDT 2015,Adaptive Filtering,Cross-benchmark Evaluation,Text Retrieval Conferences,TREC,Topic Detection and Tracking,TDT,LR,T11SU,TDT2004,emptyanswer,emptyanswer,emptyanswer,emptyanswer,emptyanswer,emptyanswer,emptyanswer
38RHULDV9XEGP7XN7F90Q02HZSOWIC,39DD6S19JPABQHX0CL8IT8UTI1CZEV,AWFQ7OX0UPSM5,Approved,Sat Mar 14 23:16:14 EDT 2015,Sat Mar 14 23:17:34 EDT 2015,Adaptive Filtering Methods,Cross-benchmark Evaluation,regularized logistic regression (LR),Topic Detection and Tracking (TDT),Text Retrieval Conferences (TREC),emptyanswer,emptyanswer,emptyanswer,emptyanswer,emptyanswer,emptyanswer,emptyanswer,emptyanswer,emptyanswer,emptyanswer,emptyanswer
38RHULDV9XEGP7XN7F90Q02HZSOWIC,3WZ36BJEV3FHX2CHW2HA6CNRU8KTBG,AHAJG2TJ4P3G2,Approved,Sun Mar 15 01:47:11 EDT 2015,Sun Mar 15 01:49:45 EDT 2015,Adaptive Filtering Methods,Cross-benchmark Evaluation,regularized logistic regression (LR),incremental Rocchio for adaptive filtering,Topic Detection and Tracking (TDT) forum,ext Retrieval Conferences (TREC),T11SU (a TREC utility function),Rocchio,emptyanswer,emptyanswer,emptyanswer,emptyanswer,emptyanswer,emptyanswer,emptyanswer,emptyanswer
