HitId,AssignmentId,WorkerId,Status,AcceptTime,SubmitTime,Answer 1,Answer 2,Answer 3,Answer 4,Answer 5,Answer 6,Answer 7,Answer 8,Answer 9,Answer 10,Answer 11,Answer 12,Answer 13,Answer 14,Answer 15,Answer 16
3909MD9T2YG2YG96L7991XIPCWSFEP,3QL2OFSM96H2CUZ3D6RT8XNHMGCCNS,A1Z048705962W6,Approved,Mon Mar 02 12:53:30 EST 2015,Mon Mar 02 12:54:11 EST 2015,Archival storage,TSAR,emerging sensor networks,local archiving,energy-efficient storage architecture,emptyanswer,emptyanswer,emptyanswer,emptyanswer,emptyanswer,emptyanswer,emptyanswer,emptyanswer,emptyanswer,emptyanswer,emptyanswer
3909MD9T2YG2YG96L7991XIPCWSFEP,3XXU1SWE8MUBYJAYSMT4RQ1GELLA0K,A22R7DT2XQIKXV,Approved,Mon Mar 02 14:57:30 EST 2015,Mon Mar 02 14:57:36 EST 2015,aa,aa,aa,aa,aa,emptyanswer,emptyanswer,emptyanswer,emptyanswer,emptyanswer,emptyanswer,emptyanswer,emptyanswer,emptyanswer,emptyanswer,emptyanswer
3909MD9T2YG2YG96L7991XIPCWSFEP,3OVR4I9USPIKKNZG0JDSTT6YZFPQ4P,A28O0LXEATB5XE,Approved,Mon Mar 02 15:47:12 EST 2015,Mon Mar 02 15:49:37 EST 2015,Archival storage,sensor data,flat hierarchies of homogeneous sensor nodes,multi-tier nature of emerging sensor networks,tethered proxies,untethered sensors,Interval Skip Graph,TSAR,emptyanswer,emptyanswer,emptyanswer,emptyanswer,emptyanswer,emptyanswer,emptyanswer,emptyanswer
3909MD9T2YG2YG96L7991XIPCWSFEP,3PEIJLRY6TSG2MJCW3E3ITLIGBCXWG,A2A4LHPXF2E2GS,Approved,Mon Mar 02 16:38:22 EST 2015,Mon Mar 02 16:46:56 EST 2015,TSAR: A Two Tier Sensor Storage Architecture Using Interval Skip Graphs of Stargate-based proxies and Mote-based sensors.,Existing storage systems are for flat hierarchies of homogeneous sensor nodes.,Exploit multi-tier nature of emerging sensor networks.,Separation of data from metadata.,Interval Skip Graph supporting spatio-temporal and value queries.,TSAR supports energy-aware adaptive summarization for benefits and feasibility,emptyanswer,emptyanswer,emptyanswer,emptyanswer,emptyanswer,emptyanswer,emptyanswer,emptyanswer,emptyanswer,emptyanswer
3909MD9T2YG2YG96L7991XIPCWSFEP,37FMASSAYCQROOW62QI6S5LIIXUIBP,A3ODG942FG22PJ,Approved,Mon Mar 02 17:40:37 EST 2015,Mon Mar 02 17:40:56 EST 2015,TSAR,sensor,Architecture,Interval,Graphs,na,na,na,na,na,na,na,na,na,na,na
3909MD9T2YG2YG96L7991XIPCWSFEP,3YDGXNSEOZTEEJZKEPWS72LY59A48Z,A3FG9YWTFFK1AU,Approved,Mon Mar 02 18:51:01 EST 2015,Mon Mar 02 19:08:33 EST 2015,TSAR,Two Tier Sensor Storage,Architecture,Interval Skip Graphs,Stargate-based proxies,Mote-based sensors,multi-tier sensor networks,emptyanswer,emptyanswer,emptyanswer,emptyanswer,emptyanswer,emptyanswer,emptyanswer,emptyanswer,emptyanswer
3909MD9T2YG2YG96L7991XIPCWSFEP,3LRKMWOKB5GJV1LKJ1DHR7L4K4V2ZG,A27I79P03I0ZPO,Approved,Mon Mar 02 20:29:12 EST 2015,Mon Mar 02 21:00:34 EST 2015,sensor data,storage,networks,application,distributed,emptyanswer,emptyanswer,emptyanswer,emptyanswer,emptyanswer,emptyanswer,emptyanswer,emptyanswer,emptyanswer,emptyanswer,emptyanswer
3909MD9T2YG2YG96L7991XIPCWSFEP,3X65QVEQI0MCOUWI1TBEV5JSHM1LCQ,A26M2B8NZVKWTZ,Approved,Mon Mar 02 21:41:07 EST 2015,Mon Mar 02 21:46:10 EST 2015,Storage,Architecture,TSAR,Graphs,DATA,emptyanswer,emptyanswer,emptyanswer,emptyanswer,emptyanswer,emptyanswer,emptyanswer,emptyanswer,emptyanswer,emptyanswer,emptyanswer
3909MD9T2YG2YG96L7991XIPCWSFEP,339ANSOTR51SHR0083VZR8485RJIKP,A2R085B34P2LYS,Approved,Mon Mar 02 22:42:52 EST 2015,Mon Mar 02 22:52:09 EST 2015,Two,Tier,Storage,Architecture,Interval,emptyanswer,emptyanswer,emptyanswer,emptyanswer,emptyanswer,emptyanswer,emptyanswer,emptyanswer,emptyanswer,emptyanswer,emptyanswer
3909MD9T2YG2YG96L7991XIPCWSFEP,3TMFV4NEP8DQNLI4OV2B2U4PP2O8W4,A2YW509B0UMSEH,Approved,Mon Mar 02 22:50:59 EST 2015,Mon Mar 02 22:53:27 EST 2015,data,sensors,storage architecture,Graph,network,emptyanswer,emptyanswer,emptyanswer,emptyanswer,emptyanswer,emptyanswer,emptyanswer,emptyanswer,emptyanswer,emptyanswer,emptyanswer
3909MD9T2YG2YG96L7991XIPCWSFEP,3WJEQKOXA81B58VGO5X45VKQJEWA1U,A1B5NXRZQYRC4R,Approved,Tue Mar 03 06:38:56 EST 2015,Tue Mar 03 06:39:41 EST 2015,TSAR,Two Tier Sensor Storage,Architecture,Using Interval,Skip Graphs,emptyanswer,emptyanswer,emptyanswer,emptyanswer,emptyanswer,emptyanswer,emptyanswer,emptyanswer,emptyanswer,emptyanswer,emptyanswer
3909MD9T2YG2YG96L7991XIPCWSFEP,3OHYZ19UGC4W102HU7VFHRXYCPTOAI,A2SJC9VRBGNC58,Approved,Tue Mar 03 14:40:27 EST 2015,Tue Mar 03 14:42:48 EST 2015,Two Tier Sensor Storage,data archiving,emerging sensor networks,separation of data from metadata,Mote-based sensors,multi-tier sensor networks.,emptyanswer,emptyanswer,emptyanswer,emptyanswer,emptyanswer,emptyanswer,emptyanswer,emptyanswer,emptyanswer,emptyanswer
3909MD9T2YG2YG96L7991XIPCWSFEP,3R2PKQ87NW7N7F03TF8F6LWCUXKIM2,A1PXJWCNRYCBS5,Approved,Tue Mar 03 15:39:33 EST 2015,Tue Mar 03 15:40:57 EST 2015,Two tier sensor storage architecture using interval skip graphs,archival storage of sensor data,spatio temporal and value queries,sensor tie,TSAR,emptyanswer,emptyanswer,emptyanswer,emptyanswer,emptyanswer,emptyanswer,emptyanswer,emptyanswer,emptyanswer,emptyanswer,emptyanswer
3909MD9T2YG2YG96L7991XIPCWSFEP,3BF51CHDTV9Q86ICYS3W8COKRJ80HO,A3LUJSAN4DQ1ZT,Approved,Wed Mar 04 02:11:31 EST 2015,Wed Mar 04 02:12:55 EST 2015,archival storage,sensor data,query,trends,multi-tier,sensor networks,proxy,TSAR,Interval Skip Graph,stargate-based,emptyanswer,emptyanswer,emptyanswer,emptyanswer,emptyanswer,emptyanswer
3909MD9T2YG2YG96L7991XIPCWSFEP,38SKSKU7R1W31XIIT37068HNUUJILT,A3S81UFDOWF2ST,Approved,Wed Mar 04 10:07:40 EST 2015,Wed Mar 04 10:09:05 EST 2015,TSAR,Sensor Storage Architecture,Interval Skip Graphs,multi-tier,Energy-efficient,emptyanswer,emptyanswer,emptyanswer,emptyanswer,emptyanswer,emptyanswer,emptyanswer,emptyanswer,emptyanswer,emptyanswer,emptyanswer
3909MD9T2YG2YG96L7991XIPCWSFEP,3I3WADAZ9Q3ZVUQ0ZB4Y9GHCKDLO59,A3H35QRODK1C4K,Approved,Wed Mar 04 10:54:16 EST 2015,Wed Mar 04 10:54:31 EST 2015,two,tier,sensor,storage,architecture,emptyanswer,emptyanswer,emptyanswer,emptyanswer,emptyanswer,emptyanswer,emptyanswer,emptyanswer,emptyanswer,emptyanswer,emptyanswer
3909MD9T2YG2YG96L7991XIPCWSFEP,31LM9EDVOLRPK859NY8FV10CC4CNJG,A3FFZN4FO3Q789,Approved,Wed Mar 04 11:01:10 EST 2015,Wed Mar 04 11:04:10 EST 2015,preliminary,preliminary,preliminary,preliminary,preliminary,emptyanswer,emptyanswer,emptyanswer,emptyanswer,emptyanswer,emptyanswer,emptyanswer,emptyanswer,emptyanswer,emptyanswer,emptyanswer
3909MD9T2YG2YG96L7991XIPCWSFEP,3907X2AHF04PHXJEWSFF09JQA95P27,A2F6ZON8X5EAGL,Approved,Wed Mar 04 14:30:04 EST 2015,Wed Mar 04 14:30:49 EST 2015,TSAR: A Two Tier Sensor Storage Architecture Using Interval Skip Graphs,data,sensors,TSAR,MUlti-tier sensors,emptyanswer,emptyanswer,emptyanswer,emptyanswer,emptyanswer,emptyanswer,emptyanswer,emptyanswer,emptyanswer,emptyanswer,emptyanswer
3909MD9T2YG2YG96L7991XIPCWSFEP,3IX2EGZR7BIAZ6X1G5PW4L5MD2VRJ4,A3OTLWGJFB65KD,Approved,Wed Mar 04 19:17:43 EST 2015,Wed Mar 04 19:17:50 EST 2015,nothing,nothing,nothing,nothing,nothing,emptyanswer,emptyanswer,emptyanswer,emptyanswer,emptyanswer,emptyanswer,emptyanswer,emptyanswer,emptyanswer,emptyanswer,emptyanswer
3909MD9T2YG2YG96L7991XIPCWSFEP,3GFK2QRXX9G703Z2QXV8QAUYNH65WS,A9LA6QK6VCERR,Approved,Wed Mar 04 23:55:30 EST 2015,Wed Mar 04 23:58:13 EST 2015,TSAR,Two Tier Sensor Storage Architecture,Interval Skip Graphs,Archival storage of sensor data,flat hierarchies of homogeneous sensor nodes,multi-tier nature of emerging sensor network,tethered proxies,untethered sensors,separation of data from metadata,Stargate-based proxies,Mote-based sensors,emptyanswer,emptyanswer,emptyanswer,emptyanswer,emptyanswer
3909MD9T2YG2YG96L7991XIPCWSFEP,3DY46V3X3PHDNKKIUW8Z0AHL3K355C,A1YLO4LT02D2F0,Approved,Thu Mar 05 00:00:21 EST 2015,Thu Mar 05 00:01:19 EST 2015,sensor data is necessary for application,analyze such data for interesting features and trends,argue that existing storage systems are designed primarily,sensor nodes and do not fully exploit the multi-tier nature,application can comprise tens of tethered proxies,emptyanswer,emptyanswer,emptyanswer,emptyanswer,emptyanswer,emptyanswer,emptyanswer,emptyanswer,emptyanswer,emptyanswer,emptyanswer
3909MD9T2YG2YG96L7991XIPCWSFEP,3R2PKQ87NW7N7F03TF8F6LWCU24MI0,A3I10J1GPDAPQR,Approved,Thu Mar 05 09:21:52 EST 2015,Thu Mar 05 09:24:16 EST 2015,TSAR,Interval Skip Graphs,fundamentally different storage architecture,Interval Skip Graph,energy-efficient storage architecture,emptyanswer,emptyanswer,emptyanswer,emptyanswer,emptyanswer,emptyanswer,emptyanswer,emptyanswer,emptyanswer,emptyanswer,emptyanswer
3909MD9T2YG2YG96L7991XIPCWSFEP,3YWRV122CSYDVHTZTVNAK6JS4SA8UE,A1QUDNLO95AKS5,Approved,Thu Mar 05 12:12:20 EST 2015,Thu Mar 05 12:12:50 EST 2015,Tier Sensor Storage Architecture,Interval Skip Graphs,Interval Skip Graph,spatio-temporal,value queries,emptyanswer,emptyanswer,emptyanswer,emptyanswer,emptyanswer,emptyanswer,emptyanswer,emptyanswer,emptyanswer,emptyanswer,emptyanswer
3909MD9T2YG2YG96L7991XIPCWSFEP,36DSNE9QZ5X72T5LOD8SAQ0H2IYJOG,A5UZTMO507YXX,Approved,Thu Mar 05 15:13:31 EST 2015,Thu Mar 05 15:14:27 EST 2015,TSAR,Sensor Storage,Archive,Data Storage,Metadata separation,two tier sensor,emptyanswer,emptyanswer,emptyanswer,emptyanswer,emptyanswer,emptyanswer,emptyanswer,emptyanswer,emptyanswer,emptyanswer
3909MD9T2YG2YG96L7991XIPCWSFEP,336KAV9KYQRJQBBFNFBYD0C2EHO2Y0,ADUJUZANFOWKW,Approved,Thu Mar 05 17:21:08 EST 2015,Thu Mar 05 17:21:46 EST 2015,TSAR,sensor,graphs,architecture,proxies,emptyanswer,emptyanswer,emptyanswer,emptyanswer,emptyanswer,emptyanswer,emptyanswer,emptyanswer,emptyanswer,emptyanswer,emptyanswer
3909MD9T2YG2YG96L7991XIPCWSFEP,3ZAK8W07I4DVDSOWYRAVRRDALWL0UA,A1W7BQWWGKJ3XF,Approved,Thu Mar 05 19:49:58 EST 2015,Thu Mar 05 19:51:27 EST 2015,TSAR,Archival storage,multi-tier sensor networks,Interval Skip Graphs,Storage Architecture,emptyanswer,emptyanswer,emptyanswer,emptyanswer,emptyanswer,emptyanswer,emptyanswer,emptyanswer,emptyanswer,emptyanswer,emptyanswer
3909MD9T2YG2YG96L7991XIPCWSFEP,3YJ6NA41JBFPNTHM3DL7ZQ57CPUJP1,A3DHYTZ1GPN0T8,Approved,Thu Mar 05 22:57:55 EST 2015,Thu Mar 05 22:58:20 EST 2015,Archival storage,homogeneous,present TSAR,summarization,Stargate-based,emptyanswer,emptyanswer,emptyanswer,emptyanswer,emptyanswer,emptyanswer,emptyanswer,emptyanswer,emptyanswer,emptyanswer,emptyanswer
3909MD9T2YG2YG96L7991XIPCWSFEP,3KV0LJBBH2K00E3MJ22OKDX3H4ERMC,AQXSUU4I4DAH8,Approved,Fri Mar 06 12:12:48 EST 2015,Fri Mar 06 12:13:28 EST 2015,Two Tier Sensor Storage,flat hierarchies of homogeneous sensor nodes,envisions separation of data,Architecture Using Interval Skip Graphs,energy-efficient storage,emptyanswer,emptyanswer,emptyanswer,emptyanswer,emptyanswer,emptyanswer,emptyanswer,emptyanswer,emptyanswer,emptyanswer,emptyanswer
3909MD9T2YG2YG96L7991XIPCWSFEP,3GD6L00D3SWC7945L8N9EMFQD631M9,A1A7P5LC80G47W,Approved,Fri Mar 06 15:43:51 EST 2015,Fri Mar 06 15:45:20 EST 2015,two tier sensor storage architecture,interval skip graphs,sensor data,multi-tier,distributed index structure,emptyanswer,emptyanswer,emptyanswer,emptyanswer,emptyanswer,emptyanswer,emptyanswer,emptyanswer,emptyanswer,emptyanswer,emptyanswer
3909MD9T2YG2YG96L7991XIPCWSFEP,3QY5DC2MXRJMAW3M19TGUY0ER4SUF2,A2GBY8O6GYSB89,Approved,Sat Mar 07 13:01:59 EST 2015,Sat Mar 07 13:03:46 EST 2015,Two Tier Sensor Storage Architecture,Interval Skip Graphs,storage systems,proxy tier,separation of data from metadata,emptyanswer,emptyanswer,emptyanswer,emptyanswer,emptyanswer,emptyanswer,emptyanswer,emptyanswer,emptyanswer,emptyanswer,emptyanswer
3909MD9T2YG2YG96L7991XIPCWSFEP,3P59JYT76LJN9PCLD9OZ5JKNZMIT2S,A3G4SXD4N30C3L,Approved,Sat Mar 07 13:33:11 EST 2015,Sat Mar 07 13:33:58 EST 2015,TSAR: A Two Tier Sensor Storage Architecture,Using Interval Skip Graphs,sensor data,existing storage systems,untethered sensors,Interval Skip Graph,emptyanswer,emptyanswer,emptyanswer,emptyanswer,emptyanswer,emptyanswer,emptyanswer,emptyanswer,emptyanswer,emptyanswer
3909MD9T2YG2YG96L7991XIPCWSFEP,3X31TUMD7XLS1RMKLWMUE901D3IL10,A37WDQ1VG5XN6Z,Approved,Sat Mar 07 13:36:51 EST 2015,Sat Mar 07 13:37:01 EST 2015,nothing,nothing,nothing,nothing,nothing,emptyanswer,emptyanswer,emptyanswer,emptyanswer,emptyanswer,emptyanswer,emptyanswer,emptyanswer,emptyanswer,emptyanswer,emptyanswer
3909MD9T2YG2YG96L7991XIPCWSFEP,3EWIJTFFVO6EOWRA8RVQN9R7ZEF0ET,A9HQ3E0F2AGVO,Approved,Sat Mar 07 15:32:10 EST 2015,Sat Mar 07 15:32:53 EST 2015,sensor data,Archival storage,flat hierarchies,homogeneous sensor nodes,tethered proxies,emptyanswer,emptyanswer,emptyanswer,emptyanswer,emptyanswer,emptyanswer,emptyanswer,emptyanswer,emptyanswer,emptyanswer,emptyanswer
3909MD9T2YG2YG96L7991XIPCWSFEP,3N4BPTXIO8RXQIV02KKDABSJZ1NUKK,ANB69EQROUTQJ,Approved,Sat Mar 07 19:25:14 EST 2015,Sat Mar 07 19:27:23 EST 2015,INTERVAL SKIP GRAPHS,SENSOR DATA,TWO-TIER SENSOR STORAGE,TSAR,METADATA,emptyanswer,emptyanswer,emptyanswer,emptyanswer,emptyanswer,emptyanswer,emptyanswer,emptyanswer,emptyanswer,emptyanswer,emptyanswer
3909MD9T2YG2YG96L7991XIPCWSFEP,3NLZY2D53POGIV616BC9FA89LGDLQ0,A38IE69ORDCEGY,Approved,Sun Mar 08 00:26:38 EST 2015,Sun Mar 08 00:28:19 EST 2015,TSAR,Interval skip graphs,Archival storage of sensor data,multi-tier sensor networks,separation of data from metadata,energy-efficient storage architecture,emptyanswer,emptyanswer,emptyanswer,emptyanswer,emptyanswer,emptyanswer,emptyanswer,emptyanswer,emptyanswer,emptyanswer
3909MD9T2YG2YG96L7991XIPCWSFEP,39L1G8WVWQQBLNWVFQIUIN6KDIU137,APEB5ERGCYP6D,Approved,Sun Mar 08 00:13:36 EST 2015,Sun Mar 08 00:40:55 EST 2015,Archival storage of sensor data,existing storage systems are designed primarily,flat hierarchies of homogeneous sensor nodes,TSAR employs a novel multi-resolution,using our energy-efficient storage architecture in multi-tier sensor networks.,emptyanswer,emptyanswer,emptyanswer,emptyanswer,emptyanswer,emptyanswer,emptyanswer,emptyanswer,emptyanswer,emptyanswer,emptyanswer
3909MD9T2YG2YG96L7991XIPCWSFEP,37UQDCYH6XU98IDGOG592SPG7P27VO,A1JWEYGDFDB100,Approved,Sun Mar 08 09:41:47 EDT 2015,Sun Mar 08 09:43:02 EDT 2015,TSAR,Two Tier Sensor Storage Architecture,Interval Skip Graphs,local archiving,cost of transmitting metadata to the proxies,emptyanswer,emptyanswer,emptyanswer,emptyanswer,emptyanswer,emptyanswer,emptyanswer,emptyanswer,emptyanswer,emptyanswer,emptyanswer
3909MD9T2YG2YG96L7991XIPCWSFEP,31EUONYN2V2GTO5F52MBDEBBXF8OVT,A156NFBMKKLDL9,Approved,Sun Mar 08 21:57:25 EDT 2015,Sun Mar 08 21:57:49 EDT 2015,TSAR,Two Tier Sensor Storage,Architecture,Interval Skip Graphs,tethered proxies,emptyanswer,emptyanswer,emptyanswer,emptyanswer,emptyanswer,emptyanswer,emptyanswer,emptyanswer,emptyanswer,emptyanswer,emptyanswer
3909MD9T2YG2YG96L7991XIPCWSFEP,3E47SOBEYQVAYTOCGQE13PR000LICN,A2SZAM3EZER2PH,Approved,Mon Mar 09 06:40:16 EDT 2015,Mon Mar 09 06:40:59 EDT 2015,Archival storage,applications that query,storage systems,TSAR employs,experiments demonstrate,emptyanswer,emptyanswer,emptyanswer,emptyanswer,emptyanswer,emptyanswer,emptyanswer,emptyanswer,emptyanswer,emptyanswer,emptyanswer
3909MD9T2YG2YG96L7991XIPCWSFEP,3OF2M9AATGNECHPA87JLR37Y1MCKZF,A28IXE702NXWKQ,Approved,Mon Mar 09 13:52:45 EDT 2015,Mon Mar 09 13:54:37 EDT 2015,applications that query,features and trends,application can comprise,TSAR employs,Stargate-based,emptyanswer,emptyanswer,emptyanswer,emptyanswer,emptyanswer,emptyanswer,emptyanswer,emptyanswer,emptyanswer,emptyanswer,emptyanswer
3909MD9T2YG2YG96L7991XIPCWSFEP,3B1NLC6UGZVFWRRLV7042DDRK6WGPV,A3UY2GVCKC8LSL,Approved,Mon Mar 09 17:37:03 EDT 2015,Mon Mar 09 17:37:43 EDT 2015,TSAR,Two Tier,Sensor Storage Architecture,Interval Skip,energy-aware,emptyanswer,emptyanswer,emptyanswer,emptyanswer,emptyanswer,emptyanswer,emptyanswer,emptyanswer,emptyanswer,emptyanswer,emptyanswer
3909MD9T2YG2YG96L7991XIPCWSFEP,33PPO7FECVEK3LUQGM9CNV9IL0LDI6,ACYGMRGAZ22U7,Approved,Mon Mar 09 17:58:07 EDT 2015,Mon Mar 09 17:58:14 EDT 2015,Keyword/Keyphrase 1:,Keyword/Keyphrase 1:,Keyword/Keyphrase 1:,Keyword/Keyphrase 1:,Keyword/Keyphrase 1:,emptyanswer,emptyanswer,emptyanswer,emptyanswer,emptyanswer,emptyanswer,emptyanswer,emptyanswer,emptyanswer,emptyanswer,emptyanswer
3909MD9T2YG2YG96L7991XIPCWSFEP,317HQ483I7RTPXL35GNFJ0LCZ5QNI3,A3HPVFAF1U9WXK,Approved,Tue Mar 10 02:23:50 EDT 2015,Tue Mar 10 02:24:30 EDT 2015,Sensor Storage,Two Tier,Architecture,Interval Skip Graphs,Archival,emptyanswer,emptyanswer,emptyanswer,emptyanswer,emptyanswer,emptyanswer,emptyanswer,emptyanswer,emptyanswer,emptyanswer,emptyanswer
3909MD9T2YG2YG96L7991XIPCWSFEP,3EA3QWIZ4IURKAQN2C9RSZR4OO1TI1,AW36CVMS3526O,Approved,Tue Mar 10 12:01:50 EDT 2015,Tue Mar 10 12:02:51 EDT 2015,Architecture,necessary,metadata,feasibility,networks,emptyanswer,emptyanswer,emptyanswer,emptyanswer,emptyanswer,emptyanswer,emptyanswer,emptyanswer,emptyanswer,emptyanswer,emptyanswer
3909MD9T2YG2YG96L7991XIPCWSFEP,3SEPORI8WNY804GOWG6WXP42WDNZAQ,A3K6BSW10S4YKJ,Approved,Wed Mar 11 01:21:56 EDT 2015,Wed Mar 11 01:23:03 EDT 2015,rchival storage of sensor data is necessary for applications,homogeneous sensor nodes,TSAR,TSAR employs a novel multi-resolution ordered distributed index structure,Interval Skip Graph,emptyanswer,emptyanswer,emptyanswer,emptyanswer,emptyanswer,emptyanswer,emptyanswer,emptyanswer,emptyanswer,emptyanswer,emptyanswer
3909MD9T2YG2YG96L7991XIPCWSFEP,3OS46CRSLFYQ4IZB560HWEPKCJZ6VF,ATRHDYWCIYTDJ,Approved,Wed Mar 11 04:18:39 EDT 2015,Wed Mar 11 04:18:53 EDT 2015,sensor,query,interesting,argue,systems,emptyanswer,emptyanswer,emptyanswer,emptyanswer,emptyanswer,emptyanswer,emptyanswer,emptyanswer,emptyanswer,emptyanswer,emptyanswer
3909MD9T2YG2YG96L7991XIPCWSFEP,33C7UALJVLXXMK21R7DQ94EVTBQ18H,A3CMDYA9USA3MR,Approved,Wed Mar 11 07:50:29 EDT 2015,Wed Mar 11 07:50:39 EDT 2015,sensor,applications,experiments,benefits,energy,emptyanswer,emptyanswer,emptyanswer,emptyanswer,emptyanswer,emptyanswer,emptyanswer,emptyanswer,emptyanswer,emptyanswer,emptyanswer
3909MD9T2YG2YG96L7991XIPCWSFEP,31LM9EDVOLRPK859NY8FV10CCN5JN7,A2E2IQ99W6B7AV,Approved,Wed Mar 11 16:15:24 EDT 2015,Wed Mar 11 16:17:17 EDT 2015,Sensor storage architecture,Interval graph,Tethered proxy,Index structure,Experiment benefits,emptyanswer,emptyanswer,emptyanswer,emptyanswer,emptyanswer,emptyanswer,emptyanswer,emptyanswer,emptyanswer,emptyanswer,emptyanswer
3909MD9T2YG2YG96L7991XIPCWSFEP,3NKQQ8O39Y4PCCPQA3YQ6YXTFZBUD6,A2SDTL2V8VJ25O,Approved,Wed Mar 11 20:31:12 EDT 2015,Wed Mar 11 20:31:47 EDT 2015,TSAR,Sensor,Architecture,Interval,Graphs,emptyanswer,emptyanswer,emptyanswer,emptyanswer,emptyanswer,emptyanswer,emptyanswer,emptyanswer,emptyanswer,emptyanswer,emptyanswer
3909MD9T2YG2YG96L7991XIPCWSFEP,3AMYWKA6YBLVEYQE4UE31MVCHS2O60,A2KS418T8MPLJH,Approved,Thu Mar 12 10:56:11 EDT 2015,Thu Mar 12 10:59:09 EDT 2015,Archival storage of sensor data is necessary for applications that query,"where an application can comprise tens of tethered proxies,",a fundamentally different storage architecture that envisions separation of data from metadata by employing local archiving at the sensors and distributed indexing at the proxies.,the Interval Skip Graph,We implement TSAR in a two-tier sensor testbed comprising Stargate-based proxies and Mote-based sensors,emptyanswer,emptyanswer,emptyanswer,emptyanswer,emptyanswer,emptyanswer,emptyanswer,emptyanswer,emptyanswer,emptyanswer,emptyanswer
3909MD9T2YG2YG96L7991XIPCWSFEP,3UJ1CZ6IZHOETMIT6SL7TLRDIMZ5S3,AM1HY736BY3Z8,Approved,Thu Mar 12 13:41:56 EDT 2015,Thu Mar 12 13:42:59 EDT 2015,TSAR: A Two Tier Sensor Storage Architecture Using Interval Skip Graphs,"Archival storage of sensor data is necessary for applications that query, mine, and analyze such data for interesting features and trends.",We argue that existing storage systems are designed primarily for flat hierarchies of homogeneous sensor nodes,"At the proxy tier, TSAR employs a novel multi-resolution ordered distributed index structure, the Interval Skip Graph, for efficiently supporting spatio-temporal and value queries.",Our experiments demonstrate the benefits and feasibility of using our energy-efficient storage architecture in multi-tier sensor networks.,emptyanswer,emptyanswer,emptyanswer,emptyanswer,emptyanswer,emptyanswer,emptyanswer,emptyanswer,emptyanswer,emptyanswer,emptyanswer
3909MD9T2YG2YG96L7991XIPCWSFEP,33UKMF9319JHTO6YWO8V66TD08ZTT7,AU3WQKISBW5MZ,Approved,Thu Mar 12 13:59:13 EDT 2015,Thu Mar 12 14:00:54 EDT 2015,"Archival storage of sensor data is necessary for applications that query, mine, and analyze such data for interesting features and trends.",We argue that existing storage systems are designed primarily for flat hierarchies of homogeneous sensor nodes,"not fully exploit the multi-tier nature of emerging sensor networks, where an application can comprise tens of tethered proxies","each managing tens to hundreds of untethered sensors. We present TSAR, a fundamentally different storage architecture that envisions",separation of data from metadata by employing local archiving at the sensors and distributed indexing at the proxies.,emptyanswer,emptyanswer,emptyanswer,emptyanswer,emptyanswer,emptyanswer,emptyanswer,emptyanswer,emptyanswer,emptyanswer,emptyanswer
3909MD9T2YG2YG96L7991XIPCWSFEP,35H6S234SAZ96OKWZFI4SGVL0Y456L,ADVZAZ12Z8N9J,Approved,Thu Mar 12 14:40:04 EDT 2015,Thu Mar 12 14:45:35 EDT 2015,"Archival storage of sensor data is necessary for applications that query, mine, and analyze such data for interesting features and trends.",N/A,N/A,N/A,N/A,emptyanswer,emptyanswer,emptyanswer,emptyanswer,emptyanswer,emptyanswer,emptyanswer,emptyanswer,emptyanswer,emptyanswer,emptyanswer
3909MD9T2YG2YG96L7991XIPCWSFEP,3WRFBPLXRANEZU3KKDGSFUJNHS33N4,A3MRB8TFD1IUS6,Approved,Thu Mar 12 15:10:08 EDT 2015,Thu Mar 12 15:11:38 EDT 2015,TSAR,Two Tier Sensor Storage Architecture,Interval Skip Graphs,Archival storage,query,energy efficient,sensor networks,emptyanswer,emptyanswer,emptyanswer,emptyanswer,emptyanswer,emptyanswer,emptyanswer,emptyanswer,emptyanswer
3909MD9T2YG2YG96L7991XIPCWSFEP,3IRIK4HM3AJU59TBEP5C6M1VSH0C6E,A8HUG07IE2R3,Approved,Fri Mar 13 22:36:31 EDT 2015,Fri Mar 13 22:40:38 EDT 2015,Archival storage of sensor data,homogeneous sensor nodes,energy-aware adaptive summarization,efficiently supporting spatio-temporal and value queries,Stargate-based proxies and Mote-based sensors,energy-efficient storage architecture in multi-tier sensor networks.,emptyanswer,emptyanswer,emptyanswer,emptyanswer,emptyanswer,emptyanswer,emptyanswer,emptyanswer,emptyanswer,emptyanswer
3909MD9T2YG2YG96L7991XIPCWSFEP,31IBVUNM9SYMNBSM6Z3LQK2X6NPVF5,A3DTN2OMF6DUSI,Approved,Fri Mar 13 23:15:13 EDT 2015,Fri Mar 13 23:15:26 EDT 2015,Machine,Machine,Machine,Machine,Machine,emptyanswer,emptyanswer,emptyanswer,emptyanswer,emptyanswer,emptyanswer,emptyanswer,emptyanswer,emptyanswer,emptyanswer,emptyanswer
3909MD9T2YG2YG96L7991XIPCWSFEP,3U5JL4WY5K84TK0SMX8KN12RXAH4XQ,A2JOYXFN8HXXLS,Approved,Sat Mar 14 06:27:01 EDT 2015,Sat Mar 14 06:31:59 EDT 2015,Interval Skip Graphs,Architecture,Two Tier Sensor Storage,TSAR,Stargate-based proxies,emptyanswer,emptyanswer,emptyanswer,emptyanswer,emptyanswer,emptyanswer,emptyanswer,emptyanswer,emptyanswer,emptyanswer,emptyanswer
3909MD9T2YG2YG96L7991XIPCWSFEP,30BXRYBRP4WJGWJXRZWHF7XOTD5HW4,A610SH5RY1NG1,Approved,Sat Mar 14 07:25:02 EDT 2015,Sat Mar 14 07:25:15 EDT 2015,TSAR,Sensor,Storage,Architecture,Interval,emptyanswer,emptyanswer,emptyanswer,emptyanswer,emptyanswer,emptyanswer,emptyanswer,emptyanswer,emptyanswer,emptyanswer,emptyanswer
3909MD9T2YG2YG96L7991XIPCWSFEP,3PXX5PX6LXXCI6D8Q2QTB7XZ6H8BAI,A2Z9HR2IBD75R9,Approved,Sat Mar 14 09:17:50 EDT 2015,Sat Mar 14 09:18:10 EDT 2015,Two Tier Sensor Storage,Architecture,Interval Skip Graphs,TSAR,experiments,emptyanswer,emptyanswer,emptyanswer,emptyanswer,emptyanswer,emptyanswer,emptyanswer,emptyanswer,emptyanswer,emptyanswer,emptyanswer
3909MD9T2YG2YG96L7991XIPCWSFEP,3IOEN3P9S7IAI6JDYSGSPQI4ONZ169,A9JNBWXAFAATJ,Approved,Sat Mar 14 10:27:04 EDT 2015,Sat Mar 14 10:29:11 EDT 2015,interval skip graph,sensor data storage,sensor networks,TSAR,energy-efficient storage architecture,spatio-temporal queries,value queries,emptyanswer,emptyanswer,emptyanswer,emptyanswer,emptyanswer,emptyanswer,emptyanswer,emptyanswer,emptyanswer
3909MD9T2YG2YG96L7991XIPCWSFEP,3U8YCDAGXPF3LZHFHIQQHQGLJWWQ0J,AH3ER3EJXHRO2,Approved,Sat Mar 14 16:40:59 EDT 2015,Sat Mar 14 16:41:18 EDT 2015,TSAR,sensor storage,architecture,interval skip graphs,data,emptyanswer,emptyanswer,emptyanswer,emptyanswer,emptyanswer,emptyanswer,emptyanswer,emptyanswer,emptyanswer,emptyanswer,emptyanswer
3909MD9T2YG2YG96L7991XIPCWSFEP,3BDCF01OGXTPRXXNXLT3SWBBL3VYLA,A1BV5YY1UQCMZY,Approved,Sat Mar 14 19:42:48 EDT 2015,Sat Mar 14 19:43:25 EDT 2015,tsar,sensor data,interval skip graphs,proxy tier,metadata,proxies,emptyanswer,emptyanswer,emptyanswer,emptyanswer,emptyanswer,emptyanswer,emptyanswer,emptyanswer,emptyanswer,emptyanswer
3909MD9T2YG2YG96L7991XIPCWSFEP,3LYA37P8IQMIUJMU2T3I5L0VBVABK9,A1G94QON7A9K0N,Approved,Sat Mar 14 20:14:43 EDT 2015,Sat Mar 14 20:15:01 EDT 2015,storage,queries,tsar,adaptive,metadata,emptyanswer,emptyanswer,emptyanswer,emptyanswer,emptyanswer,emptyanswer,emptyanswer,emptyanswer,emptyanswer,emptyanswer,emptyanswer
3909MD9T2YG2YG96L7991XIPCWSFEP,3L0KT67Y8EFCVASDHUQ44IP6DY6SYN,A17JEL4FN1B9TB,Approved,Sat Mar 14 20:17:26 EDT 2015,Sat Mar 14 20:18:38 EDT 2015,TSAR,Two,Tier,Sensor,Storage,Architecture,Using,Interval,Skip,Graphs,emptyanswer,emptyanswer,emptyanswer,emptyanswer,emptyanswer,emptyanswer
3909MD9T2YG2YG96L7991XIPCWSFEP,3B1NLC6UGZVFWRRLV7042DDRLI9PG6,A29ZV4XJB7R1O,Approved,Sat Mar 14 20:23:45 EDT 2015,Sat Mar 14 20:36:30 EDT 2015,TSAR,Two Tier Sensor,Architecture,Interval,Graphs,emptyanswer,emptyanswer,emptyanswer,emptyanswer,emptyanswer,emptyanswer,emptyanswer,emptyanswer,emptyanswer,emptyanswer,emptyanswer
3909MD9T2YG2YG96L7991XIPCWSFEP,3Y4W8Q93LZJPPREQFT8V2KZCUEYVDR,ACVJ6IUO9QM4R,Approved,Sat Mar 14 20:56:34 EDT 2015,Sat Mar 14 20:57:19 EDT 2015,Stargate-based proxies,d Mote-based sensor,energy-efficient storag,Interval Skip Graph,multi-resolution ordered distributed index structure,emptyanswer,emptyanswer,emptyanswer,emptyanswer,emptyanswer,emptyanswer,emptyanswer,emptyanswer,emptyanswer,emptyanswer,emptyanswer
3909MD9T2YG2YG96L7991XIPCWSFEP,3N4BPTXIO8RXQIV02KKDABSJ0GRKU9,A9VLWY4KW6OCB,Approved,Sat Mar 14 21:46:42 EDT 2015,Sat Mar 14 22:11:41 EDT 2015,TSAR,Sensor,Storage,Architecture,Interval Skip Graphs,emptyanswer,emptyanswer,emptyanswer,emptyanswer,emptyanswer,emptyanswer,emptyanswer,emptyanswer,emptyanswer,emptyanswer,emptyanswer
3909MD9T2YG2YG96L7991XIPCWSFEP,33FOTY3KEMKZYNSE8JTVBQAEKALC1P,A2I4DDHMIT7HX,Approved,Sat Mar 14 22:24:54 EDT 2015,Sat Mar 14 22:26:20 EDT 2015,archival storage,sensor data,tethered proxies,storage architecture,local archiving,distributed indexing,multi-resolution ordered distributed index structure,Interval Skip Graph,energy-aware adaptive summarization,two-tier sensor testbed,emptyanswer,emptyanswer,emptyanswer,emptyanswer,emptyanswer,emptyanswer
3909MD9T2YG2YG96L7991XIPCWSFEP,3TUI152ZZBM3SO2XD1UQVVZVOPPQ1B,AWFQ7OX0UPSM5,Approved,Sat Mar 14 23:50:41 EDT 2015,Sat Mar 14 23:52:06 EDT 2015,Two Tier Sensor Storage Architecture,Interval Skip Graphs,Archival storage,flat hierarchies of homogeneous sensor nodes,spatio-temporal and value queries,emptyanswer,emptyanswer,emptyanswer,emptyanswer,emptyanswer,emptyanswer,emptyanswer,emptyanswer,emptyanswer,emptyanswer,emptyanswer
