HitId,AssignmentId,WorkerId,Status,AcceptTime,SubmitTime,Answer 1,Answer 2,Answer 3,Answer 4,Answer 5,Answer 6,Answer 7,Answer 8,Answer 9,Answer 10,Answer 11,Answer 12,Answer 13,Answer 14,Answer 15,Answer 16
39AYGO6AFEJA9TT8DD9OXEZLXPP6N1,358UUM7WRZ2HFBWZFW0Z1V0DM3F7RP,A22R7DT2XQIKXV,Approved,Mon Mar 02 14:59:05 EST 2015,Mon Mar 02 14:59:09 EST 2015,aa,aa,aa,aa,aa,emptyanswer,emptyanswer,emptyanswer,emptyanswer,emptyanswer,emptyanswer,emptyanswer,emptyanswer,emptyanswer,emptyanswer,emptyanswer
39AYGO6AFEJA9TT8DD9OXEZLXPP6N1,3X1FV8S5JXQS1BOHHJ9385296CSVGQ,A3FG9YWTFFK1AU,Approved,Mon Mar 02 20:04:17 EST 2015,Mon Mar 02 20:10:09 EST 2015,Scouts,Promoters,Connectors,Roles of Ratings,Nearest Neighbor Collaborative Filtering,recommender system,emptyanswer,emptyanswer,emptyanswer,emptyanswer,emptyanswer,emptyanswer,emptyanswer,emptyanswer,emptyanswer,emptyanswer
39AYGO6AFEJA9TT8DD9OXEZLXPP6N1,3DEL4X4EL6KKRRECB4WR3Q6YRJSYXW,A27I79P03I0ZPO,Approved,Mon Mar 02 21:19:15 EST 2015,Mon Mar 02 21:20:34 EST 2015,Promoters,Connectors,recommender,community,predictions,emptyanswer,emptyanswer,emptyanswer,emptyanswer,emptyanswer,emptyanswer,emptyanswer,emptyanswer,emptyanswer,emptyanswer,emptyanswer
39AYGO6AFEJA9TT8DD9OXEZLXPP6N1,3Y5140Z9DXFTSIXGLV07NPQ7Z1OPIW,A2R085B34P2LYS,Approved,Mon Mar 02 22:13:35 EST 2015,Mon Mar 02 22:25:03 EST 2015,Scouts,Promoters,Connectors,Roles,Ratings,optional,optional,optional,optional,optional,optional,optional,optional,optional,optional,optional
39AYGO6AFEJA9TT8DD9OXEZLXPP6N1,3WMINLGALB2VSB5E42MOMR3HNA6CA3,A26M2B8NZVKWTZ,Approved,Mon Mar 02 23:13:13 EST 2015,Mon Mar 02 23:14:03 EST 2015,Collaborative,Filtering,Roles,Ratings,Connectors,emptyanswer,emptyanswer,emptyanswer,emptyanswer,emptyanswer,emptyanswer,emptyanswer,emptyanswer,emptyanswer,emptyanswer,emptyanswer
39AYGO6AFEJA9TT8DD9OXEZLXPP6N1,3I3WADAZ9Q3ZVUQ0ZB4Y9GHCKBIO52,A1PXJWCNRYCBS5,Approved,Tue Mar 03 11:32:41 EST 2015,Tue Mar 03 11:35:00 EST 2015,Recommender systems aggregate individual user ratings,"Scouts,promoters, and connectors",quality of this aggregation process crucially affects the user experience,"better targeting of items,and, most importantly",3 rating roles presented here provide broad primitives to manager a recommender system,emptyanswer,emptyanswer,emptyanswer,emptyanswer,emptyanswer,emptyanswer,emptyanswer,emptyanswer,emptyanswer,emptyanswer,emptyanswer
39AYGO6AFEJA9TT8DD9OXEZLXPP6N1,3DY4FPOOA1NJQ1XVXU3F79GG8O8VRX,A3FFZN4FO3Q789,Approved,Wed Mar 04 11:03:50 EST 2015,Wed Mar 04 11:07:03 EST 2015,preliminary,preliminary,preliminary,preliminary,preliminary,emptyanswer,emptyanswer,emptyanswer,emptyanswer,emptyanswer,emptyanswer,emptyanswer,emptyanswer,emptyanswer,emptyanswer,emptyanswer
39AYGO6AFEJA9TT8DD9OXEZLXPP6N1,3483FV8BEEIH7R19HWG6U9S9F3226Z,A3H35QRODK1C4K,Approved,Wed Mar 04 11:08:33 EST 2015,Wed Mar 04 11:13:19 EST 2015,scouts,promoters,connectors,roles,ratings,emptyanswer,emptyanswer,emptyanswer,emptyanswer,emptyanswer,emptyanswer,emptyanswer,emptyanswer,emptyanswer,emptyanswer,emptyanswer
39AYGO6AFEJA9TT8DD9OXEZLXPP6N1,3OCHAWUVGOJP7MPV7PV0UIRNT80KXC,A2F6ZON8X5EAGL,Approved,Wed Mar 04 14:40:30 EST 2015,Wed Mar 04 14:41:15 EST 2015,"Scouts, Promoters, and Connectors: The Roles of Ratings in Nearest Neighbor Collaborative Filtering",products,services,contributions,community,emptyanswer,emptyanswer,emptyanswer,emptyanswer,emptyanswer,emptyanswer,emptyanswer,emptyanswer,emptyanswer,emptyanswer,emptyanswer
39AYGO6AFEJA9TT8DD9OXEZLXPP6N1,3BWI6RSP7G8S67RUTQGZ2O1U7I57E0,A3OTLWGJFB65KD,Approved,Wed Mar 04 19:10:07 EST 2015,Wed Mar 04 19:10:16 EST 2015,nothing,nothing,nothing,nothing,nothing,emptyanswer,emptyanswer,emptyanswer,emptyanswer,emptyanswer,emptyanswer,emptyanswer,emptyanswer,emptyanswer,emptyanswer,emptyanswer
39AYGO6AFEJA9TT8DD9OXEZLXPP6N1,3TXMY6UCAENNFRCVTYJACRIMRWVQCZ,A3LUJSAN4DQ1ZT,Approved,Wed Mar 04 21:33:52 EST 2015,Wed Mar 04 21:36:17 EST 2015,Scouts,Promoters,Direct uses,Rating subspaces,Recommender system,emptyanswer,emptyanswer,emptyanswer,emptyanswer,emptyanswer,emptyanswer,emptyanswer,emptyanswer,emptyanswer,emptyanswer,emptyanswer
39AYGO6AFEJA9TT8DD9OXEZLXPP6N1,3DBQWDE4Y6XHD9QOYW4LURH7U5TN5A,A1YLO4LT02D2F0,Approved,Wed Mar 04 22:39:12 EST 2015,Wed Mar 04 22:41:07 EST 2015,"Recommend, system,product, quality, process",identification,"monitor, health","service, evolution","process, visitor",emptyanswer,emptyanswer,emptyanswer,emptyanswer,emptyanswer,emptyanswer,emptyanswer,emptyanswer,emptyanswer,emptyanswer,emptyanswer
39AYGO6AFEJA9TT8DD9OXEZLXPP6N1,3IRIK4HM3AJU59TBEP5C6M1VRX1C6A,A3HPVFAF1U9WXK,Approved,Thu Mar 05 07:28:57 EST 2015,Thu Mar 05 07:29:46 EST 2015,Nearest Neighbor Collaborative Filtering,Recommender systems,predictions,aggregation,users,emptyanswer,emptyanswer,emptyanswer,emptyanswer,emptyanswer,emptyanswer,emptyanswer,emptyanswer,emptyanswer,emptyanswer,emptyanswer
39AYGO6AFEJA9TT8DD9OXEZLXPP6N1,37UEWGM5HT734PHXQGJQ0L90JNO1R7,A3S81UFDOWF2ST,Approved,Thu Mar 05 07:32:04 EST 2015,Thu Mar 05 07:32:39 EST 2015,Scouts,Promoters,Connectors,Collaborative Filtering,e-commerce,emptyanswer,emptyanswer,emptyanswer,emptyanswer,emptyanswer,emptyanswer,emptyanswer,emptyanswer,emptyanswer,emptyanswer,emptyanswer
39AYGO6AFEJA9TT8DD9OXEZLXPP6N1,3JRJSWSMQHKA5OQ7RED9P7PE2IEE31,A1QUDNLO95AKS5,Approved,Thu Mar 05 08:29:36 EST 2015,Thu Mar 05 08:29:57 EST 2015,Scouts,Promoters,Connectors,Roles of Ratings,Nearest Neighbor Collaborative Filtering,emptyanswer,emptyanswer,emptyanswer,emptyanswer,emptyanswer,emptyanswer,emptyanswer,emptyanswer,emptyanswer,emptyanswer,emptyanswer
39AYGO6AFEJA9TT8DD9OXEZLXPP6N1,3NGMS9VZTLHXRE6W6KYH8YZBH90FFV,A2YW509B0UMSEH,Approved,Thu Mar 05 08:57:04 EST 2015,Thu Mar 05 08:57:34 EST 2015,Scouts,Promoters,Connectors,Rating,Filtering,emptyanswer,emptyanswer,emptyanswer,emptyanswer,emptyanswer,emptyanswer,emptyanswer,emptyanswer,emptyanswer,emptyanswer,emptyanswer
39AYGO6AFEJA9TT8DD9OXEZLXPP6N1,3M1CVSFP604ZMCFX9KNJ6WSYRVZAQA,A3UY2GVCKC8LSL,Approved,Thu Mar 05 10:20:12 EST 2015,Thu Mar 05 10:20:41 EST 2015,scout,promoter,connector,roles of ratings,nearest neighbor,collaborative filter,emptyanswer,emptyanswer,emptyanswer,emptyanswer,emptyanswer,emptyanswer,emptyanswer,emptyanswer,emptyanswer,emptyanswer
39AYGO6AFEJA9TT8DD9OXEZLXPP6N1,3TU5ZICBRD0L3OMICM35A5M317AQ8X,A3DHYTZ1GPN0T8,Approved,Thu Mar 05 13:05:30 EST 2015,Thu Mar 05 13:06:13 EST 2015,Recommender,effectiveness,individual rating.,susceptibility,targeting,emptyanswer,emptyanswer,emptyanswer,emptyanswer,emptyanswer,emptyanswer,emptyanswer,emptyanswer,emptyanswer,emptyanswer,emptyanswer
39AYGO6AFEJA9TT8DD9OXEZLXPP6N1,3DIP6YHAPCRW6LWD3V85GOXPI5W8EF,AQXSUU4I4DAH8,Approved,Thu Mar 05 14:43:39 EST 2015,Thu Mar 05 14:45:31 EST 2015,"scouts, promoters, and connectors","Scouts, Promoters, and Connectors",disaggregate global recommender,Roles of Ratings in Nearest Neighbor Collaborative Filtering,danger of leaving,emptyanswer,emptyanswer,emptyanswer,emptyanswer,emptyanswer,emptyanswer,emptyanswer,emptyanswer,emptyanswer,emptyanswer,emptyanswer
39AYGO6AFEJA9TT8DD9OXEZLXPP6N1,3VD82FOHKQNKUFZFELR6NMNMCYTOCB,A1W7BQWWGKJ3XF,Approved,Thu Mar 05 15:52:54 EST 2015,Thu Mar 05 15:53:42 EST 2015,Scouts,Promoters,Connectors,Ratings,Nearest Neighbor Collaborative Filtering,targeting,system performance,emptyanswer,emptyanswer,emptyanswer,emptyanswer,emptyanswer,emptyanswer,emptyanswer,emptyanswer,emptyanswer
39AYGO6AFEJA9TT8DD9OXEZLXPP6N1,33SA9F9TRXT7WMSV1YOBU40B0C6EW7,A3I10J1GPDAPQR,Approved,Thu Mar 05 16:08:44 EST 2015,Thu Mar 05 16:11:07 EST 2015,Scouts,Promoters,Connectors,Nearest Neighbor Collaborative Filtering,shilling,emptyanswer,emptyanswer,emptyanswer,emptyanswer,emptyanswer,emptyanswer,emptyanswer,emptyanswer,emptyanswer,emptyanswer,emptyanswer
39AYGO6AFEJA9TT8DD9OXEZLXPP6N1,3R2PKQ87NW7N7F03TF8F6LWCU39MI7,A3G4SXD4N30C3L,Approved,Thu Mar 05 17:57:36 EST 2015,Thu Mar 05 17:59:01 EST 2015,Scouts,Roles of Ratings,Nearest Neighbor Collaborative Filtering,Recommender systems,promoters,connectors,aggregation process,emptyanswer,emptyanswer,emptyanswer,emptyanswer,emptyanswer,emptyanswer,emptyanswer,emptyanswer,emptyanswer
39AYGO6AFEJA9TT8DD9OXEZLXPP6N1,3NPFYT4IZC3K50TCHYALWQZUMVFXGQ,ADUJUZANFOWKW,Approved,Thu Mar 05 22:16:27 EST 2015,Thu Mar 05 22:17:31 EST 2015,filtering,aggregate,performance,ratings,shilling,emptyanswer,emptyanswer,emptyanswer,emptyanswer,emptyanswer,emptyanswer,emptyanswer,emptyanswer,emptyanswer,emptyanswer,emptyanswer
39AYGO6AFEJA9TT8DD9OXEZLXPP6N1,3AAJC4I4FGRJ1XJSQMJ9QO7LMORZJS,A156E6TWVB7GP7,Approved,Fri Mar 06 01:05:42 EST 2015,Fri Mar 06 01:06:59 EST 2015,Recommender systems,effectiveness,"scouts, promoters, connectors",track,community,emptyanswer,emptyanswer,emptyanswer,emptyanswer,emptyanswer,emptyanswer,emptyanswer,emptyanswer,emptyanswer,emptyanswer,emptyanswer
39AYGO6AFEJA9TT8DD9OXEZLXPP6N1,37TD41K0AH8ZS7R8L28F7RXN9PKSC4,A9LA6QK6VCERR,Approved,Fri Mar 06 01:20:04 EST 2015,Fri Mar 06 01:22:06 EST 2015,Scouts,Promoters,Connectors,Roles of Ratings,Nearest Neighbor Collaborative Filtering,Recommender systems,disaggregate global recommender performance measures,emptyanswer,emptyanswer,emptyanswer,emptyanswer,emptyanswer,emptyanswer,emptyanswer,emptyanswer,emptyanswer
39AYGO6AFEJA9TT8DD9OXEZLXPP6N1,3HL8HNGX450OQ4FJ3YYPY2D0EGYF96,A12J6O77R7WG93,Approved,Fri Mar 06 07:09:07 EST 2015,Fri Mar 06 07:13:31 EST 2015,Recommender systems,aggregation process crucially affects,e-commerce,nearest-neighbor collaborative filtering,disaggregate global recommender performance measures,"-scouts, promoters, and connectors",monitor the health,track the evolution of neighborhoods,identify rating subspaces,emptyanswer,emptyanswer,emptyanswer,emptyanswer,emptyanswer,emptyanswer,emptyanswer
39AYGO6AFEJA9TT8DD9OXEZLXPP6N1,3WQ3B2KGE8FGOI08UJX0064W16PB1I,A2KELEVTA0306Y,Approved,Fri Mar 06 08:05:36 EST 2015,Fri Mar 06 08:07:46 EST 2015,Recommender,systems,characterization,aggregate,individual,ratings,predictions,services,might,visitors,crucially,collaborative,susceptibility,attacks,enumerate,performance
39AYGO6AFEJA9TT8DD9OXEZLXPP6N1,3TE3O857307ATAZT9KJ454J5B0R2RS,A1VOWQJOBWOVKG,Approved,Fri Mar 06 19:18:42 EST 2015,Fri Mar 06 19:20:01 EST 2015,"Scouts, Promoters, and Connectors:",Nearest Neighbor Collaborative Filtering,predictions of products or services that might interest visitors,broad primitives to manage a recommender system and its community,recommendations,emptyanswer,emptyanswer,emptyanswer,emptyanswer,emptyanswer,emptyanswer,emptyanswer,emptyanswer,emptyanswer,emptyanswer,emptyanswer
39AYGO6AFEJA9TT8DD9OXEZLXPP6N1,3IAEQB9FMEJ24GEV53DROMIQ06IDW2,APEB5ERGCYP6D,Approved,Fri Mar 06 22:27:03 EST 2015,Fri Mar 06 23:25:56 EST 2015,aggregate individual user ratings,the user experience,"formulate three roles---scouts, promoters, and connectors",how users receive recommendation,how items get recommended,emptyanswer,emptyanswer,emptyanswer,emptyanswer,emptyanswer,emptyanswer,emptyanswer,emptyanswer,emptyanswer,emptyanswer,emptyanswer
39AYGO6AFEJA9TT8DD9OXEZLXPP6N1,3X65QVEQI0MCOUWI1TBEV5JSH0PLC6,A3QV0NIFU1WDE4,Approved,Sat Mar 07 04:04:40 EST 2015,Sat Mar 07 04:10:54 EST 2015,"Scouts, Promoters, and Connectors",Roles of Ratings in Nearest Neighbor Collaborative Filtering,Recommender systems aggregate user ratings into predictions that might interest visitors,quality of process affects user experience and effectiveness in e-commerce,disaggregate global recommender performance meausures,"formulate scouts, promoters, and connectors",These roles find direct uses in improving recommendations,helping monitor the health of the system as a whole,emptyanswer,emptyanswer,emptyanswer,emptyanswer,emptyanswer,emptyanswer,emptyanswer,emptyanswer
39AYGO6AFEJA9TT8DD9OXEZLXPP6N1,379J5II41OFRLSGWXKH9LTJV2CMLEJ,A37WDQ1VG5XN6Z,Approved,Sat Mar 07 13:43:47 EST 2015,Sat Mar 07 13:43:55 EST 2015,nothing,nothing,nothing,nothing,nothing,emptyanswer,emptyanswer,emptyanswer,emptyanswer,emptyanswer,emptyanswer,emptyanswer,emptyanswer,emptyanswer,emptyanswer,emptyanswer
39AYGO6AFEJA9TT8DD9OXEZLXPP6N1,3JW0YLFXRTF1DMEMMYIHGA7B7NVWW3,A28IXE702NXWKQ,Approved,Sat Mar 07 13:57:13 EST 2015,Sat Mar 07 13:58:24 EST 2015,aggregate,nearest-neighbor,particular,roles---scouts,susceptibility,emptyanswer,emptyanswer,emptyanswer,emptyanswer,emptyanswer,emptyanswer,emptyanswer,emptyanswer,emptyanswer,emptyanswer,emptyanswer
39AYGO6AFEJA9TT8DD9OXEZLXPP6N1,37C0GNLMHF24A1ZPEL0NQSJDC50D6E,A9HQ3E0F2AGVO,Approved,Sat Mar 07 15:27:58 EST 2015,Sat Mar 07 15:28:37 EST 2015,Recommender systems,predictions,quality,e-commerce,nearest-neighbor collaborative filtering,emptyanswer,emptyanswer,emptyanswer,emptyanswer,emptyanswer,emptyanswer,emptyanswer,emptyanswer,emptyanswer,emptyanswer,emptyanswer
39AYGO6AFEJA9TT8DD9OXEZLXPP6N1,3H0W84IWBK12OQB924E575SU85GER9,A16MCPIUMNIDW,Approved,Sat Mar 07 16:26:09 EST 2015,Sat Mar 07 16:28:01 EST 2015,collaborative filter,user ratings,experience,nearest-neighbor,recommendation,system health,neighborhood,community,rating,emptyanswer,emptyanswer,emptyanswer,emptyanswer,emptyanswer,emptyanswer,emptyanswer
39AYGO6AFEJA9TT8DD9OXEZLXPP6N1,3LEIZ60CDJYUVL6J4ASW1UTIQPBZ95,A38IE69ORDCEGY,Approved,Sat Mar 07 23:09:24 EST 2015,Sat Mar 07 23:11:15 EST 2015,neighbor collaborative filtering,recommender system,e-commerce,user recommendations,"scouts, promoters, and connectors",emptyanswer,emptyanswer,emptyanswer,emptyanswer,emptyanswer,emptyanswer,emptyanswer,emptyanswer,emptyanswer,emptyanswer,emptyanswer
39AYGO6AFEJA9TT8DD9OXEZLXPP6N1,3VHP9MDGRNJQO2MMFI8G0SE8K6ICFB,A156NFBMKKLDL9,Approved,Sun Mar 08 17:22:56 EDT 2015,Sun Mar 08 17:23:38 EDT 2015,"Scouts, Promoters, and Connectors",Roles of Ratings,Nearest Neighbor Collaborative Filtering,users receive recommendations,enumerate users,emptyanswer,emptyanswer,emptyanswer,emptyanswer,emptyanswer,emptyanswer,emptyanswer,emptyanswer,emptyanswer,emptyanswer,emptyanswer
39AYGO6AFEJA9TT8DD9OXEZLXPP6N1,3BDCF01OGXTPRXXNXLT3SWBBKQOLYZ,A2GBY8O6GYSB89,Approved,Sun Mar 08 19:19:53 EDT 2015,Sun Mar 08 19:20:56 EDT 2015,"Scouts, Promoters, and Connectors",The Roles of Ratings,Nearest Neighbor Collaborative Filtering,Recommender systems,track the evolution of neighborhoods,emptyanswer,emptyanswer,emptyanswer,emptyanswer,emptyanswer,emptyanswer,emptyanswer,emptyanswer,emptyanswer,emptyanswer,emptyanswer
39AYGO6AFEJA9TT8DD9OXEZLXPP6N1,3F6HPJW4JDZF16GF8ETAS3RM3JZW2Q,A2E2IQ99W6B7AV,Approved,Mon Mar 09 04:47:38 EDT 2015,Mon Mar 09 04:49:33 EDT 2015,Information gathering,Performance,Neighborhood connections,User enumeration,System attacks,emptyanswer,emptyanswer,emptyanswer,emptyanswer,emptyanswer,emptyanswer,emptyanswer,emptyanswer,emptyanswer,emptyanswer,emptyanswer
39AYGO6AFEJA9TT8DD9OXEZLXPP6N1,3JWH6J9I9SCJ2P7XZ6VYXDHZ4EFNB1,A2SZAM3EZER2PH,Approved,Mon Mar 09 06:37:26 EDT 2015,Mon Mar 09 06:38:17 EDT 2015,Recommender systems,characterization,themselves connected,neighborhoods,enumerate users,emptyanswer,emptyanswer,emptyanswer,emptyanswer,emptyanswer,emptyanswer,emptyanswer,emptyanswer,emptyanswer,emptyanswer,emptyanswer
39AYGO6AFEJA9TT8DD9OXEZLXPP6N1,3S0TNUHWKTHREFID70XLA6F4I4GD8Y,ACYGMRGAZ22U7,Approved,Mon Mar 09 17:52:27 EDT 2015,Mon Mar 09 17:52:34 EDT 2015,Keyword/Keyphrase 1:,Keyword/Keyphrase 1:,Keyword/Keyphrase 1:,Keyword/Keyphrase 1:,Keyword/Keyphrase 1:,emptyanswer,emptyanswer,emptyanswer,emptyanswer,emptyanswer,emptyanswer,emptyanswer,emptyanswer,emptyanswer,emptyanswer,emptyanswer
39AYGO6AFEJA9TT8DD9OXEZLXPP6N1,3UN61F00HWO2S7IGR3L23BMHVH2R5G,AW36CVMS3526O,Approved,Tue Mar 10 13:34:52 EDT 2015,Tue Mar 10 13:35:57 EDT 2015,Connectors,interest,visitors,recommended,community,emptyanswer,emptyanswer,emptyanswer,emptyanswer,emptyanswer,emptyanswer,emptyanswer,emptyanswer,emptyanswer,emptyanswer,emptyanswer
39AYGO6AFEJA9TT8DD9OXEZLXPP6N1,3VP0C6EFSGV7EV52REZQ9I67LPE6MN,A1JWEYGDFDB100,Approved,Tue Mar 10 13:42:51 EDT 2015,Tue Mar 10 13:43:59 EDT 2015,Scouts,Promoters,Connectors,Roles of Ratings,Nearest Neighbor Collaborative Filtering,emptyanswer,emptyanswer,emptyanswer,emptyanswer,emptyanswer,emptyanswer,emptyanswer,emptyanswer,emptyanswer,emptyanswer,emptyanswer
39AYGO6AFEJA9TT8DD9OXEZLXPP6N1,3TMSXRD2X6Z8CLYJPATWNKHHBHK1WL,A3K6BSW10S4YKJ,Approved,Wed Mar 11 03:25:16 EDT 2015,Wed Mar 11 03:26:46 EDT 2015,effectiveness of recommenders in e-commerce,nearest-neighbor collaborative filtering,disaggregate global recommender performance measures,broad primitives to manage a recommender system and its community.,elping monitor the health of the system as a whole,emptyanswer,emptyanswer,emptyanswer,emptyanswer,emptyanswer,emptyanswer,emptyanswer,emptyanswer,emptyanswer,emptyanswer,emptyanswer
39AYGO6AFEJA9TT8DD9OXEZLXPP6N1,3J2UYBXQQLBABHYV29CSBLZUINP06K,ATRHDYWCIYTDJ,Approved,Wed Mar 11 05:04:07 EDT 2015,Wed Mar 11 05:04:19 EDT 2015,aggregate,predictions,interest,quality,attacks,emptyanswer,emptyanswer,emptyanswer,emptyanswer,emptyanswer,emptyanswer,emptyanswer,emptyanswer,emptyanswer,emptyanswer,emptyanswer
39AYGO6AFEJA9TT8DD9OXEZLXPP6N1,352YTHGROVC77U0DHTQYKFEX8EQH4P,A3CMDYA9USA3MR,Approved,Wed Mar 11 07:33:24 EDT 2015,Wed Mar 11 07:33:34 EDT 2015,Recommender,systems,individual,commerce,attacks,emptyanswer,emptyanswer,emptyanswer,emptyanswer,emptyanswer,emptyanswer,emptyanswer,emptyanswer,emptyanswer,emptyanswer,emptyanswer
39AYGO6AFEJA9TT8DD9OXEZLXPP6N1,3YWRV122CSYDVHTZTVNAK6JS48EU80,A2SDTL2V8VJ25O,Approved,Wed Mar 11 20:30:21 EDT 2015,Wed Mar 11 20:31:11 EDT 2015,Scouts,Promoters,Connectors,Nearest,Collaborative,emptyanswer,emptyanswer,emptyanswer,emptyanswer,emptyanswer,emptyanswer,emptyanswer,emptyanswer,emptyanswer,emptyanswer,emptyanswer
39AYGO6AFEJA9TT8DD9OXEZLXPP6N1,33F859I566CRSTLMW80LSTK3I62HBQ,ANB69EQROUTQJ,Approved,Wed Mar 11 22:05:20 EDT 2015,Wed Mar 11 22:07:24 EDT 2015,recommender systems,predictions,scouts,promoters,connectors,nearest-neighbor collaborative filtering,emptyanswer,emptyanswer,emptyanswer,emptyanswer,emptyanswer,emptyanswer,emptyanswer,emptyanswer,emptyanswer,emptyanswer
39AYGO6AFEJA9TT8DD9OXEZLXPP6N1,35H6S234SAZ96OKWZFI4SGVL0XY65E,AM1HY736BY3Z8,Approved,Thu Mar 12 11:48:16 EDT 2015,Thu Mar 12 11:50:06 EDT 2015,"Scouts, Promoters, and Connectors: The Roles of Ratings in Nearest Neighbor Collaborative Filtering",Recommender systems aggregate individual user ratings into predictions of products or services that might interest visitors.,We present a characterization of nearest-neighbor collaborative filtering that allows us to disaggregate global recommender performance measures into contributions made by each individual rating.,"These roles find direct uses in improving recommendations for users, in better targeting of items and, most importantly, in helping monitor the health of the system as a whole.",We argue that the three rating roles presented here provide broad primitives to manage a recommender system and its community.,emptyanswer,emptyanswer,emptyanswer,emptyanswer,emptyanswer,emptyanswer,emptyanswer,emptyanswer,emptyanswer,emptyanswer,emptyanswer
39AYGO6AFEJA9TT8DD9OXEZLXPP6N1,33M4IA01QG0BUQ2QX94XVUD1PJMXRD,A2KS418T8MPLJH,Approved,Thu Mar 12 12:10:49 EDT 2015,Thu Mar 12 12:11:43 EDT 2015,"Scouts, Promoters, and Connectors: The Roles of Ratings in Nearest Neighbor Collaborative Filtering",Recommender systems aggregate individual user ratings into predictions of products or services that might interest visitors,We present a characterization of nearest-neighbor collaborative filtering that allows us to disaggregate global recommender performance,"These roles find direct uses in improving recommendations for users, in better targeting of items and, most importantly, in helping monitor the health of the system as a whole",We argue that the three rating roles presented here provide broad primitives to manage a recommender system and its community,emptyanswer,emptyanswer,emptyanswer,emptyanswer,emptyanswer,emptyanswer,emptyanswer,emptyanswer,emptyanswer,emptyanswer,emptyanswer
39AYGO6AFEJA9TT8DD9OXEZLXPP6N1,3DBQWDE4Y6XHD9QOYW4LURH7VOSN5C,AU3WQKISBW5MZ,Approved,Thu Mar 12 14:27:17 EDT 2015,Thu Mar 12 14:27:51 EDT 2015,Recommender systems aggregate individual user ratings into predictions of products or services that might interest visitors.,The quality of this aggregation process crucially affects the user experience and hence the effectiveness of recommenders in e-commerce.,"In particular, we formulate three roles---scouts, promoters, and connectors---that capture how users receive recommendations, how items get recommended, and how ratings of these two types are themselves connected, respectively.","These roles find direct uses in improving recommendations for users, in better targeting of items and, most importantly, in helping monitor the health of the system as a whole. For instance, they can be used to track the evolution of neighborhoods, to identify rating subspaces that do not contribute (or contribute negatively) to system performance, to enumerate users who are in danger of leaving, and to assess the susceptibility of the system to attacks such as shilling.","These roles find direct uses in improving recommendations for users, in better targeting of items and, most importantly, in helping monitor the health of the system as a whole. For instance, they can be used to track the evolution of neighborhoods, to identify rating subspaces that do not contribute (or contribute negatively) to system performance, to enumerate users who are in danger of leaving, and to assess the susceptibility of the system to attacks such as shilling.",emptyanswer,emptyanswer,emptyanswer,emptyanswer,emptyanswer,emptyanswer,emptyanswer,emptyanswer,emptyanswer,emptyanswer,emptyanswer
39AYGO6AFEJA9TT8DD9OXEZLXPP6N1,3OJSZ2ATDSVSAOY1IPNWYUVHV9S57O,AL9R6CILUG30X,Approved,Thu Mar 12 16:32:25 EDT 2015,Thu Mar 12 16:35:09 EDT 2015,Recommender systems,user ratings,Promoters,Scouts,Connectors,user experience,e-commerce,evolution of neighborhoods,emptyanswer,emptyanswer,emptyanswer,emptyanswer,emptyanswer,emptyanswer,emptyanswer,emptyanswer
39AYGO6AFEJA9TT8DD9OXEZLXPP6N1,3G2UL9A02DDOTSYFN8X1Q09HR45677,A3MRB8TFD1IUS6,Approved,Thu Mar 12 17:52:45 EDT 2015,Thu Mar 12 17:54:27 EDT 2015,Scouts,Promoters,Connectors,Roles of Ratings,Nearest Neighbor Collaborative Filtering,e-commerce,emptyanswer,emptyanswer,emptyanswer,emptyanswer,emptyanswer,emptyanswer,emptyanswer,emptyanswer,emptyanswer,emptyanswer
39AYGO6AFEJA9TT8DD9OXEZLXPP6N1,3Y54SXRO1LKWT1LNWTY5B2FFJNDUT8,ADVZAZ12Z8N9J,Approved,Thu Mar 12 17:30:54 EDT 2015,Thu Mar 12 18:04:29 EDT 2015,Recommender systems aggregate individual user ratings into predictions of products or services that might interest visitors.,N/A,N/A,N/A,N/A,emptyanswer,emptyanswer,emptyanswer,emptyanswer,emptyanswer,emptyanswer,emptyanswer,emptyanswer,emptyanswer,emptyanswer,emptyanswer
39AYGO6AFEJA9TT8DD9OXEZLXPP6N1,3P4RDNWND55X67UIQIVNQT4VRQKIJ4,A10443E11ZWEHJ,Approved,Fri Mar 13 03:02:12 EDT 2015,Fri Mar 13 03:39:43 EDT 2015,Recommender systems aggregate individual user ratings into predictions of products or services that might interest visitors.,this aggregation process crucially affects the user experience and hence the effectiveness of recommenders in e-commerce,quality,characterization of nearest-neighbor collaborative filtering,"scouts, promoters, and connectors",we formulate three roles-,disaggregate global recommender performance measures into contributions made by each individual rating.,"that capture how users receive recommendations,",how items get recommended,to identify rating subspaces that do not contribute,helping monitor the health of the system as a whole.,"to enumerate users who are in danger of leaving,",characterization,to assess the susceptibility of the system to attacks such as shilling.,(or contribute negatively),We argue that the three rating roles presented here provide broad primitives to manage a recommender system and its community.
39AYGO6AFEJA9TT8DD9OXEZLXPP6N1,3GLB5JMZFXU67UOVQY992JW27VKDGM,A3DTN2OMF6DUSI,Approved,Fri Mar 13 23:11:09 EDT 2015,Fri Mar 13 23:11:26 EDT 2015,susceptibility,evolution,improving,argue,rating,emptyanswer,emptyanswer,emptyanswer,emptyanswer,emptyanswer,emptyanswer,emptyanswer,emptyanswer,emptyanswer,emptyanswer,emptyanswer
39AYGO6AFEJA9TT8DD9OXEZLXPP6N1,3FE7TXL1LIMAH9KTW5U40E90GT6Q2R,A610SH5RY1NG1,Approved,Sat Mar 14 07:25:37 EDT 2015,Sat Mar 14 07:25:50 EDT 2015,Scouts,Promoters,Connectors,Roles,Collaborative,emptyanswer,emptyanswer,emptyanswer,emptyanswer,emptyanswer,emptyanswer,emptyanswer,emptyanswer,emptyanswer,emptyanswer,emptyanswer
39AYGO6AFEJA9TT8DD9OXEZLXPP6N1,3TXMY6UCAENNFRCVTYJACRIMSKWQCD,A2Z9HR2IBD75R9,Approved,Sat Mar 14 09:38:55 EDT 2015,Sat Mar 14 09:39:09 EDT 2015,Scouts,Promoters,Connectors,Ratings,Filtering,emptyanswer,emptyanswer,emptyanswer,emptyanswer,emptyanswer,emptyanswer,emptyanswer,emptyanswer,emptyanswer,emptyanswer,emptyanswer
39AYGO6AFEJA9TT8DD9OXEZLXPP6N1,3TY7ZAOG5FJHAWJK4D6TL44CKQ10KY,A2QXX0EHO2CZHV,Approved,Sat Mar 14 15:26:14 EDT 2015,Sat Mar 14 15:33:11 EDT 2015,Recommender systems aggregate individual user ratings into predictions of products or services,the quality of this aggregation process crucially affects the user experience,a characterization of nearest-neighbor collaborative filtering is presented,"we formulate three roles---scouts, promoters, and connectors","this captures how users receive recommendations, how items get recommended, and how ratings of these two types are themselves connected",These roles result in better targeting of items and in helping monitor the health of the system as a whole,the three rating roles presented here provide broad primitives to manage a recommender system and its community.,emptyanswer,emptyanswer,emptyanswer,emptyanswer,emptyanswer,emptyanswer,emptyanswer,emptyanswer,emptyanswer
39AYGO6AFEJA9TT8DD9OXEZLXPP6N1,3GDTJDAPVUAUI9OQKTWOTW2YST98MZ,A3PRX6CU0P34NE,Approved,Sat Mar 14 15:54:34 EDT 2015,Sat Mar 14 16:10:13 EDT 2015,Scouts,Promoters,Connectors,Ratings,Nearest Neighbor Collaborative Filtering,emptyanswer,emptyanswer,emptyanswer,emptyanswer,emptyanswer,emptyanswer,emptyanswer,emptyanswer,emptyanswer,emptyanswer,emptyanswer
39AYGO6AFEJA9TT8DD9OXEZLXPP6N1,36AHBNMV1RB6TL9VK4VF9J36CULYDM,AH3ER3EJXHRO2,Approved,Sat Mar 14 16:20:39 EDT 2015,Sat Mar 14 16:21:40 EDT 2015,nearest neighbor collaborative filtering,recommender systems aggregate,e-commerce,"scouts, promoters, and connectors",individual user ratings,emptyanswer,emptyanswer,emptyanswer,emptyanswer,emptyanswer,emptyanswer,emptyanswer,emptyanswer,emptyanswer,emptyanswer,emptyanswer
39AYGO6AFEJA9TT8DD9OXEZLXPP6N1,3GFK2QRXX9G703Z2QXV8QAUYO5NW5D,AWFQ7OX0UPSM5,Approved,Sat Mar 14 16:30:12 EDT 2015,Sat Mar 14 16:31:41 EDT 2015,"Scouts, Promoters, and Connectors",Nearest Neighbor Collaborative Filtering,e-commerce,global recommender performance measures,evolution of neighborhoods,emptyanswer,emptyanswer,emptyanswer,emptyanswer,emptyanswer,emptyanswer,emptyanswer,emptyanswer,emptyanswer,emptyanswer,emptyanswer
39AYGO6AFEJA9TT8DD9OXEZLXPP6N1,3X31TUMD7XLS1RMKLWMUE901EIK1LD,ATOMPVWZKAE0E,Approved,Sat Mar 14 18:43:25 EDT 2015,Sat Mar 14 18:47:18 EDT 2015,Nearest Neighbor Collaborative Filtering,Recommender system,user ratings aggregate,aggregation process,e-commerce recommenders effectiveness,global recommender performance,"scouts, promoters, and connectors",system health monitoring,item targeting,shilling,emptyanswer,emptyanswer,emptyanswer,emptyanswer,emptyanswer,emptyanswer
39AYGO6AFEJA9TT8DD9OXEZLXPP6N1,34Z02EIMISCGDF97YMKLMVR83440TI,A1G94QON7A9K0N,Approved,Sat Mar 14 19:59:41 EDT 2015,Sat Mar 14 20:00:07 EDT 2015,filtering,e-commerce,rating,performance,enumerate,emptyanswer,emptyanswer,emptyanswer,emptyanswer,emptyanswer,emptyanswer,emptyanswer,emptyanswer,emptyanswer,emptyanswer,emptyanswer
39AYGO6AFEJA9TT8DD9OXEZLXPP6N1,3VHP9MDGRNJQO2MMFI8G0SE8LKSFCH,A29ZV4XJB7R1O,Approved,Sat Mar 14 19:54:09 EDT 2015,Sat Mar 14 20:06:12 EDT 2015,Promoters,Scouts,Connectors,Neighbor Collaborative,disaggregate,emptyanswer,emptyanswer,emptyanswer,emptyanswer,emptyanswer,emptyanswer,emptyanswer,emptyanswer,emptyanswer,emptyanswer,emptyanswer
39AYGO6AFEJA9TT8DD9OXEZLXPP6N1,3VD82FOHKQNKUFZFELR6NMNMDLNOCG,ACVJ6IUO9QM4R,Approved,Sat Mar 14 20:34:14 EDT 2015,Sat Mar 14 20:35:18 EDT 2015,user experience,"scouts, promoters, and connectors-",individual user ratings into predictions of products or services that might interest visitors.,collaborative filtering,rating subspaces,emptyanswer,emptyanswer,emptyanswer,emptyanswer,emptyanswer,emptyanswer,emptyanswer,emptyanswer,emptyanswer,emptyanswer,emptyanswer
39AYGO6AFEJA9TT8DD9OXEZLXPP6N1,3S3AMIZX3U4TQI8QOCDQCSBN97LCDC,A9VLWY4KW6OCB,Approved,Sat Mar 14 21:11:50 EDT 2015,Sat Mar 14 21:19:51 EDT 2015,Scouts,Promoters,Connectors,Neighbor,Filtering,emptyanswer,emptyanswer,emptyanswer,emptyanswer,emptyanswer,emptyanswer,emptyanswer,emptyanswer,emptyanswer,emptyanswer,emptyanswer
39AYGO6AFEJA9TT8DD9OXEZLXPP6N1,3EKVH9QMEY3GS0GORJOK0F21XGBD27,A1GK9ZI7T30X9Z,Approved,Sat Mar 14 22:37:40 EDT 2015,Sat Mar 14 22:39:33 EDT 2015,Ratings,Nearest Neighbor Collaborative Filtering,aggregation,commerce,Scouts Promoters Connectors,shilling,primitives,recommender system,emptyanswer,emptyanswer,emptyanswer,emptyanswer,emptyanswer,emptyanswer,emptyanswer,emptyanswer
39AYGO6AFEJA9TT8DD9OXEZLXPP6N1,37FMASSAYCQROOW62QI6S5LIJR0IBK,A1BV5YY1UQCMZY,Approved,Sun Mar 15 00:30:53 EDT 2015,Sun Mar 15 00:32:05 EDT 2015,scouts,connectors,nearest neighbor collaborative filtering,community,ratings,emptyanswer,emptyanswer,emptyanswer,emptyanswer,emptyanswer,emptyanswer,emptyanswer,emptyanswer,emptyanswer,emptyanswer,emptyanswer
39AYGO6AFEJA9TT8DD9OXEZLXPP6N1,3SBEHTYCWN2N1WPHCIWQ0GJJ40IIYZ,A1YNGE7LM9TQHL,Approved,Sun Mar 15 00:38:45 EDT 2015,Sun Mar 15 00:46:47 EDT 2015,"Scouts, Promoters, and Connectors. The Roles of Ratings in Nearest Neighbor Collaborative Filtering",Recommender systems aggregate individual user ratings into predictions of products or services that might interest visitors & these quality affects the user experience.,"In particular, we formulate three roles---scouts, promoters, and connectors---that capture how users receive recommendations, how items get recommended","The ratings of these two types are themselves connected, respectively.",roles find direct uses in improving recommendations for users,"in better targeting of items and, most importantly, in helping monitor the health of the system as a whole",roles find direct uses in improving recommendations for users,"in better targeting of items and, most importantly",in helping monitor the health of the system as a whole,"For instance, they can be used to track the evolution of neighborhoods",to identify rating subspaces that do not contribute (or contribute negatively) to system performance,to enumerate users who are in danger of leaving,To assess the susceptibility of the system to attacks such as shilling.,We argue that the three rating roles presented here provide broad primitives to manage a recommender system and its community.,emptyanswer,emptyanswer
