HitId,AssignmentId,WorkerId,Status,AcceptTime,SubmitTime,Answer 1,Answer 2,Answer 3,Answer 4,Answer 5,Answer 6,Answer 7,Answer 8,Answer 9,Answer 10,Answer 11,Answer 12,Answer 13,Answer 14,Answer 15,Answer 16
39N6W9XWRCM6ILMSWSRLQLAHVNWGY3,3ZGVPD4G6TGDF0FX2GXDSUUUKHMTZD,A22R7DT2XQIKXV,Approved,Mon Mar 02 14:10:51 EST 2015,Mon Mar 02 14:10:57 EST 2015,aa,aa,aa,aa,aa,emptyanswer,emptyanswer,emptyanswer,emptyanswer,emptyanswer,emptyanswer,emptyanswer,emptyanswer,emptyanswer,emptyanswer,emptyanswer
39N6W9XWRCM6ILMSWSRLQLAHVNWGY3,3JWH6J9I9SCJ2P7XZ6VYXDHZ4WPNBB,A3FG9YWTFFK1AU,Approved,Mon Mar 02 18:31:23 EST 2015,Mon Mar 02 18:52:06 EST 2015,Graphical Models,Online Solutions,Interactive POMDPs,interactive partially observable Markov decision processes (I-POMDPs),interactive dynamic influence diagrams (I-DIDs),emptyanswer,emptyanswer,emptyanswer,emptyanswer,emptyanswer,emptyanswer,emptyanswer,emptyanswer,emptyanswer,emptyanswer,emptyanswer
39N6W9XWRCM6ILMSWSRLQLAHVNWGY3,3P1L2B7AD1ODXJTLRYK5Q5D960LOLR,A2R085B34P2LYS,Approved,Mon Mar 02 22:13:41 EST 2015,Mon Mar 02 22:25:16 EST 2015,Graphical,Models,Online,Solutions,Interactive,optional,optional,optional,optional,optional,optional,optional,optional,optional,optional,optional
39N6W9XWRCM6ILMSWSRLQLAHVNWGY3,3JJVG1YBEBWFC01RV6ZC3WHDDB4B5O,A26M2B8NZVKWTZ,Approved,Mon Mar 02 22:57:38 EST 2015,Mon Mar 02 22:58:31 EST 2015,Graphical,Models,Interactive,POMDPs,representation,emptyanswer,emptyanswer,emptyanswer,emptyanswer,emptyanswer,emptyanswer,emptyanswer,emptyanswer,emptyanswer,emptyanswer,emptyanswer
39N6W9XWRCM6ILMSWSRLQLAHVNWGY3,3300DTYQT2G2CPW9PPP52FIPC5MQE0,A1B5NXRZQYRC4R,Approved,Tue Mar 03 06:47:23 EST 2015,Tue Mar 03 06:50:13 EST 2015,Graphical Models,Online Solutions,Interactive,POMDPs,demonstrate,emptyanswer,emptyanswer,emptyanswer,emptyanswer,emptyanswer,emptyanswer,emptyanswer,emptyanswer,emptyanswer,emptyanswer,emptyanswer
39N6W9XWRCM6ILMSWSRLQLAHVNWGY3,3LRLIPTPEQ8DB9H2WF3MAAGPSK7AK8,A27I79P03I0ZPO,Approved,Tue Mar 03 10:37:49 EST 2015,Tue Mar 03 10:38:35 EST 2015,Graphical,Solutions,Interactive,POMDPs,Online,emptyanswer,emptyanswer,emptyanswer,emptyanswer,emptyanswer,emptyanswer,emptyanswer,emptyanswer,emptyanswer,emptyanswer,emptyanswer
39N6W9XWRCM6ILMSWSRLQLAHVNWGY3,338JKRMM26YM9JGUQU0PXI0X03IAHJ,A9HQ3E0F2AGVO,Approved,Tue Mar 03 16:44:42 EST 2015,Tue Mar 03 16:45:43 EST 2015,interactive partially observable Markov decision processes (I-POMDPs,interactive dynamic influence diagrams (I-DIDs),real-world problems,chance and decision variables,graphical representations,emptyanswer,emptyanswer,emptyanswer,emptyanswer,emptyanswer,emptyanswer,emptyanswer,emptyanswer,emptyanswer,emptyanswer,emptyanswer
39N6W9XWRCM6ILMSWSRLQLAHVNWGY3,3E4GGUZ1T8QO66MYJ0A74SXRGXH2KX,A1W7BQWWGKJ3XF,Approved,Tue Mar 03 22:35:50 EST 2015,Tue Mar 03 22:36:39 EST 2015,Graphical Models,Interactive POMDPs,interactive dynamic influence diagrams (I-DIDs),multiagent settings,graphical models,emptyanswer,emptyanswer,emptyanswer,emptyanswer,emptyanswer,emptyanswer,emptyanswer,emptyanswer,emptyanswer,emptyanswer,emptyanswer
39N6W9XWRCM6ILMSWSRLQLAHVNWGY3,3VFJCI1K4ZY084708Z4T78D6L8HRGZ,AXJJYIFR3JVRJ,Approved,Tue Mar 03 23:02:51 EST 2015,Tue Mar 03 23:05:32 EST 2015,graphical models,partially observable Markov decision processes,interactive dynamic influence diagrams,multiagent,problem decomposition,emptyanswer,emptyanswer,emptyanswer,emptyanswer,emptyanswer,emptyanswer,emptyanswer,emptyanswer,emptyanswer,emptyanswer,emptyanswer
39N6W9XWRCM6ILMSWSRLQLAHVNWGY3,3IXEICO792IBRQVM0B02VW1ZFGE6TU,A3FFZN4FO3Q789,Approved,Wed Mar 04 10:53:58 EST 2015,Wed Mar 04 11:00:03 EST 2015,preliminary,preliminary,preliminary,preliminary,preliminary,emptyanswer,emptyanswer,emptyanswer,emptyanswer,emptyanswer,emptyanswer,emptyanswer,emptyanswer,emptyanswer,emptyanswer,emptyanswer
39N6W9XWRCM6ILMSWSRLQLAHVNWGY3,39ASUFLU6X6MLMXLB3KXWNEI9AWXEV,A3H35QRODK1C4K,Approved,Wed Mar 04 12:34:10 EST 2015,Wed Mar 04 12:34:26 EST 2015,graphical,models,online,solutions,interactive,emptyanswer,emptyanswer,emptyanswer,emptyanswer,emptyanswer,emptyanswer,emptyanswer,emptyanswer,emptyanswer,emptyanswer,emptyanswer
39N6W9XWRCM6ILMSWSRLQLAHVNWGY3,3Z7EFSHGN9D7OOD7FCE26ZEFOZSCXS,A2F6ZON8X5EAGL,Approved,Wed Mar 04 14:54:07 EST 2015,Wed Mar 04 14:54:56 EST 2015,Graphical Models for Online Solutions to Interactive POMDPs,decision,situation,representation,usefulness,emptyanswer,emptyanswer,emptyanswer,emptyanswer,emptyanswer,emptyanswer,emptyanswer,emptyanswer,emptyanswer,emptyanswer,emptyanswer
39N6W9XWRCM6ILMSWSRLQLAHVNWGY3,3LEP4MGT3GZAGDGKACHV1855QWVBDX,A3OTLWGJFB65KD,Approved,Wed Mar 04 19:16:29 EST 2015,Wed Mar 04 19:16:46 EST 2015,nothing,nothing,nothing,nothing,nothing,emptyanswer,emptyanswer,emptyanswer,emptyanswer,emptyanswer,emptyanswer,emptyanswer,emptyanswer,emptyanswer,emptyanswer,emptyanswer
39N6W9XWRCM6ILMSWSRLQLAHVNWGY3,3GLB5JMZFXU67UOVQY992JW26AADG5,A1YLO4LT02D2F0,Approved,Wed Mar 04 23:19:09 EST 2015,Wed Mar 04 23:21:13 EST 2015,"GRAPHICAL, PARTIAL, PROCESS","OBSERVE, INTERACTIVE, AGENT","REPRESENT, DECISION, SIGNIFICANT","TRANSPARENT, DYNAMIC, DECOMPOSE","APPLY, GENERAL, POPULATE",emptyanswer,emptyanswer,emptyanswer,emptyanswer,emptyanswer,emptyanswer,emptyanswer,emptyanswer,emptyanswer,emptyanswer,emptyanswer
39N6W9XWRCM6ILMSWSRLQLAHVNWGY3,3VHP9MDGRNJQO2MMFI8G0SE8KVZCF6,A3S81UFDOWF2ST,Approved,Wed Mar 04 23:37:07 EST 2015,Wed Mar 04 23:38:05 EST 2015,Online Solutions,interactive partially observable Markov decision processes (I-POMDPs),interactive dynamic influence diagrams (I-DIDs),real-world problems,interacting agents,emptyanswer,emptyanswer,emptyanswer,emptyanswer,emptyanswer,emptyanswer,emptyanswer,emptyanswer,emptyanswer,emptyanswer,emptyanswer
39N6W9XWRCM6ILMSWSRLQLAHVNWGY3,3NGMS9VZTLHXRE6W6KYH8YZBH8SFFL,A3LUJSAN4DQ1ZT,Approved,Wed Mar 04 23:45:18 EST 2015,Wed Mar 04 23:47:24 EST 2015,graphical models,online solutons,interactive POMDP,I-DID,agent,interacting,dynamic influence,emptyanswer,emptyanswer,emptyanswer,emptyanswer,emptyanswer,emptyanswer,emptyanswer,emptyanswer,emptyanswer
39N6W9XWRCM6ILMSWSRLQLAHVNWGY3,3SKRO2GZ71QHHL420WATZ9NMOU1K12,A9LA6QK6VCERR,Approved,Thu Mar 05 01:36:21 EST 2015,Thu Mar 05 01:38:04 EST 2015,Interactive POMDPs,Markov decision processes,I-POMDPs,I-DIDs,interactive dynamic influence diagrams,interacting agents,emptyanswer,emptyanswer,emptyanswer,emptyanswer,emptyanswer,emptyanswer,emptyanswer,emptyanswer,emptyanswer,emptyanswer
39N6W9XWRCM6ILMSWSRLQLAHVNWGY3,3LEIZ60CDJYUVL6J4ASW1UTIQF4Z9E,A2KEOU752LUBZC,Approved,Thu Mar 05 02:16:51 EST 2015,Thu Mar 05 02:26:29 EST 2015,new graphical representation,Markov decision processes (I-POMDPs),more transparent and semantically clear,graphical models called interactive dynamic,interactive dynamic influence diagrams (I-DIDs),decomposing the situation,chance and decision variables,dependencies between the variables,I-DIDs generalize DIDs,graphical representations of POMDPs,multiagent settings,I-POMDPs generalize POMDPs,populated by other interacting agents,several examples,how I-DIDs may be applied,demonstrate their usefulness
39N6W9XWRCM6ILMSWSRLQLAHVNWGY3,304SM51WA33GI2Z272CKW7R5R1USB1,A3I10J1GPDAPQR,Approved,Thu Mar 05 06:31:34 EST 2015,Thu Mar 05 06:33:00 EST 2015,Graphical Models,Online Solutions,Interactive POMDPs,multiagent settings,interactive dynamic influence diagrams,emptyanswer,emptyanswer,emptyanswer,emptyanswer,emptyanswer,emptyanswer,emptyanswer,emptyanswer,emptyanswer,emptyanswer,emptyanswer
39N6W9XWRCM6ILMSWSRLQLAHVNWGY3,3WT783CTPBG0BLA6AGMKH2NN5YJBC1,A3UY2GVCKC8LSL,Approved,Thu Mar 05 10:27:10 EST 2015,Thu Mar 05 10:27:38 EST 2015,graphic model,online solution,interactive POMDPs,I-POMDPs,I-DIDs,emptyanswer,emptyanswer,emptyanswer,emptyanswer,emptyanswer,emptyanswer,emptyanswer,emptyanswer,emptyanswer,emptyanswer,emptyanswer
39N6W9XWRCM6ILMSWSRLQLAHVNWGY3,3HMIGG0U4L5UCQD43WKZNRP50GLY82,A1QUDNLO95AKS5,Approved,Thu Mar 05 12:19:09 EST 2015,Thu Mar 05 12:19:34 EST 2015,Graphical Models,Graphical Models,Interactive POMDPs,dynamic influence diagrams (I-DIDs),agents,emptyanswer,emptyanswer,emptyanswer,emptyanswer,emptyanswer,emptyanswer,emptyanswer,emptyanswer,emptyanswer,emptyanswer,emptyanswer
39N6W9XWRCM6ILMSWSRLQLAHVNWGY3,3IXEICO792IBRQVM0B02VW1ZFJHT6Q,A3DHYTZ1GPN0T8,Approved,Thu Mar 05 12:53:03 EST 2015,Thu Mar 05 12:54:34 EST 2015,develop,graphical representation,Markov decision processes(I-POMDPs),interactive dynamic influence diagrams (I-DIDs),interacting agents,emptyanswer,emptyanswer,emptyanswer,emptyanswer,emptyanswer,emptyanswer,emptyanswer,emptyanswer,emptyanswer,emptyanswer,emptyanswer
39N6W9XWRCM6ILMSWSRLQLAHVNWGY3,373ERPL3YO74D9T6SZ306RSVB7HRTA,ADUJUZANFOWKW,Approved,Thu Mar 05 16:43:29 EST 2015,Thu Mar 05 16:44:09 EST 2015,POMDP,models,diagrams,I-DID,computing,emptyanswer,emptyanswer,emptyanswer,emptyanswer,emptyanswer,emptyanswer,emptyanswer,emptyanswer,emptyanswer,emptyanswer,emptyanswer
39N6W9XWRCM6ILMSWSRLQLAHVNWGY3,3QECW5O0KH0F8MV8VSQX3QNZJRJ5T5,A156E6TWVB7GP7,Approved,Thu Mar 05 22:49:29 EST 2015,Thu Mar 05 22:50:32 EST 2015,Markov Decision Processes,graphical models,multiagent,observe,usefulness,interactive dynamic influence diagrams,emptyanswer,emptyanswer,emptyanswer,emptyanswer,emptyanswer,emptyanswer,emptyanswer,emptyanswer,emptyanswer,emptyanswer
39N6W9XWRCM6ILMSWSRLQLAHVNWGY3,3BXQMRHWKZXSG6V3NWXTPOKNO2MUML,ADVZAZ12Z8N9J,Approved,Fri Mar 06 07:33:03 EST 2015,Fri Mar 06 07:35:14 EST 2015,We develop a new graphical representation for interactive partially observable Markov decision processes (I-POMDPs) that is significantly more transparent and semantically clear than the previous representation.,"These graphical models called interactive dynamic influence diagrams (I-DIDs) seek to explicitly model the structure that is often present in real-world problems by decomposing the situation into chance and decision variables, and the dependencies between the variables.","I-DIDs generalize DIDs, which may be viewed as graphical representations of POMDPs, to multiagent settings in the same way that I-POMDPs generalize POMDPs.","I-DIDs may be used to compute the policy of an agent online as the agent acts and observes in a setting that is populated by other interacting agents. Using several examples, we show how I-DIDs may be applied and demonstrate their usefulness.",n/a,emptyanswer,emptyanswer,emptyanswer,emptyanswer,emptyanswer,emptyanswer,emptyanswer,emptyanswer,emptyanswer,emptyanswer,emptyanswer
39N6W9XWRCM6ILMSWSRLQLAHVNWGY3,32XVDSJFPZWJWUM14CNNJ5PV5CVM2P,AQXSUU4I4DAH8,Approved,Fri Mar 06 11:50:48 EST 2015,Fri Mar 06 11:51:33 EST 2015,graphical representation for interactive,Markov decision processes,Graphical Models,graphical representations,Online Solutions to Interactive POMDPs,emptyanswer,emptyanswer,emptyanswer,emptyanswer,emptyanswer,emptyanswer,emptyanswer,emptyanswer,emptyanswer,emptyanswer,emptyanswer
39N6W9XWRCM6ILMSWSRLQLAHVNWGY3,3YJ6NA41JBFPNTHM3DL7ZQ57CSLPJ4,A3G4SXD4N30C3L,Approved,Fri Mar 06 18:53:13 EST 2015,Fri Mar 06 18:54:06 EST 2015,Graphical Models,Online Solutions,interactive partially observable Markov decision processes (I-POMDPs),interactive dynamic influence diagrams (I-DIDs),new graphical representation,multiagent settings,interacting agents,emptyanswer,emptyanswer,emptyanswer,emptyanswer,emptyanswer,emptyanswer,emptyanswer,emptyanswer,emptyanswer
39N6W9XWRCM6ILMSWSRLQLAHVNWGY3,3IXQG4FA2TXYDN33YWCTFCMFZKYB9G,A1VOWQJOBWOVKG,Approved,Fri Mar 06 19:20:54 EST 2015,Fri Mar 06 19:21:53 EST 2015,Graphical Models,Online Solutions,Interactive POMDPs,interactive partially observable Markov decision processes,interactive dynamic influence diagrams (I-DIDs),emptyanswer,emptyanswer,emptyanswer,emptyanswer,emptyanswer,emptyanswer,emptyanswer,emptyanswer,emptyanswer,emptyanswer,emptyanswer
39N6W9XWRCM6ILMSWSRLQLAHVNWGY3,3UOUJI6MTDD3AIU713Z2050LV91UX6,A5UZTMO507YXX,Approved,Sat Mar 07 01:46:16 EST 2015,Sat Mar 07 01:47:08 EST 2015,Graphical Models,Online Solutions,Interactive POMDP,Markov decision,interactive dynamic influence diagram,emptyanswer,emptyanswer,emptyanswer,emptyanswer,emptyanswer,emptyanswer,emptyanswer,emptyanswer,emptyanswer,emptyanswer,emptyanswer
39N6W9XWRCM6ILMSWSRLQLAHVNWGY3,3KRVW3HTZNKC1T3ZYR2TAN2Z38EMSG,APEB5ERGCYP6D,Approved,Sat Mar 07 11:08:23 EST 2015,Sat Mar 07 11:11:06 EST 2015,new graphical representation for interactive,significantly more transparent,graphical representations of POMDPs,populated by other interacting agents,I-DIDs may be applied and demonstrate their usefulness,emptyanswer,emptyanswer,emptyanswer,emptyanswer,emptyanswer,emptyanswer,emptyanswer,emptyanswer,emptyanswer,emptyanswer,emptyanswer
39N6W9XWRCM6ILMSWSRLQLAHVNWGY3,3URFVVM165HSFDUM2LNNXQGW39GZUP,A2GBY8O6GYSB89,Approved,Sat Mar 07 11:15:18 EST 2015,Sat Mar 07 11:16:59 EST 2015,Graphical Models for Online Solutions,Interactive POMDPs,partially observable Markov decision processes,interactive dynamic influence diagrams (I-DIDs),decomposing the situation into chance and decision variables,emptyanswer,emptyanswer,emptyanswer,emptyanswer,emptyanswer,emptyanswer,emptyanswer,emptyanswer,emptyanswer,emptyanswer,emptyanswer
39N6W9XWRCM6ILMSWSRLQLAHVNWGY3,3634BBTX0OTH158M7S42BVC3XANFIZ,A38IE69ORDCEGY,Approved,Sat Mar 07 19:55:16 EST 2015,Sat Mar 07 19:57:05 EST 2015,Graphical models,Markov decision processes,interactive dynamic influence diagrams,interacting agents,usefulness of I-DIDs,emptyanswer,emptyanswer,emptyanswer,emptyanswer,emptyanswer,emptyanswer,emptyanswer,emptyanswer,emptyanswer,emptyanswer,emptyanswer
39N6W9XWRCM6ILMSWSRLQLAHVNWGY3,3QFUFYSY9YENTY97M32YHU2KSTN4FC,A1JWEYGDFDB100,Approved,Sun Mar 08 08:25:24 EDT 2015,Sun Mar 08 08:26:59 EDT 2015,Graphical Models,Online Solutions,Interactive POMDPs,interactive dynamic influence diagrams,decomposing the situation,emptyanswer,emptyanswer,emptyanswer,emptyanswer,emptyanswer,emptyanswer,emptyanswer,emptyanswer,emptyanswer,emptyanswer,emptyanswer
39N6W9XWRCM6ILMSWSRLQLAHVNWGY3,37W3JXSD66752R9M1Z0517SRIXIWYT,A3EOFHEPL3L07Y,Approved,Sun Mar 08 13:00:06 EDT 2015,Sun Mar 08 13:01:36 EDT 2015,Graphical Models for Online Solutions to Interactive POMDPs,interactive partially observable Markov decision processes,I-POMDPs,interactive dynamic influence diagrams,I-DIDs,emptyanswer,emptyanswer,emptyanswer,emptyanswer,emptyanswer,emptyanswer,emptyanswer,emptyanswer,emptyanswer,emptyanswer,emptyanswer
39N6W9XWRCM6ILMSWSRLQLAHVNWGY3,3NJM2BJS4W52FFBGTL4LCMSCMCZCP8,A2YW509B0UMSEH,Approved,Sun Mar 08 13:55:32 EDT 2015,Sun Mar 08 13:58:28 EDT 2015,graphical representation,Online Solutions,POMDPs,I-DIDs,agents,emptyanswer,emptyanswer,emptyanswer,emptyanswer,emptyanswer,emptyanswer,emptyanswer,emptyanswer,emptyanswer,emptyanswer,emptyanswer
39N6W9XWRCM6ILMSWSRLQLAHVNWGY3,320DUZ38G7LJAGON0UVK5HRFB5QJGU,A156NFBMKKLDL9,Approved,Sun Mar 08 17:27:05 EDT 2015,Sun Mar 08 17:27:33 EDT 2015,Graphical Models,Online Solutions,Interactive POMDPs,real-world problems,decomposing the situation,emptyanswer,emptyanswer,emptyanswer,emptyanswer,emptyanswer,emptyanswer,emptyanswer,emptyanswer,emptyanswer,emptyanswer,emptyanswer
39N6W9XWRCM6ILMSWSRLQLAHVNWGY3,3ZAZR5XV01HWTJDMGU2N3KUQWCLZCX,A2SZAM3EZER2PH,Approved,Mon Mar 09 06:19:40 EDT 2015,Mon Mar 09 06:20:23 EDT 2015,new graphical representation,Markov decision processes,transparent and semantically,generalize POMDPs,demonstrate their usefulness,emptyanswer,emptyanswer,emptyanswer,emptyanswer,emptyanswer,emptyanswer,emptyanswer,emptyanswer,emptyanswer,emptyanswer,emptyanswer
39N6W9XWRCM6ILMSWSRLQLAHVNWGY3,3YHH42UU5BESU212PDIU04HR8FIL0B,A2E2IQ99W6B7AV,Approved,Mon Mar 09 06:39:20 EDT 2015,Mon Mar 09 06:41:17 EDT 2015,Graphical media,Influence diagrams,Structure modeling,Problem solving,Variable dependency,emptyanswer,emptyanswer,emptyanswer,emptyanswer,emptyanswer,emptyanswer,emptyanswer,emptyanswer,emptyanswer,emptyanswer,emptyanswer
39N6W9XWRCM6ILMSWSRLQLAHVNWGY3,3WOKGM4L71F00N4Z25YMSLLL3KC0OW,ACYGMRGAZ22U7,Approved,Mon Mar 09 17:58:14 EDT 2015,Mon Mar 09 17:58:20 EDT 2015,Keyword/Keyphrase 1:,Keyword/Keyphrase 1:,Keyword/Keyphrase 1:,Keyword/Keyphrase 1:,Keyword/Keyphrase 1:,emptyanswer,emptyanswer,emptyanswer,emptyanswer,emptyanswer,emptyanswer,emptyanswer,emptyanswer,emptyanswer,emptyanswer,emptyanswer
39N6W9XWRCM6ILMSWSRLQLAHVNWGY3,3YHH42UU5BESU212PDIU04HR8H30LF,A2KELEVTA0306Y,Approved,Tue Mar 10 13:54:00 EDT 2015,Tue Mar 10 13:57:07 EDT 2015,develop,graphical,significantly,representation,transparent,interactive,partially,observable,Markov,decision,processes,semantically,previous,graphical,interactive,influence
39N6W9XWRCM6ILMSWSRLQLAHVNWGY3,3VHHR074H3G6CD1MAC33FJREGVAL71,AW36CVMS3526O,Approved,Tue Mar 10 14:30:49 EDT 2015,Tue Mar 10 14:31:40 EDT 2015,Interactive,representation,decomposing,demonstrate,usefulness,emptyanswer,emptyanswer,emptyanswer,emptyanswer,emptyanswer,emptyanswer,emptyanswer,emptyanswer,emptyanswer,emptyanswer,emptyanswer
39N6W9XWRCM6ILMSWSRLQLAHVNWGY3,3GLB5JMZFXU67UOVQY992JW26QLGDF,ANB69EQROUTQJ,Approved,Tue Mar 10 23:39:17 EDT 2015,Tue Mar 10 23:40:57 EDT 2015,graphical models,Markov decision processes,interactive dynamic influence diagrams,transparent,real-world problems,emptyanswer,emptyanswer,emptyanswer,emptyanswer,emptyanswer,emptyanswer,emptyanswer,emptyanswer,emptyanswer,emptyanswer,emptyanswer
39N6W9XWRCM6ILMSWSRLQLAHVNWGY3,32SVAV9L3F87FB9VB9BNTOZNHIYA3E,ATRHDYWCIYTDJ,Approved,Wed Mar 11 04:43:16 EDT 2015,Wed Mar 11 04:43:29 EDT 2015,representation,called,examples,applied,usefulness,emptyanswer,emptyanswer,emptyanswer,emptyanswer,emptyanswer,emptyanswer,emptyanswer,emptyanswer,emptyanswer,emptyanswer,emptyanswer
39N6W9XWRCM6ILMSWSRLQLAHVNWGY3,3MAOD8E57Q9QFSAY42NGMA8RNL2NXH,A3CMDYA9USA3MR,Approved,Wed Mar 11 07:16:48 EDT 2015,Wed Mar 11 07:17:07 EDT 2015,interactive,observable,decision,processes,agents,emptyanswer,emptyanswer,emptyanswer,emptyanswer,emptyanswer,emptyanswer,emptyanswer,emptyanswer,emptyanswer,emptyanswer,emptyanswer
39N6W9XWRCM6ILMSWSRLQLAHVNWGY3,39RP059MEHSDK7MXN5GYKYSZZS7MBA,A3K6BSW10S4YKJ,Approved,Wed Mar 11 08:44:39 EDT 2015,Wed Mar 11 08:45:32 EDT 2015,a new graphical representation,interactive partially observable Markov decision processes (I-POMDPs),interactive dynamic influence diagrams (I-DIDs),I-DIDs generalize DIDs,graphical representations of POMDPs,emptyanswer,emptyanswer,emptyanswer,emptyanswer,emptyanswer,emptyanswer,emptyanswer,emptyanswer,emptyanswer,emptyanswer,emptyanswer
39N6W9XWRCM6ILMSWSRLQLAHVNWGY3,32EYX73OY08JDM8VS4TABNEXU0RRUY,A28IXE702NXWKQ,Approved,Wed Mar 11 15:46:13 EDT 2015,Wed Mar 11 15:48:58 EDT 2015,We develop a new graphical,These graphical models called interactive dynamic influence diagrams,that is significantly more transparent and semantically,we show how I-DIDs may be applied and demonstrate their usefulness,and the dependencies between the variables. I-DIDs generalize DIDs,emptyanswer,emptyanswer,emptyanswer,emptyanswer,emptyanswer,emptyanswer,emptyanswer,emptyanswer,emptyanswer,emptyanswer,emptyanswer
39N6W9XWRCM6ILMSWSRLQLAHVNWGY3,3DYGAII7PL769GLZY35GWRHTQXZQP2,A2KS418T8MPLJH,Approved,Wed Mar 11 16:33:12 EDT 2015,Wed Mar 11 16:34:06 EDT 2015,Graphical Models for Online Solutions to Interactive POMDPs,interactive partially observable Markov decision processes,I-DIDs may be used to compute the policy of an agent online,we show how I-DIDs may be applied and demonstrate their usefulnes,multiagent settings in the same way that I-POMDPs generalize POMDPs,emptyanswer,emptyanswer,emptyanswer,emptyanswer,emptyanswer,emptyanswer,emptyanswer,emptyanswer,emptyanswer,emptyanswer,emptyanswer
39N6W9XWRCM6ILMSWSRLQLAHVNWGY3,3BC8WZX3V3VRXUGEOAY56CRDN15RRC,A1XRIEYLA7ZJ3B,Approved,Thu Mar 12 00:04:19 EDT 2015,Thu Mar 12 00:11:10 EDT 2015,Graphical Models for Online Solutions to Interactive POMDPs,teractive partially observable Markov decision processes (I-POMDPs),more transparent and semantically clear,graphical models called interactive dynamic influence diagrams (I-DIDs),decomposing the situation into chance and decision variables,"graphical representations of POMDPs, to multiagent settings",I-DIDs may be used to compute the policy of an agent online as the agent acts and observes in a setting that is populated by other interacting agents,emptyanswer,emptyanswer,emptyanswer,emptyanswer,emptyanswer,emptyanswer,emptyanswer,emptyanswer,emptyanswer
39N6W9XWRCM6ILMSWSRLQLAHVNWGY3,3YDGXNSEOZTEEJZKEPWS72LY6WU84Y,AM1HY736BY3Z8,Approved,Thu Mar 12 12:04:23 EDT 2015,Thu Mar 12 12:05:46 EDT 2015,Graphical Models for Online Solutions to Interactive POMDPs,We develop a new graphical representation for interactive partially observable Markov decision processes (I-POMDPs) that is significantly more transparent and semantically clear than the previous representation,"I-DIDs generalize DIDs, which may be viewed as graphical representations of POMDPs, to multiagent settings in the same way that I-POMDPs generalize POMDPs.",I-DIDs may be used to compute the policy of an agent online as the agent acts,observes in a setting that is populated by other interacting agents.,emptyanswer,emptyanswer,emptyanswer,emptyanswer,emptyanswer,emptyanswer,emptyanswer,emptyanswer,emptyanswer,emptyanswer,emptyanswer
39N6W9XWRCM6ILMSWSRLQLAHVNWGY3,3GLB5JMZFXU67UOVQY992JW27S3DGZ,AU3WQKISBW5MZ,Approved,Thu Mar 12 13:42:27 EDT 2015,Thu Mar 12 13:43:46 EDT 2015,We develop a new graphical representation for interactive partially observable Markov decision processes (I-POMDPs),that is significantly more transparent and semantically clear than the previous representation.,These graphical models called interactive dynamic influence diagrams (I-DIDs) seek to explicitly model,the structure that is often present in real-world problems by decomposing the situation into chance and decision variables,"I-DIDs generalize DIDs, which may be viewed as graphical representations of POMDPs",emptyanswer,emptyanswer,emptyanswer,emptyanswer,emptyanswer,emptyanswer,emptyanswer,emptyanswer,emptyanswer,emptyanswer,emptyanswer
39N6W9XWRCM6ILMSWSRLQLAHVNWGY3,3WOKGM4L71F00N4Z25YMSLLL4QOO09,AL9R6CILUG30X,Approved,Thu Mar 12 15:57:30 EDT 2015,Thu Mar 12 16:00:13 EDT 2015,Interactive POMDPs,Graphical Models,Interactive partially observable Markov decision processes (I-POMDPs),Interactive dynamic influence diagrams (I-DIDs),multiagent settings,real-world problems,decision variables,emptyanswer,emptyanswer,emptyanswer,emptyanswer,emptyanswer,emptyanswer,emptyanswer,emptyanswer,emptyanswer
39N6W9XWRCM6ILMSWSRLQLAHVNWGY3,3QAPZX2QN4CMTGFUF70PL8II3L220R,A2SDTL2V8VJ25O,Approved,Thu Mar 12 20:51:54 EDT 2015,Thu Mar 12 20:52:28 EDT 2015,Graphical,Models,Solutions,Interactive,POMDPs,emptyanswer,emptyanswer,emptyanswer,emptyanswer,emptyanswer,emptyanswer,emptyanswer,emptyanswer,emptyanswer,emptyanswer,emptyanswer
39N6W9XWRCM6ILMSWSRLQLAHVNWGY3,3R6BYFZZP7BER0XH6E43E5ZIMXIXFT,A3HPVFAF1U9WXK,Approved,Fri Mar 13 09:03:13 EDT 2015,Fri Mar 13 09:04:20 EDT 2015,graphical Models,interactive partially observable Markov decision processes,I-POMDP,decomposition,representations,emptyanswer,emptyanswer,emptyanswer,emptyanswer,emptyanswer,emptyanswer,emptyanswer,emptyanswer,emptyanswer,emptyanswer,emptyanswer
39N6W9XWRCM6ILMSWSRLQLAHVNWGY3,3FQ5JJ512LNKVSBR5J8RWG0PSFVNK7,A1A9GCQVBEMT58,Approved,Fri Mar 13 13:00:54 EDT 2015,Fri Mar 13 13:03:32 EDT 2015,interactive partially observable Markov decision processes,more transparent and semantically clear,interactive dynamic influence diagrams,explicitly model the structure,decomposing the situation,emptyanswer,emptyanswer,emptyanswer,emptyanswer,emptyanswer,emptyanswer,emptyanswer,emptyanswer,emptyanswer,emptyanswer,emptyanswer
39N6W9XWRCM6ILMSWSRLQLAHVNWGY3,354GIDR5ZB5FX6CG0KWB2KP36PJ00A,A3DTN2OMF6DUSI,Approved,Fri Mar 13 22:50:28 EDT 2015,Fri Mar 13 22:50:52 EDT 2015,Graphical Models,Online Solutions,Interactive,POMDPs,populated,emptyanswer,emptyanswer,emptyanswer,emptyanswer,emptyanswer,emptyanswer,emptyanswer,emptyanswer,emptyanswer,emptyanswer,emptyanswer
39N6W9XWRCM6ILMSWSRLQLAHVNWGY3,3OE22WJIGINJ1LTVFP4A6X4SZKNQU7,A610SH5RY1NG1,Approved,Sat Mar 14 07:07:24 EDT 2015,Sat Mar 14 07:07:48 EDT 2015,POMDPs,Graphical,Models,Online,Interactive,emptyanswer,emptyanswer,emptyanswer,emptyanswer,emptyanswer,emptyanswer,emptyanswer,emptyanswer,emptyanswer,emptyanswer,emptyanswer
39N6W9XWRCM6ILMSWSRLQLAHVNWGY3,3137ONMDKG4BZ02VMTKT81EN790EGZ,A2Z9HR2IBD75R9,Approved,Sat Mar 14 09:33:20 EDT 2015,Sat Mar 14 09:33:44 EDT 2015,Graphical Models,Online Solutions,Interactive POMDPs,agent,usefulness,emptyanswer,emptyanswer,emptyanswer,emptyanswer,emptyanswer,emptyanswer,emptyanswer,emptyanswer,emptyanswer,emptyanswer,emptyanswer
39N6W9XWRCM6ILMSWSRLQLAHVNWGY3,3ZR9AIQJUB8WWUUHJLJDENFGN4G40H,AH3ER3EJXHRO2,Approved,Sat Mar 14 17:14:12 EDT 2015,Sat Mar 14 17:14:43 EDT 2015,graphical models,online solutions,interactive POMDPs,Markov decision processes,graphical models,emptyanswer,emptyanswer,emptyanswer,emptyanswer,emptyanswer,emptyanswer,emptyanswer,emptyanswer,emptyanswer,emptyanswer,emptyanswer
39N6W9XWRCM6ILMSWSRLQLAHVNWGY3,3RU7GD8VPOSIMW0CQ7ULRRWU9SVPSG,AWFQ7OX0UPSM5,Approved,Sat Mar 14 17:22:36 EDT 2015,Sat Mar 14 17:23:29 EDT 2015,Graphical Models,Online Solutions to Interactive POMDPs,interactive partially observable Markov decision processes (I-POMDPs),interactive dynamic influence diagrams (I-DIDs),real-world problems,emptyanswer,emptyanswer,emptyanswer,emptyanswer,emptyanswer,emptyanswer,emptyanswer,emptyanswer,emptyanswer,emptyanswer,emptyanswer
39N6W9XWRCM6ILMSWSRLQLAHVNWGY3,36U2A8VAG1YE7RF5CLH2DWYWW3LYK2,A1HDFKT3ZGK25P,Approved,Sat Mar 14 17:37:47 EDT 2015,Sat Mar 14 17:39:11 EDT 2015,Online Solutions,Interactive POMDPs,Graphical Models,interactive partially observable Markov decision processes (I-POMDPs),model structure,chance and decision variables,dependencies between variables,emptyanswer,emptyanswer,emptyanswer,emptyanswer,emptyanswer,emptyanswer,emptyanswer,emptyanswer,emptyanswer
39N6W9XWRCM6ILMSWSRLQLAHVNWGY3,3ZR9AIQJUB8WWUUHJLJDENFGN5M40P,A1BV5YY1UQCMZY,Approved,Sat Mar 14 19:48:30 EDT 2015,Sat Mar 14 19:49:09 EDT 2015,graphical models,online solutions,interactive pomdps,i-dids,multiagent settings,real world problems,emptyanswer,emptyanswer,emptyanswer,emptyanswer,emptyanswer,emptyanswer,emptyanswer,emptyanswer,emptyanswer,emptyanswer
39N6W9XWRCM6ILMSWSRLQLAHVNWGY3,31N2WW6R9RP2B2Q3MPXF7PAEF7GF3K,A1G94QON7A9K0N,Approved,Sat Mar 14 20:06:42 EDT 2015,Sat Mar 14 20:07:09 EDT 2015,pomdps,i-dids,generalize,policy,demonstrate,emptyanswer,emptyanswer,emptyanswer,emptyanswer,emptyanswer,emptyanswer,emptyanswer,emptyanswer,emptyanswer,emptyanswer,emptyanswer
39N6W9XWRCM6ILMSWSRLQLAHVNWGY3,3OS46CRSLFYQ4IZB560HWEPKDS76V6,A3LV5FJGIHFQ94,Approved,Sat Mar 14 20:13:03 EDT 2015,Sat Mar 14 20:18:39 EDT 2015,graphic,representation,I-POMDPs,I-DIDs,structure,real-world,variables,multiagent,interacting,agents,emptyanswer,emptyanswer,emptyanswer,emptyanswer,emptyanswer,emptyanswer
39N6W9XWRCM6ILMSWSRLQLAHVNWGY3,3PS7W85Z8Z1Y99XKYI3EF6S16809T5,A17JEL4FN1B9TB,Approved,Sat Mar 14 20:22:26 EDT 2015,Sat Mar 14 20:23:15 EDT 2015,Graphical,Models,Online,Solutions,Interactive,POMDP,emptyanswer,emptyanswer,emptyanswer,emptyanswer,emptyanswer,emptyanswer,emptyanswer,emptyanswer,emptyanswer,emptyanswer
39N6W9XWRCM6ILMSWSRLQLAHVNWGY3,39O5D9O87TRV8Q6TVN7EZJPBIURC39,A3MRB8TFD1IUS6,Approved,Sat Mar 14 20:38:48 EDT 2015,Sat Mar 14 20:40:42 EDT 2015,Graphical Models,Online Solutions,Interactive POMDPs,Markov decision processes,interactive dynamic influence diagrams,emptyanswer,emptyanswer,emptyanswer,emptyanswer,emptyanswer,emptyanswer,emptyanswer,emptyanswer,emptyanswer,emptyanswer,emptyanswer
39N6W9XWRCM6ILMSWSRLQLAHVNWGY3,3STRJBFXOWQIQ5GB2FU35F6HH2FTKM,ACVJ6IUO9QM4R,Approved,Sat Mar 14 20:49:26 EDT 2015,Sat Mar 14 20:51:21 EDT 2015,I-POMDPs technology,new graphical representation,multiagent settings,interactive dynamic influence diagrams (I-DIDs),Markov decision processes (I-POMDPs),emptyanswer,emptyanswer,emptyanswer,emptyanswer,emptyanswer,emptyanswer,emptyanswer,emptyanswer,emptyanswer,emptyanswer,emptyanswer
39N6W9XWRCM6ILMSWSRLQLAHVNWGY3,3W8CV64QJ2Y8406PYOMP1NPDVE8H96,A29ZV4XJB7R1O,Approved,Sat Mar 14 20:52:03 EDT 2015,Sat Mar 14 21:10:15 EDT 2015,Graphical,Models,Online,Solutions,POMDPs,emptyanswer,emptyanswer,emptyanswer,emptyanswer,emptyanswer,emptyanswer,emptyanswer,emptyanswer,emptyanswer,emptyanswer,emptyanswer
39N6W9XWRCM6ILMSWSRLQLAHVNWGY3,3RJSC4XJ10TESDYHXQ2NJFLUN1T052,A9VLWY4KW6OCB,Approved,Sat Mar 14 21:30:25 EDT 2015,Sat Mar 14 21:57:13 EDT 2015,Graphical,Models,POMDPs,Interactive,Solutions,emptyanswer,emptyanswer,emptyanswer,emptyanswer,emptyanswer,emptyanswer,emptyanswer,emptyanswer,emptyanswer,emptyanswer,emptyanswer
39N6W9XWRCM6ILMSWSRLQLAHVNWGY3,3IRIK4HM3AJU59TBEP5C6M1VSL6C6S,ATOMPVWZKAE0E,Approved,Sun Mar 15 00:26:46 EDT 2015,Sun Mar 15 00:28:16 EDT 2015,Graphical Model,interactive partially observable Markov decision processes (I-POMDPs),interactive dynamic influence diagrams (I-DIDs),chance and decision variables,multiagent setting,emptyanswer,emptyanswer,emptyanswer,emptyanswer,emptyanswer,emptyanswer,emptyanswer,emptyanswer,emptyanswer,emptyanswer,emptyanswer
