HitId,AssignmentId,WorkerId,Status,AcceptTime,SubmitTime,Answer 1,Answer 2,Answer 3,Answer 4,Answer 5,Answer 6,Answer 7,Answer 8,Answer 9,Answer 10,Answer 11,Answer 12,Answer 13,Answer 14,Answer 15,Answer 16
3ACRLU860MDCLZXQG5NDI7R4XYZEB5,30BXRYBRP4WJGWJXRZWHF7XOSLOHW2,A22R7DT2XQIKXV,Approved,Mon Mar 02 14:12:04 EST 2015,Mon Mar 02 14:13:10 EST 2015,aa,aa,aa,aa,aa,emptyanswer,emptyanswer,emptyanswer,emptyanswer,emptyanswer,emptyanswer,emptyanswer,emptyanswer,emptyanswer,emptyanswer,emptyanswer
3ACRLU860MDCLZXQG5NDI7R4XYZEB5,3FDJT1UU747G535L1JC52Z0305R5KG,A3ODG942FG22PJ,Approved,Mon Mar 02 15:32:15 EST 2015,Mon Mar 02 15:32:52 EST 2015,Randomized,Shapley Value,Voting Game,coalition,P-complete,NA,NA,NA,NA,NA,NA,NA,NA,NA,NA,NA
3ACRLU860MDCLZXQG5NDI7R4XYZEB5,3BWI6RSP7G8S67RUTQGZ2O1U7EA7EX,A2R085B34P2LYS,Approved,Mon Mar 02 21:53:50 EST 2015,Mon Mar 02 21:58:29 EST 2015,Randomized,Method,Shapley,Value,Voting,optional,optional,optional,optional,optional,optional,optional,optional,optional,optional,optional
3ACRLU860MDCLZXQG5NDI7R4XYZEB5,3FE2ERCCZX73O48JJQDC7MMTBAPPOT,A26M2B8NZVKWTZ,Approved,Mon Mar 02 23:05:16 EST 2015,Mon Mar 02 23:06:36 EST 2015,Demonstration,Demonstration,Demonstration,Demonstration,Demonstration,emptyanswer,emptyanswer,emptyanswer,emptyanswer,emptyanswer,emptyanswer,emptyanswer,emptyanswer,emptyanswer,emptyanswer,emptyanswer
3ACRLU860MDCLZXQG5NDI7R4XYZEB5,3U4J9857OEAUZ4FAJZE91GV94IP7BR,A1B5NXRZQYRC4R,Approved,Tue Mar 03 09:19:15 EST 2015,Tue Mar 03 09:20:23 EST 2015,randomized,method,shapley,value,voting game,emptyanswer,emptyanswer,emptyanswer,emptyanswer,emptyanswer,emptyanswer,emptyanswer,emptyanswer,emptyanswer,emptyanswer,emptyanswer
3ACRLU860MDCLZXQG5NDI7R4XYZEB5,3FPRZHYEPY6R7ZCTM42JPBD028KV3H,A27I79P03I0ZPO,Approved,Tue Mar 03 09:39:30 EST 2015,Tue Mar 03 09:40:33 EST 2015,Randomized,Method,Shapley,Value,Game,emptyanswer,emptyanswer,emptyanswer,emptyanswer,emptyanswer,emptyanswer,emptyanswer,emptyanswer,emptyanswer,emptyanswer,emptyanswer
3ACRLU860MDCLZXQG5NDI7R4XYZEB5,3S3AMIZX3U4TQI8QOCDQCSBN8GYCD6,A3LUJSAN4DQ1ZT,Approved,Wed Mar 04 10:16:14 EST 2015,Wed Mar 04 10:17:24 EST 2015,Randomized,Shapely,Voting games,#P-complete,Empirical studies,emptyanswer,emptyanswer,emptyanswer,emptyanswer,emptyanswer,emptyanswer,emptyanswer,emptyanswer,emptyanswer,emptyanswer,emptyanswer
3ACRLU860MDCLZXQG5NDI7R4XYZEB5,39GAF6DQWRZVXWYEZ0O01IY34QBV1Y,A38VMTKS30TQZB,Approved,Wed Mar 04 10:43:49 EST 2015,Wed Mar 04 10:44:41 EST 2015,Shapley,Voting,Randomized,coalition,game,emptyanswer,emptyanswer,emptyanswer,emptyanswer,emptyanswer,emptyanswer,emptyanswer,emptyanswer,emptyanswer,emptyanswer,emptyanswer
3ACRLU860MDCLZXQG5NDI7R4XYZEB5,33NF62TLXJ1OC2K6QLGZ39J8I95KJ6,A3FFZN4FO3Q789,Approved,Wed Mar 04 10:38:02 EST 2015,Wed Mar 04 10:52:36 EST 2015,networks,networks,networks,networks,networks,emptyanswer,emptyanswer,emptyanswer,emptyanswer,emptyanswer,emptyanswer,emptyanswer,emptyanswer,emptyanswer,emptyanswer,emptyanswer
3ACRLU860MDCLZXQG5NDI7R4XYZEB5,3VW6495TLJZ9RW4MG0ITM4D7TSQYYC,A3S81UFDOWF2ST,Approved,Wed Mar 04 11:23:47 EST 2015,Wed Mar 04 11:25:14 EST 2015,Voting Game,Randomized Method for the Shapley Value,Coalition games,polynomial time,computationally tractable,emptyanswer,emptyanswer,emptyanswer,emptyanswer,emptyanswer,emptyanswer,emptyanswer,emptyanswer,emptyanswer,emptyanswer,emptyanswer
3ACRLU860MDCLZXQG5NDI7R4XYZEB5,3WZ36BJEV3FHX2CHW2HA6CNRTHQTB3,A3H35QRODK1C4K,Approved,Wed Mar 04 11:13:20 EST 2015,Wed Mar 04 11:31:15 EST 2015,randomized,method,shapley,value,game,emptyanswer,emptyanswer,emptyanswer,emptyanswer,emptyanswer,emptyanswer,emptyanswer,emptyanswer,emptyanswer,emptyanswer,emptyanswer
3ACRLU860MDCLZXQG5NDI7R4XYZEB5,358010RM5ES3NXJ76T97WR2495YXV0,A17JEL4FN1B9TB,Approved,Wed Mar 04 12:23:04 EST 2015,Wed Mar 04 12:24:46 EST 2015,Randomized,Method,Shapley,Value,Voting,Game,emptyanswer,emptyanswer,emptyanswer,emptyanswer,emptyanswer,emptyanswer,emptyanswer,emptyanswer,emptyanswer,emptyanswer
3ACRLU860MDCLZXQG5NDI7R4XYZEB5,3B1NLC6UGZVFWRRLV7042DDRKSBPGR,A2F6ZON8X5EAGL,Approved,Wed Mar 04 14:49:05 EST 2015,Wed Mar 04 14:49:40 EST 2015,A Randomized Method for the Shapley Value for the Voting Game,shapley,solution,tractable,complexity,emptyanswer,emptyanswer,emptyanswer,emptyanswer,emptyanswer,emptyanswer,emptyanswer,emptyanswer,emptyanswer,emptyanswer,emptyanswer
3ACRLU860MDCLZXQG5NDI7R4XYZEB5,3ZPPDN2SLVVWKQFN8NEJGKS029HE99,A1YLO4LT02D2F0,Approved,Wed Mar 04 23:35:01 EST 2015,Wed Mar 04 23:36:08 EST 2015,The Shapley value is one of the key solution concepts for coalition games,advantage is that it provides a unique and fair solution,"its main problem is that, for many coalition games",there are some specific voting games,The time complexity of this method is linear in the number of players,emptyanswer,emptyanswer,emptyanswer,emptyanswer,emptyanswer,emptyanswer,emptyanswer,emptyanswer,emptyanswer,emptyanswer,emptyanswer
3ACRLU860MDCLZXQG5NDI7R4XYZEB5,333U7HK6I9EGYWEWY4UCZWOIY33JDT,A3I10J1GPDAPQR,Approved,Thu Mar 05 09:58:08 EST 2015,Thu Mar 05 09:59:30 EST 2015,Randomized Method,Shapley Value,Voting Game,#P-complete,problem of computational complexity,emptyanswer,emptyanswer,emptyanswer,emptyanswer,emptyanswer,emptyanswer,emptyanswer,emptyanswer,emptyanswer,emptyanswer,emptyanswer
3ACRLU860MDCLZXQG5NDI7R4XYZEB5,3OLF68YTN902VNPOV4CPUXOKKTTAFJ,A1QUDNLO95AKS5,Approved,Thu Mar 05 11:29:41 EST 2015,Thu Mar 05 11:30:10 EST 2015,Randomized Method,Shapley Value,Voting Game,general voting games,number of players.,emptyanswer,emptyanswer,emptyanswer,emptyanswer,emptyanswer,emptyanswer,emptyanswer,emptyanswer,emptyanswer,emptyanswer,emptyanswer
3ACRLU860MDCLZXQG5NDI7R4XYZEB5,3ERMJ6L4DYRQIVJ7AO4IFW63GM8M7K,A3DHYTZ1GPN0T8,Approved,Thu Mar 05 13:08:11 EST 2015,Thu Mar 05 13:08:59 EST 2015,Shapley value,polynomial time,complexity,unique,tractable,emptyanswer,emptyanswer,emptyanswer,emptyanswer,emptyanswer,emptyanswer,emptyanswer,emptyanswer,emptyanswer,emptyanswer,emptyanswer
3ACRLU860MDCLZXQG5NDI7R4XYZEB5,3FFJ6VRIL1NQ41TW4ALH8OPZR0Y0I0,A1W7BQWWGKJ3XF,Approved,Thu Mar 05 16:03:15 EST 2015,Thu Mar 05 16:03:51 EST 2015,Randomized,Shapley Value,Voting Game,solution concepts,time complexity,randomized,emptyanswer,emptyanswer,emptyanswer,emptyanswer,emptyanswer,emptyanswer,emptyanswer,emptyanswer,emptyanswer,emptyanswer
3ACRLU860MDCLZXQG5NDI7R4XYZEB5,3P1L2B7AD1ODXJTLRYK5Q5D967AOLU,ADUJUZANFOWKW,Approved,Thu Mar 05 16:29:09 EST 2015,Thu Mar 05 16:29:32 EST 2015,game,method,value,solutions,method,emptyanswer,emptyanswer,emptyanswer,emptyanswer,emptyanswer,emptyanswer,emptyanswer,emptyanswer,emptyanswer,emptyanswer,emptyanswer
3ACRLU860MDCLZXQG5NDI7R4XYZEB5,3Y54SXRO1LKWT1LNWTY5B2FFI81TU0,A156E6TWVB7GP7,Approved,Fri Mar 06 00:51:21 EST 2015,Fri Mar 06 00:53:12 EST 2015,Shapley value,coalition games,number of players,empirical studies,less than 20%,emptyanswer,emptyanswer,emptyanswer,emptyanswer,emptyanswer,emptyanswer,emptyanswer,emptyanswer,emptyanswer,emptyanswer,emptyanswer
3ACRLU860MDCLZXQG5NDI7R4XYZEB5,3G5W44VEU7HEL0U5IFVW6WRSQO6GKU,A9LA6QK6VCERR,Approved,Fri Mar 06 01:58:51 EST 2015,Fri Mar 06 02:00:11 EST 2015,Shapley Value,Voting Game,key solution concepts for coalition games,#P-complete,computational complexity,emptyanswer,emptyanswer,emptyanswer,emptyanswer,emptyanswer,emptyanswer,emptyanswer,emptyanswer,emptyanswer,emptyanswer,emptyanswer
3ACRLU860MDCLZXQG5NDI7R4XYZEB5,3KV0LJBBH2K00E3MJ22OKDX3H23RMX,A3HPVFAF1U9WXK,Approved,Fri Mar 06 05:55:13 EST 2015,Fri Mar 06 05:59:59 EST 2015,Shapley Value,Voting Game,randomized method,coalition games,computational complexity,emptyanswer,emptyanswer,emptyanswer,emptyanswer,emptyanswer,emptyanswer,emptyanswer,emptyanswer,emptyanswer,emptyanswer,emptyanswer
3ACRLU860MDCLZXQG5NDI7R4XYZEB5,3VW04L3ZLT5VRMO268APKCZPPOAXXN,AQXSUU4I4DAH8,Approved,Fri Mar 06 11:01:33 EST 2015,Fri Mar 06 11:02:14 EST 2015,Voting Game,unique and fair solution,Randomized Method for the Shapley Value,computationally tractable,complexity,emptyanswer,emptyanswer,emptyanswer,emptyanswer,emptyanswer,emptyanswer,emptyanswer,emptyanswer,emptyanswer,emptyanswer,emptyanswer
3ACRLU860MDCLZXQG5NDI7R4XYZEB5,3DPNQGW4LLERA5GWLAZUNOP7ZQK643,A2KELEVTA0306Y,Approved,Fri Mar 06 12:47:11 EST 2015,Fri Mar 06 12:50:36 EST 2015,Shapley,value,key,solution,concepts,coalition,advantage,unique,problem,computationally,overcome,tractable,general,voting,games,overcome
3ACRLU860MDCLZXQG5NDI7R4XYZEB5,3U84XHCDICCTYF07NFW5KMI24US4Z3,A1A7P5LC80G47W,Approved,Fri Mar 06 14:57:09 EST 2015,Fri Mar 06 14:58:57 EST 2015,shapley value,voting game,coalition games,overcome computational complexity,new randomized method,emptyanswer,emptyanswer,emptyanswer,emptyanswer,emptyanswer,emptyanswer,emptyanswer,emptyanswer,emptyanswer,emptyanswer,emptyanswer
3ACRLU860MDCLZXQG5NDI7R4XYZEB5,3TY7ZAOG5FJHAWJK4D6TL44CJ920K0,A2SDTL2V8VJ25O,Approved,Fri Mar 06 16:07:24 EST 2015,Fri Mar 06 16:08:06 EST 2015,Method,Value,Voting,solution,complexity,emptyanswer,emptyanswer,emptyanswer,emptyanswer,emptyanswer,emptyanswer,emptyanswer,emptyanswer,emptyanswer,emptyanswer,emptyanswer
3ACRLU860MDCLZXQG5NDI7R4XYZEB5,384PI804XS0FYFWS9MFVCQVM04Z0S3,A3G4SXD4N30C3L,Approved,Fri Mar 06 20:10:29 EST 2015,Fri Mar 06 20:11:30 EST 2015,Randomized Method,Shapley Value,Voting Game,coalition games,#P-complete,computationally tractable,problem of computational complexity,emptyanswer,emptyanswer,emptyanswer,emptyanswer,emptyanswer,emptyanswer,emptyanswer,emptyanswer,emptyanswer
3ACRLU860MDCLZXQG5NDI7R4XYZEB5,3HRMW88U16PC0KJNPPJ90HWG8GKM0I,A3EOFHEPL3L07Y,Approved,Sat Mar 07 05:55:10 EST 2015,Sat Mar 07 05:59:20 EST 2015,shapley value,voting game,Random method for the shapley value,coalition games,key solution concepts for coalition games,emptyanswer,emptyanswer,emptyanswer,emptyanswer,emptyanswer,emptyanswer,emptyanswer,emptyanswer,emptyanswer,emptyanswer,emptyanswer
3ACRLU860MDCLZXQG5NDI7R4XYZEB5,3EA3QWIZ4IURKAQN2C9RSZR4OI5TIT,ADVZAZ12Z8N9J,Approved,Sat Mar 07 09:52:50 EST 2015,Sat Mar 07 10:04:00 EST 2015,The Shapley value is one of the key solution concepts for coalition games.,"Its main advantage is that it provides a unique and fair solution, but its main problem is that, for many coalition games, the Shapley value cannot be determined in polynomial time.","In particular, the problem of finding this value for the voting game is known to be #P-complete in the general case.","However, in this paper, we show that there are some specific voting games for which the problem is computationally tractable.","For other general voting games, we overcome the problem of computational complexity by presenting a new randomized method for determining the approximate Shapley value.",emptyanswer,emptyanswer,emptyanswer,emptyanswer,emptyanswer,emptyanswer,emptyanswer,emptyanswer,emptyanswer,emptyanswer,emptyanswer
3ACRLU860MDCLZXQG5NDI7R4XYZEB5,34S9DKFK73OFFX089Y9I5OF0PJJNYU,A2GBY8O6GYSB89,Approved,Sat Mar 07 11:04:22 EST 2015,Sat Mar 07 11:05:45 EST 2015,Randomized Method,Shapley Value for the Voting Game,coalition games,polynomial time,determining the approximate Shapley value,emptyanswer,emptyanswer,emptyanswer,emptyanswer,emptyanswer,emptyanswer,emptyanswer,emptyanswer,emptyanswer,emptyanswer,emptyanswer
3ACRLU860MDCLZXQG5NDI7R4XYZEB5,374TNBHA8BU0IUD0PQ1Z9IA5UUEYQ0,A37WDQ1VG5XN6Z,Approved,Sat Mar 07 13:39:57 EST 2015,Sat Mar 07 13:40:05 EST 2015,nothing,nothing,nothing,nothing,nothing,emptyanswer,emptyanswer,emptyanswer,emptyanswer,emptyanswer,emptyanswer,emptyanswer,emptyanswer,emptyanswer,emptyanswer,emptyanswer
3ACRLU860MDCLZXQG5NDI7R4XYZEB5,3A4TN5196KHA2YDSA8WG3DQL0KYHCF,A10443E11ZWEHJ,Approved,Sat Mar 07 23:06:17 EST 2015,Sat Mar 07 23:21:20 EST 2015,The Shapley value is one of the key solution concepts for coalition games,main advantage,"many coalition games, the Shapley value cannot be determined i","general voting games, we overcome the problem of computational complexity","unique and fair solution,",main problem,specific voting games for which the problem is computationally tractable. Fo,The time complexity,"empirical studies,",key solution,"hat the percentage error for the proposed method is always less than 20% and, in most cases, less than 5%.",is known to be #P-complete,complexity,"fair solution,",tractable,randomized
3ACRLU860MDCLZXQG5NDI7R4XYZEB5,3ZPPDN2SLVVWKQFN8NEJGKS02J59EC,A38IE69ORDCEGY,Approved,Sat Mar 07 23:40:03 EST 2015,Sat Mar 07 23:41:36 EST 2015,The Shapley value,coalition games,Voting game,computationally tractable,randomization,emptyanswer,emptyanswer,emptyanswer,emptyanswer,emptyanswer,emptyanswer,emptyanswer,emptyanswer,emptyanswer,emptyanswer,emptyanswer
3ACRLU860MDCLZXQG5NDI7R4XYZEB5,3634BBTX0OTH158M7S42BVC3XBPIF6,A1JWEYGDFDB100,Approved,Sun Mar 08 09:40:27 EDT 2015,Sun Mar 08 09:41:27 EDT 2015,Randomized Method,Shapley Value,Voting Game,coalition games,polynomial time,emptyanswer,emptyanswer,emptyanswer,emptyanswer,emptyanswer,emptyanswer,emptyanswer,emptyanswer,emptyanswer,emptyanswer,emptyanswer
3ACRLU860MDCLZXQG5NDI7R4XYZEB5,3OVR4I9USPIKKNZG0JDSTT6YZV64QG,A156NFBMKKLDL9,Approved,Sun Mar 08 14:56:36 EDT 2015,Sun Mar 08 14:57:25 EDT 2015,Randomized Method,Shapley Value,Voting Game,polynomial time,computational complexity,emptyanswer,emptyanswer,emptyanswer,emptyanswer,emptyanswer,emptyanswer,emptyanswer,emptyanswer,emptyanswer,emptyanswer,emptyanswer
3ACRLU860MDCLZXQG5NDI7R4XYZEB5,3YHH42UU5BESU212PDIU04HR8FN0LV,A2SZAM3EZER2PH,Approved,Mon Mar 09 07:53:20 EDT 2015,Mon Mar 09 07:54:40 EDT 2015,Shapley value,unique and fair solution,voting games,approximate Shapley value,empirical studies,emptyanswer,emptyanswer,emptyanswer,emptyanswer,emptyanswer,emptyanswer,emptyanswer,emptyanswer,emptyanswer,emptyanswer,emptyanswer
3ACRLU860MDCLZXQG5NDI7R4XYZEB5,3CFJTT4SXTP4MCTGP96QN3ZMZPII7I,ACYGMRGAZ22U7,Approved,Mon Mar 09 17:56:56 EDT 2015,Mon Mar 09 17:57:03 EDT 2015,Keyword/Keyphrase 1:,Keyword/Keyphrase 1:,Keyword/Keyphrase 1:,Keyword/Keyphrase 1:,Keyword/Keyphrase 1:,emptyanswer,emptyanswer,emptyanswer,emptyanswer,emptyanswer,emptyanswer,emptyanswer,emptyanswer,emptyanswer,emptyanswer,emptyanswer
3ACRLU860MDCLZXQG5NDI7R4XYZEB5,3BGYGHDBBXJTPQI8UU434WBXZD422G,A2E2IQ99W6B7AV,Approved,Mon Mar 09 19:48:41 EDT 2015,Mon Mar 09 19:49:39 EDT 2015,Voting game,Solution concept,Computer tracibility,Complexity,Shapley value,emptyanswer,emptyanswer,emptyanswer,emptyanswer,emptyanswer,emptyanswer,emptyanswer,emptyanswer,emptyanswer,emptyanswer,emptyanswer
3ACRLU860MDCLZXQG5NDI7R4XYZEB5,3KKG4CDWKIXESOIUJH267YG9PYB499,APEB5ERGCYP6D,Approved,Tue Mar 10 03:01:19 EDT 2015,Tue Mar 10 03:17:10 EDT 2015,Shapley value is one of the key solution,provides a unique and fair solution,the percentage error for the proposed method is always less than 20%,proposed method is always less than 20%,complexity by presenting a new randomized method,emptyanswer,emptyanswer,emptyanswer,emptyanswer,emptyanswer,emptyanswer,emptyanswer,emptyanswer,emptyanswer,emptyanswer,emptyanswer
3ACRLU860MDCLZXQG5NDI7R4XYZEB5,3WEV0KO0OMR9XZXMLY3QRXF5U0KSDE,AW36CVMS3526O,Approved,Tue Mar 10 14:04:55 EDT 2015,Tue Mar 10 14:05:51 EDT 2015,Voting,Shapley,coalition,percentage,cases,emptyanswer,emptyanswer,emptyanswer,emptyanswer,emptyanswer,emptyanswer,emptyanswer,emptyanswer,emptyanswer,emptyanswer,emptyanswer
3ACRLU860MDCLZXQG5NDI7R4XYZEB5,33F859I566CRSTLMW80LSTK3I40BHE,A9HQ3E0F2AGVO,Approved,Tue Mar 10 17:32:43 EDT 2015,Tue Mar 10 17:33:33 EDT 2015,The Shapley value,coalition games,polynomial time,randomized,computational complexity,emptyanswer,emptyanswer,emptyanswer,emptyanswer,emptyanswer,emptyanswer,emptyanswer,emptyanswer,emptyanswer,emptyanswer,emptyanswer
3ACRLU860MDCLZXQG5NDI7R4XYZEB5,3WYGZ5XF3WEHB53WDFPDVAAVEACSKO,A3UY2GVCKC8LSL,Approved,Tue Mar 10 23:30:47 EDT 2015,Tue Mar 10 23:31:30 EDT 2015,polynomial time,coalition games,solution concepts,Shapley value,#P-complete,emptyanswer,emptyanswer,emptyanswer,emptyanswer,emptyanswer,emptyanswer,emptyanswer,emptyanswer,emptyanswer,emptyanswer,emptyanswer
3ACRLU860MDCLZXQG5NDI7R4XYZEB5,32RIADZISS3WX3ETSN2XOTLZHOY4SM,A3K6BSW10S4YKJ,Approved,Wed Mar 11 03:26:46 EDT 2015,Wed Mar 11 03:27:34 EDT 2015,The Shapley value,coalition games,it provides a unique and fair solution,cannot be determined in polynomial time,#P-complete,emptyanswer,emptyanswer,emptyanswer,emptyanswer,emptyanswer,emptyanswer,emptyanswer,emptyanswer,emptyanswer,emptyanswer,emptyanswer
3ACRLU860MDCLZXQG5NDI7R4XYZEB5,3LQ8PUHQFLR1F1ZS2IS2EGOGDVKHIV,ATRHDYWCIYTDJ,Approved,Wed Mar 11 04:45:08 EDT 2015,Wed Mar 11 04:45:23 EDT 2015,Shapley,solution,advantage,unique,percentage,emptyanswer,emptyanswer,emptyanswer,emptyanswer,emptyanswer,emptyanswer,emptyanswer,emptyanswer,emptyanswer,emptyanswer,emptyanswer
3ACRLU860MDCLZXQG5NDI7R4XYZEB5,3YMU66OBIN7NJATXCUSZT4B0YJZGHB,A3CMDYA9USA3MR,Approved,Wed Mar 11 07:28:55 EDT 2015,Wed Mar 11 07:29:07 EDT 2015,Shapley,concepts,advantage,provides,percentage,emptyanswer,emptyanswer,emptyanswer,emptyanswer,emptyanswer,emptyanswer,emptyanswer,emptyanswer,emptyanswer,emptyanswer,emptyanswer
3ACRLU860MDCLZXQG5NDI7R4XYZEB5,33JKGHPFYCTFLGBUQVL7BTSTHICMNT,A2KS418T8MPLJH,Approved,Thu Mar 12 11:22:28 EDT 2015,Thu Mar 12 11:23:42 EDT 2015,Randomized Method for the Shapley Value for the Voting Game,Shapley value is one of the key solution concepts for coalition games,Shapley value cannot be determined in polynomial time,overcome the problem of computational complexity by presenting a new randomized method,The time complexity of this method is linear in the number of players,emptyanswer,emptyanswer,emptyanswer,emptyanswer,emptyanswer,emptyanswer,emptyanswer,emptyanswer,emptyanswer,emptyanswer,emptyanswer
3ACRLU860MDCLZXQG5NDI7R4XYZEB5,3OVR4I9USPIKKNZG0JDSTT6Y02FQ4Q,AM1HY736BY3Z8,Approved,Thu Mar 12 12:16:25 EDT 2015,Thu Mar 12 12:17:14 EDT 2015,A Randomized Method for the Shapley Value for the Voting Game,The Shapley value is one of the key solution concepts for coalition games.,the Shapley value cannot be determined in polynomial time.,we show that there are some specific voting games for which the problem is computationally tractable.,The time complexity of this method is linear in the number of players.,emptyanswer,emptyanswer,emptyanswer,emptyanswer,emptyanswer,emptyanswer,emptyanswer,emptyanswer,emptyanswer,emptyanswer,emptyanswer
3ACRLU860MDCLZXQG5NDI7R4XYZEB5,32N49TQG3GHRRKBEVJHTCJR694RVA1,AL9R6CILUG30X,Approved,Thu Mar 12 12:43:53 EDT 2015,Thu Mar 12 12:46:14 EDT 2015,Voting Game,Shapley Value,Coalition games,computational complexity in gaming,polynomial time,emptyanswer,emptyanswer,emptyanswer,emptyanswer,emptyanswer,emptyanswer,emptyanswer,emptyanswer,emptyanswer,emptyanswer,emptyanswer
3ACRLU860MDCLZXQG5NDI7R4XYZEB5,3QFUFYSY9YENTY97M32YHU2KT0A4FE,AU3WQKISBW5MZ,Approved,Thu Mar 12 13:18:42 EDT 2015,Thu Mar 12 13:20:41 EDT 2015,The Shapley value is one of the key solution concepts for coalition games.,"Its main advantage is that it provides a unique and fair solution, but its main problem is that, for many coalition games","the Shapley value cannot be determined in polynomial time. In particular, the problem of finding this value","However, in this paper, we show that there are some specific voting games for which the problem is computationally tractable","For other general voting games, we overcome the problem of computational complexity by presenting a new randomized method",emptyanswer,emptyanswer,emptyanswer,emptyanswer,emptyanswer,emptyanswer,emptyanswer,emptyanswer,emptyanswer,emptyanswer,emptyanswer
3ACRLU860MDCLZXQG5NDI7R4XYZEB5,39LOEL67OS4TWNGGEBR9XXTSSZG831,A3DTN2OMF6DUSI,Approved,Fri Mar 13 22:58:49 EDT 2015,Fri Mar 13 22:59:07 EDT 2015,Randomized,Method,Shapley,Value,Voting,emptyanswer,emptyanswer,emptyanswer,emptyanswer,emptyanswer,emptyanswer,emptyanswer,emptyanswer,emptyanswer,emptyanswer,emptyanswer
3ACRLU860MDCLZXQG5NDI7R4XYZEB5,374TNBHA8BU0IUD0PQ1Z9IA5V8RQYY,A610SH5RY1NG1,Approved,Sat Mar 14 06:20:04 EDT 2015,Sat Mar 14 06:20:29 EDT 2015,randomized,shapley value,voting game,coalition game,players,emptyanswer,emptyanswer,emptyanswer,emptyanswer,emptyanswer,emptyanswer,emptyanswer,emptyanswer,emptyanswer,emptyanswer,emptyanswer
3ACRLU860MDCLZXQG5NDI7R4XYZEB5,3A0EX8ZRN8NDEOBB6849ETF698GBYX,A2Z9HR2IBD75R9,Approved,Sat Mar 14 10:00:02 EDT 2015,Sat Mar 14 10:00:29 EDT 2015,Randomized Method,Shapley Value,Voting Game,polynomial,players,emptyanswer,emptyanswer,emptyanswer,emptyanswer,emptyanswer,emptyanswer,emptyanswer,emptyanswer,emptyanswer,emptyanswer,emptyanswer
3ACRLU860MDCLZXQG5NDI7R4XYZEB5,3QAVNHZ3EM3OVFZKHFFNPAT4ICCALW,A2UNRV6PEOEXG0,Approved,Sat Mar 14 13:50:50 EDT 2015,Sat Mar 14 13:51:36 EDT 2015,Randomized method,Shapley Value,voting game,polynomial time,general voting games,coalition games,emptyanswer,emptyanswer,emptyanswer,emptyanswer,emptyanswer,emptyanswer,emptyanswer,emptyanswer,emptyanswer,emptyanswer
3ACRLU860MDCLZXQG5NDI7R4XYZEB5,3G5F9DBFOPW617JS1PRLT5EAM5BHV4,AWFQ7OX0UPSM5,Approved,Sat Mar 14 15:59:05 EDT 2015,Sat Mar 14 16:00:28 EDT 2015,Shapley value,Coalition games,polynomial time,voting games,new randomized method,emptyanswer,emptyanswer,emptyanswer,emptyanswer,emptyanswer,emptyanswer,emptyanswer,emptyanswer,emptyanswer,emptyanswer,emptyanswer
3ACRLU860MDCLZXQG5NDI7R4XYZEB5,3OE22WJIGINJ1LTVFP4A6X4SZL0UQQ,A1BV5YY1UQCMZY,Approved,Sat Mar 14 16:35:19 EDT 2015,Sat Mar 14 16:35:58 EDT 2015,shapley value,voting game,coalition games,randomized method,linear time complexity,emptyanswer,emptyanswer,emptyanswer,emptyanswer,emptyanswer,emptyanswer,emptyanswer,emptyanswer,emptyanswer,emptyanswer,emptyanswer
3ACRLU860MDCLZXQG5NDI7R4XYZEB5,3FTF2T8WLRHQ1Q1ETN8P2QZ0A189WJ,AH3ER3EJXHRO2,Approved,Sat Mar 14 17:01:52 EDT 2015,Sat Mar 14 17:02:11 EDT 2015,randomized,shapley value,voting game,coalition games,polynomial,emptyanswer,emptyanswer,emptyanswer,emptyanswer,emptyanswer,emptyanswer,emptyanswer,emptyanswer,emptyanswer,emptyanswer,emptyanswer
3ACRLU860MDCLZXQG5NDI7R4XYZEB5,3Z7VU45IPYGC6G3O0XD3MOBZTRQ1ZU,A1HDFKT3ZGK25P,Approved,Sat Mar 14 17:42:24 EDT 2015,Sat Mar 14 17:44:05 EDT 2015,Shapley Value,Randomized Method,polynomial time,voting game,computationally tractable,time complexity,linear,emptyanswer,emptyanswer,emptyanswer,emptyanswer,emptyanswer,emptyanswer,emptyanswer,emptyanswer,emptyanswer
3ACRLU860MDCLZXQG5NDI7R4XYZEB5,37KGEN7NJ3PL94KKYQQRWMRJM8TPP5,A2EEL9YYUHL5SK,Approved,Sat Mar 14 19:32:10 EDT 2015,Sat Mar 14 19:33:07 EDT 2015,Randomized Method for the Shapley Value,Voting Game,"coalition games,",polynomial time,computational complexity,emptyanswer,emptyanswer,emptyanswer,emptyanswer,emptyanswer,emptyanswer,emptyanswer,emptyanswer,emptyanswer,emptyanswer,emptyanswer
3ACRLU860MDCLZXQG5NDI7R4XYZEB5,3ERMJ6L4DYRQIVJ7AO4IFW63H9CM7Z,A29ZV4XJB7R1O,Approved,Sat Mar 14 19:48:55 EDT 2015,Sat Mar 14 19:49:55 EDT 2015,Shapley,Voting,Game,key solution,solutions,#P-complete,emptyanswer,emptyanswer,emptyanswer,emptyanswer,emptyanswer,emptyanswer,emptyanswer,emptyanswer,emptyanswer,emptyanswer
3ACRLU860MDCLZXQG5NDI7R4XYZEB5,3FUI0JHJPXX7VQAA2UWD6GLHCHC330,A3LV5FJGIHFQ94,Approved,Sat Mar 14 20:18:40 EDT 2015,Sat Mar 14 20:20:21 EDT 2015,Shapley,coalition,game,polynomial,time,computation,random,emptyanswer,emptyanswer,emptyanswer,emptyanswer,emptyanswer,emptyanswer,emptyanswer,emptyanswer,emptyanswer
3ACRLU860MDCLZXQG5NDI7R4XYZEB5,3OXV7EAXLEP6S9XSLWUBDJX1M8E639,A1G94QON7A9K0N,Approved,Sat Mar 14 20:20:06 EDT 2015,Sat Mar 14 20:20:29 EDT 2015,shapley,randomized,error,polynomial,time,emptyanswer,emptyanswer,emptyanswer,emptyanswer,emptyanswer,emptyanswer,emptyanswer,emptyanswer,emptyanswer,emptyanswer,emptyanswer
3ACRLU860MDCLZXQG5NDI7R4XYZEB5,3ZGVPD4G6TGDF0FX2GXDSUUULBVTZB,A9VLWY4KW6OCB,Approved,Sat Mar 14 21:12:20 EDT 2015,Sat Mar 14 21:21:52 EDT 2015,Method,Randomized,Shapley,Voting,Game,emptyanswer,emptyanswer,emptyanswer,emptyanswer,emptyanswer,emptyanswer,emptyanswer,emptyanswer,emptyanswer,emptyanswer,emptyanswer
3ACRLU860MDCLZXQG5NDI7R4XYZEB5,3WJEQKOXA81B58VGO5X45VKQK701AC,ACVJ6IUO9QM4R,Approved,Sat Mar 14 21:53:18 EDT 2015,Sat Mar 14 21:55:51 EDT 2015,The Shapley value,voting game,empirical studies,percentage error,coalition games,emptyanswer,emptyanswer,emptyanswer,emptyanswer,emptyanswer,emptyanswer,emptyanswer,emptyanswer,emptyanswer,emptyanswer,emptyanswer
3ACRLU860MDCLZXQG5NDI7R4XYZEB5,3FTOP5WARFNMZCD2MS6HKP4Z52RJ0A,AZE084MMZVEYT,Approved,Sun Mar 15 00:03:22 EDT 2015,Sun Mar 15 00:03:50 EDT 2015,Shapley,voting,games,studies,complexity,emptyanswer,emptyanswer,emptyanswer,emptyanswer,emptyanswer,emptyanswer,emptyanswer,emptyanswer,emptyanswer,emptyanswer,emptyanswer
3ACRLU860MDCLZXQG5NDI7R4XYZEB5,34Q075JO1XCF4VXYW30BGP8DBLT10Q,ATOMPVWZKAE0E,Approved,Sun Mar 15 00:21:34 EDT 2015,Sun Mar 15 00:22:53 EDT 2015,Shapley value,coalition game,Voting Game,randomized method,linear time complexity,emptyanswer,emptyanswer,emptyanswer,emptyanswer,emptyanswer,emptyanswer,emptyanswer,emptyanswer,emptyanswer,emptyanswer,emptyanswer
3ACRLU860MDCLZXQG5NDI7R4XYZEB5,3N4BPTXIO8RXQIV02KKDABSJ0GZUKR,A1YNGE7LM9TQHL,Approved,Sun Mar 15 01:40:45 EDT 2015,Sun Mar 15 01:42:09 EDT 2015,A Randomized Method for the Shapley Value for the Voting Game,The Shapley value is one of the key solution concepts for coalition games.,"Its main advantage is that it provides a unique and fair solution, but its main problem is that, for many coalition games, the Shapley value cannot be determined in polynomial time.","In particular, the problem of finding this value for the voting game is known to be #P-complete in the general case.","However, in this paper, we show that there are some specific voting games for which the problem is computationally tractable.","For other general voting games, we overcome the problem of computational complexity by presenting a new randomized method for determining the approximate Shapley value.",The time complexity of this method is linear in the number of players.,"We also show, through empirical studies, that the percentage error for the proposed method is always less than 20% and, in most cases, less than 5%.",emptyanswer,emptyanswer,emptyanswer,emptyanswer,emptyanswer,emptyanswer,emptyanswer,emptyanswer
3ACRLU860MDCLZXQG5NDI7R4XYZEB5,3QBD8R3Z21IHZBM0L6LO4OBYL8N4O0,A1GK9ZI7T30X9Z,Approved,Sun Mar 15 01:54:53 EDT 2015,Sun Mar 15 01:56:51 EDT 2015,Shapley Value,Randomized,Voting Game,coalition games,#P-complete,polynomial time,linear,emptyanswer,emptyanswer,emptyanswer,emptyanswer,emptyanswer,emptyanswer,emptyanswer,emptyanswer,emptyanswer
3ACRLU860MDCLZXQG5NDI7R4XYZEB5,304SM51WA33GI2Z272CKW7R5SP9BSC,AHAJG2TJ4P3G2,Approved,Sun Mar 15 02:29:09 EDT 2015,Sun Mar 15 02:30:47 EDT 2015,Shapley Value,Voting Game,coalition games,polynomial time,#P-complete,computationally tractable,emptyanswer,emptyanswer,emptyanswer,emptyanswer,emptyanswer,emptyanswer,emptyanswer,emptyanswer,emptyanswer,emptyanswer
3ACRLU860MDCLZXQG5NDI7R4XYZEB5,3DY4FPOOA1NJQ1XVXU3F79GG9F5RV9,A3UN57EC5AXY1Z,Approved,Sun Mar 15 02:47:20 EDT 2015,Sun Mar 15 02:47:58 EDT 2015,shapley value,coalition games,polynomial time,computationally tractable,computational complexity,empirical studies,emptyanswer,emptyanswer,emptyanswer,emptyanswer,emptyanswer,emptyanswer,emptyanswer,emptyanswer,emptyanswer,emptyanswer
