HitId,AssignmentId,WorkerId,Status,AcceptTime,SubmitTime,Answer 1,Answer 2,Answer 3,Answer 4,Answer 5,Answer 6,Answer 7,Answer 8,Answer 9,Answer 10,Answer 11,Answer 12,Answer 13,Answer 14,Answer 15,Answer 16
3AFT28WXLE18KYOLGTIQ96PVWQPOIS,3YDGXNSEOZTEEJZKEPWS72LY58X48K,AK81F0NOBFJS3,Approved,Mon Mar 02 13:09:44 EST 2015,Mon Mar 02 13:14:28 EST 2015,Mobile browser,Functionality,Thin-Client,System usability,Windows,emptyanswer,emptyanswer,emptyanswer,emptyanswer,emptyanswer,emptyanswer,emptyanswer,emptyanswer,emptyanswer,emptyanswer,emptyanswer
3AFT28WXLE18KYOLGTIQ96PVWQPOIS,3XIQGXAUMC71C7IBOV6RQDM1NKZX7A,A22R7DT2XQIKXV,Approved,Mon Mar 02 14:57:17 EST 2015,Mon Mar 02 14:57:24 EST 2015,aa,aa,aa,aa,aa,emptyanswer,emptyanswer,emptyanswer,emptyanswer,emptyanswer,emptyanswer,emptyanswer,emptyanswer,emptyanswer,emptyanswer,emptyanswer
3AFT28WXLE18KYOLGTIQ96PVWQPOIS,3LPW2N6LKT1U8ZAXVXG78M912WV5UJ,A3ODG942FG22PJ,Approved,Mon Mar 02 17:41:16 EST 2015,Mon Mar 02 17:41:34 EST 2015,pTHINC,Thin-Client,Architecture,Mobile,wireless,na,na,na,na,na,na,na,na,na,na,na
3AFT28WXLE18KYOLGTIQ96PVWQPOIS,3BV8HQ2ZZW06CUWDUB9L0RB7ROGA6U,A3FG9YWTFFK1AU,Approved,Mon Mar 02 18:21:24 EST 2015,Mon Mar 02 18:34:48 EST 2015,pTHINC,Thin-Client Architecture,Mobile Wireless,PDA thin-client solution,full-function web browsers,web browsing performance,video playback,emptyanswer,emptyanswer,emptyanswer,emptyanswer,emptyanswer,emptyanswer,emptyanswer,emptyanswer,emptyanswer
3AFT28WXLE18KYOLGTIQ96PVWQPOIS,3U84XHCDICCTYF07NFW5KMI24IQZ48,A1XRIEYLA7ZJ3B,Approved,Mon Mar 02 20:50:13 EST 2015,Mon Mar 02 20:56:35 EST 2015,Thin-Client Architecture,Mobile Wireless devices,leverages more powerful servers to run full-function,high-fidelity display and seamless mobility,portrait and landscape viewing modes,maximize available screen resolution,superior web browsing performance,emptyanswer,emptyanswer,emptyanswer,emptyanswer,emptyanswer,emptyanswer,emptyanswer,emptyanswer,emptyanswer
3AFT28WXLE18KYOLGTIQ96PVWQPOIS,351SEKWQS0G6Z4KH1174FOGZ2R4MDU,A26M2B8NZVKWTZ,Approved,Mon Mar 02 21:46:11 EST 2015,Mon Mar 02 21:47:15 EST 2015,pTHINC,Architecture,Mobile,Client,Wireless,emptyanswer,emptyanswer,emptyanswer,emptyanswer,emptyanswer,emptyanswer,emptyanswer,emptyanswer,emptyanswer,emptyanswer,emptyanswer
3AFT28WXLE18KYOLGTIQ96PVWQPOIS,3PJ71Z61R41X0PLBWZJ49096DVX91V,A2R085B34P2LYS,Approved,Mon Mar 02 22:53:02 EST 2015,Mon Mar 02 23:14:49 EST 2015,Thin-Client,Architecture,for,Mobile,Wireless,emptyanswer,emptyanswer,emptyanswer,emptyanswer,emptyanswer,emptyanswer,emptyanswer,emptyanswer,emptyanswer,emptyanswer,emptyanswer
3AFT28WXLE18KYOLGTIQ96PVWQPOIS,3BWI6RSP7G8S67RUTQGZ2O1U7FR7EG,A2YW509B0UMSEH,Approved,Tue Mar 03 05:25:54 EST 2015,Tue Mar 03 05:27:33 EST 2015,web,Mobile Wireless,Thin-Client Architecture,web browsers,pTHINC,emptyanswer,emptyanswer,emptyanswer,emptyanswer,emptyanswer,emptyanswer,emptyanswer,emptyanswer,emptyanswer,emptyanswer,emptyanswer
3AFT28WXLE18KYOLGTIQ96PVWQPOIS,35GCEFQ6I5N8GJH3N1RMAHQWQJI3ZH,A27I79P03I0ZPO,Approved,Tue Mar 03 06:54:31 EST 2015,Tue Mar 03 06:55:19 EST 2015,pTHINC,Thin-Client,Architecture,Mobile,Wireless,emptyanswer,emptyanswer,emptyanswer,emptyanswer,emptyanswer,emptyanswer,emptyanswer,emptyanswer,emptyanswer,emptyanswer,emptyanswer
3AFT28WXLE18KYOLGTIQ96PVWQPOIS,3Q5C1WP23M0EZ2JZT96NXK44R0251Q,A1B5NXRZQYRC4R,Approved,Tue Mar 03 09:06:33 EST 2015,Tue Mar 03 09:06:56 EST 2015,pthinc,thin-client,architecture,mobile,wireless,emptyanswer,emptyanswer,emptyanswer,emptyanswer,emptyanswer,emptyanswer,emptyanswer,emptyanswer,emptyanswer,emptyanswer,emptyanswer
3AFT28WXLE18KYOLGTIQ96PVWQPOIS,32EYX73OY08JDM8VS4TABNEXUFRRUS,A3S81UFDOWF2ST,Approved,Tue Mar 03 10:10:50 EST 2015,Tue Mar 03 10:23:19 EST 2015,Mobile wireless,pTHINC,More powerful servers,Thin-client solution,A broad range of different clients and screen sizes,emptyanswer,emptyanswer,emptyanswer,emptyanswer,emptyanswer,emptyanswer,emptyanswer,emptyanswer,emptyanswer,emptyanswer,emptyanswer
3AFT28WXLE18KYOLGTIQ96PVWQPOIS,31UV0MXWNQBPZ8FX1GRTPJLQ82II50,A1W7BQWWGKJ3XF,Approved,Tue Mar 03 11:03:56 EST 2015,Tue Mar 03 11:05:50 EST 2015,Thin-Client Architecture,Mobile Wireless,pTHINC,full-function,scaling,display,emptyanswer,emptyanswer,emptyanswer,emptyanswer,emptyanswer,emptyanswer,emptyanswer,emptyanswer,emptyanswer,emptyanswer
3AFT28WXLE18KYOLGTIQ96PVWQPOIS,3DPNQGW4LLERA5GWLAZUNOP7ZGA649,A9HQ3E0F2AGVO,Approved,Tue Mar 03 17:33:47 EST 2015,Tue Mar 03 17:38:49 EST 2015,pTHINC,full-function web browsers,simple screen updates,seamless mobility,Windows Mobile,emptyanswer,emptyanswer,emptyanswer,emptyanswer,emptyanswer,emptyanswer,emptyanswer,emptyanswer,emptyanswer,emptyanswer,emptyanswer
3AFT28WXLE18KYOLGTIQ96PVWQPOIS,3KAKFY4PGU1MLTSTNX30AMN6U8UI3H,A38VMTKS30TQZB,Approved,Wed Mar 04 10:40:15 EST 2015,Wed Mar 04 10:40:50 EST 2015,Thin-Client,Wireless,PDA,pTHINC,Mobile,emptyanswer,emptyanswer,emptyanswer,emptyanswer,emptyanswer,emptyanswer,emptyanswer,emptyanswer,emptyanswer,emptyanswer,emptyanswer
3AFT28WXLE18KYOLGTIQ96PVWQPOIS,30BXRYBRP4WJGWJXRZWHF7XOSOAHWU,A3FFZN4FO3Q789,Approved,Wed Mar 04 10:39:10 EST 2015,Wed Mar 04 10:53:37 EST 2015,and,and,and,and,and,emptyanswer,emptyanswer,emptyanswer,emptyanswer,emptyanswer,emptyanswer,emptyanswer,emptyanswer,emptyanswer,emptyanswer,emptyanswer
3AFT28WXLE18KYOLGTIQ96PVWQPOIS,30BUDKLTXDUDJ3DB5X1244NYGBJ5EQ,A3LUJSAN4DQ1ZT,Approved,Wed Mar 04 11:46:51 EST 2015,Wed Mar 04 11:47:16 EST 2015,pTHINC,thin-client,mobile,windows,PDA,emptyanswer,emptyanswer,emptyanswer,emptyanswer,emptyanswer,emptyanswer,emptyanswer,emptyanswer,emptyanswer,emptyanswer,emptyanswer
3AFT28WXLE18KYOLGTIQ96PVWQPOIS,3ZY8KE4ISJ2JE0IVKFEF2J6BC29QVU,A3H35QRODK1C4K,Approved,Wed Mar 04 11:52:42 EST 2015,Wed Mar 04 11:53:05 EST 2015,thin-client,architecture,mobile,wireless,browsing,emptyanswer,emptyanswer,emptyanswer,emptyanswer,emptyanswer,emptyanswer,emptyanswer,emptyanswer,emptyanswer,emptyanswer,emptyanswer
3AFT28WXLE18KYOLGTIQ96PVWQPOIS,35K3O9HUABC5L060B9EBQGEB55XEFI,A17JEL4FN1B9TB,Approved,Wed Mar 04 11:57:39 EST 2015,Wed Mar 04 11:59:51 EST 2015,pTHINC,Thin-Client,Architecture,Mobile,Wireless,PDA,screen,scaling,emptyanswer,emptyanswer,emptyanswer,emptyanswer,emptyanswer,emptyanswer,emptyanswer,emptyanswer
3AFT28WXLE18KYOLGTIQ96PVWQPOIS,3U8YCDAGXPF3LZHFHIQQHQGLI7D0QV,A2F6ZON8X5EAGL,Approved,Wed Mar 04 16:15:18 EST 2015,Wed Mar 04 16:15:44 EST 2015,pTHINC: A Thin-Client Architecture for Mobile Wireless,mobile,adequate,portrait,browsing,emptyanswer,emptyanswer,emptyanswer,emptyanswer,emptyanswer,emptyanswer,emptyanswer,emptyanswer,emptyanswer,emptyanswer,emptyanswer
3AFT28WXLE18KYOLGTIQ96PVWQPOIS,3LO69W1SU3CP56CN3F7XLW47FIPGLZ,A3OTLWGJFB65KD,Approved,Wed Mar 04 19:17:01 EST 2015,Wed Mar 04 19:17:06 EST 2015,nothing,nothing,nothing,nothing,nothing,emptyanswer,emptyanswer,emptyanswer,emptyanswer,emptyanswer,emptyanswer,emptyanswer,emptyanswer,emptyanswer,emptyanswer,emptyanswer
3AFT28WXLE18KYOLGTIQ96PVWQPOIS,3G5F9DBFOPW617JS1PRLT5EALH1HVH,A9LA6QK6VCERR,Approved,Thu Mar 05 00:57:36 EST 2015,Thu Mar 05 00:59:28 EST 2015,pTHINC,Thin-Client Architecture for Mobile Wireless,PDA thin-client solution,server-side screen scaling,local PDA web browsers,browser helper applications,emptyanswer,emptyanswer,emptyanswer,emptyanswer,emptyanswer,emptyanswer,emptyanswer,emptyanswer,emptyanswer,emptyanswer
3AFT28WXLE18KYOLGTIQ96PVWQPOIS,3VHHR074H3G6CD1MAC33FJREGG47LN,A3HPVFAF1U9WXK,Approved,Thu Mar 05 01:09:39 EST 2015,Thu Mar 05 01:10:16 EST 2015,Mobile,Wireless,Thin-Client Architecture,pTHINC,web,emptyanswer,emptyanswer,emptyanswer,emptyanswer,emptyanswer,emptyanswer,emptyanswer,emptyanswer,emptyanswer,emptyanswer,emptyanswer
3AFT28WXLE18KYOLGTIQ96PVWQPOIS,3YZ8UPK3VTLF7KJCA73FMSFBUIWUC5,A1YLO4LT02D2F0,Approved,Thu Mar 05 03:40:05 EST 2015,Thu Mar 05 03:41:09 EST 2015,web applications are gaining popularity,web browsers on these systems can be quite slow,often lack adequate functionality to access many web sites,broad range of different clients and screen sizes,including both portrait and landscape viewing modes,emptyanswer,emptyanswer,emptyanswer,emptyanswer,emptyanswer,emptyanswer,emptyanswer,emptyanswer,emptyanswer,emptyanswer,emptyanswer
3AFT28WXLE18KYOLGTIQ96PVWQPOIS,3PMBY0YE272HNSV9CW8OQWSXHYC9CL,A3I10J1GPDAPQR,Approved,Thu Mar 05 08:24:07 EST 2015,Thu Mar 05 08:24:58 EST 2015,pTHINC,Thin-Client Architecture,Mobile Wireless,PDA thin-client solution,superior web browsing performance,emptyanswer,emptyanswer,emptyanswer,emptyanswer,emptyanswer,emptyanswer,emptyanswer,emptyanswer,emptyanswer,emptyanswer,emptyanswer
3AFT28WXLE18KYOLGTIQ96PVWQPOIS,30LB5CDZNC9CZRI64E938JSPNC70Z2,A1QUDNLO95AKS5,Approved,Thu Mar 05 10:00:37 EST 2015,Thu Mar 05 10:01:03 EST 2015,pTHINC,Thin-Client Architecture,Mobile Wireless,PDAs,results,emptyanswer,emptyanswer,emptyanswer,emptyanswer,emptyanswer,emptyanswer,emptyanswer,emptyanswer,emptyanswer,emptyanswer,emptyanswer
3AFT28WXLE18KYOLGTIQ96PVWQPOIS,3W8CV64QJ2Y8406PYOMP1NPDUR5H9S,AQXSUU4I4DAH8,Approved,Thu Mar 05 14:38:02 EST 2015,Thu Mar 05 14:38:38 EST 2015,Thin-Client Architecture,lack adequate functionality,Mobile Wireless,landscape viewing modes,crucial browser helper applications,emptyanswer,emptyanswer,emptyanswer,emptyanswer,emptyanswer,emptyanswer,emptyanswer,emptyanswer,emptyanswer,emptyanswer,emptyanswer
3AFT28WXLE18KYOLGTIQ96PVWQPOIS,3E47SOBEYQVAYTOCGQE13PR00PYICE,ADUJUZANFOWKW,Approved,Thu Mar 05 16:47:45 EST 2015,Thu Mar 05 16:48:17 EST 2015,pTHINC,architecture,wireless,PDA,applications,emptyanswer,emptyanswer,emptyanswer,emptyanswer,emptyanswer,emptyanswer,emptyanswer,emptyanswer,emptyanswer,emptyanswer,emptyanswer
3AFT28WXLE18KYOLGTIQ96PVWQPOIS,3C8HJ7UOP7T925PDTJW16GZ2QIXMZU,A3DHYTZ1GPN0T8,Approved,Thu Mar 05 23:04:34 EST 2015,Thu Mar 05 23:05:23 EST 2015,mobile wireless PDAs,thin-client solution,full-function,pTHINC,video playback,emptyanswer,emptyanswer,emptyanswer,emptyanswer,emptyanswer,emptyanswer,emptyanswer,emptyanswer,emptyanswer,emptyanswer,emptyanswer
3AFT28WXLE18KYOLGTIQ96PVWQPOIS,3U5NZHP4LR1TWNMWFDIMNDPSZX7HPB,A156E6TWVB7GP7,Approved,Fri Mar 06 00:14:52 EST 2015,Fri Mar 06 00:15:57 EST 2015,adequate functionality,pTHINC,mobile wireless devices,superior,effectively supports browser,emptyanswer,emptyanswer,emptyanswer,emptyanswer,emptyanswer,emptyanswer,emptyanswer,emptyanswer,emptyanswer,emptyanswer,emptyanswer
3AFT28WXLE18KYOLGTIQ96PVWQPOIS,3VBEN272MKYC9J7DNO4YXII27KTSG1,A3K6BSW10S4YKJ,Approved,Fri Mar 06 13:15:14 EST 2015,Fri Mar 06 13:17:41 EST 2015,mobile wireless PDAs,pTHINC,server side screen scaling,high fidelity displays,portrait and landscape viewing modes,superior web browsing performance,emptyanswer,emptyanswer,emptyanswer,emptyanswer,emptyanswer,emptyanswer,emptyanswer,emptyanswer,emptyanswer,emptyanswer
3AFT28WXLE18KYOLGTIQ96PVWQPOIS,333U7HK6I9EGYWEWY4UCZWOIY9CJDE,A3NDYVCFCYRPT9,Approved,Fri Mar 06 16:45:42 EST 2015,Fri Mar 06 16:49:59 EST 2015,pTHINC,thin-client,mobile web browsers,PDA,server-side screen scaling,Windows Mobile,mobile wireless devices,browser helper applications,emptyanswer,emptyanswer,emptyanswer,emptyanswer,emptyanswer,emptyanswer,emptyanswer,emptyanswer
3AFT28WXLE18KYOLGTIQ96PVWQPOIS,3GFK2QRXX9G703Z2QXV8QAUYNPY5W0,A1VOWQJOBWOVKG,Approved,Fri Mar 06 19:25:59 EST 2015,Fri Mar 06 19:26:44 EST 2015,pTHINC,Thin-Client,Architecture,Mobile Wireless,PDA,emptyanswer,emptyanswer,emptyanswer,emptyanswer,emptyanswer,emptyanswer,emptyanswer,emptyanswer,emptyanswer,emptyanswer,emptyanswer
3AFT28WXLE18KYOLGTIQ96PVWQPOIS,3WEV0KO0OMR9XZXMLY3QRXF5UUMSD4,APEB5ERGCYP6D,Approved,Sat Mar 07 11:11:06 EST 2015,Sat Mar 07 11:13:16 EST 2015,gaining popularity on mobile wireless PDA,web browsers on these systems,supports crucial browser helper application,compared to local PDA web browsers,lack adequate functionality to access,emptyanswer,emptyanswer,emptyanswer,emptyanswer,emptyanswer,emptyanswer,emptyanswer,emptyanswer,emptyanswer,emptyanswer,emptyanswer
3AFT28WXLE18KYOLGTIQ96PVWQPOIS,3X66WABAJWH8P2MYX93XPAAQF693G3,A37WDQ1VG5XN6Z,Approved,Sat Mar 07 13:21:22 EST 2015,Sat Mar 07 13:24:16 EST 2015,nothing,nothing,nothing,nothing,nothing,emptyanswer,emptyanswer,emptyanswer,emptyanswer,emptyanswer,emptyanswer,emptyanswer,emptyanswer,emptyanswer,emptyanswer,emptyanswer
3AFT28WXLE18KYOLGTIQ96PVWQPOIS,3RRCEFRB7MBXGHXRH1G2Y4BZDU64B3,A38IE69ORDCEGY,Approved,Sat Mar 07 21:47:38 EST 2015,Sat Mar 07 21:48:41 EST 2015,Mobile wireless,thin-client architecture,PDA,pTHINC,Server-side screen scaling,emptyanswer,emptyanswer,emptyanswer,emptyanswer,emptyanswer,emptyanswer,emptyanswer,emptyanswer,emptyanswer,emptyanswer,emptyanswer
3AFT28WXLE18KYOLGTIQ96PVWQPOIS,3570Y55XZPI955JMMUWNF463O9TYGX,A156NFBMKKLDL9,Approved,Sun Mar 08 13:45:23 EDT 2015,Sun Mar 08 13:46:11 EDT 2015,Mobile,Wireless,web browsers,Windows Mobile,pTHINC,emptyanswer,emptyanswer,emptyanswer,emptyanswer,emptyanswer,emptyanswer,emptyanswer,emptyanswer,emptyanswer,emptyanswer,emptyanswer
3AFT28WXLE18KYOLGTIQ96PVWQPOIS,3CTOC39K37P0HNDM7RRQZ4EMC23J7N,A3G4SXD4N30C3L,Approved,Sun Mar 08 14:36:25 EDT 2015,Sun Mar 08 14:37:16 EDT 2015,Thin-Client Architecture,Mobile Wireless,"pTHINC, a PDA thin-client solution",server-side screen scaling,high-fidelity display,web applications,emptyanswer,emptyanswer,emptyanswer,emptyanswer,emptyanswer,emptyanswer,emptyanswer,emptyanswer,emptyanswer,emptyanswer
3AFT28WXLE18KYOLGTIQ96PVWQPOIS,3NC5L260MOLRXRJP5NH7VS8P9KWOFF,A2GBY8O6GYSB89,Approved,Sun Mar 08 14:41:10 EDT 2015,Sun Mar 08 14:42:30 EDT 2015,pTHINC,Thin-Client Architecture,Mobile Wireless,web browsers,server-side screen scaling,emptyanswer,emptyanswer,emptyanswer,emptyanswer,emptyanswer,emptyanswer,emptyanswer,emptyanswer,emptyanswer,emptyanswer,emptyanswer
3AFT28WXLE18KYOLGTIQ96PVWQPOIS,33CKWXB73JJFBKIGSM4BUURNF05118,A12J6O77R7WG93,Approved,Mon Mar 09 01:55:10 EDT 2015,Mon Mar 09 01:57:38 EDT 2015,web applications,mobile wireless PDAs,lack adequate functionality,PDA thin-client solution,full-function web browsers,landscape viewing modes,maximize available screen resolution,emptyanswer,emptyanswer,emptyanswer,emptyanswer,emptyanswer,emptyanswer,emptyanswer,emptyanswer,emptyanswer
3AFT28WXLE18KYOLGTIQ96PVWQPOIS,3L4PIM1GQTF0UVS025QZE8KAQJKYRB,A2SZAM3EZER2PH,Approved,Mon Mar 09 06:15:28 EDT 2015,Mon Mar 09 06:16:05 EDT 2015,Although web,powerful servers,mobility across,PDA control buttons,video playback,emptyanswer,emptyanswer,emptyanswer,emptyanswer,emptyanswer,emptyanswer,emptyanswer,emptyanswer,emptyanswer,emptyanswer,emptyanswer
3AFT28WXLE18KYOLGTIQ96PVWQPOIS,33C7UALJVLXXMK21R7DQ94EVT7718Q,A2E2IQ99W6B7AV,Approved,Mon Mar 09 14:25:06 EDT 2015,Mon Mar 09 14:26:08 EDT 2015,Client architecture,Mobile systems,Cloud computing,PDA browsing,Data outsourcing,emptyanswer,emptyanswer,emptyanswer,emptyanswer,emptyanswer,emptyanswer,emptyanswer,emptyanswer,emptyanswer,emptyanswer,emptyanswer
3AFT28WXLE18KYOLGTIQ96PVWQPOIS,3COPXFW7XBBKYDN4LYLJ055KRNDPK7,ACYGMRGAZ22U7,Approved,Mon Mar 09 17:49:25 EDT 2015,Mon Mar 09 17:49:31 EDT 2015,Keyword/Keyphrase 1:,Keyword/Keyphrase 1:,Keyword/Keyphrase 1:,Keyword/Keyphrase 1:,Keyword/Keyphrase 1:,emptyanswer,emptyanswer,emptyanswer,emptyanswer,emptyanswer,emptyanswer,emptyanswer,emptyanswer,emptyanswer,emptyanswer,emptyanswer
3AFT28WXLE18KYOLGTIQ96PVWQPOIS,3907X2AHF04PHXJEWSFF09JQAP82PJ,A3UY2GVCKC8LSL,Approved,Tue Mar 10 06:34:14 EDT 2015,Tue Mar 10 06:34:59 EDT 2015,pTHINC,Thin-Client,Architecture,Mobile Wireless,superior web browsing performance,emptyanswer,emptyanswer,emptyanswer,emptyanswer,emptyanswer,emptyanswer,emptyanswer,emptyanswer,emptyanswer,emptyanswer,emptyanswer
3AFT28WXLE18KYOLGTIQ96PVWQPOIS,3EJPLAJKEMF7D24L63PKHK2G0TRZ6S,AW36CVMS3526O,Approved,Tue Mar 10 11:24:33 EDT 2015,Tue Mar 10 11:25:35 EDT 2015,Architecture,popularity,web browsers,pTHINC,playback,emptyanswer,emptyanswer,emptyanswer,emptyanswer,emptyanswer,emptyanswer,emptyanswer,emptyanswer,emptyanswer,emptyanswer,emptyanswer
3AFT28WXLE18KYOLGTIQ96PVWQPOIS,3Y9N9SS8LYA5DIC7VJ2PJP7T2KK3DW,A1JWEYGDFDB100,Approved,Tue Mar 10 13:29:49 EDT 2015,Tue Mar 10 13:31:06 EDT 2015,pTHINC,Thin-Client Architecture,Mobile Wireless,full-function web browsers,PDA thin client,emptyanswer,emptyanswer,emptyanswer,emptyanswer,emptyanswer,emptyanswer,emptyanswer,emptyanswer,emptyanswer,emptyanswer,emptyanswer
3AFT28WXLE18KYOLGTIQ96PVWQPOIS,3HMVI3QICJRC1QTJ4BBK8H2XMOQ1YO,A16MCPIUMNIDW,Approved,Tue Mar 10 19:15:55 EDT 2015,Tue Mar 10 19:17:16 EDT 2015,pTHINC,Thin-Client,web applications,web browser,application logic,scaling,screen resolution,browser performance,video playback,emptyanswer,emptyanswer,emptyanswer,emptyanswer,emptyanswer,emptyanswer,emptyanswer
3AFT28WXLE18KYOLGTIQ96PVWQPOIS,3C8HJ7UOP7T925PDTJW16GZ2QULMZ6,ATRHDYWCIYTDJ,Approved,Wed Mar 11 04:43:46 EDT 2015,Wed Mar 11 04:43:58 EDT 2015,mobile,browsers,provides,performance,effectively,emptyanswer,emptyanswer,emptyanswer,emptyanswer,emptyanswer,emptyanswer,emptyanswer,emptyanswer,emptyanswer,emptyanswer,emptyanswer
3AFT28WXLE18KYOLGTIQ96PVWQPOIS,3R3YRB5GRF2RE5MEQT7OGXPNUWOAUU,A3CMDYA9USA3MR,Approved,Wed Mar 11 07:24:58 EDT 2015,Wed Mar 11 07:25:10 EDT 2015,wireless,systems,quite,modes,performance,emptyanswer,emptyanswer,emptyanswer,emptyanswer,emptyanswer,emptyanswer,emptyanswer,emptyanswer,emptyanswer,emptyanswer,emptyanswer
3AFT28WXLE18KYOLGTIQ96PVWQPOIS,3URFVVM165HSFDUM2LNNXQGW3H6UZQ,AL9R6CILUG30X,Approved,Wed Mar 11 14:43:06 EDT 2015,Wed Mar 11 14:45:31 EDT 2015,pTHINC,Mobile Wireless,Mobile Architecture,PDA thin-client solution,system usability,Windows Mobile,video playback in mobiles,emptyanswer,emptyanswer,emptyanswer,emptyanswer,emptyanswer,emptyanswer,emptyanswer,emptyanswer,emptyanswer
3AFT28WXLE18KYOLGTIQ96PVWQPOIS,3J4Q2Z4UTY2WTPI0APJBOLPPJU2QWX,A28IXE702NXWKQ,Approved,Wed Mar 11 16:36:12 EDT 2015,Wed Mar 11 16:42:36 EDT 2015,Although web applications,gaining popularity on mobile wireless PDAs,browsers on these systems can be quite slow,maximize available screen resolution,supports crucial browser helper applications such as video playback,emptyanswer,emptyanswer,emptyanswer,emptyanswer,emptyanswer,emptyanswer,emptyanswer,emptyanswer,emptyanswer,emptyanswer,emptyanswer
3AFT28WXLE18KYOLGTIQ96PVWQPOIS,3SEPORI8WNY804GOWG6WXP42WEKZAP,ANB69EQROUTQJ,Approved,Wed Mar 11 16:54:49 EDT 2015,Wed Mar 11 16:56:09 EDT 2015,thin-client architecture,mobile wireless,powerful servers,PDA,leverages existing buttons,browser helper applications,emptyanswer,emptyanswer,emptyanswer,emptyanswer,emptyanswer,emptyanswer,emptyanswer,emptyanswer,emptyanswer,emptyanswer
3AFT28WXLE18KYOLGTIQ96PVWQPOIS,3SNLUL3WO4M8AODINKWEPB5YP9FLUI,A2KS418T8MPLJH,Approved,Thu Mar 12 11:09:31 EDT 2015,Thu Mar 12 11:11:05 EDT 2015,A Thin-Client Architecture for Mobile Wireless,web browsers on these systems can be quite slow and often lack adequate functionality to access many web sites,pTHINC uses server-side screen scaling to provide high-fidelity display and seamless mobility across a broad range of different clients and screen sizes,pTHINC provides superior web browsing performance and is the only PDA thin client that effectively supports crucial browser,Our results compared to local PDA web browsers and other thin-client approaches demonstrate,emptyanswer,emptyanswer,emptyanswer,emptyanswer,emptyanswer,emptyanswer,emptyanswer,emptyanswer,emptyanswer,emptyanswer,emptyanswer
3AFT28WXLE18KYOLGTIQ96PVWQPOIS,3F0BG9B9MPMQCC8LTRST9RTAQDLY7K,A3MVLTRGO37TJD,Approved,Thu Mar 12 11:41:28 EDT 2015,Thu Mar 12 11:42:48 EDT 2015,pTHINC: A Thin-Client Architecture for Mobile Wireless,"Although web applications are gaining popularity on mobile wireless PDAs, web browsers on these systems can be quite slow and often lack adequate functionality to access many web sites.","pTHINC uses server-side screen scaling to provide high-fidelity display and seamless mobility across a broad range of different clients and screen sizes, including both portrait and landscape viewing modes.",We have implemented pTHINC on Windows Mobile and evaluated its performance on mobile wireless devices.,pTHINC provides superior web browsing performance and is the only PDA thin client that effectively supports crucial browser helper applications such as video playback.,emptyanswer,emptyanswer,emptyanswer,emptyanswer,emptyanswer,emptyanswer,emptyanswer,emptyanswer,emptyanswer,emptyanswer,emptyanswer
3AFT28WXLE18KYOLGTIQ96PVWQPOIS,3JJVG1YBEBWFC01RV6ZC3WHDEYC5B1,AM1HY736BY3Z8,Approved,Thu Mar 12 13:12:10 EDT 2015,Thu Mar 12 13:13:20 EDT 2015,pTHINC: A Thin-Client Architecture for Mobile Wireless,"Although web applications are gaining popularity on mobile wireless PDAs, web browsers on these systems can be quite slow and often lack adequate functionality to access many web sites.","pTHINC uses server-side screen scaling to provide high-fidelity display and seamless mobility across a broad range of different clients and screen sizes, including both portrait and landscape viewing modes.",We have implemented pTHINC on Windows Mobile and evaluated its performance on mobile wireless devices,Our results compared to local PDA web browsers and other thin-client approaches demonstrate that pTHINC provides superior web browsing performance and is the only PDA thin client that effectively supports crucial browser helper applications such as video playback.,emptyanswer,emptyanswer,emptyanswer,emptyanswer,emptyanswer,emptyanswer,emptyanswer,emptyanswer,emptyanswer,emptyanswer,emptyanswer
3AFT28WXLE18KYOLGTIQ96PVWQPOIS,3K5TEWLKGVA6X2UC7796THFPMCZVI8,AU3WQKISBW5MZ,Approved,Thu Mar 12 14:23:27 EDT 2015,Thu Mar 12 14:24:11 EDT 2015,"Although web applications are gaining popularity on mobile wireless PDAs, web browsers on these systems can be quite slow and often lack adequate functionality to access many web sites.","We have developed pTHINC, a PDA thin-client solution that leverages more powerful servers to run full-function web browsers and other application logic, then sends simple screen updates to the PDA for display.","pTHINC uses server-side screen scaling to provide high-fidelity display and seamless mobility across a broad range of different clients and screen sizes, including both portrait and landscape viewing modes.",pTHINC also leverages existing PDA control buttons to improve system usability and maximize available screen resolution for application display. We have implemented pTHINC on Windows Mobile and evaluated its performance on mobile wireless devices.,We have implemented pTHINC on Windows Mobile and evaluated its performance on mobile wireless devices. Our results compared to local PDA web browsers and other thin-client approaches demonstrate that pTHINC provides superior web browsing performance and is the only PDA thin client that effectively supports crucial browser helper applications such as video playback.,emptyanswer,emptyanswer,emptyanswer,emptyanswer,emptyanswer,emptyanswer,emptyanswer,emptyanswer,emptyanswer,emptyanswer,emptyanswer
3AFT28WXLE18KYOLGTIQ96PVWQPOIS,3NQL1CS15R7SN29HBPV9F59DCW0VYJ,ADVZAZ12Z8N9J,Approved,Thu Mar 12 15:51:30 EDT 2015,Thu Mar 12 15:53:28 EDT 2015,"Although web applications are gaining popularity on mobile wireless PDAs, web browsers on these systems can be quite slow and often lack adequate functionality to access many web sites.",N/A,N/A,N/A,N/A,emptyanswer,emptyanswer,emptyanswer,emptyanswer,emptyanswer,emptyanswer,emptyanswer,emptyanswer,emptyanswer,emptyanswer,emptyanswer
3AFT28WXLE18KYOLGTIQ96PVWQPOIS,31JLPPHS2UTWHF3WLSG5UJJS72J3OU,A2SDTL2V8VJ25O,Approved,Thu Mar 12 21:00:54 EDT 2015,Thu Mar 12 21:01:34 EDT 2015,pTHINC,Architecture,Mobile,Wireless,applications,emptyanswer,emptyanswer,emptyanswer,emptyanswer,emptyanswer,emptyanswer,emptyanswer,emptyanswer,emptyanswer,emptyanswer,emptyanswer
3AFT28WXLE18KYOLGTIQ96PVWQPOIS,37TRT2X24QQNJZGCK836460IW1JBJ9,A330N7LVL2IOVZ,Approved,Fri Mar 13 15:02:55 EDT 2015,Fri Mar 13 15:04:08 EDT 2015,web applications,PDA web browsers,full-function web browsers,application logic,functionality,emptyanswer,emptyanswer,emptyanswer,emptyanswer,emptyanswer,emptyanswer,emptyanswer,emptyanswer,emptyanswer,emptyanswer,emptyanswer
3AFT28WXLE18KYOLGTIQ96PVWQPOIS,39LOEL67OS4TWNGGEBR9XXTSSZH38X,A3DTN2OMF6DUSI,Approved,Fri Mar 13 22:59:07 EDT 2015,Fri Mar 13 22:59:30 EDT 2015,pTHINC,Client,Architecture,Mobile,approaches,emptyanswer,emptyanswer,emptyanswer,emptyanswer,emptyanswer,emptyanswer,emptyanswer,emptyanswer,emptyanswer,emptyanswer,emptyanswer
3AFT28WXLE18KYOLGTIQ96PVWQPOIS,3PMBY0YE272HNSV9CW8OQWSXIK39CL,A610SH5RY1NG1,Approved,Sat Mar 14 06:13:32 EDT 2015,Sat Mar 14 06:13:56 EDT 2015,thin-client,mobile wireless,systems,web browsers,mobile wireless PDA,emptyanswer,emptyanswer,emptyanswer,emptyanswer,emptyanswer,emptyanswer,emptyanswer,emptyanswer,emptyanswer,emptyanswer,emptyanswer
3AFT28WXLE18KYOLGTIQ96PVWQPOIS,3BC8WZX3V3VRXUGEOAY56CRDO74RRO,A2Z9HR2IBD75R9,Approved,Sat Mar 14 09:59:22 EDT 2015,Sat Mar 14 10:00:02 EDT 2015,Thin-Client Architecture,Mobile Wireless,approaches,browsers,video,emptyanswer,emptyanswer,emptyanswer,emptyanswer,emptyanswer,emptyanswer,emptyanswer,emptyanswer,emptyanswer,emptyanswer,emptyanswer
3AFT28WXLE18KYOLGTIQ96PVWQPOIS,34MAJL3QP4MSDMTE281WGLDNQGZ34A,AH3ER3EJXHRO2,Approved,Sat Mar 14 16:38:14 EDT 2015,Sat Mar 14 16:38:40 EDT 2015,pTHINC,thin-client architecture,mobile wireless,video playback,PDA web browsers,emptyanswer,emptyanswer,emptyanswer,emptyanswer,emptyanswer,emptyanswer,emptyanswer,emptyanswer,emptyanswer,emptyanswer,emptyanswer
3AFT28WXLE18KYOLGTIQ96PVWQPOIS,3QY5DC2MXRJMAW3M19TGUY0ESJYUF3,A1G94QON7A9K0N,Approved,Sat Mar 14 19:57:12 EDT 2015,Sat Mar 14 19:57:31 EDT 2015,pthinc,wireless,mobile,windows,devices,emptyanswer,emptyanswer,emptyanswer,emptyanswer,emptyanswer,emptyanswer,emptyanswer,emptyanswer,emptyanswer,emptyanswer,emptyanswer
3AFT28WXLE18KYOLGTIQ96PVWQPOIS,3R6BYFZZP7BER0XH6E43E5ZIM2NFXQ,A29ZV4XJB7R1O,Approved,Sat Mar 14 20:55:08 EDT 2015,Sat Mar 14 21:13:47 EDT 2015,pTHINC,Thin-Client,Architecture,Mobile,Wireless,emptyanswer,emptyanswer,emptyanswer,emptyanswer,emptyanswer,emptyanswer,emptyanswer,emptyanswer,emptyanswer,emptyanswer,emptyanswer
3AFT28WXLE18KYOLGTIQ96PVWQPOIS,3O6CYIULED0OLIPHRY3GYMMENNZUWE,A9VLWY4KW6OCB,Approved,Sat Mar 14 21:24:01 EDT 2015,Sat Mar 14 21:42:15 EDT 2015,pTHINC,Thin,Client,Architecture,Wireless,emptyanswer,emptyanswer,emptyanswer,emptyanswer,emptyanswer,emptyanswer,emptyanswer,emptyanswer,emptyanswer,emptyanswer,emptyanswer
3AFT28WXLE18KYOLGTIQ96PVWQPOIS,3OVHNO1VE606YBJ0GQXYNQC8IPAZD1,ACVJ6IUO9QM4R,Approved,Sat Mar 14 21:56:55 EDT 2015,Sat Mar 14 22:01:13 EDT 2015,thin-client approaches,obile wireless PDAs,web browsers,high-fidelity display,seamless mobility,emptyanswer,emptyanswer,emptyanswer,emptyanswer,emptyanswer,emptyanswer,emptyanswer,emptyanswer,emptyanswer,emptyanswer,emptyanswer
3AFT28WXLE18KYOLGTIQ96PVWQPOIS,3PW9OPU9PQJM050CBQ4PZD1S8JB219,AWFQ7OX0UPSM5,Approved,Sat Mar 14 23:55:09 EDT 2015,Sat Mar 14 23:59:41 EDT 2015,pTHINC: A Thin-Client Architecture for Mobile Wireless,mobile wireless PDAs,web browsers,high-fidelity display,seamless mobility,emptyanswer,emptyanswer,emptyanswer,emptyanswer,emptyanswer,emptyanswer,emptyanswer,emptyanswer,emptyanswer,emptyanswer,emptyanswer
3AFT28WXLE18KYOLGTIQ96PVWQPOIS,3ON104KXQKVP4KV2CSCYLIOKOAI4W8,A1BV5YY1UQCMZY,Approved,Sun Mar 15 00:41:18 EDT 2015,Sun Mar 15 00:42:16 EDT 2015,pthinc,architecture for mobile wireless,windows mobile,thin-client,video playback,emptyanswer,emptyanswer,emptyanswer,emptyanswer,emptyanswer,emptyanswer,emptyanswer,emptyanswer,emptyanswer,emptyanswer,emptyanswer
3AFT28WXLE18KYOLGTIQ96PVWQPOIS,36ZN444YTRXB7ILF6VNSYPLHQQOOIZ,A1GK9ZI7T30X9Z,Approved,Sun Mar 15 02:04:10 EDT 2015,Sun Mar 15 02:05:40 EDT 2015,pTHINC,Thin-Client Architecture,Mobile,Wireless,PDA thin-client,web browser,server-side screen scaling,Windows Mobile,video playback,emptyanswer,emptyanswer,emptyanswer,emptyanswer,emptyanswer,emptyanswer,emptyanswer
