HitId,AssignmentId,WorkerId,Status,AcceptTime,SubmitTime,Answer 1,Answer 2,Answer 3,Answer 4,Answer 5,Answer 6,Answer 7,Answer 8,Answer 9,Answer 10,Answer 11,Answer 12,Answer 13,Answer 14,Answer 15,Answer 16
3BA7SXOG1IPIS54OZZN3QC0M4H4R8W,35L9RVQFCOH6OSUSWZHGXJCR75DHU3,A22R7DT2XQIKXV,Approved,Mon Mar 02 14:11:48 EST 2015,Mon Mar 02 14:11:57 EST 2015,aa,aa,aa,aa,aa,emptyanswer,emptyanswer,emptyanswer,emptyanswer,emptyanswer,emptyanswer,emptyanswer,emptyanswer,emptyanswer,emptyanswer,emptyanswer
3BA7SXOG1IPIS54OZZN3QC0M4H4R8W,3OB0CAO74HON51EX60E504I43TYYHS,A3FG9YWTFFK1AU,Approved,Mon Mar 02 18:58:15 EST 2015,Mon Mar 02 19:13:41 EST 2015,GUESS,Gossiping Updates,Efficient Spectrum Sensing,Wireless radios,incremental gossiping approach,coordinated spectral sensing,faster information convergence,emptyanswer,emptyanswer,emptyanswer,emptyanswer,emptyanswer,emptyanswer,emptyanswer,emptyanswer,emptyanswer
3BA7SXOG1IPIS54OZZN3QC0M4H4R8W,3F0BG9B9MPMQCC8LTRST9RTAPQD7YA,A26M2B8NZVKWTZ,Approved,Mon Mar 02 21:01:15 EST 2015,Mon Mar 02 21:03:27 EST 2015,spectrum,alterations,Wireless,spectral,information,emptyanswer,emptyanswer,emptyanswer,emptyanswer,emptyanswer,emptyanswer,emptyanswer,emptyanswer,emptyanswer,emptyanswer,emptyanswer
3BA7SXOG1IPIS54OZZN3QC0M4H4R8W,3V0Z7YWSIYZ2MHGAI4OE6188WTT2VK,AXJJYIFR3JVRJ,Approved,Mon Mar 02 22:53:12 EST 2015,Mon Mar 02 22:55:12 EST 2015,wireless radios,spectrum sensing,incremental gossiping,RF,information convergence,spectral sensing,emptyanswer,emptyanswer,emptyanswer,emptyanswer,emptyanswer,emptyanswer,emptyanswer,emptyanswer,emptyanswer,emptyanswer
3BA7SXOG1IPIS54OZZN3QC0M4H4R8W,37U1UTWH9VLLFP1IP1S5FVW8XN98R1,A2R085B34P2LYS,Approved,Mon Mar 02 22:46:41 EST 2015,Mon Mar 02 22:56:03 EST 2015,Gossiping,Updates,Efficient,Spectrum,Sensing,emptyanswer,emptyanswer,emptyanswer,emptyanswer,emptyanswer,emptyanswer,emptyanswer,emptyanswer,emptyanswer,emptyanswer,emptyanswer
3BA7SXOG1IPIS54OZZN3QC0M4H4R8W,3K5TEWLKGVA6X2UC7796THFPLPRVIP,A27I79P03I0ZPO,Approved,Mon Mar 02 23:13:38 EST 2015,Mon Mar 02 23:15:20 EST 2015,Efficient,Gossiping,network,Updates,Sensing,emptyanswer,emptyanswer,emptyanswer,emptyanswer,emptyanswer,emptyanswer,emptyanswer,emptyanswer,emptyanswer,emptyanswer,emptyanswer
3BA7SXOG1IPIS54OZZN3QC0M4H4R8W,3UOUJI6MTDD3AIU713Z2050LVWBXUT,A1B5NXRZQYRC4R,Approved,Tue Mar 03 09:15:06 EST 2015,Tue Mar 03 09:15:24 EST 2015,gossiping,updates,efficient,spectrum,sensing,emptyanswer,emptyanswer,emptyanswer,emptyanswer,emptyanswer,emptyanswer,emptyanswer,emptyanswer,emptyanswer,emptyanswer,emptyanswer
3BA7SXOG1IPIS54OZZN3QC0M4H4R8W,3RWE2M8QWH9II24N1QY9DWLGDT50NH,A3S81UFDOWF2ST,Approved,Tue Mar 03 12:27:58 EST 2015,Tue Mar 03 12:29:20 EST 2015,GUESS,Wireless radios of the future,Spectrum Sensing,reduces network overhead,Faster information convergence,emptyanswer,emptyanswer,emptyanswer,emptyanswer,emptyanswer,emptyanswer,emptyanswer,emptyanswer,emptyanswer,emptyanswer,emptyanswer
3BA7SXOG1IPIS54OZZN3QC0M4H4R8W,3VJ40NV2QIM1GW1Q07MWCWNQ0GNOTG,A2YW509B0UMSEH,Approved,Wed Mar 04 03:53:02 EST 2015,Wed Mar 04 03:53:49 EST 2015,Gossip,Wireless radio,spectrum,sensor,guess,emptyanswer,emptyanswer,emptyanswer,emptyanswer,emptyanswer,emptyanswer,emptyanswer,emptyanswer,emptyanswer,emptyanswer,emptyanswer
3BA7SXOG1IPIS54OZZN3QC0M4H4R8W,3AMW0RGHOD1L6J87IBDZSXMOL3INPG,A3FFZN4FO3Q789,Approved,Wed Mar 04 11:01:38 EST 2015,Wed Mar 04 11:04:41 EST 2015,preliminary,preliminary,preliminary,preliminary,preliminary,emptyanswer,emptyanswer,emptyanswer,emptyanswer,emptyanswer,emptyanswer,emptyanswer,emptyanswer,emptyanswer,emptyanswer,emptyanswer
3BA7SXOG1IPIS54OZZN3QC0M4H4R8W,3KYQYYSHYV6UZ75TEHMH7S54XUNODL,A3H35QRODK1C4K,Approved,Wed Mar 04 11:55:01 EST 2015,Wed Mar 04 11:55:48 EST 2015,gossiping,updates,efficient,spectrum,sensing,emptyanswer,emptyanswer,emptyanswer,emptyanswer,emptyanswer,emptyanswer,emptyanswer,emptyanswer,emptyanswer,emptyanswer,emptyanswer
3BA7SXOG1IPIS54OZZN3QC0M4H4R8W,3E1QT0TDFP88MQYZZEYW13VHAUSI8F,A1W7BQWWGKJ3XF,Approved,Wed Mar 04 11:58:32 EST 2015,Wed Mar 04 12:06:12 EST 2015,GUESS,Gossiping Updates,Efficient Spectrum Sensing,Wireless,RF spectrum,limits,faster information convergence,emptyanswer,emptyanswer,emptyanswer,emptyanswer,emptyanswer,emptyanswer,emptyanswer,emptyanswer,emptyanswer
3BA7SXOG1IPIS54OZZN3QC0M4H4R8W,3LEP4MGT3GZAGDGKACHV1855QWIBDK,A2F6ZON8X5EAGL,Approved,Wed Mar 04 15:17:20 EST 2015,Wed Mar 04 15:18:43 EST 2015,GUESS: Gossiping Updates for Efficient Spectrum Sensing,wireless,spectrum,protocol,approaches,emptyanswer,emptyanswer,emptyanswer,emptyanswer,emptyanswer,emptyanswer,emptyanswer,emptyanswer,emptyanswer,emptyanswer,emptyanswer
3BA7SXOG1IPIS54OZZN3QC0M4H4R8W,326O153BMIX8NGS4K3JL2GBQTT8ED0,A3OTLWGJFB65KD,Approved,Wed Mar 04 19:18:35 EST 2015,Wed Mar 04 19:18:45 EST 2015,nothing,nothing,nothing,nothing,nothing,emptyanswer,emptyanswer,emptyanswer,emptyanswer,emptyanswer,emptyanswer,emptyanswer,emptyanswer,emptyanswer,emptyanswer,emptyanswer
3BA7SXOG1IPIS54OZZN3QC0M4H4R8W,3GLB5JMZFXU67UOVQY992JW26ABDG6,A3LUJSAN4DQ1ZT,Approved,Wed Mar 04 23:30:46 EST 2015,Wed Mar 04 23:31:27 EST 2015,GUESS,gossiping updates,efficient spectrum sensing,RF spectrum,convergence,incremental gossiping approach,emptyanswer,emptyanswer,emptyanswer,emptyanswer,emptyanswer,emptyanswer,emptyanswer,emptyanswer,emptyanswer,emptyanswer
3BA7SXOG1IPIS54OZZN3QC0M4H4R8W,3QECW5O0KH0F8MV8VSQX3QNZJOST5W,A1QUDNLO95AKS5,Approved,Thu Mar 05 08:20:41 EST 2015,Thu Mar 05 08:22:15 EST 2015,GUESS: Gossiping Updates for Efficient Spectrum Sensing,Wireless radios,RF spectrum,sensing,protocol,alternative,emptyanswer,emptyanswer,emptyanswer,emptyanswer,emptyanswer,emptyanswer,emptyanswer,emptyanswer,emptyanswer,emptyanswer
3BA7SXOG1IPIS54OZZN3QC0M4H4R8W,3X3OR7WPZZZACR65KHV9TJN9R1FL8V,A1YLO4LT02D2F0,Approved,Thu Mar 05 11:27:58 EST 2015,Thu Mar 05 11:28:41 EST 2015,Wireless radios of the future will likely,adaptive use of the RF spectrum,inherent requirements of such data and the time-granularity,exponentially-fast information convergence,2.7 times faster information convergence,emptyanswer,emptyanswer,emptyanswer,emptyanswer,emptyanswer,emptyanswer,emptyanswer,emptyanswer,emptyanswer,emptyanswer,emptyanswer
3BA7SXOG1IPIS54OZZN3QC0M4H4R8W,30JNVC0OR9JEWZNBFQXBNIF24QZHQ2,A3DHYTZ1GPN0T8,Approved,Thu Mar 05 12:56:03 EST 2015,Thu Mar 05 12:56:29 EST 2015,Wireless,interesting,amount,incorporating,GUESS,emptyanswer,emptyanswer,emptyanswer,emptyanswer,emptyanswer,emptyanswer,emptyanswer,emptyanswer,emptyanswer,emptyanswer,emptyanswer
3BA7SXOG1IPIS54OZZN3QC0M4H4R8W,3C5W7UE9CFPKXAPYS18G9VJRIG2XM7,A2SDTL2V8VJ25O,Approved,Thu Mar 05 16:03:04 EST 2015,Thu Mar 05 16:04:06 EST 2015,Gossiping,Efficient,Sensing,convergence,limiting,emptyanswer,emptyanswer,emptyanswer,emptyanswer,emptyanswer,emptyanswer,emptyanswer,emptyanswer,emptyanswer,emptyanswer,emptyanswer
3BA7SXOG1IPIS54OZZN3QC0M4H4R8W,3BF51CHDTV9Q86ICYS3W8COKRNMH0R,ADUJUZANFOWKW,Approved,Thu Mar 05 16:42:11 EST 2015,Thu Mar 05 16:43:00 EST 2015,GUESS,sensing,RF,specturm,nodes,emptyanswer,emptyanswer,emptyanswer,emptyanswer,emptyanswer,emptyanswer,emptyanswer,emptyanswer,emptyanswer,emptyanswer,emptyanswer
3BA7SXOG1IPIS54OZZN3QC0M4H4R8W,39N5ACM9HEM0HH4DH1UUAWR4GITP9J,A3I10J1GPDAPQR,Approved,Thu Mar 05 17:09:22 EST 2015,Thu Mar 05 17:11:44 EST 2015,GUESS,frequency-agile,RF spectrum,wireless devices,time-granularity,emptyanswer,emptyanswer,emptyanswer,emptyanswer,emptyanswer,emptyanswer,emptyanswer,emptyanswer,emptyanswer,emptyanswer,emptyanswer
3BA7SXOG1IPIS54OZZN3QC0M4H4R8W,3G5W44VEU7HEL0U5IFVW6WRSQO5KGX,A9LA6QK6VCERR,Approved,Fri Mar 06 01:54:42 EST 2015,Fri Mar 06 01:56:38 EST 2015,GUESS,Gossiping Updates for Efficient Spectrum Sensing,novel incremental gossiping approach,coordinated spectral sensing,exponentially-fast information convergence,RF spectrum data,emptyanswer,emptyanswer,emptyanswer,emptyanswer,emptyanswer,emptyanswer,emptyanswer,emptyanswer,emptyanswer,emptyanswer
3BA7SXOG1IPIS54OZZN3QC0M4H4R8W,38SKSKU7R1W31XIIT37068HNU3ZILR,AQXSUU4I4DAH8,Approved,Fri Mar 06 11:15:27 EST 2015,Fri Mar 06 11:16:09 EST 2015,Gossiping Updates,Wireless radios,RF spectrum,Efficient Spectrum Sensing,exchanged between participating nodes,emptyanswer,emptyanswer,emptyanswer,emptyanswer,emptyanswer,emptyanswer,emptyanswer,emptyanswer,emptyanswer,emptyanswer,emptyanswer
3BA7SXOG1IPIS54OZZN3QC0M4H4R8W,354GIDR5ZB5FX6CG0KWB2KP35DN00P,APEB5ERGCYP6D,Approved,Sat Mar 07 07:15:17 EST 2015,Sat Mar 07 07:51:15 EST 2015,future will likely be frequency-agile,supporting opportunistic and adaptive use of the RF spectrum,radios must coordinate with each other to build an accurate and consistent map,reduces network overhead by up to a factor of 2.4,information convergence than alternative approaches,emptyanswer,emptyanswer,emptyanswer,emptyanswer,emptyanswer,emptyanswer,emptyanswer,emptyanswer,emptyanswer,emptyanswer,emptyanswer
3BA7SXOG1IPIS54OZZN3QC0M4H4R8W,3Z3ZLGNNSITZ2RGC0589JOESLTI3QY,A3G4SXD4N30C3L,Approved,Sat Mar 07 13:25:37 EST 2015,Sat Mar 07 13:26:07 EST 2015,GUESS: Gossiping Updates for Efficient Spectrum Sensing,Wireless radios,frequency-agile,novel incremental gossiping,coordinated spectral sensing,exponentially-fast information convergence,emptyanswer,emptyanswer,emptyanswer,emptyanswer,emptyanswer,emptyanswer,emptyanswer,emptyanswer,emptyanswer,emptyanswer
3BA7SXOG1IPIS54OZZN3QC0M4H4R8W,3VBEN272MKYC9J7DNO4YXII27M8SGK,A37WDQ1VG5XN6Z,Approved,Sat Mar 07 13:39:04 EST 2015,Sat Mar 07 13:39:11 EST 2015,nothing,nothing,nothing,nothing,nothing,emptyanswer,emptyanswer,emptyanswer,emptyanswer,emptyanswer,emptyanswer,emptyanswer,emptyanswer,emptyanswer,emptyanswer,emptyanswer
3BA7SXOG1IPIS54OZZN3QC0M4H4R8W,3I33IC7ZWF1IUTDC79XIAEUVBX12AK,A9HQ3E0F2AGVO,Approved,Sat Mar 07 15:24:18 EST 2015,Sat Mar 07 15:25:17 EST 2015,Wireless radios,frequency-agile,RF spectrum,GUESS,network overhead,emptyanswer,emptyanswer,emptyanswer,emptyanswer,emptyanswer,emptyanswer,emptyanswer,emptyanswer,emptyanswer,emptyanswer,emptyanswer
3BA7SXOG1IPIS54OZZN3QC0M4H4R8W,3CN4LGXD5XNTTPQ2RTUM6F90Y43Y4T,A38IE69ORDCEGY,Approved,Sun Mar 08 01:38:41 EST 2015,Sun Mar 08 01:40:25 EST 2015,GUESS,wireless radio,RF spectrum utilization,coordinated spectral sensing,faster information convergence,emptyanswer,emptyanswer,emptyanswer,emptyanswer,emptyanswer,emptyanswer,emptyanswer,emptyanswer,emptyanswer,emptyanswer,emptyanswer
3BA7SXOG1IPIS54OZZN3QC0M4H4R8W,358UUM7WRZ2HFBWZFW0Z1V0DMJY7R4,A1AWEM2XEAVOVQ,Approved,Sun Mar 08 14:52:11 EDT 2015,Sun Mar 08 14:54:40 EDT 2015,wireless radios,RF spectrum data,GUESS Gossiping Updates for Efficient Spectrum Sensing,node,resilient to network alterations,emptyanswer,emptyanswer,emptyanswer,emptyanswer,emptyanswer,emptyanswer,emptyanswer,emptyanswer,emptyanswer,emptyanswer,emptyanswer
3BA7SXOG1IPIS54OZZN3QC0M4H4R8W,3NC5L260MOLRXRJP5NH7VS8P9K3FOD,A2GBY8O6GYSB89,Approved,Sun Mar 08 19:00:17 EDT 2015,Sun Mar 08 19:01:06 EDT 2015,Gossiping Updates,Efficient Spectrum Sensing,Wireless radios of the future,frequency-agile,RF spectrum,GUESS,exponentially-fast information convergence,emptyanswer,emptyanswer,emptyanswer,emptyanswer,emptyanswer,emptyanswer,emptyanswer,emptyanswer,emptyanswer
3BA7SXOG1IPIS54OZZN3QC0M4H4R8W,3U4J9857OEAUZ4FAJZE91GV94YI7BG,A156NFBMKKLDL9,Approved,Sun Mar 08 21:58:32 EDT 2015,Sun Mar 08 21:58:52 EDT 2015,GUESS,Gossiping Updates,Efficient Spectrum Sensing,coordinated spectral sensing,network alterations,emptyanswer,emptyanswer,emptyanswer,emptyanswer,emptyanswer,emptyanswer,emptyanswer,emptyanswer,emptyanswer,emptyanswer,emptyanswer
3BA7SXOG1IPIS54OZZN3QC0M4H4R8W,3S3AMIZX3U4TQI8QOCDQCSBN8VCDCF,A2SZAM3EZER2PH,Approved,Mon Mar 09 06:28:12 EDT 2015,Mon Mar 09 06:29:11 EDT 2015,Wireless radios,supporting opportunistic,technically challenging,solution incorporating,reduces network,emptyanswer,emptyanswer,emptyanswer,emptyanswer,emptyanswer,emptyanswer,emptyanswer,emptyanswer,emptyanswer,emptyanswer,emptyanswer
3BA7SXOG1IPIS54OZZN3QC0M4H4R8W,3WYP994K17Q78CUGAHN13DTEUXMY6V,ADVZAZ12Z8N9J,Approved,Mon Mar 09 12:43:47 EDT 2015,Mon Mar 09 12:50:58 EDT 2015,"Wireless radios of the future will likely be frequency-agile, that is, supporting opportunistic and adaptive use of the RF spectrum.",N/A,N/A,N/A,N/A,emptyanswer,emptyanswer,emptyanswer,emptyanswer,emptyanswer,emptyanswer,emptyanswer,emptyanswer,emptyanswer,emptyanswer,emptyanswer
3BA7SXOG1IPIS54OZZN3QC0M4H4R8W,3Z4GS9HPNV97XSCK6I2TWE9DL9777C,A3UY2GVCKC8LSL,Approved,Mon Mar 09 17:44:06 EDT 2015,Mon Mar 09 17:44:42 EDT 2015,GUESS,Gossiping Updates for Efficient Spectrum Sensing,RF spectrum,frequency-agile,network overhead,emptyanswer,emptyanswer,emptyanswer,emptyanswer,emptyanswer,emptyanswer,emptyanswer,emptyanswer,emptyanswer,emptyanswer,emptyanswer
3BA7SXOG1IPIS54OZZN3QC0M4H4R8W,3KMS4QQVK2P870YA7VPEOBRGPHQFKU,ACYGMRGAZ22U7,Approved,Mon Mar 09 17:57:36 EDT 2015,Mon Mar 09 17:57:42 EDT 2015,Keyword/Keyphrase 1:,Keyword/Keyphrase 1:,Keyword/Keyphrase 1:,Keyword/Keyphrase 1:,Keyword/Keyphrase 1:,emptyanswer,emptyanswer,emptyanswer,emptyanswer,emptyanswer,emptyanswer,emptyanswer,emptyanswer,emptyanswer,emptyanswer,emptyanswer
3BA7SXOG1IPIS54OZZN3QC0M4H4R8W,3K2755HG5S20TUS0FE3RKYWQ5ALDFB,A17JEL4FN1B9TB,Approved,Tue Mar 10 11:53:32 EDT 2015,Tue Mar 10 11:54:42 EDT 2015,Gossiping,Updates,Efficient,Spectrum,Sensing,wireless,radio,emptyanswer,emptyanswer,emptyanswer,emptyanswer,emptyanswer,emptyanswer,emptyanswer,emptyanswer,emptyanswer
3BA7SXOG1IPIS54OZZN3QC0M4H4R8W,3X31TUMD7XLS1RMKLWMUE901D95L1Z,AW36CVMS3526O,Approved,Tue Mar 10 12:17:15 EDT 2015,Tue Mar 10 12:17:50 EDT 2015,Gossiping,Spectrum Sensing,frequency-agile,spectrum,alternative,emptyanswer,emptyanswer,emptyanswer,emptyanswer,emptyanswer,emptyanswer,emptyanswer,emptyanswer,emptyanswer,emptyanswer,emptyanswer
3BA7SXOG1IPIS54OZZN3QC0M4H4R8W,3JBT3HLQF81FN8MQLZOTNKTXVYLPZS,A1JWEYGDFDB100,Approved,Tue Mar 10 13:26:12 EDT 2015,Tue Mar 10 13:27:15 EDT 2015,GUESS,Gossiping Updates,Efficient Spectrum Sensing,Wireless radios,incremental gossiping approach,emptyanswer,emptyanswer,emptyanswer,emptyanswer,emptyanswer,emptyanswer,emptyanswer,emptyanswer,emptyanswer,emptyanswer,emptyanswer
3BA7SXOG1IPIS54OZZN3QC0M4H4R8W,3UJ1CZ6IZHOETMIT6SL7TLRDHKV5SU,ATRHDYWCIYTDJ,Approved,Wed Mar 11 04:29:27 EDT 2015,Wed Mar 11 04:29:42 EDT 2015,frequency,collected,information,overhead,alternative,emptyanswer,emptyanswer,emptyanswer,emptyanswer,emptyanswer,emptyanswer,emptyanswer,emptyanswer,emptyanswer,emptyanswer,emptyanswer
3BA7SXOG1IPIS54OZZN3QC0M4H4R8W,33F859I566CRSTLMW80LSTK3I52HBO,A3HPVFAF1U9WXK,Approved,Wed Mar 11 05:24:41 EDT 2015,Wed Mar 11 05:25:22 EDT 2015,Wireless,GUESS,spectrum,spectral utilization,gossiping,emptyanswer,emptyanswer,emptyanswer,emptyanswer,emptyanswer,emptyanswer,emptyanswer,emptyanswer,emptyanswer,emptyanswer,emptyanswer
3BA7SXOG1IPIS54OZZN3QC0M4H4R8W,3PDJHANYK5FLMH4R0HJDHDYB45W6HZ,A3CMDYA9USA3MR,Approved,Wed Mar 11 07:47:19 EDT 2015,Wed Mar 11 07:47:53 EDT 2015,future,opportunistic,information,alternative,approaches,emptyanswer,emptyanswer,emptyanswer,emptyanswer,emptyanswer,emptyanswer,emptyanswer,emptyanswer,emptyanswer,emptyanswer,emptyanswer
3BA7SXOG1IPIS54OZZN3QC0M4H4R8W,30X31N5D63PBZSUA1OCO1W7Z9Z4SAX,A3K6BSW10S4YKJ,Approved,Wed Mar 11 08:58:43 EDT 2015,Wed Mar 11 09:00:11 EDT 2015,Wireless radios of the future,RF spectrum,radios must coordinate with each other,"GUESS, a novel incremental gossiping approach to coordinated spectral sensing",faster information convergence than alternative approaches,emptyanswer,emptyanswer,emptyanswer,emptyanswer,emptyanswer,emptyanswer,emptyanswer,emptyanswer,emptyanswer,emptyanswer,emptyanswer
3BA7SXOG1IPIS54OZZN3QC0M4H4R8W,3C5W7UE9CFPKXAPYS18G9VJRIV9XM8,A28IXE702NXWKQ,Approved,Wed Mar 11 15:58:41 EDT 2015,Wed Mar 11 16:01:28 EDT 2015,Wireless radios of the future,likely be frequency-agile,supporting opportunistic and adaptive,We outline an initial solution incorporating,solution incorporating these ideas,emptyanswer,emptyanswer,emptyanswer,emptyanswer,emptyanswer,emptyanswer,emptyanswer,emptyanswer,emptyanswer,emptyanswer,emptyanswer
3BA7SXOG1IPIS54OZZN3QC0M4H4R8W,3DOCMVPBTNDL3YWU2W07O8HTL7BNNG,A2E2IQ99W6B7AV,Approved,Wed Mar 11 16:26:29 EDT 2015,Wed Mar 11 16:27:27 EDT 2015,Efficient spectrum sensing,Radio accuracy,RF spectrum,Information convergence,Data requirements,emptyanswer,emptyanswer,emptyanswer,emptyanswer,emptyanswer,emptyanswer,emptyanswer,emptyanswer,emptyanswer,emptyanswer,emptyanswer
3BA7SXOG1IPIS54OZZN3QC0M4H4R8W,3HPZF4IVNMSWOT3HK804PDLOQNFYCD,ANB69EQROUTQJ,Approved,Wed Mar 11 22:39:34 EDT 2015,Wed Mar 11 22:40:52 EDT 2015,GUESS,WIRELESS RADIOS,RF SPECTRUM DATA,COORDINATED SPECTRAL SENSING,REDUCE NETWORK OVERHEAD,emptyanswer,emptyanswer,emptyanswer,emptyanswer,emptyanswer,emptyanswer,emptyanswer,emptyanswer,emptyanswer,emptyanswer,emptyanswer
3BA7SXOG1IPIS54OZZN3QC0M4H4R8W,3X31TUMD7XLS1RMKLWMUE901ECH1LY,A2KS418T8MPLJH,Approved,Thu Mar 12 10:38:55 EDT 2015,Thu Mar 12 10:40:32 EDT 2015,"Wireless radios of the future will likely be frequency-agile, that is, supporting opportunistic and adaptive use of the RF spectrum",Such radios must coordinate with each other to build an accurate and consistent map of spectral utilization in their surroundings.,The inherent requirements of such data and the time-granularity at which it must be collected makes this problem both interesting and technically challenging,It (1) reduces protocol overhead by limiting the amount of information exchanged between participating nodes,We outline an initial solution incorporating these ideas and also show how our approach reduces network overhead by up to a factor of 2.4 and results in up to 2.7 times faster information convergence than alternative approaches.,emptyanswer,emptyanswer,emptyanswer,emptyanswer,emptyanswer,emptyanswer,emptyanswer,emptyanswer,emptyanswer,emptyanswer,emptyanswer
3BA7SXOG1IPIS54OZZN3QC0M4H4R8W,32M8BPYGATLNF54HICAKTGCFZX8GI1,AM1HY736BY3Z8,Approved,Thu Mar 12 12:17:15 EDT 2015,Thu Mar 12 12:18:40 EDT 2015,GUESS: Gossiping Updates for Efficient Spectrum Sensing,"Wireless radios of the future will likely be frequency-agile, that is, supporting opportunistic","The inherent requirements of such data and the time-granularity at which it must be collected makes this problem both interesting and technically challenging. We propose GUESS, a novel incremental gossiping approach to coordinated spectral sensing.",We outline an initial solution incorporating these ideas.,approach reduces network overhead by up to a factor of 2.4 and results in up to 2.7 times faster information convergence than alternative approaches.,emptyanswer,emptyanswer,emptyanswer,emptyanswer,emptyanswer,emptyanswer,emptyanswer,emptyanswer,emptyanswer,emptyanswer,emptyanswer
3BA7SXOG1IPIS54OZZN3QC0M4H4R8W,3HRMW88U16PC0KJNPPJ90HWG9P60M1,AU3WQKISBW5MZ,Approved,Thu Mar 12 13:49:35 EDT 2015,Thu Mar 12 13:50:35 EDT 2015,"Wireless radios of the future will likely be frequency-agile, that is, supporting opportunistic and adaptive use of the RF spectrum.",Such radios must coordinate with each other to build an accurate and consistent map of spectral utilization in their surroundings.,We focus on the problem of sharing RF spectrum data among a collection of wireless devices.,The inherent requirements of such data and the time-granularity at which it must be collected makes this problem both interesting and technically challenging,"We propose GUESS, a novel incremental gossiping approach to coordinated spectral sensing.",emptyanswer,emptyanswer,emptyanswer,emptyanswer,emptyanswer,emptyanswer,emptyanswer,emptyanswer,emptyanswer,emptyanswer,emptyanswer
3BA7SXOG1IPIS54OZZN3QC0M4H4R8W,3II4UPYCOJ6XKJI9TUELWX04DHFDQ1,A1A9GCQVBEMT58,Approved,Fri Mar 13 08:19:51 EDT 2015,Fri Mar 13 08:23:53 EDT 2015,frequency-agile,opportunistic and adaptive,RF spectrum,consistent map of spectral utilization,time-granularity,novel incremental gossiping approach,reduces protocol overhead,node movement or node failures,exponentially-fast information convergence,2.7 times faster information convergence,emptyanswer,emptyanswer,emptyanswer,emptyanswer,emptyanswer,emptyanswer
3BA7SXOG1IPIS54OZZN3QC0M4H4R8W,3XC1O3LBOSLTABYTNF64KFJW6YULTJ,A3DTN2OMF6DUSI,Approved,Fri Mar 13 23:11:43 EDT 2015,Fri Mar 13 23:12:00 EDT 2015,Updates,Efficient,Sensing,technically,reduces,emptyanswer,emptyanswer,emptyanswer,emptyanswer,emptyanswer,emptyanswer,emptyanswer,emptyanswer,emptyanswer,emptyanswer,emptyanswer
3BA7SXOG1IPIS54OZZN3QC0M4H4R8W,378XPAWRUCCM5EREWCIAXU1C15JIAL,A8HUG07IE2R3,Approved,Fri Mar 13 23:27:49 EDT 2015,Fri Mar 13 23:30:19 EDT 2015,Wireless radios of the future,adaptive use of the RF spectrum,inherent requirements of such data and the time,resilient to network alterations,information convergence,coordinated spectral sensing,emptyanswer,emptyanswer,emptyanswer,emptyanswer,emptyanswer,emptyanswer,emptyanswer,emptyanswer,emptyanswer,emptyanswer
3BA7SXOG1IPIS54OZZN3QC0M4H4R8W,3Y5140Z9DXFTSIXGLV07NPQ70THPIA,A610SH5RY1NG1,Approved,Sat Mar 14 07:23:24 EDT 2015,Sat Mar 14 07:23:36 EDT 2015,Sensing,Spectrum,Updates,GUESS,Gossiping,emptyanswer,emptyanswer,emptyanswer,emptyanswer,emptyanswer,emptyanswer,emptyanswer,emptyanswer,emptyanswer,emptyanswer,emptyanswer
3BA7SXOG1IPIS54OZZN3QC0M4H4R8W,3SBEHTYCWN2N1WPHCIWQ0GJJ4YZYIS,A2Z9HR2IBD75R9,Approved,Sat Mar 14 09:58:47 EDT 2015,Sat Mar 14 09:59:04 EDT 2015,GUESS: Gossiping Updates for Efficient Spectrum Sensing,future,spectrum,results,ideas,emptyanswer,emptyanswer,emptyanswer,emptyanswer,emptyanswer,emptyanswer,emptyanswer,emptyanswer,emptyanswer,emptyanswer,emptyanswer
3BA7SXOG1IPIS54OZZN3QC0M4H4R8W,33CID57104SOBU0Z800D22FYC2R3L0,A3PRX6CU0P34NE,Approved,Sat Mar 14 15:54:33 EDT 2015,Sat Mar 14 16:03:53 EDT 2015,GUESS,Gossiping Updates,Efficient Spectrum Sensing,Wireless radios,Frequency-agile,emptyanswer,emptyanswer,emptyanswer,emptyanswer,emptyanswer,emptyanswer,emptyanswer,emptyanswer,emptyanswer,emptyanswer,emptyanswer
3BA7SXOG1IPIS54OZZN3QC0M4H4R8W,3MB8LZR5BFSU7S86T6SCJOW0NOEKLT,A1BV5YY1UQCMZY,Approved,Sat Mar 14 16:13:33 EDT 2015,Sat Mar 14 16:15:02 EDT 2015,rf spectrum,radio,spectral sensing,fast information convergence,future,emptyanswer,emptyanswer,emptyanswer,emptyanswer,emptyanswer,emptyanswer,emptyanswer,emptyanswer,emptyanswer,emptyanswer,emptyanswer
3BA7SXOG1IPIS54OZZN3QC0M4H4R8W,3907X2AHF04PHXJEWSFF09JQBY02PU,A3NDYVCFCYRPT9,Approved,Sat Mar 14 19:05:04 EDT 2015,Sat Mar 14 19:13:28 EDT 2015,wireless radios,wireless devices,spectrum sensing,spectral utilization,RF spectrum,spectrum sharing,information exchange,wireless networks,information convergence,gossiping,radio frequency,emptyanswer,emptyanswer,emptyanswer,emptyanswer,emptyanswer
3BA7SXOG1IPIS54OZZN3QC0M4H4R8W,37TD41K0AH8ZS7R8L28F7RXNAAMCSX,A2I4DDHMIT7HX,Approved,Sat Mar 14 20:02:04 EDT 2015,Sat Mar 14 20:03:34 EDT 2015,frequency-agile,wireless devices,coordinated spectral sensing,network overhead,spectral utilization,emptyanswer,emptyanswer,emptyanswer,emptyanswer,emptyanswer,emptyanswer,emptyanswer,emptyanswer,emptyanswer,emptyanswer,emptyanswer
3BA7SXOG1IPIS54OZZN3QC0M4H4R8W,3L6L49WXW0WVR1GIGRPPVIB74DY45B,A1G94QON7A9K0N,Approved,Sat Mar 14 20:04:49 EDT 2015,Sat Mar 14 20:05:08 EDT 2015,wireless,agile,convergence,solution,network,emptyanswer,emptyanswer,emptyanswer,emptyanswer,emptyanswer,emptyanswer,emptyanswer,emptyanswer,emptyanswer,emptyanswer,emptyanswer
3BA7SXOG1IPIS54OZZN3QC0M4H4R8W,3U088ZLJVKS85WD1TRPW9FY77YR0WD,A29ZV4XJB7R1O,Approved,Sat Mar 14 20:48:53 EDT 2015,Sat Mar 14 21:03:02 EDT 2015,GUESS,Gossiping,Efficient,Spectrum,Sensing,emptyanswer,emptyanswer,emptyanswer,emptyanswer,emptyanswer,emptyanswer,emptyanswer,emptyanswer,emptyanswer,emptyanswer,emptyanswer
3BA7SXOG1IPIS54OZZN3QC0M4H4R8W,38YMOXR4MUY3J7ZGVG5DIG8YK1IW6F,A9VLWY4KW6OCB,Approved,Sat Mar 14 21:58:51 EDT 2015,Sat Mar 14 22:13:55 EDT 2015,GUESS,Gossiping,Updates,Spectrum,Sensing,emptyanswer,emptyanswer,emptyanswer,emptyanswer,emptyanswer,emptyanswer,emptyanswer,emptyanswer,emptyanswer,emptyanswer,emptyanswer
3BA7SXOG1IPIS54OZZN3QC0M4H4R8W,39L1G8WVWQQBLNWVFQIUIN6KEX913H,ACVJ6IUO9QM4R,Approved,Sat Mar 14 22:35:53 EDT 2015,Sat Mar 14 22:36:34 EDT 2015,wireless radios,frequency-agile,supporting opportunistic and adaptive use of the RF spectrum,exponentially-fast information convergence,participating nodes,emptyanswer,emptyanswer,emptyanswer,emptyanswer,emptyanswer,emptyanswer,emptyanswer,emptyanswer,emptyanswer,emptyanswer,emptyanswer
3BA7SXOG1IPIS54OZZN3QC0M4H4R8W,3RYC5T2D73S6LH0ZBIUG1HRYNRZRPJ,ATOMPVWZKAE0E,Approved,Sun Mar 15 00:37:34 EDT 2015,Sun Mar 15 00:40:46 EDT 2015,Gossiping Updates for Efficient Spectrum Sensing (GUESS),Wireless radio,sharing RF spectrum data between wireless devices,coordinated spectral sensing and spectral utilization,fast information convergence,emptyanswer,emptyanswer,emptyanswer,emptyanswer,emptyanswer,emptyanswer,emptyanswer,emptyanswer,emptyanswer,emptyanswer,emptyanswer
3BA7SXOG1IPIS54OZZN3QC0M4H4R8W,3IJXV6UZ1XIE4VDVYN4WSKQM1D7IR1,A1GK9ZI7T30X9Z,Approved,Sun Mar 15 01:45:48 EDT 2015,Sun Mar 15 01:47:33 EDT 2015,GUESS,Gossiping Updates,Efficient Spectrum Sensing,Wireless,frequency-agile,RF,spectral utilization,spectrum,resilient,emptyanswer,emptyanswer,emptyanswer,emptyanswer,emptyanswer,emptyanswer,emptyanswer
3BA7SXOG1IPIS54OZZN3QC0M4H4R8W,352YTHGROVC77U0DHTQYKFEX9M94HC,A3UN57EC5AXY1Z,Approved,Sun Mar 15 01:52:43 EDT 2015,Sun Mar 15 01:54:02 EDT 2015,efficient spectrum sensing,wireless radios,frequency agile,RF spectrum,wireless,emptyanswer,emptyanswer,emptyanswer,emptyanswer,emptyanswer,emptyanswer,emptyanswer,emptyanswer,emptyanswer,emptyanswer,emptyanswer
3BA7SXOG1IPIS54OZZN3QC0M4H4R8W,3V0Z7YWSIYZ2MHGAI4OE6188XNO2V4,AHAJG2TJ4P3G2,Approved,Sun Mar 15 02:03:53 EDT 2015,Sun Mar 15 02:09:05 EDT 2015,GUESS is a novel incremental gossiping approach,Gossiping Updates,Spectrum Sensing,Wireless devices,coordinated spectral sensing,RF spectrum,frequency-agile,emptyanswer,emptyanswer,emptyanswer,emptyanswer,emptyanswer,emptyanswer,emptyanswer,emptyanswer,emptyanswer
3BA7SXOG1IPIS54OZZN3QC0M4H4R8W,3ZSANO2JCF66VJBIC4YGFXIQ7N0SFA,A1YNGE7LM9TQHL,Approved,Sun Mar 15 02:12:51 EDT 2015,Sun Mar 15 02:13:54 EDT 2015,GUESS: Gossiping Updates for Efficient Spectrum Sensing,"Wireless radios of the future will likely be frequency-agile, that is, supporting opportunistic and adaptive use of the RF spectrum.",Such radios must coordinate with each other to build an accurate and consistent map of spectral utilization in their surroundings.,We focus on the problem of sharing RF spectrum data among a collection of wireless devices.,The inherent requirements of such data and the time-granularity at which it must be collected makes this problem both interesting and technically challenging.,"We propose GUESS, a novel incremental gossiping approach to coordinated spectral sensing.","It (1) reduces protocol overhead by limiting the amount of information exchanged between participating nodes, (2) is resilient to network alterations, due to node movement or node failures, and (3) allows exponentially-fast information convergence.",We outline an initial solution incorporating these ideas and also show how our approach reduces network overhead by up to a factor of 2.4 and results in up to 2.7 times faster information convergence than alternative approaches.,emptyanswer,emptyanswer,emptyanswer,emptyanswer,emptyanswer,emptyanswer,emptyanswer,emptyanswer
3BA7SXOG1IPIS54OZZN3QC0M4H4R8W,3I2PTA7R3TT5YPOJLB080AVUXVXQKM,A2TM0CPAMAO45B,Approved,Sun Mar 15 03:07:13 EDT 2015,Sun Mar 15 03:08:06 EDT 2015,wireless radios,frequency-agile,sharing RF spectrum data among a collection of wireless devices,novel incremental gossiping approach to coordinated spectral sensing,reduce protocol overhead,emptyanswer,emptyanswer,emptyanswer,emptyanswer,emptyanswer,emptyanswer,emptyanswer,emptyanswer,emptyanswer,emptyanswer,emptyanswer
3BA7SXOG1IPIS54OZZN3QC0M4H4R8W,3VP0C6EFSGV7EV52REZQ9I67MZLM6V,A19HCBT1EH8484,Approved,Sun Mar 15 06:47:33 EDT 2015,Sun Mar 15 06:53:36 EDT 2015,opportunistic,coordinate,incremental,convergence,approaches,emptyanswer,emptyanswer,emptyanswer,emptyanswer,emptyanswer,emptyanswer,emptyanswer,emptyanswer,emptyanswer,emptyanswer,emptyanswer
3BA7SXOG1IPIS54OZZN3QC0M4H4R8W,3WJ1OXY92AFTG8F1NQ6JK57YYDNA8M,A3VOMP0WOJTB4I,Approved,Sun Mar 15 06:47:09 EDT 2015,Sun Mar 15 06:54:21 EDT 2015,adaptive,gossiping,allows,network,information,emptyanswer,emptyanswer,emptyanswer,emptyanswer,emptyanswer,emptyanswer,emptyanswer,emptyanswer,emptyanswer,emptyanswer,emptyanswer
