HitId,AssignmentId,WorkerId,Status,AcceptTime,SubmitTime,Answer 1,Answer 2,Answer 3,Answer 4,Answer 5,Answer 6,Answer 7,Answer 8,Answer 9,Answer 10,Answer 11,Answer 12,Answer 13,Answer 14,Answer 15,Answer 16
3BCRDCM0OCT91N85G0H85MIH3UK6KW,34BBWHLWHAAJCRUHXHE2FJY3SX1IWS,A1W7BQWWGKJ3XF,Approved,Mon Mar 02 13:32:40 EST 2015,Mon Mar 02 13:35:09 EST 2015,Architecture,Pervasive Document Editing,Collaborative document processing,database techniques,real-time updating,sophisticated collaboration scenarios,multiple devices,up-to-date documents,document meta data,conceptual architecture,n/a,n/a,n/a,n/a,n/a,n/a
3BCRDCM0OCT91N85G0H85MIH3UK6KW,3BEFOD78W6STZ81O8Q6BCKMTPEQ4ME,A22R7DT2XQIKXV,Approved,Mon Mar 02 14:56:54 EST 2015,Mon Mar 02 14:57:00 EST 2015,aa,aa,aa,aa,aa,emptyanswer,emptyanswer,emptyanswer,emptyanswer,emptyanswer,emptyanswer,emptyanswer,emptyanswer,emptyanswer,emptyanswer,emptyanswer
3BCRDCM0OCT91N85G0H85MIH3UK6KW,3NJM2BJS4W52FFBGTL4LCMSCMWLPCB,A3ODG942FG22PJ,Approved,Mon Mar 02 16:29:23 EST 2015,Mon Mar 02 16:29:59 EST 2015,Architecture,Pervasive,Document,Editing,Managing System,NA,NA,NA,NA,NA,NA,NA,NA,NA,NA,NA
3BCRDCM0OCT91N85G0H85MIH3UK6KW,33FBRBDW6OYH9NCZ742AQ0XMXM5C8Y,A2R085B34P2LYS,Approved,Mon Mar 02 22:31:36 EST 2015,Mon Mar 02 22:44:13 EST 2015,Concept,Architecture,Pervasive,Document,Editing,optional,optional,optional,optional,optional,optional,optional,optional,optional,optional,optional
3BCRDCM0OCT91N85G0H85MIH3UK6KW,31N2WW6R9RP2B2Q3MPXF7PAEED73FA,A26M2B8NZVKWTZ,Approved,Mon Mar 02 23:21:04 EST 2015,Mon Mar 02 23:21:53 EST 2015,Pervasive,Architecture,Concept,Document,Managing,emptyanswer,emptyanswer,emptyanswer,emptyanswer,emptyanswer,emptyanswer,emptyanswer,emptyanswer,emptyanswer,emptyanswer,emptyanswer
3BCRDCM0OCT91N85G0H85MIH3UK6KW,3QUO65DNQUNGG9GF0CC6HS9SJSYOU7,A1B5NXRZQYRC4R,Approved,Tue Mar 03 06:22:16 EST 2015,Tue Mar 03 06:23:51 EST 2015,Concept,Architecture,Pervasive Document Editing,Managing System,database techniques,emptyanswer,emptyanswer,emptyanswer,emptyanswer,emptyanswer,emptyanswer,emptyanswer,emptyanswer,emptyanswer,emptyanswer,emptyanswer
3BCRDCM0OCT91N85G0H85MIH3UK6KW,3HL8HNGX450OQ4FJ3YYPY2D0E679FP,A3S81UFDOWF2ST,Approved,Tue Mar 03 09:50:56 EST 2015,Tue Mar 03 09:52:37 EST 2015,Collaborative document processing,document versioning and collaborative editing,pervasive document editing and managing system,real-time updating,always served with up-to-date documents,emptyanswer,emptyanswer,emptyanswer,emptyanswer,emptyanswer,emptyanswer,emptyanswer,emptyanswer,emptyanswer,emptyanswer,emptyanswer
3BCRDCM0OCT91N85G0H85MIH3UK6KW,32VNZTT0A73KWOEGDY2SYJG3V254RK,A27I79P03I0ZPO,Approved,Tue Mar 03 10:36:04 EST 2015,Tue Mar 03 10:36:28 EST 2015,Architecture,Concept,Pervasive,Document,Editing,emptyanswer,emptyanswer,emptyanswer,emptyanswer,emptyanswer,emptyanswer,emptyanswer,emptyanswer,emptyanswer,emptyanswer,emptyanswer
3BCRDCM0OCT91N85G0H85MIH3UK6KW,3M0BCWMB8VV9PJGBR7MLTWUQX9HBWG,A3FG9YWTFFK1AU,Approved,Tue Mar 03 16:53:35 EST 2015,Tue Mar 03 17:11:36 EST 2015,Concept and Architecture,Pervasive Document,Editing and Managing System,Collaborative document processing,document meta data,emptyanswer,emptyanswer,emptyanswer,emptyanswer,emptyanswer,emptyanswer,emptyanswer,emptyanswer,emptyanswer,emptyanswer,emptyanswer
3BCRDCM0OCT91N85G0H85MIH3UK6KW,3PJUZCGDJ6FFBP5WVKSJOAWER3989O,A9LA6QK6VCERR,Approved,Wed Mar 04 01:28:50 EST 2015,Wed Mar 04 01:30:37 EST 2015,Pervasive Document Editing,Collaborative document processing,document versioning and collaborative editing,conceptual architecture,sophisticated collaboration scenarios on multiple devices,emptyanswer,emptyanswer,emptyanswer,emptyanswer,emptyanswer,emptyanswer,emptyanswer,emptyanswer,emptyanswer,emptyanswer,emptyanswer
3BCRDCM0OCT91N85G0H85MIH3UK6KW,30BUDKLTXDUDJ3DB5X1244NYGBF5EM,A3FFZN4FO3Q789,Approved,Wed Mar 04 10:51:39 EST 2015,Wed Mar 04 10:58:19 EST 2015,preliminary,preliminary,preliminary,preliminary,preliminary,emptyanswer,emptyanswer,emptyanswer,emptyanswer,emptyanswer,emptyanswer,emptyanswer,emptyanswer,emptyanswer,emptyanswer,emptyanswer
3BCRDCM0OCT91N85G0H85MIH3UK6KW,3TE22NPXPBBDVICI2M6FQQ5T3QX44H,A3H35QRODK1C4K,Approved,Wed Mar 04 12:33:53 EST 2015,Wed Mar 04 12:34:10 EST 2015,concept,architecture,pervasive,document,editing,emptyanswer,emptyanswer,emptyanswer,emptyanswer,emptyanswer,emptyanswer,emptyanswer,emptyanswer,emptyanswer,emptyanswer,emptyanswer
3BCRDCM0OCT91N85G0H85MIH3UK6KW,32EYX73OY08JDM8VS4TABNEXUIHURR,A2F6ZON8X5EAGL,Approved,Wed Mar 04 16:14:50 EST 2015,Wed Mar 04 16:15:17 EST 2015,Concept and Architecture of a Pervasive Document Editing and Managing System,document,focus,scenarios,example,emptyanswer,emptyanswer,emptyanswer,emptyanswer,emptyanswer,emptyanswer,emptyanswer,emptyanswer,emptyanswer,emptyanswer,emptyanswer
3BCRDCM0OCT91N85G0H85MIH3UK6KW,3KXIR214I4F3S4XVY8NRXB8VJDR42D,A3OTLWGJFB65KD,Approved,Wed Mar 04 19:33:07 EST 2015,Wed Mar 04 19:33:18 EST 2015,nothing,nothing,nothing,nothing,nothing,emptyanswer,emptyanswer,emptyanswer,emptyanswer,emptyanswer,emptyanswer,emptyanswer,emptyanswer,emptyanswer,emptyanswer,emptyanswer
3BCRDCM0OCT91N85G0H85MIH3UK6KW,3JCG6DTRV3PR9SMEYGK5WW73VC7QQH,A1YLO4LT02D2F0,Approved,Wed Mar 04 23:13:41 EST 2015,Wed Mar 04 23:15:50 EST 2015,"collaborate, document, approach","focus, version","edit, address, angle","meta, data, organize","conceptual, architecture, issue.",emptyanswer,emptyanswer,emptyanswer,emptyanswer,emptyanswer,emptyanswer,emptyanswer,emptyanswer,emptyanswer,emptyanswer,emptyanswer
3BCRDCM0OCT91N85G0H85MIH3UK6KW,3MTMREQS4VH469BJLTMPYLAKFV4WAM,A3LUJSAN4DQ1ZT,Approved,Wed Mar 04 23:29:58 EST 2015,Wed Mar 04 23:30:46 EST 2015,architecture,pervasive document editing,managing system,organize,meta data,collaberative,versioning,editing,emptyanswer,emptyanswer,emptyanswer,emptyanswer,emptyanswer,emptyanswer,emptyanswer,emptyanswer
3BCRDCM0OCT91N85G0H85MIH3UK6KW,3X65QVEQI0MCOUWI1TBEV5JSHRVLCU,A3HPVFAF1U9WXK,Approved,Thu Mar 05 01:16:27 EST 2015,Thu Mar 05 01:17:07 EST 2015,Architecture,Pervasive Document Editing,collaborative editing,Managing,collaboration,document,emptyanswer,emptyanswer,emptyanswer,emptyanswer,emptyanswer,emptyanswer,emptyanswer,emptyanswer,emptyanswer,emptyanswer
3BCRDCM0OCT91N85G0H85MIH3UK6KW,3JWH6J9I9SCJ2P7XZ6VYXDHZ42TBNF,A2YW509B0UMSEH,Approved,Thu Mar 05 08:49:46 EST 2015,Thu Mar 05 08:52:08 EST 2015,Architecture,Document,Editing,Managing,System,emptyanswer,emptyanswer,emptyanswer,emptyanswer,emptyanswer,emptyanswer,emptyanswer,emptyanswer,emptyanswer,emptyanswer,emptyanswer
3BCRDCM0OCT91N85G0H85MIH3UK6KW,3VJ40NV2QIM1GW1Q07MWCWNQ0J1OT0,A1QUDNLO95AKS5,Approved,Thu Mar 05 10:02:51 EST 2015,Thu Mar 05 10:03:22 EST 2015,Concept,Architecture,Pervasive Document Editing,Managing System,document,emptyanswer,emptyanswer,emptyanswer,emptyanswer,emptyanswer,emptyanswer,emptyanswer,emptyanswer,emptyanswer,emptyanswer,emptyanswer
3BCRDCM0OCT91N85G0H85MIH3UK6KW,32Q90QCQ1SKG1MYECK586T6GD5WKEG,A3I10J1GPDAPQR,Approved,Thu Mar 05 15:59:42 EST 2015,Thu Mar 05 16:02:46 EST 2015,Concept and Architecture,Pervasive Document Editing and Managing System,document meta data,conceptual architecture,database techniques,emptyanswer,emptyanswer,emptyanswer,emptyanswer,emptyanswer,emptyanswer,emptyanswer,emptyanswer,emptyanswer,emptyanswer,emptyanswer
3BCRDCM0OCT91N85G0H85MIH3UK6KW,3QY5DC2MXRJMAW3M19TGUY0ERXJFU0,ADUJUZANFOWKW,Approved,Thu Mar 05 17:53:12 EST 2015,Thu Mar 05 17:53:37 EST 2015,architecture,editing,management,document,processing,emptyanswer,emptyanswer,emptyanswer,emptyanswer,emptyanswer,emptyanswer,emptyanswer,emptyanswer,emptyanswer,emptyanswer,emptyanswer
3BCRDCM0OCT91N85G0H85MIH3UK6KW,33UKMF9319JHTO6YWO8V66TDZTVTT8,A3DHYTZ1GPN0T8,Approved,Thu Mar 05 22:02:01 EST 2015,Thu Mar 05 22:02:27 EST 2015,Collaborative,concept,served,collaborative editing,sophisticated,emptyanswer,emptyanswer,emptyanswer,emptyanswer,emptyanswer,emptyanswer,emptyanswer,emptyanswer,emptyanswer,emptyanswer,emptyanswer
3BCRDCM0OCT91N85G0H85MIH3UK6KW,3PPTZCWALQJ0NKN5LC3INPJ70LLQZG,AQXSUU4I4DAH8,Approved,Fri Mar 06 10:49:48 EST 2015,Fri Mar 06 10:50:23 EST 2015,Concept and Architecture,database techniques,Managing System,Pervasive Document Editing,collaboration scenarios,emptyanswer,emptyanswer,emptyanswer,emptyanswer,emptyanswer,emptyanswer,emptyanswer,emptyanswer,emptyanswer,emptyanswer,emptyanswer
3BCRDCM0OCT91N85G0H85MIH3UK6KW,3137ONMDKG4BZ02VMTKT81EN6S3EG3,ADVZAZ12Z8N9J,Approved,Fri Mar 06 10:52:02 EST 2015,Fri Mar 06 10:57:35 EST 2015,"Collaborative document processing has been addressed by many approaches so far, most of which focus on document versioning and collaborative editing.",We address this issue from a different angle and describe the concept and architecture of a pervasive document editing and managing system.,It exploits database techniques and real-time updating for sophisticated collaboration scenarios on multiple devices.,"For this, we present our conceptual architecture for such a system and discuss it with an example.",N/A,emptyanswer,emptyanswer,emptyanswer,emptyanswer,emptyanswer,emptyanswer,emptyanswer,emptyanswer,emptyanswer,emptyanswer,emptyanswer
3BCRDCM0OCT91N85G0H85MIH3UK6KW,3J2UYBXQQLBABHYV29CSBLZUIEI601,A2SDTL2V8VJ25O,Approved,Fri Mar 06 16:08:07 EST 2015,Fri Mar 06 16:08:53 EST 2015,Concept,Architecture,Pervasive,Editing,Managing System,emptyanswer,emptyanswer,emptyanswer,emptyanswer,emptyanswer,emptyanswer,emptyanswer,emptyanswer,emptyanswer,emptyanswer,emptyanswer
3BCRDCM0OCT91N85G0H85MIH3UK6KW,3WI0P0II61RXWKX9693L1NA98SPRD1,A2KELEVTA0306Y,Approved,Sat Mar 07 03:27:57 EST 2015,Sat Mar 07 03:30:25 EST 2015,Collaborative,document,processing,many,approaches,most,focus on,versioning,collaborative,editing,address,issue,different,angle,describe,architecture
3BCRDCM0OCT91N85G0H85MIH3UK6KW,3NS0A6KXC479AVTRIGY6TBF5U18GZD,A3G4SXD4N30C3L,Approved,Sat Mar 07 13:21:28 EST 2015,Sat Mar 07 13:22:22 EST 2015,Concept and Architecture,Pervasive Document Editing and Managing System,Collaborative document processing,database techniques,real-time updating,up-to-date documents,emptyanswer,emptyanswer,emptyanswer,emptyanswer,emptyanswer,emptyanswer,emptyanswer,emptyanswer,emptyanswer,emptyanswer
3BCRDCM0OCT91N85G0H85MIH3UK6KW,3JCG6DTRV3PR9SMEYGK5WW73VLXQQP,A37WDQ1VG5XN6Z,Approved,Sat Mar 07 13:40:29 EST 2015,Sat Mar 07 13:40:36 EST 2015,nothing,nothing,nothing,nothing,nothing,emptyanswer,emptyanswer,emptyanswer,emptyanswer,emptyanswer,emptyanswer,emptyanswer,emptyanswer,emptyanswer,emptyanswer,emptyanswer
3BCRDCM0OCT91N85G0H85MIH3UK6KW,31Z0PCVWUKEUVQ9RJL5U1A1VA25T79,AKY7ZFPCHAXMJ,Approved,Sat Mar 07 14:15:25 EST 2015,Sat Mar 07 14:25:31 EST 2015,Collaborative document processing,multiple devices,conceptual architecture,document meta data,example,emptyanswer,emptyanswer,emptyanswer,emptyanswer,emptyanswer,emptyanswer,emptyanswer,emptyanswer,emptyanswer,emptyanswer,emptyanswer
3BCRDCM0OCT91N85G0H85MIH3UK6KW,3TU5ZICBRD0L3OMICM35A5M31FF8Q0,A9HQ3E0F2AGVO,Approved,Sat Mar 07 15:36:54 EST 2015,Sat Mar 07 15:37:32 EST 2015,Collaborative document processing,document versioning,collaborative editing,architecture,real-time updating,emptyanswer,emptyanswer,emptyanswer,emptyanswer,emptyanswer,emptyanswer,emptyanswer,emptyanswer,emptyanswer,emptyanswer,emptyanswer
3BCRDCM0OCT91N85G0H85MIH3UK6KW,37Z929RLG97GEOTJ7O35W1XRXIOST5,A38IE69ORDCEGY,Approved,Sun Mar 08 01:33:42 EST 2015,Sun Mar 08 01:35:25 EST 2015,pervasive document editing,collaborative document processing,real-time updating,multi-device collaboration scenarios,meta-data based organization,emptyanswer,emptyanswer,emptyanswer,emptyanswer,emptyanswer,emptyanswer,emptyanswer,emptyanswer,emptyanswer,emptyanswer,emptyanswer
3BCRDCM0OCT91N85G0H85MIH3UK6KW,3ZV9H2YQQD64MOCYCE7FBDWE9WS3WZ,A2EEL9YYUHL5SK,Approved,Sun Mar 08 15:16:38 EDT 2015,Sun Mar 08 15:18:14 EDT 2015,Concept and Architecture,Collaborative document processing,document versioning and collaborative editing,database techniques,real-time updating for sophisticated collaboration,emptyanswer,emptyanswer,emptyanswer,emptyanswer,emptyanswer,emptyanswer,emptyanswer,emptyanswer,emptyanswer,emptyanswer,emptyanswer
3BCRDCM0OCT91N85G0H85MIH3UK6KW,3ZDAD0O1T1COA5FI1Y9SV9EJCXFXT7,A2GBY8O6GYSB89,Approved,Sun Mar 08 18:27:00 EDT 2015,Sun Mar 08 18:27:54 EDT 2015,Concept and Architecture,Pervasive Document Editing,Managing System,different angle,pervasive document editing and managing system,conceptual architecture,emptyanswer,emptyanswer,emptyanswer,emptyanswer,emptyanswer,emptyanswer,emptyanswer,emptyanswer,emptyanswer,emptyanswer
3BCRDCM0OCT91N85G0H85MIH3UK6KW,3PJ71Z61R41X0PLBWZJ49096DCF193,A156NFBMKKLDL9,Approved,Sun Mar 08 21:56:44 EDT 2015,Sun Mar 08 21:57:01 EDT 2015,Concept,Architecture,Pervasive Document Editing,Managing System,real-time updating,emptyanswer,emptyanswer,emptyanswer,emptyanswer,emptyanswer,emptyanswer,emptyanswer,emptyanswer,emptyanswer,emptyanswer,emptyanswer
3BCRDCM0OCT91N85G0H85MIH3UK6KW,3TOK3KHVJTHEIY4JN4JV70V8BXN7O6,A3GSN49YWM9CLD,Approved,Mon Mar 09 05:09:15 EDT 2015,Mon Mar 09 05:10:35 EDT 2015,Collaborative,document meta data.,conceptual architecture,database,document versioning,emptyanswer,emptyanswer,emptyanswer,emptyanswer,emptyanswer,emptyanswer,emptyanswer,emptyanswer,emptyanswer,emptyanswer,emptyanswer
3BCRDCM0OCT91N85G0H85MIH3UK6KW,33SA9F9TRXT7WMSV1YOBU40B0NXEWK,A2SZAM3EZER2PH,Approved,Mon Mar 09 06:49:48 EDT 2015,Mon Mar 09 06:50:17 EDT 2015,Collaborative document,many approaches,collaborative editing,up-to-date documents,conceptual architecture,emptyanswer,emptyanswer,emptyanswer,emptyanswer,emptyanswer,emptyanswer,emptyanswer,emptyanswer,emptyanswer,emptyanswer,emptyanswer
3BCRDCM0OCT91N85G0H85MIH3UK6KW,3PEIJLRY6TSG2MJCW3E3ITLIGTCWXF,A1SIYZIVIO59CB,Approved,Mon Mar 09 08:53:12 EDT 2015,Mon Mar 09 08:53:49 EDT 2015,EDITING,MANAGING SYSTEM,COLLABORATIVE EDITING,DOCUMENTS,DOCUMENT PROCESSING,emptyanswer,emptyanswer,emptyanswer,emptyanswer,emptyanswer,emptyanswer,emptyanswer,emptyanswer,emptyanswer,emptyanswer,emptyanswer
3BCRDCM0OCT91N85G0H85MIH3UK6KW,33M4IA01QG0BUQ2QX94XVUD1OEGRXQ,ACYGMRGAZ22U7,Approved,Mon Mar 09 17:44:33 EDT 2015,Mon Mar 09 17:44:42 EDT 2015,Keyword/Keyphrase 1:,Keyword/Keyphrase 1:,Keyword/Keyphrase 1:,Keyword/Keyphrase 1:,Keyword/Keyphrase 1:,emptyanswer,emptyanswer,emptyanswer,emptyanswer,emptyanswer,emptyanswer,emptyanswer,emptyanswer,emptyanswer,emptyanswer,emptyanswer
3BCRDCM0OCT91N85G0H85MIH3UK6KW,3LRKMWOKB5GJV1LKJ1DHR7L4KNZZ2J,APEB5ERGCYP6D,Approved,Tue Mar 10 01:44:03 EDT 2015,Tue Mar 10 02:33:46 EDT 2015,Collaborative document processing has been addressed,document versioning and collaborative editing,a different angle and describe the concept,present our conceptual architecture,organize his work based on document meta dat,emptyanswer,emptyanswer,emptyanswer,emptyanswer,emptyanswer,emptyanswer,emptyanswer,emptyanswer,emptyanswer,emptyanswer,emptyanswer
3BCRDCM0OCT91N85G0H85MIH3UK6KW,3VSOLARPKB8TASZQJ3XNXTO3BYG93U,A2E2IQ99W6B7AV,Approved,Tue Mar 10 03:16:05 EDT 2015,Tue Mar 10 03:17:06 EDT 2015,Document editing system,Pervasive editing,Database techniques,Collaborative editing,Conceptual architecture,emptyanswer,emptyanswer,emptyanswer,emptyanswer,emptyanswer,emptyanswer,emptyanswer,emptyanswer,emptyanswer,emptyanswer,emptyanswer
3BCRDCM0OCT91N85G0H85MIH3UK6KW,3IO1LGZLK9WST63YXDP7405C1KL68V,A17JEL4FN1B9TB,Approved,Tue Mar 10 12:08:27 EDT 2015,Tue Mar 10 12:09:13 EDT 2015,Concept,Architecture,Pervasive,Document,Editing,Managing,System,emptyanswer,emptyanswer,emptyanswer,emptyanswer,emptyanswer,emptyanswer,emptyanswer,emptyanswer,emptyanswer
3BCRDCM0OCT91N85G0H85MIH3UK6KW,3LRLIPTPEQ8DB9H2WF3MAAGPS3BAKE,A1JWEYGDFDB100,Approved,Tue Mar 10 14:01:53 EDT 2015,Tue Mar 10 14:03:16 EDT 2015,Concept and Architecture,Pervasive Document Editing,Managing System,document meta data,document versioning and collaborative editing,emptyanswer,emptyanswer,emptyanswer,emptyanswer,emptyanswer,emptyanswer,emptyanswer,emptyanswer,emptyanswer,emptyanswer,emptyanswer
3BCRDCM0OCT91N85G0H85MIH3UK6KW,3A7Y0R2P2ONUW2JDP4VOT3RAEZLXJ7,AW36CVMS3526O,Approved,Tue Mar 10 14:40:06 EDT 2015,Tue Mar 10 14:41:44 EDT 2015,Managing,versioning,address,techniques,architecture,emptyanswer,emptyanswer,emptyanswer,emptyanswer,emptyanswer,emptyanswer,emptyanswer,emptyanswer,emptyanswer,emptyanswer,emptyanswer
3BCRDCM0OCT91N85G0H85MIH3UK6KW,34J10VATJFXESUYVL8FWNUGH4I2IQE,ANB69EQROUTQJ,Approved,Tue Mar 10 23:31:30 EDT 2015,Tue Mar 10 23:32:41 EDT 2015,architecture,document editing,collaborative document processing,versioning,real-time updating,sophisticaated,emptyanswer,emptyanswer,emptyanswer,emptyanswer,emptyanswer,emptyanswer,emptyanswer,emptyanswer,emptyanswer,emptyanswer
3BCRDCM0OCT91N85G0H85MIH3UK6KW,33FBRBDW6OYH9NCZ742AQ0XMX7X8CS,A3UY2GVCKC8LSL,Approved,Wed Mar 11 00:06:19 EDT 2015,Wed Mar 11 00:07:09 EDT 2015,Collaborative,Architecture,Managing System,Pervasive Document Editing,up-to-date documents,emptyanswer,emptyanswer,emptyanswer,emptyanswer,emptyanswer,emptyanswer,emptyanswer,emptyanswer,emptyanswer,emptyanswer,emptyanswer
3BCRDCM0OCT91N85G0H85MIH3UK6KW,3LRLIPTPEQ8DB9H2WF3MAAGPS4AKAP,A3K6BSW10S4YKJ,Approved,Wed Mar 11 01:11:32 EDT 2015,Wed Mar 11 01:12:49 EDT 2015,Collaborative document processing,focus on document versioning and collaborative editing,describe the concept and architecture of a pervasive document editing and managing system,exploits database techniques and real-time updating,conceptual architecture,emptyanswer,emptyanswer,emptyanswer,emptyanswer,emptyanswer,emptyanswer,emptyanswer,emptyanswer,emptyanswer,emptyanswer,emptyanswer
3BCRDCM0OCT91N85G0H85MIH3UK6KW,3R2UR8A0IAF8XDAA5HNT1Z8WDU1OXP,ATRHDYWCIYTDJ,Approved,Wed Mar 11 04:18:53 EDT 2015,Wed Mar 11 04:19:18 EDT 2015,document,addressed,approaches,collaborative,issue,emptyanswer,emptyanswer,emptyanswer,emptyanswer,emptyanswer,emptyanswer,emptyanswer,emptyanswer,emptyanswer,emptyanswer,emptyanswer
3BCRDCM0OCT91N85G0H85MIH3UK6KW,3K5TEWLKGVA6X2UC7796THFPLB1VI7,A3CMDYA9USA3MR,Approved,Wed Mar 11 07:33:00 EDT 2015,Wed Mar 11 07:33:11 EDT 2015,Collaborative,processing,addressed,approaches,documents,emptyanswer,emptyanswer,emptyanswer,emptyanswer,emptyanswer,emptyanswer,emptyanswer,emptyanswer,emptyanswer,emptyanswer,emptyanswer
3BCRDCM0OCT91N85G0H85MIH3UK6KW,37W3JXSD66752R9M1Z0517SRI3HYW6,A28IXE702NXWKQ,Approved,Wed Mar 11 15:35:49 EDT 2015,Wed Mar 11 15:37:57 EDT 2015,Collaborative document,addressed by many approaches so far,concept and architecture,pervasive document editing and managing system,conceptual architecture for such a system,emptyanswer,emptyanswer,emptyanswer,emptyanswer,emptyanswer,emptyanswer,emptyanswer,emptyanswer,emptyanswer,emptyanswer,emptyanswer
3BCRDCM0OCT91N85G0H85MIH3UK6KW,3DR23U6WE5DF45O16TJ07KTCXY8ETY,A2KS418T8MPLJH,Approved,Thu Mar 12 12:09:55 EDT 2015,Thu Mar 12 12:10:48 EDT 2015,Concept and Architecture of a Pervasive Document Editing and Managing System,Pervasive Document Editing and Managing System,Collaborative document processing has been addressed by many approaches,It exploits database techniques and real-time updating for sophisticated collaboration scenarios on multiple devices,Each user is always served with up-to-date documents and can organize his work based on document meta data,emptyanswer,emptyanswer,emptyanswer,emptyanswer,emptyanswer,emptyanswer,emptyanswer,emptyanswer,emptyanswer,emptyanswer,emptyanswer
3BCRDCM0OCT91N85G0H85MIH3UK6KW,3DUZQ9U6SMNVRGX8CJ3KXJLCVAZSVV,AU3WQKISBW5MZ,Approved,Thu Mar 12 13:06:54 EDT 2015,Thu Mar 12 13:08:02 EDT 2015,Collaborative document processing has been addressed by many approaches,We address this issue from a different angle and describe the concept and architecture,It exploits database techniques and real-time updating for sophisticated collaboration scenarios on multiple devices,Each user is always served with up-to-date documents and can organize his work based on document meta data. For this,we present our conceptual architecture for such a system and discuss,emptyanswer,emptyanswer,emptyanswer,emptyanswer,emptyanswer,emptyanswer,emptyanswer,emptyanswer,emptyanswer,emptyanswer,emptyanswer
3BCRDCM0OCT91N85G0H85MIH3UK6KW,3VZLGYJEYL9KWHOH7QYAHXF0Y07XZ8,AM1HY736BY3Z8,Approved,Thu Mar 12 13:13:20 EDT 2015,Thu Mar 12 13:14:43 EDT 2015,Concept and Architecture of a Pervasive Document Editing and Managing System,"Collaborative document processing has been addressed by many approaches so far, most of which focus on document versioning and collaborative editing",We address this issue from a different angle and describe the concept and architecture of a pervasive document editing and managing system.,Each user is always served with up-to-date documents and can organize his work based on document meta data,we present our conceptual architecture for such a system,emptyanswer,emptyanswer,emptyanswer,emptyanswer,emptyanswer,emptyanswer,emptyanswer,emptyanswer,emptyanswer,emptyanswer,emptyanswer
3BCRDCM0OCT91N85G0H85MIH3UK6KW,37KGEN7NJ3PL94KKYQQRWMRJM3HPPJ,AL9R6CILUG30X,Approved,Fri Mar 13 01:52:41 EDT 2015,Fri Mar 13 01:54:27 EDT 2015,Pervasive Document Editing,Pervasive Document Managing System,database techniques,real-time updating,document meta data,working on multiple devices,emptyanswer,emptyanswer,emptyanswer,emptyanswer,emptyanswer,emptyanswer,emptyanswer,emptyanswer,emptyanswer,emptyanswer
3BCRDCM0OCT91N85G0H85MIH3UK6KW,3DUZQ9U6SMNVRGX8CJ3KXJLCVC4VS7,A1A9GCQVBEMT58,Approved,Fri Mar 13 07:59:10 EDT 2015,Fri Mar 13 08:02:34 EDT 2015,Collaborative document processing,document versioning and collaborative editing,pervasive document editing,exploits database techniques,real-time updating,sophisticated collaboration scenarios,conceptual architecture,emptyanswer,emptyanswer,emptyanswer,emptyanswer,emptyanswer,emptyanswer,emptyanswer,emptyanswer,emptyanswer
3BCRDCM0OCT91N85G0H85MIH3UK6KW,3RWE2M8QWH9II24N1QY9DWLGEHQ0NF,A610SH5RY1NG1,Approved,Fri Mar 13 14:07:51 EDT 2015,Fri Mar 13 14:08:06 EDT 2015,collaborative,document,managing,editing,pervasive,emptyanswer,emptyanswer,emptyanswer,emptyanswer,emptyanswer,emptyanswer,emptyanswer,emptyanswer,emptyanswer,emptyanswer,emptyanswer
3BCRDCM0OCT91N85G0H85MIH3UK6KW,3DHE4R9OCWAJ4KQFT9PS605YA4YG2J,A3DTN2OMF6DUSI,Approved,Fri Mar 13 23:24:28 EDT 2015,Fri Mar 13 23:24:33 EDT 2015,model,model,model,model,model,emptyanswer,emptyanswer,emptyanswer,emptyanswer,emptyanswer,emptyanswer,emptyanswer,emptyanswer,emptyanswer,emptyanswer,emptyanswer
3BCRDCM0OCT91N85G0H85MIH3UK6KW,3PM8NZGV8YFBIPNQKUFXQ43WT2IXQK,A8HUG07IE2R3,Approved,Sat Mar 14 09:20:33 EDT 2015,Sat Mar 14 09:27:42 EDT 2015,Pervasive Document Editing and Managing System,document versioning and collaborative editing,concept and architecture of a pervasive document,his work based on document meta data,conceptual architecture for such a system,emptyanswer,emptyanswer,emptyanswer,emptyanswer,emptyanswer,emptyanswer,emptyanswer,emptyanswer,emptyanswer,emptyanswer,emptyanswer
3BCRDCM0OCT91N85G0H85MIH3UK6KW,32XVDSJFPZWJWUM14CNNJ5PV6SQ2MX,A2Z9HR2IBD75R9,Approved,Sat Mar 14 10:01:26 EDT 2015,Sat Mar 14 10:01:39 EDT 2015,Concept,Architecture,Pervasive,Editing,System,emptyanswer,emptyanswer,emptyanswer,emptyanswer,emptyanswer,emptyanswer,emptyanswer,emptyanswer,emptyanswer,emptyanswer,emptyanswer
3BCRDCM0OCT91N85G0H85MIH3UK6KW,3V5Q80FXIXQIA8ERYUI8N6GP62B23L,A9JNBWXAFAATJ,Approved,Sat Mar 14 10:31:40 EDT 2015,Sat Mar 14 10:33:08 EDT 2015,collaborative document processing,database techniques,real-time updating,document meta data,pervasive document editing,pervasive document managing,emptyanswer,emptyanswer,emptyanswer,emptyanswer,emptyanswer,emptyanswer,emptyanswer,emptyanswer,emptyanswer,emptyanswer
3BCRDCM0OCT91N85G0H85MIH3UK6KW,3MTMREQS4VH469BJLTMPYLAKGJFAWO,A2UNRV6PEOEXG0,Approved,Sat Mar 14 13:37:09 EDT 2015,Sat Mar 14 13:38:05 EDT 2015,Pervasive document editing,collaborative document processing,conceptual architecture,real-time updating,organization,emptyanswer,emptyanswer,emptyanswer,emptyanswer,emptyanswer,emptyanswer,emptyanswer,emptyanswer,emptyanswer,emptyanswer,emptyanswer
3BCRDCM0OCT91N85G0H85MIH3UK6KW,3Z4GS9HPNV97XSCK6I2TWE9DMKA772,AEISWC78MXIR5,Approved,Sat Mar 14 16:28:43 EDT 2015,Sat Mar 14 16:29:33 EDT 2015,Document Editing,Managing System,Collaborative,document processing,document versioning,editing,emptyanswer,emptyanswer,emptyanswer,emptyanswer,emptyanswer,emptyanswer,emptyanswer,emptyanswer,emptyanswer,emptyanswer
3BCRDCM0OCT91N85G0H85MIH3UK6KW,3DYGAII7PL769GLZY35GWRHTR48PQP,AH3ER3EJXHRO2,Approved,Sat Mar 14 16:37:47 EDT 2015,Sat Mar 14 16:38:14 EDT 2015,concept,architecture,pervasive document editing,managing system,document processing,emptyanswer,emptyanswer,emptyanswer,emptyanswer,emptyanswer,emptyanswer,emptyanswer,emptyanswer,emptyanswer,emptyanswer,emptyanswer
3BCRDCM0OCT91N85G0H85MIH3UK6KW,3GM6G9ZBKNWDGTGENR7JKSYL66WTMB,AWFQ7OX0UPSM5,Approved,Sat Mar 14 16:48:45 EDT 2015,Sat Mar 14 16:57:15 EDT 2015,Pervasive Document Editing and Managing System,Collaborative document processing,document versioning,collaborative editing,real-time updating,emptyanswer,emptyanswer,emptyanswer,emptyanswer,emptyanswer,emptyanswer,emptyanswer,emptyanswer,emptyanswer,emptyanswer,emptyanswer
3BCRDCM0OCT91N85G0H85MIH3UK6KW,3GM6G9ZBKNWDGTGENR7JKSYL660MT8,ATOMPVWZKAE0E,Approved,Sat Mar 14 18:20:45 EDT 2015,Sat Mar 14 18:23:24 EDT 2015,Managing System,Collaborative document processing,document versioning,pervasive document editing,concept and architecture,database technique,real-time updating,multiple device,meta data,emptyanswer,emptyanswer,emptyanswer,emptyanswer,emptyanswer,emptyanswer,emptyanswer
3BCRDCM0OCT91N85G0H85MIH3UK6KW,3KYQYYSHYV6UZ75TEHMH7S54YKUDOY,AHAJG2TJ4P3G2,Approved,Sat Mar 14 19:40:52 EDT 2015,Sat Mar 14 19:43:46 EDT 2015,Document Editing and Managing System,Collaborative document processing,collaborative editing,document editing and managing system,database techniques,real-time updating,conceptual architecture,emptyanswer,emptyanswer,emptyanswer,emptyanswer,emptyanswer,emptyanswer,emptyanswer,emptyanswer,emptyanswer
3BCRDCM0OCT91N85G0H85MIH3UK6KW,3NPI0JQDAO4J1WDRF7ZB1WSGBBETPE,A1BV5YY1UQCMZY,Approved,Sat Mar 14 19:45:02 EDT 2015,Sat Mar 14 19:45:43 EDT 2015,concept,architecture,pervasive document editing,managing system,collaborative document processing,conceptual architecture,emptyanswer,emptyanswer,emptyanswer,emptyanswer,emptyanswer,emptyanswer,emptyanswer,emptyanswer,emptyanswer,emptyanswer
3BCRDCM0OCT91N85G0H85MIH3UK6KW,3HL8HNGX450OQ4FJ3YYPY2D0FZU9FZ,ACVJ6IUO9QM4R,Approved,Sat Mar 14 20:45:16 EDT 2015,Sat Mar 14 20:46:16 EDT 2015,document processing,up-to-date documents,database techniques,real-time updating,managing system,emptyanswer,emptyanswer,emptyanswer,emptyanswer,emptyanswer,emptyanswer,emptyanswer,emptyanswer,emptyanswer,emptyanswer,emptyanswer
3BCRDCM0OCT91N85G0H85MIH3UK6KW,3TMSXRD2X6Z8CLYJPATWNKHHCQ01WK,A1G94QON7A9K0N,Approved,Sat Mar 14 21:05:33 EDT 2015,Sat Mar 14 21:05:50 EDT 2015,collaborative,document,editing,database,organize,emptyanswer,emptyanswer,emptyanswer,emptyanswer,emptyanswer,emptyanswer,emptyanswer,emptyanswer,emptyanswer,emptyanswer,emptyanswer
3BCRDCM0OCT91N85G0H85MIH3UK6KW,34T446B1C0DZRY7WC0PVXLR4FIA0C5,A29ZV4XJB7R1O,Approved,Sat Mar 14 20:58:41 EDT 2015,Sat Mar 14 21:16:01 EDT 2015,Concept,Architecture,Pervasive,Document,Managing,emptyanswer,emptyanswer,emptyanswer,emptyanswer,emptyanswer,emptyanswer,emptyanswer,emptyanswer,emptyanswer,emptyanswer,emptyanswer
