HitId,AssignmentId,WorkerId,Status,AcceptTime,SubmitTime,Answer 1,Answer 2,Answer 3,Answer 4,Answer 5,Answer 6,Answer 7,Answer 8,Answer 9,Answer 10,Answer 11,Answer 12,Answer 13,Answer 14,Answer 15,Answer 16
3BDORL6HKJCK48U1GB38SYW5U8PRC2,3S06PH7KSR393FYS8FO6VWSW4GM1DE,A22R7DT2XQIKXV,Approved,Mon Mar 02 14:02:42 EST 2015,Mon Mar 02 14:03:22 EST 2015,aa,aa,aa,aa,aa,emptyanswer,emptyanswer,emptyanswer,emptyanswer,emptyanswer,emptyanswer,emptyanswer,emptyanswer,emptyanswer,emptyanswer,emptyanswer
3BDORL6HKJCK48U1GB38SYW5U8PRC2,33LK57MYLT4C002IDGSNIPY8IYFSZU,A3ODG942FG22PJ,Approved,Mon Mar 02 16:38:38 EST 2015,Mon Mar 02 16:39:05 EST 2015,Utility,Maximization,Framework,Resource Selection,databases,na,na,na,na,na,na,na,na,na,na,na
3BDORL6HKJCK48U1GB38SYW5U8PRC2,32SCWG5HIH3DZY2FJURIQM02QAS6PI,A27I79P03I0ZPO,Approved,Mon Mar 02 21:46:44 EST 2015,Mon Mar 02 21:47:41 EST 2015,Unified,Maximization,Framework,Resource,Selection,emptyanswer,emptyanswer,emptyanswer,emptyanswer,emptyanswer,emptyanswer,emptyanswer,emptyanswer,emptyanswer,emptyanswer,emptyanswer
3BDORL6HKJCK48U1GB38SYW5U8PRC2,3JAOYWH7VI3AQWPFP91NTFIKB1Z9LY,AXJJYIFR3JVRJ,Approved,Mon Mar 02 21:53:07 EST 2015,Mon Mar 02 21:56:03 EST 2015,unified utility,information retrieval,document relevance,information retrieval framework,resource selection,emptyanswer,emptyanswer,emptyanswer,emptyanswer,emptyanswer,emptyanswer,emptyanswer,emptyanswer,emptyanswer,emptyanswer,emptyanswer
3BDORL6HKJCK48U1GB38SYW5U8PRC2,3URFVVM165HSFDUM2LNNXQGW3VGZUX,A2R085B34P2LYS,Approved,Mon Mar 02 21:54:52 EST 2015,Mon Mar 02 22:02:44 EST 2015,Unified,Utility,Maximization,Framework,Resource,optional,optional,optional,optional,optional,optional,optional,optional,optional,optional,optional
3BDORL6HKJCK48U1GB38SYW5U8PRC2,35GMH2SV3EGZRDJTACX1DANPX3NOE7,A26M2B8NZVKWTZ,Approved,Mon Mar 02 23:30:24 EST 2015,Mon Mar 02 23:32:28 EST 2015,Maximization,Framework,Resource,Selection,Utility,emptyanswer,emptyanswer,emptyanswer,emptyanswer,emptyanswer,emptyanswer,emptyanswer,emptyanswer,emptyanswer,emptyanswer,emptyanswer
3BDORL6HKJCK48U1GB38SYW5U8PRC2,3JV9LGBJWTDXBRFKG7NPDD81AJ3GOH,A2YW509B0UMSEH,Approved,Mon Mar 02 23:56:21 EST 2015,Mon Mar 02 23:59:11 EST 2015,Framework,documents,databases,information retrieval,Utility Maximization,Resource Selection,emptyanswer,emptyanswer,emptyanswer,emptyanswer,emptyanswer,emptyanswer,emptyanswer,emptyanswer,emptyanswer,emptyanswer
3BDORL6HKJCK48U1GB38SYW5U8PRC2,3XIQGXAUMC71C7IBOV6RQDM1NL67XT,A1B5NXRZQYRC4R,Approved,Tue Mar 03 06:38:10 EST 2015,Tue Mar 03 06:38:55 EST 2015,unified,utility,maximization,fremework,resource selection,emptyanswer,emptyanswer,emptyanswer,emptyanswer,emptyanswer,emptyanswer,emptyanswer,emptyanswer,emptyanswer,emptyanswer,emptyanswer
3BDORL6HKJCK48U1GB38SYW5U8PRC2,3DIP6YHAPCRW6LWD3V85GOXPI1FE8W,A3FFZN4FO3Q789,Approved,Wed Mar 04 10:48:46 EST 2015,Wed Mar 04 10:55:20 EST 2015,preliminary,preliminary,preliminary,preliminary,preliminary,emptyanswer,emptyanswer,emptyanswer,emptyanswer,emptyanswer,emptyanswer,emptyanswer,emptyanswer,emptyanswer,emptyanswer,emptyanswer
3BDORL6HKJCK48U1GB38SYW5U8PRC2,35DR22AR5DJJBOHOMJ31DWALIL0X3Y,A3S81UFDOWF2ST,Approved,Wed Mar 04 11:14:31 EST 2015,Wed Mar 04 11:15:38 EST 2015,Unified Utility Maximization Framework,Resource Selection,probabilities of relevance,database recommendation,information retrieval,emptyanswer,emptyanswer,emptyanswer,emptyanswer,emptyanswer,emptyanswer,emptyanswer,emptyanswer,emptyanswer,emptyanswer,emptyanswer
3BDORL6HKJCK48U1GB38SYW5U8PRC2,3IAS3U3I0FFND3I4DNXE5PE1T4I2BP,A17JEL4FN1B9TB,Approved,Wed Mar 04 12:15:48 EST 2015,Wed Mar 04 12:17:09 EST 2015,Unified,Utility,Maximization,Framework,Resource,Selection,distributed,text,information,retrieval,emptyanswer,emptyanswer,emptyanswer,emptyanswer,emptyanswer,emptyanswer
3BDORL6HKJCK48U1GB38SYW5U8PRC2,3TVRFO09GKE0RS7DSP719I42I7XXLI,A3H35QRODK1C4K,Approved,Wed Mar 04 12:35:14 EST 2015,Wed Mar 04 12:35:34 EST 2015,unified,utility,maximization,framework,resource,emptyanswer,emptyanswer,emptyanswer,emptyanswer,emptyanswer,emptyanswer,emptyanswer,emptyanswer,emptyanswer,emptyanswer,emptyanswer
3BDORL6HKJCK48U1GB38SYW5U8PRC2,36H9ULYP62TDWGSSPAP2NWR3AE4JFL,A2F6ZON8X5EAGL,Approved,Wed Mar 04 14:27:45 EST 2015,Wed Mar 04 14:28:24 EST 2015,Unified Utility Maximization Framework for Resource Selection,information,database,document,alorgithm,emptyanswer,emptyanswer,emptyanswer,emptyanswer,emptyanswer,emptyanswer,emptyanswer,emptyanswer,emptyanswer,emptyanswer,emptyanswer
3BDORL6HKJCK48U1GB38SYW5U8PRC2,3R6BYFZZP7BER0XH6E43E5ZILCZFXL,A3OTLWGJFB65KD,Approved,Wed Mar 04 19:14:26 EST 2015,Wed Mar 04 19:14:36 EST 2015,nothing,nothing,nothing,nothing,nothing,emptyanswer,emptyanswer,emptyanswer,emptyanswer,emptyanswer,emptyanswer,emptyanswer,emptyanswer,emptyanswer,emptyanswer,emptyanswer
3BDORL6HKJCK48U1GB38SYW5U8PRC2,358010RM5ES3NXJ76T97WR24976XVC,A3LUJSAN4DQ1ZT,Approved,Wed Mar 04 22:59:22 EST 2015,Wed Mar 04 23:00:09 EST 2015,unified,utility,framework,high-precision,empirical,emptyanswer,emptyanswer,emptyanswer,emptyanswer,emptyanswer,emptyanswer,emptyanswer,emptyanswer,emptyanswer,emptyanswer,emptyanswer
3BDORL6HKJCK48U1GB38SYW5U8PRC2,3G2UL9A02DDOTSYFN8X1Q09HQL5674,A1YLO4LT02D2F0,Approved,Wed Mar 04 23:31:23 EST 2015,Wed Mar 04 23:33:04 EST 2015,paper presents a unified utility framework for resource selection,This new framework shows an efficient and effective way,"Specifically, when used for database recommendation",This new model provides a more solid framework,Empirical studies show that it is at least as effective as other state-of-the-art algorithms.,emptyanswer,emptyanswer,emptyanswer,emptyanswer,emptyanswer,emptyanswer,emptyanswer,emptyanswer,emptyanswer,emptyanswer,emptyanswer
3BDORL6HKJCK48U1GB38SYW5U8PRC2,3RRCEFRB7MBXGHXRH1G2Y4BZDK54BI,A9LA6QK6VCERR,Approved,Thu Mar 05 02:18:35 EST 2015,Thu Mar 05 02:20:01 EST 2015,unified utility framework,distributed text information retrieval,database recommendation,high-recall,distributed document retrieval,emptyanswer,emptyanswer,emptyanswer,emptyanswer,emptyanswer,emptyanswer,emptyanswer,emptyanswer,emptyanswer,emptyanswer,emptyanswer
3BDORL6HKJCK48U1GB38SYW5U8PRC2,3X0H8UUIT1N865XD2T8GJL4Q12AWSJ,A3I10J1GPDAPQR,Approved,Thu Mar 05 06:22:23 EST 2015,Thu Mar 05 06:24:57 EST 2015,Unified Utility Maximization Framework,Resource Selection,high-precision goal,solid framework,state-of-the-art algorithms,emptyanswer,emptyanswer,emptyanswer,emptyanswer,emptyanswer,emptyanswer,emptyanswer,emptyanswer,emptyanswer,emptyanswer,emptyanswer
3BDORL6HKJCK48U1GB38SYW5U8PRC2,37UEWGM5HT734PHXQGJQ0L90JNS1RB,A31T3Z9OJAOIZV,Approved,Thu Mar 05 08:48:29 EST 2015,Thu Mar 05 08:50:49 EST 2015,resource selection for distributed text retrieval,document relevance,high-recall from database,precision query results,search algorithms,optimizing applications,maximizing resource selection,emptyanswer,emptyanswer,emptyanswer,emptyanswer,emptyanswer,emptyanswer,emptyanswer,emptyanswer,emptyanswer
3BDORL6HKJCK48U1GB38SYW5U8PRC2,3CPLWGV3MOY0EWS01MH267M9G2X9NA,A1QUDNLO95AKS5,Approved,Thu Mar 05 11:48:28 EST 2015,Thu Mar 05 11:48:53 EST 2015,Unified Utility Maximization Framework,Resource Selection,databases,documents,algorithms,emptyanswer,emptyanswer,emptyanswer,emptyanswer,emptyanswer,emptyanswer,emptyanswer,emptyanswer,emptyanswer,emptyanswer,emptyanswer
3BDORL6HKJCK48U1GB38SYW5U8PRC2,37W3JXSD66752R9M1Z0517SRINRWYI,A3DHYTZ1GPN0T8,Approved,Thu Mar 05 12:39:07 EST 2015,Thu Mar 05 12:40:06 EST 2015,paper,framework,documents,optimizing,high-precision,emptyanswer,emptyanswer,emptyanswer,emptyanswer,emptyanswer,emptyanswer,emptyanswer,emptyanswer,emptyanswer,emptyanswer,emptyanswer
3BDORL6HKJCK48U1GB38SYW5U8PRC2,3DEL4X4EL6KKRRECB4WR3Q6YRQ8YXQ,AQXSUU4I4DAH8,Approved,Thu Mar 05 14:25:37 EST 2015,Thu Mar 05 14:27:00 EST 2015,Unified Utility Maximization Framework,Resource Selection,distributed text information,databases,optimizing the goals,emptyanswer,emptyanswer,emptyanswer,emptyanswer,emptyanswer,emptyanswer,emptyanswer,emptyanswer,emptyanswer,emptyanswer,emptyanswer
3BDORL6HKJCK48U1GB38SYW5U8PRC2,37Q970SNZE7F54HA55JVQVEW5R3S1M,A1W7BQWWGKJ3XF,Approved,Thu Mar 05 19:43:16 EST 2015,Thu Mar 05 19:44:14 EST 2015,Unified Utility Maximization Framework,resource selection,algorithms,relevance,database recommendation,emptyanswer,emptyanswer,emptyanswer,emptyanswer,emptyanswer,emptyanswer,emptyanswer,emptyanswer,emptyanswer,emptyanswer,emptyanswer
3BDORL6HKJCK48U1GB38SYW5U8PRC2,3SITXWYCNV8OEJL11CI7VF8X6IMXB8,ADUJUZANFOWKW,Approved,Thu Mar 05 22:11:19 EST 2015,Thu Mar 05 22:11:41 EST 2015,utility,resource,selection,databases,framework,emptyanswer,emptyanswer,emptyanswer,emptyanswer,emptyanswer,emptyanswer,emptyanswer,emptyanswer,emptyanswer,emptyanswer,emptyanswer
3BDORL6HKJCK48U1GB38SYW5U8PRC2,3X87C8JFV6A3M81RQK9ARWM4D68SQ0,A28IXE702NXWKQ,Approved,Fri Mar 06 09:01:58 EST 2015,Fri Mar 06 09:04:04 EST 2015,paper,documents,high-precision goal,Empirical studies,retrieval,emptyanswer,emptyanswer,emptyanswer,emptyanswer,emptyanswer,emptyanswer,emptyanswer,emptyanswer,emptyanswer,emptyanswer,emptyanswer
3BDORL6HKJCK48U1GB38SYW5U8PRC2,3ZY8KE4ISJ2JE0IVKFEF2J6BCBKVQS,A3G4SXD4N30C3L,Approved,Fri Mar 06 11:44:52 EST 2015,Fri Mar 06 11:45:39 EST 2015,Unified Utility Maximization Framework,Resource Selection,distributed text information retrieval,goal of high-recall,state-of-the-art algorithms,database recommendation,emptyanswer,emptyanswer,emptyanswer,emptyanswer,emptyanswer,emptyanswer,emptyanswer,emptyanswer,emptyanswer,emptyanswer
3BDORL6HKJCK48U1GB38SYW5U8PRC2,3B2X28YI3WEBV4150P9HV2VD9IY6B6,A14TK50KH724N6,Approved,Fri Mar 06 12:27:07 EST 2015,Fri Mar 06 12:28:07 EST 2015,Unified Utility Maximization Framework,Resource Selection,distributed text information retrieval,estimated relevance information,high-recall,state-of-the-art algorithms,emptyanswer,emptyanswer,emptyanswer,emptyanswer,emptyanswer,emptyanswer,emptyanswer,emptyanswer,emptyanswer,emptyanswer
3BDORL6HKJCK48U1GB38SYW5U8PRC2,378XPAWRUCCM5EREWCIAXU1C0S1IAC,A1VOWQJOBWOVKG,Approved,Fri Mar 06 19:33:18 EST 2015,Fri Mar 06 19:34:02 EST 2015,Unified Utility Maximization Framework,Resource Selection,utility framework,distributed text information retrieval,Empirical studies,emptyanswer,emptyanswer,emptyanswer,emptyanswer,emptyanswer,emptyanswer,emptyanswer,emptyanswer,emptyanswer,emptyanswer,emptyanswer
3BDORL6HKJCK48U1GB38SYW5U8PRC2,351SEKWQS0G6Z4KH1174FOGZ24KMD0,AZ90ET0O07IVQ,Approved,Fri Mar 06 19:39:37 EST 2015,Fri Mar 06 19:41:05 EST 2015,a unified utility framework for resource selection of distributed text information retrieval,efficient and effective way to infer the probabilities of relevance of all the documents across the text databases,resource selection can be made by explicitly optimizing the goals of different applications,This new model provides a more solid framework for distributed information retrieval,Empirical studies show that it is at least as effective as other state-of-the-art algorithms,emptyanswer,emptyanswer,emptyanswer,emptyanswer,emptyanswer,emptyanswer,emptyanswer,emptyanswer,emptyanswer,emptyanswer,emptyanswer
3BDORL6HKJCK48U1GB38SYW5U8PRC2,3I0BTBYZAXKCU1818S7KUCJNHQ4Y0Q,AF5NW2R9ST1KX,Approved,Sat Mar 07 08:15:32 EST 2015,Sat Mar 07 08:17:23 EST 2015,unified utility framework,probability of relevance,text databases,distributed information retrieval,empirical studies,emptyanswer,emptyanswer,emptyanswer,emptyanswer,emptyanswer,emptyanswer,emptyanswer,emptyanswer,emptyanswer,emptyanswer,emptyanswer
3BDORL6HKJCK48U1GB38SYW5U8PRC2,3JMSRU9HQITUHXSQBOJF82HXTAGEVN,AWQK8QA93VLW9,Approved,Sat Mar 07 10:44:54 EST 2015,Sat Mar 07 10:46:13 EST 2015,Unified Utility Maximization Framework,Resource Selection,unified utility framework,distributed text information retrieval,probabilities of relevance,text databases,high-recall,high-precision,emptyanswer,emptyanswer,emptyanswer,emptyanswer,emptyanswer,emptyanswer,emptyanswer,emptyanswer
3BDORL6HKJCK48U1GB38SYW5U8PRC2,3QEMNNSB2XYNE1DUXV5FW6J97G9D72,A9HQ3E0F2AGVO,Approved,Sat Mar 07 11:24:10 EST 2015,Sat Mar 07 11:25:38 EST 2015,distributed text information retrieval,relevance,high-recall,high-precision,Resource Selection,emptyanswer,emptyanswer,emptyanswer,emptyanswer,emptyanswer,emptyanswer,emptyanswer,emptyanswer,emptyanswer,emptyanswer,emptyanswer
3BDORL6HKJCK48U1GB38SYW5U8PRC2,3XM0HYN6NKYHCDVUPCAG2ASF7NWEPL,A38IE69ORDCEGY,Approved,Sat Mar 07 18:58:11 EST 2015,Sat Mar 07 18:59:37 EST 2015,Resource Selection,Utility Maximization,text databases,Selection optimization,Distributed document retrieval,emptyanswer,emptyanswer,emptyanswer,emptyanswer,emptyanswer,emptyanswer,emptyanswer,emptyanswer,emptyanswer,emptyanswer,emptyanswer
3BDORL6HKJCK48U1GB38SYW5U8PRC2,3LQ8PUHQFLR1F1ZS2IS2EGOGDQ0HI1,A1JWEYGDFDB100,Approved,Sun Mar 08 08:34:03 EDT 2015,Sun Mar 08 08:35:20 EDT 2015,Unified Utility Maximization Framework,Resource Selection,distributed text information retrieva,probabilities of relevance of all the documents,text databases,emptyanswer,emptyanswer,emptyanswer,emptyanswer,emptyanswer,emptyanswer,emptyanswer,emptyanswer,emptyanswer,emptyanswer,emptyanswer
3BDORL6HKJCK48U1GB38SYW5U8PRC2,3MH9DQ757WBSOWZHCTZYCJ0QSLJUGW,A1K9PIQUNAFW51,Approved,Sun Mar 08 13:39:37 EDT 2015,Sun Mar 08 13:41:12 EDT 2015,Unified Utility Maximization,distributed text information retrieval,state-of-the-art algorithm,high-precision goal,database recommendation,emptyanswer,emptyanswer,emptyanswer,emptyanswer,emptyanswer,emptyanswer,emptyanswer,emptyanswer,emptyanswer,emptyanswer,emptyanswer
3BDORL6HKJCK48U1GB38SYW5U8PRC2,34YB12FSQYN9BOU83R8CL9JWFZHMGX,A1AWEM2XEAVOVQ,Approved,Sun Mar 08 14:06:57 EDT 2015,Sun Mar 08 14:08:33 EDT 2015,unified utility framework,text information retrieval,documents,information,resource selection,emptyanswer,emptyanswer,emptyanswer,emptyanswer,emptyanswer,emptyanswer,emptyanswer,emptyanswer,emptyanswer,emptyanswer,emptyanswer
3BDORL6HKJCK48U1GB38SYW5U8PRC2,3R0T90IZ1SBW22IHQ2EYIDEKLLDGC9,A2GBY8O6GYSB89,Approved,Sun Mar 08 14:42:30 EDT 2015,Sun Mar 08 14:43:33 EDT 2015,Unified Utility Maximization Framework,Resource Selection,distributed text information retrieval,database recommendation,goal of high-recall,emptyanswer,emptyanswer,emptyanswer,emptyanswer,emptyanswer,emptyanswer,emptyanswer,emptyanswer,emptyanswer,emptyanswer,emptyanswer
3BDORL6HKJCK48U1GB38SYW5U8PRC2,3OF2M9AATGNECHPA87JLR37Y1KJZKX,A156NFBMKKLDL9,Approved,Sun Mar 08 16:43:28 EDT 2015,Sun Mar 08 16:44:53 EDT 2015,Unified Utility Maximization Framework,Resource Selection,distributed text information retrieval,high-precision goal,final merged list of documents,emptyanswer,emptyanswer,emptyanswer,emptyanswer,emptyanswer,emptyanswer,emptyanswer,emptyanswer,emptyanswer,emptyanswer,emptyanswer
3BDORL6HKJCK48U1GB38SYW5U8PRC2,3Y9N9SS8LYA5DIC7VJ2PJP7T2GQ3DU,A3EOFHEPL3L07Y,Approved,Sun Mar 08 17:47:47 EDT 2015,Sun Mar 08 17:51:35 EDT 2015,Unified Utility Maximization Framework,Unified Utility Maximization Framework for Resource Selection,Resource Selection,database recommendation,relevance of all the documents across the text databases,emptyanswer,emptyanswer,emptyanswer,emptyanswer,emptyanswer,emptyanswer,emptyanswer,emptyanswer,emptyanswer,emptyanswer,emptyanswer
3BDORL6HKJCK48U1GB38SYW5U8PRC2,3R2PKQ87NW7N7F03TF8F6LWCUDMIM0,A2SZAM3EZER2PH,Approved,Mon Mar 09 05:56:26 EDT 2015,Mon Mar 09 05:57:19 EDT 2015,framework,efficient and effective,optimizing the goals,high-recall,state-of-the-art algorithms,emptyanswer,emptyanswer,emptyanswer,emptyanswer,emptyanswer,emptyanswer,emptyanswer,emptyanswer,emptyanswer,emptyanswer,emptyanswer
3BDORL6HKJCK48U1GB38SYW5U8PRC2,3VA45EW49NM07CPHYO2M6Q4V8CV1OD,A2E2IQ99W6B7AV,Approved,Mon Mar 09 07:04:17 EDT 2015,Mon Mar 09 07:05:20 EDT 2015,Resource selection,Text retrieval,Utility framework,Document distribution,Selection optimization,emptyanswer,emptyanswer,emptyanswer,emptyanswer,emptyanswer,emptyanswer,emptyanswer,emptyanswer,emptyanswer,emptyanswer,emptyanswer
3BDORL6HKJCK48U1GB38SYW5U8PRC2,3YZ8UPK3VTLF7KJCA73FMSFBUVDUCC,A1SIYZIVIO59CB,Approved,Mon Mar 09 08:54:33 EDT 2015,Mon Mar 09 08:55:16 EDT 2015,FRAMEWORK,TEXT INFORMATION,INFORMATION RETRIEVAL,RESOURCE SELECTION,TEXT DATABASES,emptyanswer,emptyanswer,emptyanswer,emptyanswer,emptyanswer,emptyanswer,emptyanswer,emptyanswer,emptyanswer,emptyanswer,emptyanswer
3BDORL6HKJCK48U1GB38SYW5U8PRC2,3NPFYT4IZC3K50TCHYALWQZUM5SGX6,A3GSN49YWM9CLD,Approved,Mon Mar 09 11:17:33 EDT 2015,Mon Mar 09 11:20:27 EDT 2015,utility framework for resource selection,"distributed document retrieval,",solid framework for distributed information retrieval,state-of-the-art algorithms.,estimated relevance information,emptyanswer,emptyanswer,emptyanswer,emptyanswer,emptyanswer,emptyanswer,emptyanswer,emptyanswer,emptyanswer,emptyanswer,emptyanswer
3BDORL6HKJCK48U1GB38SYW5U8PRC2,3SEPORI8WNY804GOWG6WXP42WAOZAL,A1PXJWCNRYCBS5,Approved,Mon Mar 09 17:12:24 EDT 2015,Mon Mar 09 17:13:37 EDT 2015,Unified Utility,Maximizing Frameworks,Resource Selections,Empirical studies,Solid frameworks,emptyanswer,emptyanswer,emptyanswer,emptyanswer,emptyanswer,emptyanswer,emptyanswer,emptyanswer,emptyanswer,emptyanswer,emptyanswer
3BDORL6HKJCK48U1GB38SYW5U8PRC2,3OLQQLKKNSOLQ2SWUZ5W5E63YRBJEH,A3UY2GVCKC8LSL,Approved,Mon Mar 09 17:36:13 EDT 2015,Mon Mar 09 17:37:02 EDT 2015,Unified Utility,Maximization Framework,Resource Selection,high-precision goal,state-of-the-art algorithm,emptyanswer,emptyanswer,emptyanswer,emptyanswer,emptyanswer,emptyanswer,emptyanswer,emptyanswer,emptyanswer,emptyanswer,emptyanswer
3BDORL6HKJCK48U1GB38SYW5U8PRC2,3OONKJ5DKCI1KA790LVBC2H4UO9BOT,ACYGMRGAZ22U7,Approved,Mon Mar 09 18:03:18 EDT 2015,Mon Mar 09 18:03:33 EDT 2015,Keyword/Keyphrase 1:,Keyword/Keyphrase 1:,Keyword/Keyphrase 1:,Keyword/Keyphrase 1:,Keyword/Keyphrase 1:,emptyanswer,emptyanswer,emptyanswer,emptyanswer,emptyanswer,emptyanswer,emptyanswer,emptyanswer,emptyanswer,emptyanswer,emptyanswer
3BDORL6HKJCK48U1GB38SYW5U8PRC2,3NL0RFNU0FMY9K1LNETVX7UP0SI4KY,APEB5ERGCYP6D,Approved,Tue Mar 10 01:25:14 EDT 2015,Tue Mar 10 01:56:19 EDT 2015,paper presents a unified utility framework,resource selection of distributed text information retrieval,new framework shows an efficient,effective way to infer the probabilities,new model provides a more solid framework,emptyanswer,emptyanswer,emptyanswer,emptyanswer,emptyanswer,emptyanswer,emptyanswer,emptyanswer,emptyanswer,emptyanswer,emptyanswer
3BDORL6HKJCK48U1GB38SYW5U8PRC2,3ZGVPD4G6TGDF0FX2GXDSUUUK17TZ2,A5UZTMO507YXX,Approved,Tue Mar 10 13:34:37 EDT 2015,Tue Mar 10 13:35:04 EDT 2015,unified utility framework,resource selection,distributed text,information retrieval,databases,emptyanswer,emptyanswer,emptyanswer,emptyanswer,emptyanswer,emptyanswer,emptyanswer,emptyanswer,emptyanswer,emptyanswer,emptyanswer
3BDORL6HKJCK48U1GB38SYW5U8PRC2,39N5ACM9HEM0HH4DH1UUAWR4GVYP9E,AW36CVMS3526O,Approved,Tue Mar 10 14:00:37 EDT 2015,Tue Mar 10 14:02:18 EDT 2015,Framework,retrieval,efficien,possible,algorithms,emptyanswer,emptyanswer,emptyanswer,emptyanswer,emptyanswer,emptyanswer,emptyanswer,emptyanswer,emptyanswer,emptyanswer,emptyanswer
3BDORL6HKJCK48U1GB38SYW5U8PRC2,3R08VXYT7CUMN7DLEQA5OU8UE3DW76,A3K6BSW10S4YKJ,Approved,Wed Mar 11 01:20:04 EDT 2015,Wed Mar 11 01:21:04 EDT 2015,a unified utility framework for resource selection of distributed text information retrieval,high-recall,high-precision goal,new model provides a more solid framework,Empirical studies show that it is at least as effective as other state-of-the-art algorithms,emptyanswer,emptyanswer,emptyanswer,emptyanswer,emptyanswer,emptyanswer,emptyanswer,emptyanswer,emptyanswer,emptyanswer,emptyanswer
3BDORL6HKJCK48U1GB38SYW5U8PRC2,3Y5140Z9DXFTSIXGLV07NPQ7ZMUPI8,ATRHDYWCIYTDJ,Approved,Wed Mar 11 04:44:35 EDT 2015,Wed Mar 11 04:44:54 EDT 2015,distributed,retrieval,document,effective,algorithms,emptyanswer,emptyanswer,emptyanswer,emptyanswer,emptyanswer,emptyanswer,emptyanswer,emptyanswer,emptyanswer,emptyanswer,emptyanswer
3BDORL6HKJCK48U1GB38SYW5U8PRC2,3U5JL4WY5K84TK0SMX8KN12RW34X4R,A3HPVFAF1U9WXK,Approved,Wed Mar 11 05:29:25 EDT 2015,Wed Mar 11 05:30:05 EDT 2015,Resource Selection,unified utility framework,distributed text information retrieval,optimizing,relevance,emptyanswer,emptyanswer,emptyanswer,emptyanswer,emptyanswer,emptyanswer,emptyanswer,emptyanswer,emptyanswer,emptyanswer,emptyanswer
3BDORL6HKJCK48U1GB38SYW5U8PRC2,3TPWUS5F890SZO8H57IG4G08FFJCWW,A3CMDYA9USA3MR,Approved,Wed Mar 11 07:30:53 EDT 2015,Wed Mar 11 07:31:05 EDT 2015,presents,framework,distributed,retrieval,efficient,emptyanswer,emptyanswer,emptyanswer,emptyanswer,emptyanswer,emptyanswer,emptyanswer,emptyanswer,emptyanswer,emptyanswer,emptyanswer
3BDORL6HKJCK48U1GB38SYW5U8PRC2,34X6J5FLPTXAN5I13Q0WZVVHHYCQJL,AL9R6CILUG30X,Approved,Wed Mar 11 08:13:33 EDT 2015,Wed Mar 11 08:15:42 EDT 2015,Utility Maximization,Distributed text information,Text databases,Database recommendation,Distributed document retrieval,Utility framework,emptyanswer,emptyanswer,emptyanswer,emptyanswer,emptyanswer,emptyanswer,emptyanswer,emptyanswer,emptyanswer,emptyanswer
3BDORL6HKJCK48U1GB38SYW5U8PRC2,3RYC5T2D73S6LH0ZBIUG1HRYMJ8PR9,A2SDTL2V8VJ25O,Approved,Wed Mar 11 20:19:29 EDT 2015,Wed Mar 11 20:20:09 EDT 2015,Unified,Maximization,Resource,effective,algorithms,emptyanswer,emptyanswer,emptyanswer,emptyanswer,emptyanswer,emptyanswer,emptyanswer,emptyanswer,emptyanswer,emptyanswer,emptyanswer
3BDORL6HKJCK48U1GB38SYW5U8PRC2,37M28K1J0QCI0PBKEU3A9VGCDGMJA3,ANB69EQROUTQJ,Approved,Wed Mar 11 23:16:23 EDT 2015,Wed Mar 11 23:17:17 EDT 2015,UNIFIED UTILITY FRAMEWORK,RESOURCE SELECTION,TEXT INFORMATION RETRIEVAL,RELEVANCE OF DOCUMENTS,OPTIMIZING GOALS,emptyanswer,emptyanswer,emptyanswer,emptyanswer,emptyanswer,emptyanswer,emptyanswer,emptyanswer,emptyanswer,emptyanswer,emptyanswer
3BDORL6HKJCK48U1GB38SYW5U8PRC2,3NGI5ARFTT4ISC1IDOF1VQ9LJMPP1R,A2UNRV6PEOEXG0,Approved,Thu Mar 12 00:43:58 EDT 2015,Thu Mar 12 00:44:48 EDT 2015,Unified Utility maximization framework,resource selection,information retrieval,document retrieval,text databases,emptyanswer,emptyanswer,emptyanswer,emptyanswer,emptyanswer,emptyanswer,emptyanswer,emptyanswer,emptyanswer,emptyanswer,emptyanswer
3BDORL6HKJCK48U1GB38SYW5U8PRC2,35K3O9HUABC5L060B9EBQGEB6PZEFP,A2KS418T8MPLJH,Approved,Thu Mar 12 11:19:06 EDT 2015,Thu Mar 12 11:20:22 EDT 2015,This paper presents a unified utility framework for resource selection of distributed text information retrieval.,This new framework shows an efficient and effective way to infer the probabilities of relevance of all the documents across the text databases,resource selection can be made by explicitly optimizing the goals of different applications,"when used for database recommendation, the selection is optimized for the goal of high-recall",Empirical studies show that it is at least as effective as other state-of-the-art algorithms.,emptyanswer,emptyanswer,emptyanswer,emptyanswer,emptyanswer,emptyanswer,emptyanswer,emptyanswer,emptyanswer,emptyanswer,emptyanswer
3BDORL6HKJCK48U1GB38SYW5U8PRC2,3BEFOD78W6STZ81O8Q6BCKMTQ1K4MJ,AM1HY736BY3Z8,Approved,Thu Mar 12 12:25:15 EDT 2015,Thu Mar 12 12:26:13 EDT 2015,Unified Utility Maximization Framework for Resource Selection,This paper presents a unified utility framework for resource selection of distributed text information retrieval.,This new framework shows an efficient and effective way to infer the probabilities of relevance of all the documents across the text databases,This new model provides a more solid framework for distributed information retrieval.,Empirical studies show that it is at least as effective as other state-of-the-art algorithms.,emptyanswer,emptyanswer,emptyanswer,emptyanswer,emptyanswer,emptyanswer,emptyanswer,emptyanswer,emptyanswer,emptyanswer,emptyanswer
3BDORL6HKJCK48U1GB38SYW5U8PRC2,3SNVL38CI4R14OE0GTZDG56DT96KC7,AU3WQKISBW5MZ,Approved,Thu Mar 12 13:03:23 EDT 2015,Thu Mar 12 13:05:11 EDT 2015,This paper presents a unified utility framework for resource selection of distributed text information retrieval.,This new framework shows an efficient and effective way to infer the probabilities of relevance of all the documents across the text databases.,"With the estimated relevance information, resource selection can be made by explicitly optimizing the goals of different applications.","Specifically, when used for database recommendation, the selection is optimized for the goal of high-recall","when used for distributed document retrieval, the selection targets the high-precision goal",emptyanswer,emptyanswer,emptyanswer,emptyanswer,emptyanswer,emptyanswer,emptyanswer,emptyanswer,emptyanswer,emptyanswer,emptyanswer
3BDORL6HKJCK48U1GB38SYW5U8PRC2,3WETL7AQWT7A95XEGDK6LDJ1Q6Z358,AUH4A0OGHF2CK,Approved,Thu Mar 12 13:11:26 EDT 2015,Thu Mar 12 13:13:33 EDT 2015,unified utility framework for resource selection of distributed text information retrieval,An efficient and effective ways to use unified utility framework,Empirical studies on Unified Utility Maximization Framework for Resource Selection,A study on  Unified Utility Maximization Framework for Resource Selection,Resource Selection using Unified Utility Maximization Framework,emptyanswer,emptyanswer,emptyanswer,emptyanswer,emptyanswer,emptyanswer,emptyanswer,emptyanswer,emptyanswer,emptyanswer,emptyanswer
3BDORL6HKJCK48U1GB38SYW5U8PRC2,3U0SRXB7CD46IWOMV3HOXSM3N6INRR,A3MRB8TFD1IUS6,Approved,Thu Mar 12 15:08:55 EDT 2015,Thu Mar 12 15:10:08 EDT 2015,Unified Utility Maximization Framework,Resource Selection,databases,algorithms,optimizing,emptyanswer,emptyanswer,emptyanswer,emptyanswer,emptyanswer,emptyanswer,emptyanswer,emptyanswer,emptyanswer,emptyanswer,emptyanswer
3BDORL6HKJCK48U1GB38SYW5U8PRC2,3ZR9AIQJUB8WWUUHJLJDENFGNZY40P,ADVZAZ12Z8N9J,Approved,Thu Mar 12 20:46:26 EDT 2015,Thu Mar 12 21:03:48 EDT 2015,This paper presents a unified utility framework for resource selection of distributed text information retrieval.,N/A,N/A,N/A,N/A,emptyanswer,emptyanswer,emptyanswer,emptyanswer,emptyanswer,emptyanswer,emptyanswer,emptyanswer,emptyanswer,emptyanswer,emptyanswer
3BDORL6HKJCK48U1GB38SYW5U8PRC2,3VNXK88KKCHDM1193D3TGOGM3PO9VL,A3DTN2OMF6DUSI,Approved,Fri Mar 13 22:38:29 EDT 2015,Fri Mar 13 22:39:08 EDT 2015,Unified Utility,Framework,Resource Selection,information retrieval,distributed document retrieval,emptyanswer,emptyanswer,emptyanswer,emptyanswer,emptyanswer,emptyanswer,emptyanswer,emptyanswer,emptyanswer,emptyanswer,emptyanswer
3BDORL6HKJCK48U1GB38SYW5U8PRC2,3U4J9857OEAUZ4FAJZE91GV957LB76,A8HUG07IE2R3,Approved,Fri Mar 13 22:40:44 EDT 2015,Fri Mar 13 22:52:20 EDT 2015,unified utility framework for resource selection,documents across the text databases,goal of high-recall,solid framework for distributed information retrieval,effective as other state-of-the-art algorithms,emptyanswer,emptyanswer,emptyanswer,emptyanswer,emptyanswer,emptyanswer,emptyanswer,emptyanswer,emptyanswer,emptyanswer,emptyanswer
3BDORL6HKJCK48U1GB38SYW5U8PRC2,3BDCF01OGXTPRXXNXLT3SWBBL27YLK,A610SH5RY1NG1,Approved,Sat Mar 14 06:41:47 EDT 2015,Sat Mar 14 06:42:09 EDT 2015,Resource Selection,Unified,Utility Maximization Framework,distributed text information retrieval,probabilities,emptyanswer,emptyanswer,emptyanswer,emptyanswer,emptyanswer,emptyanswer,emptyanswer,emptyanswer,emptyanswer,emptyanswer,emptyanswer
3BDORL6HKJCK48U1GB38SYW5U8PRC2,3MRNMEIQW55MTM2W1P6PFB1A3EPDLF,A2Z9HR2IBD75R9,Approved,Sat Mar 14 10:04:34 EDT 2015,Sat Mar 14 10:04:48 EDT 2015,Utility,Framework,Resource,Selection,algorithms,emptyanswer,emptyanswer,emptyanswer,emptyanswer,emptyanswer,emptyanswer,emptyanswer,emptyanswer,emptyanswer,emptyanswer,emptyanswer
3BDORL6HKJCK48U1GB38SYW5U8PRC2,3ZAZR5XV01HWTJDMGU2N3KUQXOFZCG,AWFQ7OX0UPSM5,Approved,Sat Mar 14 17:11:32 EDT 2015,Sat Mar 14 17:12:23 EDT 2015,Unified Utility Maximization Framework,Resource Selection,probabilities of relevance,resource selection,explicitly optimizing the goals of different applications,emptyanswer,emptyanswer,emptyanswer,emptyanswer,emptyanswer,emptyanswer,emptyanswer,emptyanswer,emptyanswer,emptyanswer,emptyanswer
3BDORL6HKJCK48U1GB38SYW5U8PRC2,39GXDJN2OTDD8WIZYLXFGSLBJMUV8C,A1GK9ZI7T30X9Z,Approved,Sat Mar 14 19:34:00 EDT 2015,Sat Mar 14 19:35:20 EDT 2015,Unified Utility Maximization Framework,Resource Selection,utility framework,documents,estimated relevance information,database recommendation,high-recall,emptyanswer,emptyanswer,emptyanswer,emptyanswer,emptyanswer,emptyanswer,emptyanswer,emptyanswer,emptyanswer
