HitId,AssignmentId,WorkerId,Status,AcceptTime,SubmitTime,Answer 1,Answer 2,Answer 3,Answer 4,Answer 5,Answer 6,Answer 7,Answer 8,Answer 9,Answer 10,Answer 11,Answer 12,Answer 13,Answer 14,Answer 15,Answer 16
3BS6ERDL9261NH2VOJVL19NRJLN6DJ,3QXNC7EIPIUXT00T0GF4VVQW834905,A22R7DT2XQIKXV,Approved,Mon Mar 02 15:07:39 EST 2015,Mon Mar 02 15:07:44 EST 2015,aa,aa,aa,aa,aa,emptyanswer,emptyanswer,emptyanswer,emptyanswer,emptyanswer,emptyanswer,emptyanswer,emptyanswer,emptyanswer,emptyanswer,emptyanswer
3BS6ERDL9261NH2VOJVL19NRJLN6DJ,392CY0QWG1Q73PBXNB8JKRFC858I4E,A28O0LXEATB5XE,Approved,Mon Mar 02 15:49:42 EST 2015,Mon Mar 02 15:51:34 EST 2015,Information retrieval systems,inferred implicit user model,personalized search,decision theoretic framework,client-side web search agent (UCAIR),emptyanswer,emptyanswer,emptyanswer,emptyanswer,emptyanswer,emptyanswer,emptyanswer,emptyanswer,emptyanswer,emptyanswer,emptyanswer
3BS6ERDL9261NH2VOJVL19NRJLN6DJ,3SKRO2GZ71QHHL420WATZ9NMOP8K1Z,A2R085B34P2LYS,Approved,Mon Mar 02 22:24:46 EST 2015,Mon Mar 02 22:40:18 EST 2015,Implicit,User,Modeling,Personalized,Search,optional,optional,optional,optional,optional,optional,optional,optional,optional,optional,optional
3BS6ERDL9261NH2VOJVL19NRJLN6DJ,3OWEPKL089BW0D47MPJISBV3L6D7NO,A26M2B8NZVKWTZ,Approved,Mon Mar 02 22:43:43 EST 2015,Mon Mar 02 22:44:36 EST 2015,Implicit,Personalized,Search,Modeling,engine,emptyanswer,emptyanswer,emptyanswer,emptyanswer,emptyanswer,emptyanswer,emptyanswer,emptyanswer,emptyanswer,emptyanswer,emptyanswer
3BS6ERDL9261NH2VOJVL19NRJLN6DJ,3ZR9AIQJUB8WWUUHJLJDENFGMCS044,A2YW509B0UMSEH,Approved,Tue Mar 03 05:16:52 EST 2015,Tue Mar 03 05:17:51 EST 2015,web search,information,data,user,query,emptyanswer,emptyanswer,emptyanswer,emptyanswer,emptyanswer,emptyanswer,emptyanswer,emptyanswer,emptyanswer,emptyanswer,emptyanswer
3BS6ERDL9261NH2VOJVL19NRJLN6DJ,32KTQ2V7RDEUWE70PL22TSX9B779MK,A19HCBT1EH8484,Approved,Tue Mar 03 05:32:13 EST 2015,Tue Mar 03 05:36:57 EST 2015,overcoming,programmer,information,clickthrough,accuracy,NA,NA,NA,NA,NA,NA,NA,NA,NA,NA,NA
3BS6ERDL9261NH2VOJVL19NRJLN6DJ,3YT88D1N08XDROIHN0OCN22JMA43KU,A1B5NXRZQYRC4R,Approved,Tue Mar 03 06:17:04 EST 2015,Tue Mar 03 06:17:21 EST 2015,implicit,user,modeling,personalized,search,emptyanswer,emptyanswer,emptyanswer,emptyanswer,emptyanswer,emptyanswer,emptyanswer,emptyanswer,emptyanswer,emptyanswer,emptyanswer
3BS6ERDL9261NH2VOJVL19NRJLN6DJ,3BC8WZX3V3VRXUGEOAY56CRDNGFRRG,A27I79P03I0ZPO,Approved,Tue Mar 03 06:55:20 EST 2015,Tue Mar 03 07:00:04 EST 2015,Searching,Modeling,Experiments,information,User,emptyanswer,emptyanswer,emptyanswer,emptyanswer,emptyanswer,emptyanswer,emptyanswer,emptyanswer,emptyanswer,emptyanswer,emptyanswer
3BS6ERDL9261NH2VOJVL19NRJLN6DJ,3ERET4BTVM8Z6Q7X49PMEF55M2KK9Y,A3ODG942FG22PJ,Approved,Tue Mar 03 08:51:24 EST 2015,Tue Mar 03 08:51:39 EST 2015,Implicit,User,Modeling,Personalized,Search,na,na,na,na,na,na,na,na,na,na,na
3BS6ERDL9261NH2VOJVL19NRJLN6DJ,3MH9DQ757WBSOWZHCTZYCJ0QS6XGU2,A9HQ3E0F2AGVO,Approved,Tue Mar 03 16:28:00 EST 2015,Tue Mar 03 16:29:19 EST 2015,User Modeling,Personalized Search,Information retrieval systems,information overload,adaptive,intelligent client-side web search agent,emptyanswer,emptyanswer,emptyanswer,emptyanswer,emptyanswer,emptyanswer,emptyanswer,emptyanswer,emptyanswer,emptyanswer
3BS6ERDL9261NH2VOJVL19NRJLN6DJ,3A9AA95ATWLHGU21EBHDYGM2UHT5PH,A3FG9YWTFFK1AU,Approved,Tue Mar 03 17:02:40 EST 2015,Tue Mar 03 17:19:34 EST 2015,Implicit User Modeling,Personalized Search,Information retrieval systems,web search engines,UCAIR,Google,emptyanswer,emptyanswer,emptyanswer,emptyanswer,emptyanswer,emptyanswer,emptyanswer,emptyanswer,emptyanswer,emptyanswer
3BS6ERDL9261NH2VOJVL19NRJLN6DJ,3GD6L00D3SWC7945L8N9EMFQDXYM17,A3H35QRODK1C4K,Approved,Wed Mar 04 10:18:46 EST 2015,Wed Mar 04 10:22:43 EST 2015,implicit,user,modeling,personalized,search,emptyanswer,emptyanswer,emptyanswer,emptyanswer,emptyanswer,emptyanswer,emptyanswer,emptyanswer,emptyanswer,emptyanswer,emptyanswer
3BS6ERDL9261NH2VOJVL19NRJLN6DJ,3K5TEWLKGVA6X2UC7796THFPLSPIVG,A3FFZN4FO3Q789,Approved,Wed Mar 04 11:01:46 EST 2015,Wed Mar 04 11:04:48 EST 2015,preliminary,preliminary,preliminary,preliminary,preliminary,emptyanswer,emptyanswer,emptyanswer,emptyanswer,emptyanswer,emptyanswer,emptyanswer,emptyanswer,emptyanswer,emptyanswer,emptyanswer
3BS6ERDL9261NH2VOJVL19NRJLN6DJ,34S9DKFK73OFFX089Y9I5OF0P92NYT,A2F6ZON8X5EAGL,Approved,Wed Mar 04 15:38:56 EST 2015,Wed Mar 04 15:40:28 EST 2015,Implicit User Modeling for Personalized Search,information,programmer,implicit,google search engine,emptyanswer,emptyanswer,emptyanswer,emptyanswer,emptyanswer,emptyanswer,emptyanswer,emptyanswer,emptyanswer,emptyanswer,emptyanswer
3BS6ERDL9261NH2VOJVL19NRJLN6DJ,3P59JYT76LJN9PCLD9OZ5JKNZC72T6,A3OTLWGJFB65KD,Approved,Wed Mar 04 19:20:04 EST 2015,Wed Mar 04 19:20:11 EST 2015,nothing,nothing,nothing,nothing,nothing,emptyanswer,emptyanswer,emptyanswer,emptyanswer,emptyanswer,emptyanswer,emptyanswer,emptyanswer,emptyanswer,emptyanswer,emptyanswer
3BS6ERDL9261NH2VOJVL19NRJLN6DJ,3OLF68YTN902VNPOV4CPUXOKKRXAFJ,A1W7BQWWGKJ3XF,Approved,Wed Mar 04 20:31:46 EST 2015,Wed Mar 04 20:33:18 EST 2015,Implicit User Modeling,Personalized Search,Information retrieval systems,context,ranking,emptyanswer,emptyanswer,emptyanswer,emptyanswer,emptyanswer,emptyanswer,emptyanswer,emptyanswer,emptyanswer,emptyanswer,emptyanswer
3BS6ERDL9261NH2VOJVL19NRJLN6DJ,3WT783CTPBG0BLA6AGMKH2NN5X5BCL,A3LUJSAN4DQ1ZT,Approved,Wed Mar 04 23:11:32 EST 2015,Wed Mar 04 23:12:46 EST 2015,implicit,user modeling,personalized search,java,search agent,google,reranking,emptyanswer,emptyanswer,emptyanswer,emptyanswer,emptyanswer,emptyanswer,emptyanswer,emptyanswer,emptyanswer
3BS6ERDL9261NH2VOJVL19NRJLN6DJ,34J10VATJFXESUYVL8FWNUGH42BIQR,A1YLO4LT02D2F0,Approved,Thu Mar 05 03:46:12 EST 2015,Thu Mar 05 03:46:44 EST 2015,Information retrieval systems,critical for overcoming,major deficiency of existing retrieval,they generally lack user modeling,present a decision theoretic framework,emptyanswer,emptyanswer,emptyanswer,emptyanswer,emptyanswer,emptyanswer,emptyanswer,emptyanswer,emptyanswer,emptyanswer,emptyanswer
3BS6ERDL9261NH2VOJVL19NRJLN6DJ,3LQ8PUHQFLR1F1ZS2IS2EGOGDGUIHC,A3I10J1GPDAPQR,Approved,Thu Mar 05 06:10:23 EST 2015,Thu Mar 05 06:11:45 EST 2015,Implicit User Modeling,Personalized Search,Information retrieval systems,information overload,decision theoretic framework,emptyanswer,emptyanswer,emptyanswer,emptyanswer,emptyanswer,emptyanswer,emptyanswer,emptyanswer,emptyanswer,emptyanswer,emptyanswer
3BS6ERDL9261NH2VOJVL19NRJLN6DJ,3YDGXNSEOZTEEJZKEPWS72LY5FB48C,A3S81UFDOWF2ST,Approved,Thu Mar 05 07:47:51 EST 2015,Thu Mar 05 07:48:43 EST 2015,Implicit User Modeling,Personalized Search,intelligent client-side web search agent (UCAIR),improve search accuracy,Google,emptyanswer,emptyanswer,emptyanswer,emptyanswer,emptyanswer,emptyanswer,emptyanswer,emptyanswer,emptyanswer,emptyanswer,emptyanswer
3BS6ERDL9261NH2VOJVL19NRJLN6DJ,3YMTUJH0DSFXC3R8HN7NYYHLJSZT4T,A1QUDNLO95AKS5,Approved,Thu Mar 05 09:01:23 EST 2015,Thu Mar 05 09:36:38 EST 2015,Implicit User Modeling,Personalized Search,web search engines,feedback,Google,emptyanswer,emptyanswer,emptyanswer,emptyanswer,emptyanswer,emptyanswer,emptyanswer,emptyanswer,emptyanswer,emptyanswer,emptyanswer
3BS6ERDL9261NH2VOJVL19NRJLN6DJ,3D3VGR7TA0EZESVCDKX9OEOXH79R3W,A3UY2GVCKC8LSL,Approved,Thu Mar 05 10:26:40 EST 2015,Thu Mar 05 10:27:09 EST 2015,implicit,user modeling,personalized search,Information retrieval,UCAIR,emptyanswer,emptyanswer,emptyanswer,emptyanswer,emptyanswer,emptyanswer,emptyanswer,emptyanswer,emptyanswer,emptyanswer,emptyanswer
3BS6ERDL9261NH2VOJVL19NRJLN6DJ,3Z4AIRP3C6CN1L39ZFPIP3VOK4O1XI,A3DHYTZ1GPN0T8,Approved,Thu Mar 05 12:41:28 EST 2015,Thu Mar 05 12:47:51 EST 2015,retrieval,deficiency,modeling,inherently,programmer,emptyanswer,emptyanswer,emptyanswer,emptyanswer,emptyanswer,emptyanswer,emptyanswer,emptyanswer,emptyanswer,emptyanswer,emptyanswer
3BS6ERDL9261NH2VOJVL19NRJLN6DJ,3R0T90IZ1SBW22IHQ2EYIDEKLC2CGC,A2SDTL2V8VJ25O,Approved,Thu Mar 05 16:00:57 EST 2015,Thu Mar 05 16:02:07 EST 2015,Implicit,Personalized,Modeling,intelligent,decision,emptyanswer,emptyanswer,emptyanswer,emptyanswer,emptyanswer,emptyanswer,emptyanswer,emptyanswer,emptyanswer,emptyanswer,emptyanswer
3BS6ERDL9261NH2VOJVL19NRJLN6DJ,3EKVH9QMEY3GS0GORJOK0F21WTJ2DT,ADUJUZANFOWKW,Approved,Thu Mar 05 17:50:05 EST 2015,Thu Mar 05 17:50:26 EST 2015,search,personalization,modeling,user,implicent,emptyanswer,emptyanswer,emptyanswer,emptyanswer,emptyanswer,emptyanswer,emptyanswer,emptyanswer,emptyanswer,emptyanswer,emptyanswer
3BS6ERDL9261NH2VOJVL19NRJLN6DJ,3CFVK00FWLKN8DNHR2YB95RIL9J6LU,A9LA6QK6VCERR,Approved,Thu Mar 05 23:42:34 EST 2015,Thu Mar 05 23:45:03 EST 2015,Implicit User Modeling,UCAIR,Information retrieval systems,web search engines,intelligent client-side web search agent,Personalized Search,java,decision theoretic framework,emptyanswer,emptyanswer,emptyanswer,emptyanswer,emptyanswer,emptyanswer,emptyanswer,emptyanswer
3BS6ERDL9261NH2VOJVL19NRJLN6DJ,3TU5ZICBRD0L3OMICM35A5M31CD8QS,ADVZAZ12Z8N9J,Approved,Fri Mar 06 10:38:45 EST 2015,Fri Mar 06 10:44:36 EST 2015,"Information retrieval systems (e.g., web search engines) are critical for overcoming information overload.","A major deficiency of existing retrieval systems is that they generally lack user modeling and are not adaptive to individual users, resulting in inherently non-optimal retrieval performance.","For example, a tourist and a programmer may use the same word ""java"" to search for different information, but the current search systems would return the same results. In this paper, we study how to infer a user's interest from the user's search context and use the inferred implicit user model for personalized search.",We present a decision theoretic framework and develop techniques for implicit user modeling in information retrieval.,"We develop an intelligent client-side web search agent (UCAIR) that can perform eager implicit feedback, e.g., query expansion based on previous queries and immediate result reranking based on clickthrough information. Experiments on web search show that our search agent can improve search accuracy over the popular Google search engine.",emptyanswer,emptyanswer,emptyanswer,emptyanswer,emptyanswer,emptyanswer,emptyanswer,emptyanswer,emptyanswer,emptyanswer,emptyanswer
3BS6ERDL9261NH2VOJVL19NRJLN6DJ,3DQQ64TANGKBTDHLAC4MOGZFEO2WPE,A3G4SXD4N30C3L,Approved,Fri Mar 06 12:01:16 EST 2015,Fri Mar 06 12:02:19 EST 2015,Implicit User Modeling,Personalized Search,Information retrieval systems,non-optimal retrieval performance,intelligent client-side web search agent (UCAIR),improve search accuracy,emptyanswer,emptyanswer,emptyanswer,emptyanswer,emptyanswer,emptyanswer,emptyanswer,emptyanswer,emptyanswer,emptyanswer
3BS6ERDL9261NH2VOJVL19NRJLN6DJ,32XVDSJFPZWJWUM14CNNJ5PV5C02MA,AQXSUU4I4DAH8,Approved,Fri Mar 06 12:22:21 EST 2015,Fri Mar 06 12:23:05 EST 2015,web search engines,Implicit User Modeling,query expansion,lack user modeling,Personalized Search,emptyanswer,emptyanswer,emptyanswer,emptyanswer,emptyanswer,emptyanswer,emptyanswer,emptyanswer,emptyanswer,emptyanswer,emptyanswer
3BS6ERDL9261NH2VOJVL19NRJLN6DJ,3L4D84MILZRXACJYK0D2QH3GQ3QJHC,A2KELEVTA0306Y,Approved,Sat Mar 07 05:24:39 EST 2015,Sat Mar 07 05:27:26 EST 2015,Information,retrieval,systems,critical,overcoming,overload,major,deficiency,existing,retrieval,systems,generally,modeling,individual,adaptive,resulting
3BS6ERDL9261NH2VOJVL19NRJLN6DJ,3FE2ERCCZX73O48JJQDC7MMTBOHOPC,AWQK8QA93VLW9,Approved,Sat Mar 07 09:00:03 EST 2015,Sat Mar 07 09:02:21 EST 2015,Implicit User Modeling,Personalized Search,Information retrieval systems,web search engines,retrieval performance,search context,decision theoretic framework,client-side web search agent (UCAIR),implicit feedback,clickthrough information,improve search accuracy,Google,emptyanswer,emptyanswer,emptyanswer,emptyanswer
3BS6ERDL9261NH2VOJVL19NRJLN6DJ,3VELCLL3GKI61ZCOZLJWJWVHG7X1FC,A37WDQ1VG5XN6Z,Approved,Sat Mar 07 13:38:43 EST 2015,Sat Mar 07 13:38:50 EST 2015,nothing,nothing,nothing,nothing,nothing,emptyanswer,emptyanswer,emptyanswer,emptyanswer,emptyanswer,emptyanswer,emptyanswer,emptyanswer,emptyanswer,emptyanswer,emptyanswer
3BS6ERDL9261NH2VOJVL19NRJLN6DJ,3DI28L7YXADEVLCS4AZQ1EAH4791EN,A38IE69ORDCEGY,Approved,Sat Mar 07 21:45:54 EST 2015,Sat Mar 07 21:47:38 EST 2015,User modeling,personalized search,search engine optimization,search context,information retrieval,emptyanswer,emptyanswer,emptyanswer,emptyanswer,emptyanswer,emptyanswer,emptyanswer,emptyanswer,emptyanswer,emptyanswer,emptyanswer
3BS6ERDL9261NH2VOJVL19NRJLN6DJ,33NF62TLXJ1OC2K6QLGZ39J8ILDKJ2,APEB5ERGCYP6D,Approved,Sat Mar 07 23:42:20 EST 2015,Sat Mar 07 23:45:08 EST 2015,Information retrieval systems,critical for overcoming information overload,major deficiency of existing retrieval systems,generally lack user modeling,adaptive to individual users,emptyanswer,emptyanswer,emptyanswer,emptyanswer,emptyanswer,emptyanswer,emptyanswer,emptyanswer,emptyanswer,emptyanswer,emptyanswer
3BS6ERDL9261NH2VOJVL19NRJLN6DJ,3S3AMIZX3U4TQI8QOCDQCSBN8TQDCP,A1V5OMRC87TDXW,Approved,Sun Mar 08 10:24:40 EDT 2015,Sun Mar 08 10:27:22 EDT 2015,theoretic framework,information retrieval,intelligent client-side search agent,search engine,user modeling search,web search,emptyanswer,emptyanswer,emptyanswer,emptyanswer,emptyanswer,emptyanswer,emptyanswer,emptyanswer,emptyanswer,emptyanswer
3BS6ERDL9261NH2VOJVL19NRJLN6DJ,33FBRBDW6OYH9NCZ742AQ0XMX208CL,ANB69EQROUTQJ,Approved,Sun Mar 08 13:56:51 EDT 2015,Sun Mar 08 13:58:12 EDT 2015,implicit user modeling,personalized search,information retrieval systems,infer a user's interest,search context,query expansion,emptyanswer,emptyanswer,emptyanswer,emptyanswer,emptyanswer,emptyanswer,emptyanswer,emptyanswer,emptyanswer,emptyanswer
3BS6ERDL9261NH2VOJVL19NRJLN6DJ,378XPAWRUCCM5EREWCIAXU1C0VLAIU,A156NFBMKKLDL9,Approved,Sun Mar 08 14:54:00 EDT 2015,Sun Mar 08 14:54:39 EDT 2015,Implicit User Modeling,Personalized Search,Information retrieval systems,overcoming information overload,intelligent client-side web search agent,emptyanswer,emptyanswer,emptyanswer,emptyanswer,emptyanswer,emptyanswer,emptyanswer,emptyanswer,emptyanswer,emptyanswer,emptyanswer
3BS6ERDL9261NH2VOJVL19NRJLN6DJ,3X4JMASXCM8GHTFQY0T0M1LMWJV0BQ,A2GBY8O6GYSB89,Approved,Sun Mar 08 19:05:10 EDT 2015,Sun Mar 08 19:05:52 EDT 2015,Implicit User Modeling,Personalized Search,nformation retrieval systems,critical for overcoming information overload,intelligent client-side web search agent (UCAIR),emptyanswer,emptyanswer,emptyanswer,emptyanswer,emptyanswer,emptyanswer,emptyanswer,emptyanswer,emptyanswer,emptyanswer,emptyanswer
3BS6ERDL9261NH2VOJVL19NRJLN6DJ,31N2WW6R9RP2B2Q3MPXF7PAEEVK3FN,A2SZAM3EZER2PH,Approved,Mon Mar 09 07:23:38 EDT 2015,Mon Mar 09 07:26:00 EDT 2015,Information retrieval systems,A major deficiency,the same word,Experiments on web,the popular Google search,emptyanswer,emptyanswer,emptyanswer,emptyanswer,emptyanswer,emptyanswer,emptyanswer,emptyanswer,emptyanswer,emptyanswer,emptyanswer
3BS6ERDL9261NH2VOJVL19NRJLN6DJ,3Y54SXRO1LKWT1LNWTY5B2FFIHHTUY,A3GSN49YWM9CLD,Approved,Mon Mar 09 10:33:20 EDT 2015,Mon Mar 09 10:34:04 EDT 2015,Information retrieval systems,programmer,"implicit feedback,",Google search engine.,implicit user modeling in information retrieval,emptyanswer,emptyanswer,emptyanswer,emptyanswer,emptyanswer,emptyanswer,emptyanswer,emptyanswer,emptyanswer,emptyanswer,emptyanswer
3BS6ERDL9261NH2VOJVL19NRJLN6DJ,3IAS3U3I0FFND3I4DNXE5PE1TJC2BD,ACYGMRGAZ22U7,Approved,Mon Mar 09 17:51:39 EDT 2015,Mon Mar 09 17:51:46 EDT 2015,Keyword/Keyphrase 1:,Keyword/Keyphrase 1:,Keyword/Keyphrase 1:,Keyword/Keyphrase 1:,Keyword/Keyphrase 1:,emptyanswer,emptyanswer,emptyanswer,emptyanswer,emptyanswer,emptyanswer,emptyanswer,emptyanswer,emptyanswer,emptyanswer,emptyanswer
3BS6ERDL9261NH2VOJVL19NRJLN6DJ,3TUI152ZZBM3SO2XD1UQVVZVNFS1Q4,A17JEL4FN1B9TB,Approved,Tue Mar 10 12:00:35 EDT 2015,Tue Mar 10 12:01:50 EDT 2015,Implicit,User,Modeling,Personalized,Search,Information,retrieval,systems,web,engines,emptyanswer,emptyanswer,emptyanswer,emptyanswer,emptyanswer,emptyanswer
3BS6ERDL9261NH2VOJVL19NRJLN6DJ,34BBWHLWHAAJCRUHXHE2FJY3SINWIY,A1JWEYGDFDB100,Approved,Tue Mar 10 13:36:08 EDT 2015,Tue Mar 10 13:37:26 EDT 2015,Implicit User Modeling,Personalized Search,overcoming information overload,non-optimal retrieval performance,intelligent client-side web search agent,emptyanswer,emptyanswer,emptyanswer,emptyanswer,emptyanswer,emptyanswer,emptyanswer,emptyanswer,emptyanswer,emptyanswer,emptyanswer
3BS6ERDL9261NH2VOJVL19NRJLN6DJ,3BDCF01OGXTPRXXNXLT3SWBBKUKLY3,AW36CVMS3526O,Approved,Tue Mar 10 14:24:44 EDT 2015,Tue Mar 10 14:26:34 EDT 2015,Personalized,overcoming,programmer,accuracy,engine,emptyanswer,emptyanswer,emptyanswer,emptyanswer,emptyanswer,emptyanswer,emptyanswer,emptyanswer,emptyanswer,emptyanswer,emptyanswer
3BS6ERDL9261NH2VOJVL19NRJLN6DJ,38F5OAUN5NB4QHIWJRO5NRY7ZF9H70,ATRHDYWCIYTDJ,Approved,Wed Mar 11 04:40:01 EDT 2015,Wed Mar 11 04:40:13 EDT 2015,retrieval,critical,overload,deficiency,retrieval,emptyanswer,emptyanswer,emptyanswer,emptyanswer,emptyanswer,emptyanswer,emptyanswer,emptyanswer,emptyanswer,emptyanswer,emptyanswer
3BS6ERDL9261NH2VOJVL19NRJLN6DJ,3MB8LZR5BFSU7S86T6SCJOW0MHOLKP,A3CMDYA9USA3MR,Approved,Wed Mar 11 07:51:47 EDT 2015,Wed Mar 11 07:51:57 EDT 2015,Information,systems,critical,overcoming,major,emptyanswer,emptyanswer,emptyanswer,emptyanswer,emptyanswer,emptyanswer,emptyanswer,emptyanswer,emptyanswer,emptyanswer,emptyanswer
3BS6ERDL9261NH2VOJVL19NRJLN6DJ,34YB12FSQYN9BOU83R8CL9JWF5ZGML,A3K6BSW10S4YKJ,Approved,Wed Mar 11 08:30:41 EDT 2015,Wed Mar 11 08:32:05 EDT 2015,Information retrieval systems,java,personalized search,UCAIR,Google,emptyanswer,emptyanswer,emptyanswer,emptyanswer,emptyanswer,emptyanswer,emptyanswer,emptyanswer,emptyanswer,emptyanswer,emptyanswer
3BS6ERDL9261NH2VOJVL19NRJLN6DJ,3IKZ72A5B4F9F6JD48HUG38KJGIFNU,A28IXE702NXWKQ,Approved,Wed Mar 11 13:51:32 EDT 2015,Wed Mar 11 13:55:28 EDT 2015,Information retrieval systems,retrieval systems,non-optimal,intelligent client-side,accuracy over the popular Google search engine,emptyanswer,emptyanswer,emptyanswer,emptyanswer,emptyanswer,emptyanswer,emptyanswer,emptyanswer,emptyanswer,emptyanswer,emptyanswer
3BS6ERDL9261NH2VOJVL19NRJLN6DJ,3ZV9H2YQQD64MOCYCE7FBDWE92O3W7,A2E2IQ99W6B7AV,Approved,Wed Mar 11 16:47:42 EDT 2015,Wed Mar 11 16:48:24 EDT 2015,User Modeling,Personalized search,Information retrieval,Performance,Search context,emptyanswer,emptyanswer,emptyanswer,emptyanswer,emptyanswer,emptyanswer,emptyanswer,emptyanswer,emptyanswer,emptyanswer,emptyanswer
3BS6ERDL9261NH2VOJVL19NRJLN6DJ,31IBVUNM9SYMNBSM6Z3LQK2X6KBVFL,A1A7P5LC80G47W,Approved,Thu Mar 12 00:56:08 EDT 2015,Thu Mar 12 00:57:28 EDT 2015,implicit user modeling,personalized search,information retrieval systems,information overload,inferred implicit user model,emptyanswer,emptyanswer,emptyanswer,emptyanswer,emptyanswer,emptyanswer,emptyanswer,emptyanswer,emptyanswer,emptyanswer,emptyanswer
3BS6ERDL9261NH2VOJVL19NRJLN6DJ,3LRKMWOKB5GJV1LKJ1DHR7L4LRFZ28,A3HPVFAF1U9WXK,Approved,Thu Mar 12 01:54:33 EDT 2015,Thu Mar 12 01:55:19 EDT 2015,Personalized Search,Implicit User Modeling,Information retrieval,search engines,agent,emptyanswer,emptyanswer,emptyanswer,emptyanswer,emptyanswer,emptyanswer,emptyanswer,emptyanswer,emptyanswer,emptyanswer,emptyanswer
3BS6ERDL9261NH2VOJVL19NRJLN6DJ,3IAS3U3I0FFND3I4DNXE5PE1UOH2BT,A2KS418T8MPLJH,Approved,Thu Mar 12 10:56:33 EDT 2015,Thu Mar 12 10:57:23 EDT 2015,Implicit User Modeling for Personalized Search,A major deficiency of existing retrieval systems is that they generally lack user modeling,"tourist and a programmer may use the same word ""java"" to search for different information",We present a decision theoretic framework and develop techniques for implicit user modeling in information retrieval,Experiments on web search show that our search agent can improve search accuracy over the popular Google search engine,emptyanswer,emptyanswer,emptyanswer,emptyanswer,emptyanswer,emptyanswer,emptyanswer,emptyanswer,emptyanswer,emptyanswer,emptyanswer
3BS6ERDL9261NH2VOJVL19NRJLN6DJ,3Y9N9SS8LYA5DIC7VJ2PJP7T3NYD3R,AM1HY736BY3Z8,Approved,Thu Mar 12 13:37:19 EDT 2015,Thu Mar 12 13:38:13 EDT 2015,Implicit User Modeling for Personalized Search,Implicit User Modeling for Personalized Search,"A major deficiency of existing retrieval systems is that they generally lack user modeling and are not adaptive to individual users, resulting in inherently non-optimal retrieval performance.",We present a decision theoretic framework and develop techniques for implicit user modeling in information retrieval.,Experiments on web search show that our search agent can improve search accuracy over the popular Google search engine.,emptyanswer,emptyanswer,emptyanswer,emptyanswer,emptyanswer,emptyanswer,emptyanswer,emptyanswer,emptyanswer,emptyanswer,emptyanswer
3BS6ERDL9261NH2VOJVL19NRJLN6DJ,3Q5ZZ9ZEVOEWA23KSUF2CURC6TU587,AU3WQKISBW5MZ,Approved,Thu Mar 12 14:40:18 EDT 2015,Thu Mar 12 14:40:27 EDT 2015,"Information retrieval systems (e.g., web search engines) are critical for overcoming information overload. A major deficiency of existing retrieval systems is that they generally lack user modeling and are not adaptive to individual users, resulting in inherently non-optimal retrieval performance. For example, a tourist and a programmer may use the same word ""java"" to search for different information, but the current search systems would return the same results. In this paper, we study how to infer a user's interest from the user's search context and use the inferred implicit user model for personalized search. We present a decision theoretic framework and develop techniques for implicit user modeling in information retrieval. We develop an intelligent client-side web search agent (UCAIR) that can perform eager implicit feedback, e.g., query expansion based on previous queries and immediate result reranking based on clickthrough information. Experiments on web search show that our search agent can improve search accuracy over the popular Google search engine.","Information retrieval systems (e.g., web search engines) are critical for overcoming information overload. A major deficiency of existing retrieval systems is that they generally lack user modeling and are not adaptive to individual users, resulting in inherently non-optimal retrieval performance. For example, a tourist and a programmer may use the same word ""java"" to search for different information, but the current search systems would return the same results. In this paper, we study how to infer a user's interest from the user's search context and use the inferred implicit user model for personalized search. We present a decision theoretic framework and develop techniques for implicit user modeling in information retrieval. We develop an intelligent client-side web search agent (UCAIR) that can perform eager implicit feedback, e.g., query expansion based on previous queries and immediate result reranking based on clickthrough information. Experiments on web search show that our search agent can improve search accuracy over the popular Google search engine.","Information retrieval systems (e.g., web search engines) are critical for overcoming information overload. A major deficiency of existing retrieval systems is that they generally lack user modeling and are not adaptive to individual users, resulting in inherently non-optimal retrieval performance. For example, a tourist and a programmer may use the same word ""java"" to search for different information, but the current search systems would return the same results. In this paper, we study how to infer a user's interest from the user's search context and use the inferred implicit user model for personalized search. We present a decision theoretic framework and develop techniques for implicit user modeling in information retrieval. We develop an intelligent client-side web search agent (UCAIR) that can perform eager implicit feedback, e.g., query expansion based on previous queries and immediate result reranking based on clickthrough information. Experiments on web search show that our search agent can improve search accuracy over the popular Google search engine.","Information retrieval systems (e.g., web search engines) are critical for overcoming information overload. A major deficiency of existing retrieval systems is that they generally lack user modeling and are not adaptive to individual users, resulting in inherently non-optimal retrieval performance. For example, a tourist and a programmer may use the same word ""java"" to search for different information, but the current search systems would return the same results. In this paper, we study how to infer a user's interest from the user's search context and use the inferred implicit user model for personalized search. We present a decision theoretic framework and develop techniques for implicit user modeling in information retrieval. We develop an intelligent client-side web search agent (UCAIR) that can perform eager implicit feedback, e.g., query expansion based on previous queries and immediate result reranking based on clickthrough information. Experiments on web search show that our search agent can improve search accuracy over the popular Google search engine.","Information retrieval systems (e.g., web search engines) are critical for overcoming information overload. A major deficiency of existing retrieval systems is that they generally lack user modeling and are not adaptive to individual users, resulting in inherently non-optimal retrieval performance. For example, a tourist and a programmer may use the same word ""java"" to search for different information, but the current search systems would return the same results. In this paper, we study how to infer a user's interest from the user's search context and use the inferred implicit user model for personalized search. We present a decision theoretic framework and develop techniques for implicit user modeling in information retrieval. We develop an intelligent client-side web search agent (UCAIR) that can perform eager implicit feedback, e.g., query expansion based on previous queries and immediate result reranking based on clickthrough information. Experiments on web search show that our search agent can improve search accuracy over the popular Google search engine.",emptyanswer,emptyanswer,emptyanswer,emptyanswer,emptyanswer,emptyanswer,emptyanswer,emptyanswer,emptyanswer,emptyanswer,emptyanswer
3BS6ERDL9261NH2VOJVL19NRJLN6DJ,3MAOD8E57Q9QFSAY42NGMA8RON4XNY,AL9R6CILUG30X,Approved,Thu Mar 12 15:41:42 EDT 2015,Thu Mar 12 15:43:43 EDT 2015,Personalized Search,User Modeling,Information retrieval systems,Intelligent client-side web search agent,UCAIR,Google search engine,individual users,emptyanswer,emptyanswer,emptyanswer,emptyanswer,emptyanswer,emptyanswer,emptyanswer,emptyanswer,emptyanswer
3BS6ERDL9261NH2VOJVL19NRJLN6DJ,3PWWM24LHSX4B5KXABD4ENO0MLI28M,A3DTN2OMF6DUSI,Approved,Fri Mar 13 23:07:32 EDT 2015,Fri Mar 13 23:07:48 EDT 2015,Modeling,Personalized,Search,User,Implicit,emptyanswer,emptyanswer,emptyanswer,emptyanswer,emptyanswer,emptyanswer,emptyanswer,emptyanswer,emptyanswer,emptyanswer,emptyanswer
3BS6ERDL9261NH2VOJVL19NRJLN6DJ,3ND9UOO81K1L2S2NIKBF7ZQVAT2WLC,A8HUG07IE2R3,Approved,Sat Mar 14 01:10:14 EDT 2015,Sat Mar 14 01:12:42 EDT 2015,Information retrieval systems,non-optimal retrieval performance,use the inferred implicit user model for personalized search,intelligent client-side web search agent,popular Google search engine,emptyanswer,emptyanswer,emptyanswer,emptyanswer,emptyanswer,emptyanswer,emptyanswer,emptyanswer,emptyanswer,emptyanswer,emptyanswer
3BS6ERDL9261NH2VOJVL19NRJLN6DJ,386CSBG1OZLYZA3UJ767QRQCWYA6QQ,A610SH5RY1NG1,Approved,Sat Mar 14 07:37:32 EDT 2015,Sat Mar 14 07:37:47 EDT 2015,Personalized,Search,Implicit,Modeling,search engines,emptyanswer,emptyanswer,emptyanswer,emptyanswer,emptyanswer,emptyanswer,emptyanswer,emptyanswer,emptyanswer,emptyanswer,emptyanswer
3BS6ERDL9261NH2VOJVL19NRJLN6DJ,3PXX5PX6LXXCI6D8Q2QTB7XZ6H9BAJ,A2Z9HR2IBD75R9,Approved,Sat Mar 14 09:24:27 EDT 2015,Sat Mar 14 09:25:00 EDT 2015,Implicit,User Modeling,Personalized Search,engines,agent,emptyanswer,emptyanswer,emptyanswer,emptyanswer,emptyanswer,emptyanswer,emptyanswer,emptyanswer,emptyanswer,emptyanswer,emptyanswer
3BS6ERDL9261NH2VOJVL19NRJLN6DJ,3TR2532VIPTHDNZHOHMYTQEQI4H6J0,A2UNRV6PEOEXG0,Approved,Sat Mar 14 13:56:33 EDT 2015,Sat Mar 14 13:57:21 EDT 2015,Information retrieval,implicit user modeling,personalized search,web search,search agent,personalization,emptyanswer,emptyanswer,emptyanswer,emptyanswer,emptyanswer,emptyanswer,emptyanswer,emptyanswer,emptyanswer,emptyanswer
3BS6ERDL9261NH2VOJVL19NRJLN6DJ,34X6J5FLPTXAN5I13Q0WZVVHI52QJQ,A1GK9ZI7T30X9Z,Approved,Sat Mar 14 16:49:46 EDT 2015,Sat Mar 14 16:51:55 EDT 2015,Implicit User Modeling,Personalized Search,search,information retrieval systems,UCAIR,eager implicit feedback,query expansion,emptyanswer,emptyanswer,emptyanswer,emptyanswer,emptyanswer,emptyanswer,emptyanswer,emptyanswer,emptyanswer
3BS6ERDL9261NH2VOJVL19NRJLN6DJ,3GM6G9ZBKNWDGTGENR7JKSYL66XTMC,AWFQ7OX0UPSM5,Approved,Sat Mar 14 17:06:17 EDT 2015,Sat Mar 14 17:07:29 EDT 2015,Implicit User Modeling,Personalized Search,Information retrieval systems,web search engines,inherently non-optimal retrieval performance,emptyanswer,emptyanswer,emptyanswer,emptyanswer,emptyanswer,emptyanswer,emptyanswer,emptyanswer,emptyanswer,emptyanswer,emptyanswer
3BS6ERDL9261NH2VOJVL19NRJLN6DJ,3JBT3HLQF81FN8MQLZOTNKTXW7UZPU,AH3ER3EJXHRO2,Approved,Sat Mar 14 17:16:30 EDT 2015,Sat Mar 14 17:17:19 EDT 2015,implicit user modeling,personalized search,information retrieval systems,web search engines,information overload,emptyanswer,emptyanswer,emptyanswer,emptyanswer,emptyanswer,emptyanswer,emptyanswer,emptyanswer,emptyanswer,emptyanswer,emptyanswer
3BS6ERDL9261NH2VOJVL19NRJLN6DJ,3RSDURM96ALBLRNVGZ6ZF1LRC6SYEL,ATOMPVWZKAE0E,Approved,Sat Mar 14 18:50:29 EDT 2015,Sat Mar 14 18:53:37 EDT 2015,web search engine,Information retrieval system,Implicit user modeling,optimal retrieval performance,personalized search,decision theoretic framework,client-side web search agent,(UCAIR),query expansion,search accuracy,emptyanswer,emptyanswer,emptyanswer,emptyanswer,emptyanswer,emptyanswer
3BS6ERDL9261NH2VOJVL19NRJLN6DJ,3QHK8ZVMIMHTEP4CNTFJKLDA0UDBL8,A1BV5YY1UQCMZY,Approved,Sat Mar 14 19:46:16 EDT 2015,Sat Mar 14 19:46:49 EDT 2015,information retrieval systems,information overload,personalized search,user modeling,ucair,experiments,google,emptyanswer,emptyanswer,emptyanswer,emptyanswer,emptyanswer,emptyanswer,emptyanswer,emptyanswer,emptyanswer
3BS6ERDL9261NH2VOJVL19NRJLN6DJ,31Z0PCVWUKEUVQ9RJL5U1A1VBIAT7B,A1G94QON7A9K0N,Approved,Sat Mar 14 20:10:42 EDT 2015,Sat Mar 14 20:11:01 EDT 2015,search,retrieval,ucair,feedback,query,emptyanswer,emptyanswer,emptyanswer,emptyanswer,emptyanswer,emptyanswer,emptyanswer,emptyanswer,emptyanswer,emptyanswer,emptyanswer
3BS6ERDL9261NH2VOJVL19NRJLN6DJ,32SCWG5HIH3DZY2FJURIQM02R33P6Z,A29ZV4XJB7R1O,Approved,Sat Mar 14 19:54:40 EDT 2015,Sat Mar 14 20:14:15 EDT 2015,Implicit,Personalized Search,Information retrieval systems,clickthrough,web search,emptyanswer,emptyanswer,emptyanswer,emptyanswer,emptyanswer,emptyanswer,emptyanswer,emptyanswer,emptyanswer,emptyanswer,emptyanswer
3BS6ERDL9261NH2VOJVL19NRJLN6DJ,3N4BPTXIO8RXQIV02KKDABSJ0GNKU5,A2TM0CPAMAO45B,Approved,Sat Mar 14 21:03:27 EDT 2015,Sat Mar 14 21:04:09 EDT 2015,Implicit User Modeling,search engines,personalization,intelligent client-side web search agent (UCAIR),improved search accuracy,emptyanswer,emptyanswer,emptyanswer,emptyanswer,emptyanswer,emptyanswer,emptyanswer,emptyanswer,emptyanswer,emptyanswer,emptyanswer
3BS6ERDL9261NH2VOJVL19NRJLN6DJ,39GAF6DQWRZVXWYEZ0O01IY35HZV15,A9VLWY4KW6OCB,Approved,Sat Mar 14 21:24:32 EDT 2015,Sat Mar 14 21:42:31 EDT 2015,Implicit,User,Modeling,Personalized,Search,emptyanswer,emptyanswer,emptyanswer,emptyanswer,emptyanswer,emptyanswer,emptyanswer,emptyanswer,emptyanswer,emptyanswer,emptyanswer
