HitId,AssignmentId,WorkerId,Status,AcceptTime,SubmitTime,Answer 1,Answer 2,Answer 3,Answer 4,Answer 5,Answer 6,Answer 7,Answer 8,Answer 9,Answer 10,Answer 11,Answer 12,Answer 13,Answer 14,Answer 15,Answer 16
3CMV9YRYP20W9O5ULJNYTQ01E09JLI,37W3JXSD66752R9M1Z0517SRIH3YWK,A22R7DT2XQIKXV,Approved,Mon Mar 02 15:07:56 EST 2015,Mon Mar 02 15:08:18 EST 2015,aa,aa,aa,aa,aa,emptyanswer,emptyanswer,emptyanswer,emptyanswer,emptyanswer,emptyanswer,emptyanswer,emptyanswer,emptyanswer,emptyanswer,emptyanswer
3CMV9YRYP20W9O5ULJNYTQ01E09JLI,3C6FJU71TQSSANKH6ZL4JJ7UX1FYU8,A26M2B8NZVKWTZ,Approved,Mon Mar 02 22:56:47 EST 2015,Mon Mar 02 22:57:37 EST 2015,communication,rule,Voting,Complexity,STV,emptyanswer,emptyanswer,emptyanswer,emptyanswer,emptyanswer,emptyanswer,emptyanswer,emptyanswer,emptyanswer,emptyanswer,emptyanswer
3CMV9YRYP20W9O5ULJNYTQ01E09JLI,3HRMW88U16PC0KJNPPJ90HWG82Y0MI,A2R085B34P2LYS,Approved,Mon Mar 02 22:47:12 EST 2015,Mon Mar 02 23:09:38 EST 2015,Complexity,of,Common,Voting,Rules,emptyanswer,emptyanswer,emptyanswer,emptyanswer,emptyanswer,emptyanswer,emptyanswer,emptyanswer,emptyanswer,emptyanswer,emptyanswer
3CMV9YRYP20W9O5ULJNYTQ01E09JLI,3GFK2QRXX9G703Z2QXV8QAUYNCNW5Q,A2YW509B0UMSEH,Approved,Mon Mar 02 23:21:53 EST 2015,Mon Mar 02 23:27:20 EST 2015,Communication,voting,Complexity,protocol,bounds,emptyanswer,emptyanswer,emptyanswer,emptyanswer,emptyanswer,emptyanswer,emptyanswer,emptyanswer,emptyanswer,emptyanswer,emptyanswer
3CMV9YRYP20W9O5ULJNYTQ01E09JLI,3W8CV64QJ2Y8406PYOMP1NPDULBH9M,A1B5NXRZQYRC4R,Approved,Tue Mar 03 06:58:23 EST 2015,Tue Mar 03 06:58:41 EST 2015,communication,complexity,common,voting,rules,emptyanswer,emptyanswer,emptyanswer,emptyanswer,emptyanswer,emptyanswer,emptyanswer,emptyanswer,emptyanswer,emptyanswer,emptyanswer
3CMV9YRYP20W9O5ULJNYTQ01E09JLI,3LO69W1SU3CP56CN3F7XLW47FFJLGS,A3ODG942FG22PJ,Approved,Tue Mar 03 08:52:47 EST 2015,Tue Mar 03 08:53:05 EST 2015,Communication,Common,Voting,Rules,STV,na,na,na,na,na,na,na,na,na,na,na
3CMV9YRYP20W9O5ULJNYTQ01E09JLI,3XCC1ODXDLARLT1EBV951MH8RUIRQK,AQ4PB1PVI9U7V,Approved,Tue Mar 03 09:07:23 EST 2015,Tue Mar 03 09:14:13 EST 2015,communication,plurality,protocol,voting,bound,NA,NA,NA,NA,NA,NA,NA,NA,NA,NA,NA
3CMV9YRYP20W9O5ULJNYTQ01E09JLI,3VJ40NV2QIM1GW1Q07MWCWNQ0E0OTP,A27I79P03I0ZPO,Approved,Tue Mar 03 10:03:41 EST 2015,Tue Mar 03 10:05:50 EST 2015,Common,Voting,Rules,Communication,Complexity,emptyanswer,emptyanswer,emptyanswer,emptyanswer,emptyanswer,emptyanswer,emptyanswer,emptyanswer,emptyanswer,emptyanswer,emptyanswer
3CMV9YRYP20W9O5ULJNYTQ01E09JLI,36U2A8VAG1YE7RF5CLH2DWYWVCVYKT,A3FG9YWTFFK1AU,Approved,Tue Mar 03 18:51:35 EST 2015,Tue Mar 03 19:00:51 EST 2015,Communication Complexity,Common Voting Rules,single transferable vote (STV),rules,maximin,emptyanswer,emptyanswer,emptyanswer,emptyanswer,emptyanswer,emptyanswer,emptyanswer,emptyanswer,emptyanswer,emptyanswer,emptyanswer
3CMV9YRYP20W9O5ULJNYTQ01E09JLI,3PM8NZGV8YFBIPNQKUFXQ43WSCIXQ3,A9LA6QK6VCERR,Approved,Wed Mar 04 00:38:22 EST 2015,Wed Mar 04 00:41:12 EST 2015,Common Voting Rules,plurality with runoff,single transferable vote (STV),Condorcet,Bucklin,Borda,Copeland,emptyanswer,emptyanswer,emptyanswer,emptyanswer,emptyanswer,emptyanswer,emptyanswer,emptyanswer,emptyanswer
3CMV9YRYP20W9O5ULJNYTQ01E09JLI,35H6S234SAZ96OKWZFI4SGVLZC1569,A3HPVFAF1U9WXK,Approved,Wed Mar 04 01:36:24 EST 2015,Wed Mar 04 01:37:17 EST 2015,Common Voting Rules,Communication Complexity,plurality,single transferable vote,deterministic communication protocol,bound,emptyanswer,emptyanswer,emptyanswer,emptyanswer,emptyanswer,emptyanswer,emptyanswer,emptyanswer,emptyanswer,emptyanswer
3CMV9YRYP20W9O5ULJNYTQ01E09JLI,3YMTUJH0DSFXC3R8HN7NYYHLJP4T4S,A3H35QRODK1C4K,Approved,Wed Mar 04 10:07:52 EST 2015,Wed Mar 04 10:08:09 EST 2015,communication,complexity,common,voting,rules,emptyanswer,emptyanswer,emptyanswer,emptyanswer,emptyanswer,emptyanswer,emptyanswer,emptyanswer,emptyanswer,emptyanswer,emptyanswer
3CMV9YRYP20W9O5ULJNYTQ01E09JLI,3FFJ6VRIL1NQ41TW4ALH8OPZRWB0I5,A3FFZN4FO3Q789,Approved,Wed Mar 04 10:51:14 EST 2015,Wed Mar 04 10:56:29 EST 2015,preliminary,preliminary,preliminary,preliminary,preliminary,emptyanswer,emptyanswer,emptyanswer,emptyanswer,emptyanswer,emptyanswer,emptyanswer,emptyanswer,emptyanswer,emptyanswer,emptyanswer
3CMV9YRYP20W9O5ULJNYTQ01E09JLI,3YGXWBAF70GGQMPXV1CX9OHHV4QC4G,A2F6ZON8X5EAGL,Approved,Wed Mar 04 15:41:07 EST 2015,Wed Mar 04 15:41:49 EST 2015,Communication Complexity of Common Voting Rules,determine,voting,plurality,bounds,emptyanswer,emptyanswer,emptyanswer,emptyanswer,emptyanswer,emptyanswer,emptyanswer,emptyanswer,emptyanswer,emptyanswer,emptyanswer
3CMV9YRYP20W9O5ULJNYTQ01E09JLI,33ISQZVXPPLJLQ2COGIFSMT5NHKCC6,A3OTLWGJFB65KD,Approved,Wed Mar 04 19:26:28 EST 2015,Wed Mar 04 19:27:08 EST 2015,nothing,nothing,nothing,nothing,nothing,emptyanswer,emptyanswer,emptyanswer,emptyanswer,emptyanswer,emptyanswer,emptyanswer,emptyanswer,emptyanswer,emptyanswer,emptyanswer
3CMV9YRYP20W9O5ULJNYTQ01E09JLI,3RXPCZQMQPACFZ8JA5PE1HVTHCV1GP,A3LUJSAN4DQ1ZT,Approved,Wed Mar 04 21:26:30 EST 2015,Wed Mar 04 21:28:06 EST 2015,Communication complexity,Plurality,Single transferable vote,Maxmin,Condorcet,emptyanswer,emptyanswer,emptyanswer,emptyanswer,emptyanswer,emptyanswer,emptyanswer,emptyanswer,emptyanswer,emptyanswer,emptyanswer
3CMV9YRYP20W9O5ULJNYTQ01E09JLI,3QAVNHZ3EM3OVFZKHFFNPAT4HNQALV,A3S81UFDOWF2ST,Approved,Wed Mar 04 22:11:17 EST 2015,Wed Mar 04 22:11:53 EST 2015,Common Voting Rules,communication complexity,plurality,plurality with runoff,single transferable vote (STV),emptyanswer,emptyanswer,emptyanswer,emptyanswer,emptyanswer,emptyanswer,emptyanswer,emptyanswer,emptyanswer,emptyanswer,emptyanswer
3CMV9YRYP20W9O5ULJNYTQ01E09JLI,3O6CYIULED0OLIPHRY3GYMMEMYEUWE,A1YLO4LT02D2F0,Approved,Thu Mar 05 03:45:24 EST 2015,Thu Mar 05 03:46:11 EST 2015,the communication complexity,the common voting rules,"plurality, plurality with runoff",the number of bits communicated,give a deterministic communication protocol,emptyanswer,emptyanswer,emptyanswer,emptyanswer,emptyanswer,emptyanswer,emptyanswer,emptyanswer,emptyanswer,emptyanswer,emptyanswer
3CMV9YRYP20W9O5ULJNYTQ01E09JLI,3JAOYWH7VI3AQWPFP91NTFIKB7X9L8,A1QUDNLO95AKS5,Approved,Thu Mar 05 11:47:30 EST 2015,Thu Mar 05 11:47:57 EST 2015,Communication Complexity,Common Voting Rules,single transferable vote (STV),communication protocol,voting rule,emptyanswer,emptyanswer,emptyanswer,emptyanswer,emptyanswer,emptyanswer,emptyanswer,emptyanswer,emptyanswer,emptyanswer,emptyanswer
3CMV9YRYP20W9O5ULJNYTQ01E09JLI,3I0BTBYZAXKCU1818S7KUCJNHIHY0N,A3DHYTZ1GPN0T8,Approved,Thu Mar 05 13:24:01 EST 2015,Thu Mar 05 13:24:32 EST 2015,determine,Condorcet,maximin,Copeland,ranked pairs,emptyanswer,emptyanswer,emptyanswer,emptyanswer,emptyanswer,emptyanswer,emptyanswer,emptyanswer,emptyanswer,emptyanswer,emptyanswer
3CMV9YRYP20W9O5ULJNYTQ01E09JLI,3AMW0RGHOD1L6J87IBDZSXMOL8DNPL,ADUJUZANFOWKW,Approved,Thu Mar 05 20:44:23 EST 2015,Thu Mar 05 20:44:47 EST 2015,STV,rules,voting,communication,protocol,emptyanswer,emptyanswer,emptyanswer,emptyanswer,emptyanswer,emptyanswer,emptyanswer,emptyanswer,emptyanswer,emptyanswer,emptyanswer
3CMV9YRYP20W9O5ULJNYTQ01E09JLI,33M4IA01QG0BUQ2QX94XVUD1O5FXRD,A156E6TWVB7GP7,Approved,Fri Mar 06 00:19:05 EST 2015,Fri Mar 06 00:21:04 EST 2015,communication,rules,single transferable vote,upper bound,except STV and maximin,emptyanswer,emptyanswer,emptyanswer,emptyanswer,emptyanswer,emptyanswer,emptyanswer,emptyanswer,emptyanswer,emptyanswer,emptyanswer
3CMV9YRYP20W9O5ULJNYTQ01E09JLI,33CID57104SOBU0Z800D22FYBL7L3Z,AQXSUU4I4DAH8,Approved,Fri Mar 06 12:02:10 EST 2015,Fri Mar 06 12:02:50 EST 2015,Common Voting Rules,deterministic communication protocol,Communication Complexity,Common Voting Rules,number of bits communicated,emptyanswer,emptyanswer,emptyanswer,emptyanswer,emptyanswer,emptyanswer,emptyanswer,emptyanswer,emptyanswer,emptyanswer,emptyanswer
3CMV9YRYP20W9O5ULJNYTQ01E09JLI,3LPW2N6LKT1U8ZAXVXG78M9128I5UU,A3G4SXD4N30C3L,Approved,Fri Mar 06 18:40:13 EST 2015,Fri Mar 06 18:40:57 EST 2015,Communication Complexity,Common Voting Rules,single transferable vote (STV),plurality with runoff,Condorcet,Bucklin,copeland,borda,ranked pairs,emptyanswer,emptyanswer,emptyanswer,emptyanswer,emptyanswer,emptyanswer,emptyanswer
3CMV9YRYP20W9O5ULJNYTQ01E09JLI,3X73LLYYQ1DTT2AJZY5UJOKXZMKHN1,A1VOWQJOBWOVKG,Approved,Fri Mar 06 19:23:07 EST 2015,Fri Mar 06 19:24:05 EST 2015,Communication Complexity,Voting Rules,single transferable vote (STV),"Condorcet, approval",Bucklin,emptyanswer,emptyanswer,emptyanswer,emptyanswer,emptyanswer,emptyanswer,emptyanswer,emptyanswer,emptyanswer,emptyanswer,emptyanswer
3CMV9YRYP20W9O5ULJNYTQ01E09JLI,3WOKGM4L71F00N4Z25YMSLLL3FYO0W,A28IXE702NXWKQ,Approved,Fri Mar 06 20:35:57 EST 2015,Fri Mar 06 20:36:43 EST 2015,determine,communication,"The rules (sorted by their communication complexity from low to high) are plurality, plurality with runoff, single transferable vote (STV), Condorcet, approval, Bucklin, cup, maximin, Borda, Copeland, and ranked pairs",bounds,except STV and maximin,emptyanswer,emptyanswer,emptyanswer,emptyanswer,emptyanswer,emptyanswer,emptyanswer,emptyanswer,emptyanswer,emptyanswer,emptyanswer
3CMV9YRYP20W9O5ULJNYTQ01E09JLI,3M81GAB8A0I45MKPFYNF17C49KZBQZ,APEB5ERGCYP6D,Approved,Fri Mar 06 23:30:32 EST 2015,Fri Mar 06 23:31:47 EST 2015,communication complexity from low to high,single transferable vote,"Copeland, and ranked pairs",upper bound on the number of bits,match for all voting rules except STV and maximin,emptyanswer,emptyanswer,emptyanswer,emptyanswer,emptyanswer,emptyanswer,emptyanswer,emptyanswer,emptyanswer,emptyanswer,emptyanswer
3CMV9YRYP20W9O5ULJNYTQ01E09JLI,3SPJ0334212JW79NU0HQCHYJGZLYJ8,A37WDQ1VG5XN6Z,Approved,Sat Mar 07 13:10:23 EST 2015,Sat Mar 07 13:10:29 EST 2015,nothing,nothing,nothing,nothing,nothing,emptyanswer,emptyanswer,emptyanswer,emptyanswer,emptyanswer,emptyanswer,emptyanswer,emptyanswer,emptyanswer,emptyanswer,emptyanswer
3CMV9YRYP20W9O5ULJNYTQ01E09JLI,3N1FSUEFL5ZQVEVBVX78TUZZGFL4DD,ANB69EQROUTQJ,Approved,Sat Mar 07 22:06:48 EST 2015,Sat Mar 07 22:08:55 EST 2015,COMMUNICATION COMPLEXITY,COMMON VOTING RULES,VOTING RULES,SINGLE TRANSFERABBLE VOTE,PLURALITY,PLURALITY WITH RUNOFF,emptyanswer,emptyanswer,emptyanswer,emptyanswer,emptyanswer,emptyanswer,emptyanswer,emptyanswer,emptyanswer,emptyanswer
3CMV9YRYP20W9O5ULJNYTQ01E09JLI,30BXRYBRP4WJGWJXRZWHF7XOS1YWHN,A2KELEVTA0306Y,Approved,Sun Mar 08 08:22:51 EDT 2015,Sun Mar 08 08:26:41 EDT 2015,determine,communication,complexity,common,voting,rules,sorted,high,plurality,runoff,single,transferable,vote,Condorcet,approval,Bucklin
3CMV9YRYP20W9O5ULJNYTQ01E09JLI,32KTQ2V7RDEUWE70PL22TSX9BMCM9W,A1JWEYGDFDB100,Approved,Sun Mar 08 08:32:24 EDT 2015,Sun Mar 08 08:33:56 EDT 2015,Communication Complexity,Common Voting Rules,plurality,plurality with runoff,single transferable vote,emptyanswer,emptyanswer,emptyanswer,emptyanswer,emptyanswer,emptyanswer,emptyanswer,emptyanswer,emptyanswer,emptyanswer,emptyanswer
3CMV9YRYP20W9O5ULJNYTQ01E09JLI,3NPFYT4IZC3K50TCHYALWQZUM3WGX6,A38IE69ORDCEGY,Approved,Sun Mar 08 11:47:15 EDT 2015,Sun Mar 08 11:48:26 EDT 2015,Communication complexity,voting rules,communication protocal,plurality,ranked-pairs,emptyanswer,emptyanswer,emptyanswer,emptyanswer,emptyanswer,emptyanswer,emptyanswer,emptyanswer,emptyanswer,emptyanswer,emptyanswer
3CMV9YRYP20W9O5ULJNYTQ01E09JLI,38BQUHLA9WZX31B6RALKQISY6LBMON,A2EEL9YYUHL5SK,Approved,Sun Mar 08 16:01:29 EDT 2015,Sun Mar 08 16:02:33 EDT 2015,Communication Complexity,Common Voting Rules,"plurality, plurality with runoff, single transferable vote (STV), Condorcet, approval, Bucklin, cup, maximin, Borda, Copeland, and ranked pairs",communication protocol,an upper bound on the number of bits communicated,emptyanswer,emptyanswer,emptyanswer,emptyanswer,emptyanswer,emptyanswer,emptyanswer,emptyanswer,emptyanswer,emptyanswer,emptyanswer
3CMV9YRYP20W9O5ULJNYTQ01E09JLI,3Q5ZZ9ZEVOEWA23KSUF2CURC5LI58E,A156NFBMKKLDL9,Approved,Sun Mar 08 16:56:25 EDT 2015,Sun Mar 08 16:57:29 EDT 2015,Communication Complexity,Common Voting Rules,deterministic communication protocol,number of bits communicated,STV and maximin,emptyanswer,emptyanswer,emptyanswer,emptyanswer,emptyanswer,emptyanswer,emptyanswer,emptyanswer,emptyanswer,emptyanswer,emptyanswer
3CMV9YRYP20W9O5ULJNYTQ01E09JLI,3ZR9AIQJUB8WWUUHJLJDENFGMRE40O,A2GBY8O6GYSB89,Approved,Sun Mar 08 18:40:33 EDT 2015,Sun Mar 08 18:41:19 EDT 2015,Communication Complexity,Common Voting Rules,plurality,deterministic communication protocol,upper bound,the voting rule,emptyanswer,emptyanswer,emptyanswer,emptyanswer,emptyanswer,emptyanswer,emptyanswer,emptyanswer,emptyanswer,emptyanswer
3CMV9YRYP20W9O5ULJNYTQ01E09JLI,39N5ACM9HEM0HH4DH1UUAWR4GTC9P8,A2E2IQ99W6B7AV,Approved,Mon Mar 09 06:16:17 EDT 2015,Mon Mar 09 06:17:48 EDT 2015,Voting rule,Communications,Protocols,Rule clarification,Bit limits,emptyanswer,emptyanswer,emptyanswer,emptyanswer,emptyanswer,emptyanswer,emptyanswer,emptyanswer,emptyanswer,emptyanswer,emptyanswer
3CMV9YRYP20W9O5ULJNYTQ01E09JLI,3TOK3KHVJTHEIY4JN4JV70V8BYU7OF,A2SZAM3EZER2PH,Approved,Mon Mar 09 06:57:46 EDT 2015,Mon Mar 09 06:58:37 EDT 2015,determine,voting rules,plurality with runoff,even the nondeterministic,STV and maximin,emptyanswer,emptyanswer,emptyanswer,emptyanswer,emptyanswer,emptyanswer,emptyanswer,emptyanswer,emptyanswer,emptyanswer,emptyanswer
3CMV9YRYP20W9O5ULJNYTQ01E09JLI,3UN61F00HWO2S7IGR3L23BMHVFWR56,A2SDTL2V8VJ25O,Approved,Mon Mar 09 12:25:56 EDT 2015,Mon Mar 09 12:27:03 EDT 2015,Complexity,Communication,Rules,requirements,maximin,emptyanswer,emptyanswer,emptyanswer,emptyanswer,emptyanswer,emptyanswer,emptyanswer,emptyanswer,emptyanswer,emptyanswer,emptyanswer
3CMV9YRYP20W9O5ULJNYTQ01E09JLI,3WQQ9FUS6ATYZIKTT46FFGR4FJ5B8Q,ACYGMRGAZ22U7,Approved,Mon Mar 09 17:56:32 EDT 2015,Mon Mar 09 17:56:41 EDT 2015,Keyword/Keyphrase 1:,Keyword/Keyphrase 1:,Keyword/Keyphrase 1:,Keyword/Keyphrase 1:,Keyword/Keyphrase 1:,emptyanswer,emptyanswer,emptyanswer,emptyanswer,emptyanswer,emptyanswer,emptyanswer,emptyanswer,emptyanswer,emptyanswer,emptyanswer
3CMV9YRYP20W9O5ULJNYTQ01E09JLI,33LK57MYLT4C002IDGSNIPY8IIFSZY,A3UY2GVCKC8LSL,Approved,Tue Mar 10 06:42:48 EDT 2015,Tue Mar 10 06:43:35 EDT 2015,single transferable vote,communication protocol,communication complexity,Common Voting Rules,Communication Complexity,emptyanswer,emptyanswer,emptyanswer,emptyanswer,emptyanswer,emptyanswer,emptyanswer,emptyanswer,emptyanswer,emptyanswer,emptyanswer
3CMV9YRYP20W9O5ULJNYTQ01E09JLI,3R2UR8A0IAF8XDAA5HNT1Z8WDTOXOJ,A17JEL4FN1B9TB,Approved,Tue Mar 10 12:12:16 EDT 2015,Tue Mar 10 12:12:59 EDT 2015,Communication,Complexity,Common,Voting,Rules,emptyanswer,emptyanswer,emptyanswer,emptyanswer,emptyanswer,emptyanswer,emptyanswer,emptyanswer,emptyanswer,emptyanswer,emptyanswer
3CMV9YRYP20W9O5ULJNYTQ01E09JLI,3JZQSN0I3Q935E2RH44ZQJZNI28FGU,AW36CVMS3526O,Approved,Tue Mar 10 14:44:22 EDT 2015,Tue Mar 10 14:45:32 EDT 2015,Voting,complexity,transferable,communication,maximin,emptyanswer,emptyanswer,emptyanswer,emptyanswer,emptyanswer,emptyanswer,emptyanswer,emptyanswer,emptyanswer,emptyanswer,emptyanswer
3CMV9YRYP20W9O5ULJNYTQ01E09JLI,3LOZAJ85YDCUQ6L5IJPWUM5TCPX2XP,A3K6BSW10S4YKJ,Approved,Wed Mar 11 01:15:11 EDT 2015,Wed Mar 11 01:16:37 EDT 2015,the communication complexity of the common voting rules,"plurality,","plurality with runoff,","single transferable vote (STV),","Condorcet,","approval,","Bucklin,","cup,","maximin,","Borda,","Copeland,",ranked pairs,emptyanswer,emptyanswer,emptyanswer,emptyanswer
3CMV9YRYP20W9O5ULJNYTQ01E09JLI,384PI804XS0FYFWS9MFVCQVM0CJS0V,ATRHDYWCIYTDJ,Approved,Wed Mar 11 04:22:01 EDT 2015,Wed Mar 11 04:22:16 EDT 2015,communication,voting,complexity,plurality,maximin,emptyanswer,emptyanswer,emptyanswer,emptyanswer,emptyanswer,emptyanswer,emptyanswer,emptyanswer,emptyanswer,emptyanswer,emptyanswer
3CMV9YRYP20W9O5ULJNYTQ01E09JLI,34S9DKFK73OFFX089Y9I5OF0PRXYNZ,A3CMDYA9USA3MR,Approved,Wed Mar 11 07:42:16 EDT 2015,Wed Mar 11 07:42:29 EDT 2015,determine,complexity,voting,communication,requirements,emptyanswer,emptyanswer,emptyanswer,emptyanswer,emptyanswer,emptyanswer,emptyanswer,emptyanswer,emptyanswer,emptyanswer,emptyanswer
3CMV9YRYP20W9O5ULJNYTQ01E09JLI,3X0H8UUIT1N865XD2T8GJL4Q1I6SW7,A1XRIEYLA7ZJ3B,Approved,Wed Mar 11 08:21:23 EDT 2015,Wed Mar 11 08:29:51 EDT 2015,Communication Complexity of Common Voting Rules,"The rules (sorted by their communication complexity from low to high) are plurality, plurality with runoff, single transferable vote (STV), Condorcet, approval, Bucklin, cup, maximin, Borda, Copeland, and ranked pairs",deterministic communication protocol,an upper bound on the number of bits communicated in it,a lower bound on (even the nondeterministic) communication requirements of the voting rule,bounds match for all voting rules except STV and maximin,emptyanswer,emptyanswer,emptyanswer,emptyanswer,emptyanswer,emptyanswer,emptyanswer,emptyanswer,emptyanswer,emptyanswer
3CMV9YRYP20W9O5ULJNYTQ01E09JLI,3P529IW9KYKJR6GSSV1F3B4VEL4FLE,A2KEOU752LUBZC,Approved,Wed Mar 11 23:10:34 EDT 2015,Wed Mar 11 23:17:37 EDT 2015,communication complexity,common voting rules,sorted by their communication complexity,from low to high,"are plurality, plurality with runoff",single transferable vote (STV),"Condorcet, approval, Bucklin, cup, maximin","Borda, Copeland, and ranked pairs",deterministic communication protocol,upper bound,on the number of bits communicated,lower bound,(even the nondeterministic) communication requirements,bounds match all voting rules,except STV,except maximin
3CMV9YRYP20W9O5ULJNYTQ01E09JLI,3VSOLARPKB8TASZQJ3XNXTO3C2D930,ADVZAZ12Z8N9J,Approved,Thu Mar 12 10:33:41 EDT 2015,Thu Mar 12 10:36:35 EDT 2015,We determine the communication complexity of the common voting rules.,N/A,N/A,N/A,N/A,emptyanswer,emptyanswer,emptyanswer,emptyanswer,emptyanswer,emptyanswer,emptyanswer,emptyanswer,emptyanswer,emptyanswer,emptyanswer
3CMV9YRYP20W9O5ULJNYTQ01E09JLI,3MRNMEIQW55MTM2W1P6PFB1A39LDL1,AM1HY736BY3Z8,Approved,Thu Mar 12 11:50:06 EDT 2015,Thu Mar 12 11:51:28 EDT 2015,Communication Complexity of Common Voting Rules,We determine the communication complexity of the common voting rules.,"The rules are plurality, plurality with runoff, single transferable vote (STV), Condorcet, approval, Bucklin, cup, maximin, Borda, Copeland, and ranked pairs",we give a lower bound on (even the nondeterministic) communication requirements of the voting rule.,The bounds match for all voting rules except STV and maximin.,emptyanswer,emptyanswer,emptyanswer,emptyanswer,emptyanswer,emptyanswer,emptyanswer,emptyanswer,emptyanswer,emptyanswer,emptyanswer
3CMV9YRYP20W9O5ULJNYTQ01E09JLI,3VFJCI1K4ZY084708Z4T78D6MTRGR5,A2KS418T8MPLJH,Approved,Thu Mar 12 12:19:57 EDT 2015,Thu Mar 12 12:20:57 EDT 2015,"We determine the communication complexity of the common voting rules. The rules (sorted by their communication complexity from low to high) are plurality,","plurality with runoff, single transferable vote (STV), Condorcet, approval, Bucklin, cup, maximin, Borda, Copeland, and ranked pairs.","For each rule, we first give a deterministic communication protocol and an upper bound on the number of bits communicated in it;","then, we give a lower bound on (even the nondeterministic) communication requirements of the voting rule.",The bounds match for all voting rules except STV and maximin.,emptyanswer,emptyanswer,emptyanswer,emptyanswer,emptyanswer,emptyanswer,emptyanswer,emptyanswer,emptyanswer,emptyanswer,emptyanswer
3CMV9YRYP20W9O5ULJNYTQ01E09JLI,3IRIK4HM3AJU59TBEP5C6M1VSEO6CQ,AU3WQKISBW5MZ,Approved,Thu Mar 12 13:51:51 EDT 2015,Thu Mar 12 13:52:56 EDT 2015,We determine the communication complexity of the common voting rules.,The rules (sorted by their communication complexity from low to high) are plurality,"plurality with runoff, single transferable vote (STV), Condorcet, approval, Bucklin, cup,","Borda, Copeland, and ranked pairs. For each rule, we first give a deterministic communication protocol and an upper bound on the number of bits communicated in it",e give a lower bound on (even the nondeterministic) communication requirements of the voting rule,emptyanswer,emptyanswer,emptyanswer,emptyanswer,emptyanswer,emptyanswer,emptyanswer,emptyanswer,emptyanswer,emptyanswer,emptyanswer
3CMV9YRYP20W9O5ULJNYTQ01E09JLI,3OUYGIZWR7XILNG0H5B1HLQBEVPP0W,A3MRB8TFD1IUS6,Approved,Thu Mar 12 17:59:18 EDT 2015,Thu Mar 12 18:00:44 EDT 2015,Communication Complexity,Common Voting Rules,Single transferable vote,Condorcet,Borda,Copeland,ranked pairs,emptyanswer,emptyanswer,emptyanswer,emptyanswer,emptyanswer,emptyanswer,emptyanswer,emptyanswer,emptyanswer
3CMV9YRYP20W9O5ULJNYTQ01E09JLI,3C8HJ7UOP7T925PDTJW16GZ2RXCMZ4,A3EOFHEPL3L07Y,Approved,Fri Mar 13 01:31:22 EDT 2015,Fri Mar 13 01:34:07 EDT 2015,Communication Complexity of Common Voting Rules,determine the communication complexity of the common voting rules,single transferable vote,deterministic communication protocol and an upper bound on the number of bits communicated in it,The bounds match for all voting rules except STV and maximin.,emptyanswer,emptyanswer,emptyanswer,emptyanswer,emptyanswer,emptyanswer,emptyanswer,emptyanswer,emptyanswer,emptyanswer,emptyanswer
3CMV9YRYP20W9O5ULJNYTQ01E09JLI,3GS6S824SQWBQS58UXRUKRUKFM5WND,A610SH5RY1NG1,Approved,Fri Mar 13 14:05:28 EDT 2015,Fri Mar 13 14:06:04 EDT 2015,voting,rules,communication,common,complexity,emptyanswer,emptyanswer,emptyanswer,emptyanswer,emptyanswer,emptyanswer,emptyanswer,emptyanswer,emptyanswer,emptyanswer,emptyanswer
3CMV9YRYP20W9O5ULJNYTQ01E09JLI,3I0BTBYZAXKCU1818S7KUCJNI250YI,A3DTN2OMF6DUSI,Approved,Fri Mar 13 23:24:00 EDT 2015,Fri Mar 13 23:24:05 EDT 2015,model,model,model,model,model,emptyanswer,emptyanswer,emptyanswer,emptyanswer,emptyanswer,emptyanswer,emptyanswer,emptyanswer,emptyanswer,emptyanswer,emptyanswer
3CMV9YRYP20W9O5ULJNYTQ01E09JLI,3D3VGR7TA0EZESVCDKX9OEOXIS6R30,AL9R6CILUG30X,Approved,Sat Mar 14 01:53:35 EDT 2015,Sat Mar 14 01:56:10 EDT 2015,Common Voting Rules,Communication Complexity,single transferable vote (STV),Condorcet,Bucklin,communication protocol,emptyanswer,emptyanswer,emptyanswer,emptyanswer,emptyanswer,emptyanswer,emptyanswer,emptyanswer,emptyanswer,emptyanswer
3CMV9YRYP20W9O5ULJNYTQ01E09JLI,39PAAFCODMZW6GAN1J8A7OHYXY6VTQ,A2UGT7BSQ540HI,Approved,Sat Mar 14 08:47:54 EDT 2015,Sat Mar 14 08:52:08 EDT 2015,Communication Complexity,Common Voting Rules,Plurality,Plurality with runoff,Single transferable vote,Condorcet,approval,Bucklin,maximin,Borda,Copeland,ranked pairs,communication protocol,bounds,emptyanswer,emptyanswer
3CMV9YRYP20W9O5ULJNYTQ01E09JLI,3WMINLGALB2VSB5E42MOMR3HO28CAQ,A2Z9HR2IBD75R9,Approved,Sat Mar 14 09:23:05 EDT 2015,Sat Mar 14 09:23:23 EDT 2015,Complexity,Common Voting Rules,STV,communication,protocol,emptyanswer,emptyanswer,emptyanswer,emptyanswer,emptyanswer,emptyanswer,emptyanswer,emptyanswer,emptyanswer,emptyanswer,emptyanswer
3CMV9YRYP20W9O5ULJNYTQ01E09JLI,33PPUNGG3840ZL25YRSISFTCXP7RZ3,A2UNRV6PEOEXG0,Approved,Sat Mar 14 13:47:34 EDT 2015,Sat Mar 14 13:49:00 EDT 2015,Communication Complexity,common voting rules,plurality,communication requirements,single-transferable vote,emptyanswer,emptyanswer,emptyanswer,emptyanswer,emptyanswer,emptyanswer,emptyanswer,emptyanswer,emptyanswer,emptyanswer,emptyanswer
3CMV9YRYP20W9O5ULJNYTQ01E09JLI,3HFNH7HEMHD0W3S0VKFT2I31QDNGQE,AH3ER3EJXHRO2,Approved,Sat Mar 14 17:08:22 EDT 2015,Sat Mar 14 17:08:50 EDT 2015,communication complexity,common voting rules,plurality,plurality with runoff,single transferable vote,emptyanswer,emptyanswer,emptyanswer,emptyanswer,emptyanswer,emptyanswer,emptyanswer,emptyanswer,emptyanswer,emptyanswer,emptyanswer
3CMV9YRYP20W9O5ULJNYTQ01E09JLI,39JEC7537U0FKZ8CFXDKIEHU9DEVCH,AWFQ7OX0UPSM5,Approved,Sat Mar 14 19:11:40 EDT 2015,Sat Mar 14 19:16:10 EDT 2015,Communication Complexity,Common Voting Rules,their communication complexity from low to high,plurality with runoff,single transferable vote (STV),emptyanswer,emptyanswer,emptyanswer,emptyanswer,emptyanswer,emptyanswer,emptyanswer,emptyanswer,emptyanswer,emptyanswer,emptyanswer
3CMV9YRYP20W9O5ULJNYTQ01E09JLI,3AAPLD8UCCGROFF3WUR6SNQPPLAHT5,A29ZV4XJB7R1O,Approved,Sat Mar 14 20:46:53 EDT 2015,Sat Mar 14 20:59:46 EDT 2015,Communication,Complexity,Voting,Rules,plurality,emptyanswer,emptyanswer,emptyanswer,emptyanswer,emptyanswer,emptyanswer,emptyanswer,emptyanswer,emptyanswer,emptyanswer,emptyanswer
3CMV9YRYP20W9O5ULJNYTQ01E09JLI,3NS0A6KXC479AVTRIGY6TBF5VHLGZN,A1G94QON7A9K0N,Approved,Sat Mar 14 21:00:24 EDT 2015,Sat Mar 14 21:00:46 EDT 2015,complexity,voting,rule,stv,condorcet,emptyanswer,emptyanswer,emptyanswer,emptyanswer,emptyanswer,emptyanswer,emptyanswer,emptyanswer,emptyanswer,emptyanswer,emptyanswer
3CMV9YRYP20W9O5ULJNYTQ01E09JLI,39OWYR0EPKQ3R5NRBAQ5XJ6RO8KYFI,A9VLWY4KW6OCB,Approved,Sat Mar 14 21:32:41 EDT 2015,Sat Mar 14 22:00:09 EDT 2015,Communication,Complexity,Voting,Rules,determine,emptyanswer,emptyanswer,emptyanswer,emptyanswer,emptyanswer,emptyanswer,emptyanswer,emptyanswer,emptyanswer,emptyanswer,emptyanswer
3CMV9YRYP20W9O5ULJNYTQ01E09JLI,3EJJQNKU9R4E802BS5MBS8P710KHRZ,ACVJ6IUO9QM4R,Approved,Sat Mar 14 22:25:32 EDT 2015,Sat Mar 14 22:26:11 EDT 2015,communication requirements,voting rule,bounds match,STV and maximin,single transferable vote (STV),emptyanswer,emptyanswer,emptyanswer,emptyanswer,emptyanswer,emptyanswer,emptyanswer,emptyanswer,emptyanswer,emptyanswer,emptyanswer
3CMV9YRYP20W9O5ULJNYTQ01E09JLI,3TE3O857307ATAZT9KJ454J5CH82R8,A1BV5YY1UQCMZY,Approved,Sun Mar 15 00:45:44 EDT 2015,Sun Mar 15 00:46:47 EDT 2015,communication complexity,common voting rules,protocol,upper bound,rules,emptyanswer,emptyanswer,emptyanswer,emptyanswer,emptyanswer,emptyanswer,emptyanswer,emptyanswer,emptyanswer,emptyanswer,emptyanswer
3CMV9YRYP20W9O5ULJNYTQ01E09JLI,3DY46V3X3PHDNKKIUW8Z0AHL49B55Z,A1YNGE7LM9TQHL,Approved,Sun Mar 15 01:25:04 EDT 2015,Sun Mar 15 01:27:21 EDT 2015,Communication Complexity of Common Voting Rules,We determine the communication complexity of the common voting rules.,The rules (sorted by their communication complexity from low to high).,"The rules are plurality, plurality with runoff, single transferable vote (STV), Condorcet, approval, Bucklin, cup, maximin, Borda, Copeland, and ranked pairs.","For each rule, we first give a deterministic communication protocol and an upper bound on the number of bits communicated in it; then, we give a lower bound on (even the nondeterministic) communication requirements of the voting rule.",The bounds match for all voting rules except STV and maximin.,emptyanswer,emptyanswer,emptyanswer,emptyanswer,emptyanswer,emptyanswer,emptyanswer,emptyanswer,emptyanswer,emptyanswer
3CMV9YRYP20W9O5ULJNYTQ01E09JLI,3P4RDNWND55X67UIQIVNQT4VRWFIJB,AHAJG2TJ4P3G2,Approved,Sun Mar 15 02:25:59 EDT 2015,Sun Mar 15 02:28:55 EDT 2015,communication complexity,voting rules,plurality,plurality with runoff,single transferable vote (STV),Condorcet,approval,Bucklin,cup,maximin,Borda,Copeland,ranked pairs,emptyanswer,emptyanswer,emptyanswer
3CMV9YRYP20W9O5ULJNYTQ01E09JLI,3NXNZ5RS1AWBBB0DLF0DAA0JHBT79B,ATOMPVWZKAE0E,Approved,Sun Mar 15 02:37:34 EDT 2015,Sun Mar 15 02:39:48 EDT 2015,communication complexity,common voting rules,plurality with runoff,single transferable vote (STV),Condorcet,Bucklin,Borda,Copeland,ranked pairs,deterministic communication protocol,nondeterministic,emptyanswer,emptyanswer,emptyanswer,emptyanswer,emptyanswer
