HitId,AssignmentId,WorkerId,Status,AcceptTime,SubmitTime,Answer 1,Answer 2,Answer 3,Answer 4,Answer 5,Answer 6,Answer 7,Answer 8,Answer 9,Answer 10,Answer 11,Answer 12,Answer 13,Answer 14,Answer 15,Answer 16
3D5G8J4N593TJWDTBH38I5LC302TVG,30JNVC0OR9JEWZNBFQXBNIF24J5HQU,A1XRIEYLA7ZJ3B,Approved,Mon Mar 02 13:12:52 EST 2015,Mon Mar 02 13:16:37 EST 2015,Joint Deliberation through Argumentation,Multi-Agent Systems,argumentation framework for learning agents (AMAL),joint deliberation,learning from communication,argument generation policy,case-based techniques,individual hypotheses,learning scope and individual performance,emptyanswer,emptyanswer,emptyanswer,emptyanswer,emptyanswer,emptyanswer,emptyanswer
3D5G8J4N593TJWDTBH38I5LC302TVG,3PPTZCWALQJ0NKN5LC3INPJ70ANQZW,A22R7DT2XQIKXV,Approved,Mon Mar 02 14:02:41 EST 2015,Mon Mar 02 14:03:16 EST 2015,aa,aa,aa,aa,aa,emptyanswer,emptyanswer,emptyanswer,emptyanswer,emptyanswer,emptyanswer,emptyanswer,emptyanswer,emptyanswer,emptyanswer,emptyanswer
3D5G8J4N593TJWDTBH38I5LC302TVG,3R3YRB5GRF2RE5MEQT7OGXPNUAPUA7,A3ODG942FG22PJ,Approved,Mon Mar 02 15:28:04 EST 2015,Mon Mar 02 15:28:37 EST 2015,Learning,Joint Deliberation,Argumentation,Multi-Agent Systems,framework,NA,NA,NA,NA,NA,NA,NA,NA,NA,NA,NA
3D5G8J4N593TJWDTBH38I5LC302TVG,30BUDKLTXDUDJ3DB5X1244NYG8CE5M,A3FG9YWTFFK1AU,Approved,Mon Mar 02 20:10:28 EST 2015,Mon Mar 02 20:15:56 EST 2015,Learning,Joint Deliberation,Argumentation,Multi-Agent Systems,argumentation framework for learning agents (AMAL),emptyanswer,emptyanswer,emptyanswer,emptyanswer,emptyanswer,emptyanswer,emptyanswer,emptyanswer,emptyanswer,emptyanswer,emptyanswer
3D5G8J4N593TJWDTBH38I5LC302TVG,34X6J5FLPTXAN5I13Q0WZVVHHCZJQT,A26M2B8NZVKWTZ,Approved,Mon Mar 02 22:05:28 EST 2015,Mon Mar 02 22:12:18 EST 2015,Learning,Argumentation,Systems,Deliberation,performance,emptyanswer,emptyanswer,emptyanswer,emptyanswer,emptyanswer,emptyanswer,emptyanswer,emptyanswer,emptyanswer,emptyanswer,emptyanswer
3D5G8J4N593TJWDTBH38I5LC302TVG,3M1CVSFP604ZMCFX9KNJ6WSYRP5AQ4,A2R085B34P2LYS,Approved,Mon Mar 02 22:13:46 EST 2015,Mon Mar 02 22:25:53 EST 2015,Learning,Joint,Deliberation,Argumentation,Systems,optional,optional,optional,optional,optional,optional,optional,optional,optional,optional,optional
3D5G8J4N593TJWDTBH38I5LC302TVG,30IQTZXKAK5NUWIR3WLIBYCEF74X0N,A1B5NXRZQYRC4R,Approved,Tue Mar 03 08:54:16 EST 2015,Tue Mar 03 08:54:41 EST 2015,learning,joint,deliberation,argumentation,Multi-Agent Systems,emptyanswer,emptyanswer,emptyanswer,emptyanswer,emptyanswer,emptyanswer,emptyanswer,emptyanswer,emptyanswer,emptyanswer,emptyanswer
3D5G8J4N593TJWDTBH38I5LC302TVG,3U84XHCDICCTYF07NFW5KMI24JP4ZE,A27I79P03I0ZPO,Approved,Tue Mar 03 10:54:13 EST 2015,Tue Mar 03 10:55:04 EST 2015,Learning,Deliberation,Argumentation,Multi-Agent,Systems,emptyanswer,emptyanswer,emptyanswer,emptyanswer,emptyanswer,emptyanswer,emptyanswer,emptyanswer,emptyanswer,emptyanswer,emptyanswer
3D5G8J4N593TJWDTBH38I5LC302TVG,3MB8LZR5BFSU7S86T6SCJOW0MWGKLA,A1KVDU4R0QLM1O,Approved,Tue Mar 03 14:12:03 EST 2015,Tue Mar 03 14:14:11 EST 2015,argumentation,learning,communication,deliberation,process,emptyanswer,emptyanswer,emptyanswer,emptyanswer,emptyanswer,emptyanswer,emptyanswer,emptyanswer,emptyanswer,emptyanswer,emptyanswer
3D5G8J4N593TJWDTBH38I5LC302TVG,3QXNC7EIPIUXT00T0GF4VVQW84U90X,A1PXJWCNRYCBS5,Approved,Tue Mar 03 14:19:22 EST 2015,Tue Mar 03 14:20:50 EST 2015,Learning and joint deliberation through argumentation in multi agent systems,designed for 2 purposes,joint deliberation,learning from communication,learning agents share their experience by forming a committee to decide upon some joint decision,emptyanswer,emptyanswer,emptyanswer,emptyanswer,emptyanswer,emptyanswer,emptyanswer,emptyanswer,emptyanswer,emptyanswer,emptyanswer
3D5G8J4N593TJWDTBH38I5LC302TVG,3D4CH1LGEASU44BEEI47GNDCFNAG92,A3S81UFDOWF2ST,Approved,Wed Mar 04 10:11:48 EST 2015,Wed Mar 04 10:13:20 EST 2015,Joint Deliberation,Argumentation in Multi-Agent Systems,AMAL,Learning from communication,Performance,emptyanswer,emptyanswer,emptyanswer,emptyanswer,emptyanswer,emptyanswer,emptyanswer,emptyanswer,emptyanswer,emptyanswer,emptyanswer
3D5G8J4N593TJWDTBH38I5LC302TVG,36DSNE9QZ5X72T5LOD8SAQ0H2EGJOQ,A3FFZN4FO3Q789,Approved,Wed Mar 04 10:59:57 EST 2015,Wed Mar 04 11:03:11 EST 2015,preliminary,preliminary,preliminary,preliminary,preliminary,emptyanswer,emptyanswer,emptyanswer,emptyanswer,emptyanswer,emptyanswer,emptyanswer,emptyanswer,emptyanswer,emptyanswer,emptyanswer
3D5G8J4N593TJWDTBH38I5LC302TVG,35L9RVQFCOH6OSUSWZHGXJCR787UHG,A3H35QRODK1C4K,Approved,Wed Mar 04 12:31:40 EST 2015,Wed Mar 04 12:31:58 EST 2015,learning,joint,deliberation,argumentation,systems,emptyanswer,emptyanswer,emptyanswer,emptyanswer,emptyanswer,emptyanswer,emptyanswer,emptyanswer,emptyanswer,emptyanswer,emptyanswer
3D5G8J4N593TJWDTBH38I5LC302TVG,3KRVW3HTZNKC1T3ZYR2TAN2Z3YUMSC,A2F6ZON8X5EAGL,Approved,Wed Mar 04 14:52:36 EST 2015,Wed Mar 04 14:53:13 EST 2015,Learning and Joint Deliberation through Argumentation in Multi-Agent Systems,learning agents,framework,techniques,performance,emptyanswer,emptyanswer,emptyanswer,emptyanswer,emptyanswer,emptyanswer,emptyanswer,emptyanswer,emptyanswer,emptyanswer,emptyanswer
3D5G8J4N593TJWDTBH38I5LC302TVG,3U088ZLJVKS85WD1TRPW9FY7684W05,A3OTLWGJFB65KD,Approved,Wed Mar 04 19:24:02 EST 2015,Wed Mar 04 19:24:10 EST 2015,nothing,nothing,nothing,nothing,nothing,emptyanswer,emptyanswer,emptyanswer,emptyanswer,emptyanswer,emptyanswer,emptyanswer,emptyanswer,emptyanswer,emptyanswer,emptyanswer
3D5G8J4N593TJWDTBH38I5LC302TVG,3OCHAWUVGOJP7MPV7PV0UIRNT91KXF,A3LUJSAN4DQ1ZT,Approved,Wed Mar 04 23:01:41 EST 2015,Wed Mar 04 23:02:12 EST 2015,joint deliberation,argumentation,communication,agents,hypotheses,counterexamples,emptyanswer,emptyanswer,emptyanswer,emptyanswer,emptyanswer,emptyanswer,emptyanswer,emptyanswer,emptyanswer,emptyanswer
3D5G8J4N593TJWDTBH38I5LC302TVG,3JBT3HLQF81FN8MQLZOTNKTXVKEZP3,A1QUDNLO95AKS5,Approved,Thu Mar 05 08:13:00 EST 2015,Thu Mar 05 08:14:33 EST 2015,Learning and Joint Deliberation through Argumentation in Multi-Agent Systems,argumentation framework for learning agents (AMAL),joint deliberation,learning from communication,the argument preference relation,the counterargument generation policy are case-based techniques.,learning agents share their experience,committees of agents,emptyanswer,emptyanswer,emptyanswer,emptyanswer,emptyanswer,emptyanswer,emptyanswer,emptyanswer
3D5G8J4N593TJWDTBH38I5LC302TVG,3MYYFCXHJ36T7Y52XN8GZF2WTYR4GV,A3AWK7M7H1SU8J,Approved,Thu Mar 05 08:55:36 EST 2015,Thu Mar 05 09:02:30 EST 2015,AMAL FRAMEWORK,1)ABOUT JOINT DELIBERATION    2)FOR LEARNING FROM COMMUNICATION,WORKING MODULE IN JOINT DELIBERATION,USAGE OF LEARNING FROM COMMUNICATION,BENEFITS OF ARGUEMENTATION PROCESS,emptyanswer,emptyanswer,emptyanswer,emptyanswer,emptyanswer,emptyanswer,emptyanswer,emptyanswer,emptyanswer,emptyanswer,emptyanswer
3D5G8J4N593TJWDTBH38I5LC302TVG,3300DTYQT2G2CPW9PPP52FIPCAVEQ7,A2YW509B0UMSEH,Approved,Thu Mar 05 09:53:02 EST 2015,Thu Mar 05 10:02:40 EST 2015,Argumentation,System,Learning,Deliberation,Joint,emptyanswer,emptyanswer,emptyanswer,emptyanswer,emptyanswer,emptyanswer,emptyanswer,emptyanswer,emptyanswer,emptyanswer,emptyanswer
3D5G8J4N593TJWDTBH38I5LC302TVG,34QN5IT0TZQXFVHJVO9QVZVLO34081,A1YLO4LT02D2F0,Approved,Thu Mar 05 11:26:27 EST 2015,Thu Mar 05 11:27:24 EST 2015,argumentation framework,designed for two purposes,for joint deliberation,learning from communication,committees of agents improve,emptyanswer,emptyanswer,emptyanswer,emptyanswer,emptyanswer,emptyanswer,emptyanswer,emptyanswer,emptyanswer,emptyanswer,emptyanswer
3D5G8J4N593TJWDTBH38I5LC302TVG,3ATTHHXXWANY1RZ77MAOH2CA161IXT,A3DHYTZ1GPN0T8,Approved,Thu Mar 05 12:59:21 EST 2015,Thu Mar 05 13:00:09 EST 2015,paper,learning,experience,communication,performance,emptyanswer,emptyanswer,emptyanswer,emptyanswer,emptyanswer,emptyanswer,emptyanswer,emptyanswer,emptyanswer,emptyanswer,emptyanswer
3D5G8J4N593TJWDTBH38I5LC302TVG,3TU5ZICBRD0L3OMICM35A5M318OQ8D,A3I10J1GPDAPQR,Approved,Thu Mar 05 15:47:03 EST 2015,Thu Mar 05 15:49:14 EST 2015,Learning and Joint Deliberation,Argumentation,Multi-Agent Systems,argument generation policy,learning scope and individual performance,emptyanswer,emptyanswer,emptyanswer,emptyanswer,emptyanswer,emptyanswer,emptyanswer,emptyanswer,emptyanswer,emptyanswer,emptyanswer
3D5G8J4N593TJWDTBH38I5LC302TVG,35H6S234SAZ96OKWZFI4SGVLZIO568,ADUJUZANFOWKW,Approved,Thu Mar 05 20:48:47 EST 2015,Thu Mar 05 20:49:25 EST 2015,argumentation,agent,AMAL,framework,communication,emptyanswer,emptyanswer,emptyanswer,emptyanswer,emptyanswer,emptyanswer,emptyanswer,emptyanswer,emptyanswer,emptyanswer,emptyanswer
3D5G8J4N593TJWDTBH38I5LC302TVG,3NPI0JQDAO4J1WDRF7ZB1WSGASIPTB,A9LA6QK6VCERR,Approved,Fri Mar 06 01:48:30 EST 2015,Fri Mar 06 01:50:17 EST 2015,AMAL framework,Learning and Joint Deliberation,Argumentation in Multi-Agent Systems,argumentation framework for learning agents,learning agents,emptyanswer,emptyanswer,emptyanswer,emptyanswer,emptyanswer,emptyanswer,emptyanswer,emptyanswer,emptyanswer,emptyanswer,emptyanswer
3D5G8J4N593TJWDTBH38I5LC302TVG,3SLE99ER0NCDJELG2U6SS0O8ELYZBR,ADVZAZ12Z8N9J,Approved,Fri Mar 06 07:38:15 EST 2015,Fri Mar 06 07:39:48 EST 2015,"In this paper we will present an argumentation framework for learning agents (AMAL) designed for two purposes: (1) for joint deliberation, and (2) for learning from communication.","The AMAL framework is completely based on learning from examples: the argument preference relation, the argument generation policy, and the counterargument generation policy are case-based techniques.","For join deliberation, learning agents share their experience by forming a committee to decide upon some joint decision.",We experimentally show that the argumentation among committees of agents improves both the individual and joint performance.,"For learning from communication, an agent engages into arguing with other agents in order to contrast its individual hypotheses and receive counterexamples; the argumentation process improves their learning scope and individual performance.",emptyanswer,emptyanswer,emptyanswer,emptyanswer,emptyanswer,emptyanswer,emptyanswer,emptyanswer,emptyanswer,emptyanswer,emptyanswer
3D5G8J4N593TJWDTBH38I5LC302TVG,3I02618YA05Y19SGFCPL6SEIT8OUPA,AQXSUU4I4DAH8,Approved,Fri Mar 06 11:30:26 EST 2015,Fri Mar 06 11:31:00 EST 2015,hypotheses and receive counterexamples,Learning and Joint Deliberation,joint deliberation,learning from communication,Argumentation in Multi-Agent Systems,emptyanswer,emptyanswer,emptyanswer,emptyanswer,emptyanswer,emptyanswer,emptyanswer,emptyanswer,emptyanswer,emptyanswer,emptyanswer
3D5G8J4N593TJWDTBH38I5LC302TVG,32AT8R96GL8VE1887TTF1XJTGSASU3,A3K6BSW10S4YKJ,Approved,Fri Mar 06 13:41:48 EST 2015,Fri Mar 06 13:43:41 EST 2015,Multi-Agent Systems,for joint deliberation,learning from communication,AMAL framework,argument preference relation,argument generation policy,counterargument generation policy,emptyanswer,emptyanswer,emptyanswer,emptyanswer,emptyanswer,emptyanswer,emptyanswer,emptyanswer,emptyanswer
3D5G8J4N593TJWDTBH38I5LC302TVG,3X31TUMD7XLS1RMKLWMUE901D33L1L,APEB5ERGCYP6D,Approved,Sat Mar 07 07:15:41 EST 2015,Sat Mar 07 08:13:13 EST 2015,present an argumentation framework for learning agents,joint deliberation,learning from communication,learning agents share their experience by forming,learning scope and individual performance,emptyanswer,emptyanswer,emptyanswer,emptyanswer,emptyanswer,emptyanswer,emptyanswer,emptyanswer,emptyanswer,emptyanswer,emptyanswer
3D5G8J4N593TJWDTBH38I5LC302TVG,3FE7TXL1LIMAH9KTW5U40E90FFI2QM,A37WDQ1VG5XN6Z,Approved,Sat Mar 07 13:09:35 EST 2015,Sat Mar 07 13:09:45 EST 2015,nothing,nothing,nothing,nothing,nothing,emptyanswer,emptyanswer,emptyanswer,emptyanswer,emptyanswer,emptyanswer,emptyanswer,emptyanswer,emptyanswer,emptyanswer,emptyanswer
3D5G8J4N593TJWDTBH38I5LC302TVG,3AZHRG4CU4JBEYBDJ7EU4INA8PP032,A9HQ3E0F2AGVO,Approved,Sat Mar 07 15:29:22 EST 2015,Sat Mar 07 15:30:05 EST 2015,argumentation framework for learning agents (AMAL),joint deliberation,communication,learning,argument preference relation,argument generation policy,emptyanswer,emptyanswer,emptyanswer,emptyanswer,emptyanswer,emptyanswer,emptyanswer,emptyanswer,emptyanswer,emptyanswer
3D5G8J4N593TJWDTBH38I5LC302TVG,32AT8R96GL8VE1887TTF1XJTGVOSUN,A1W7BQWWGKJ3XF,Approved,Sat Mar 07 23:47:01 EST 2015,Sat Mar 07 23:47:53 EST 2015,Learning,Joint Deliberation,Argumentation,Multi-Agent Systems,AMAL,framework,performance,emptyanswer,emptyanswer,emptyanswer,emptyanswer,emptyanswer,emptyanswer,emptyanswer,emptyanswer,emptyanswer
3D5G8J4N593TJWDTBH38I5LC302TVG,3R2UR8A0IAF8XDAA5HNT1Z8WDO3OXF,A38IE69ORDCEGY,Approved,Sat Mar 07 23:49:29 EST 2015,Sat Mar 07 23:50:57 EST 2015,multi-agent systems,argumentation framework for learning agents,argument preference relation,joint deliberation,agent committees,emptyanswer,emptyanswer,emptyanswer,emptyanswer,emptyanswer,emptyanswer,emptyanswer,emptyanswer,emptyanswer,emptyanswer,emptyanswer
3D5G8J4N593TJWDTBH38I5LC302TVG,3TVRFO09GKE0RS7DSP719I42IKKXLV,A3G4SXD4N30C3L,Approved,Sun Mar 08 13:03:21 EDT 2015,Sun Mar 08 13:04:05 EDT 2015,Learning and Joint Deliberation,Argumentation in Multi-Agent Systems,argumentation framework for learning agents (AMAL),rgument preference relation,argument generation policy,counterargument generation policy,case-based techniques,emptyanswer,emptyanswer,emptyanswer,emptyanswer,emptyanswer,emptyanswer,emptyanswer,emptyanswer,emptyanswer
3D5G8J4N593TJWDTBH38I5LC302TVG,337RC3OW0518N32ISA6JLX7H29EVLS,ANB69EQROUTQJ,Approved,Sun Mar 08 13:54:57 EDT 2015,Sun Mar 08 13:56:46 EDT 2015,joint deliberations,argumentation in multi-agent systems,learning from communication,argument generation policy,argumentation improves performance,counterargument generation policy,emptyanswer,emptyanswer,emptyanswer,emptyanswer,emptyanswer,emptyanswer,emptyanswer,emptyanswer,emptyanswer,emptyanswer
3D5G8J4N593TJWDTBH38I5LC302TVG,31QNSG6A5RSBX6H3GNUZAE58WRG87Z,A2GBY8O6GYSB89,Approved,Sun Mar 08 19:13:23 EDT 2015,Sun Mar 08 19:14:30 EDT 2015,Learning,Joint Deliberation through Argumentation,Multi-Agent Systems,argumentation framework for learning agents (AMAL),two purposes,for joint deliberation,for learning from communication,emptyanswer,emptyanswer,emptyanswer,emptyanswer,emptyanswer,emptyanswer,emptyanswer,emptyanswer,emptyanswer
3D5G8J4N593TJWDTBH38I5LC302TVG,3QFUFYSY9YENTY97M32YHU2KSUK4FB,A156NFBMKKLDL9,Approved,Sun Mar 08 21:57:50 EDT 2015,Sun Mar 08 21:58:07 EDT 2015,Learning,Joint Deliberation,Argumentation,Multi-Agent Systems,join deliberation,emptyanswer,emptyanswer,emptyanswer,emptyanswer,emptyanswer,emptyanswer,emptyanswer,emptyanswer,emptyanswer,emptyanswer,emptyanswer
3D5G8J4N593TJWDTBH38I5LC302TVG,3Z7VU45IPYGC6G3O0XD3MOBZSGXZ1C,A2E2IQ99W6B7AV,Approved,Mon Mar 09 07:06:39 EDT 2015,Mon Mar 09 07:08:35 EDT 2015,Joint deliberations,Communicative learning,Decision making,Committee deliberation,Hypotheses formation,emptyanswer,emptyanswer,emptyanswer,emptyanswer,emptyanswer,emptyanswer,emptyanswer,emptyanswer,emptyanswer,emptyanswer,emptyanswer
3D5G8J4N593TJWDTBH38I5LC302TVG,3UN61F00HWO2S7IGR3L23BMHVFM5RA,A2SZAM3EZER2PH,Approved,Mon Mar 09 08:06:26 EDT 2015,Mon Mar 09 08:07:20 EDT 2015,paper we will present,designed for two purposes,counterargument generation,communication,individual performance,emptyanswer,emptyanswer,emptyanswer,emptyanswer,emptyanswer,emptyanswer,emptyanswer,emptyanswer,emptyanswer,emptyanswer,emptyanswer
3D5G8J4N593TJWDTBH38I5LC302TVG,3YDGXNSEOZTEEJZKEPWS72LY5RN84G,ACYGMRGAZ22U7,Approved,Mon Mar 09 18:00:46 EDT 2015,Mon Mar 09 18:00:54 EDT 2015,Keyword/Keyphrase 1:,Keyword/Keyphrase 1:,Keyword/Keyphrase 1:,Keyword/Keyphrase 1:,Keyword/Keyphrase 1:,emptyanswer,emptyanswer,emptyanswer,emptyanswer,emptyanswer,emptyanswer,emptyanswer,emptyanswer,emptyanswer,emptyanswer,emptyanswer
3D5G8J4N593TJWDTBH38I5LC302TVG,3GGAI1SQEVXWUCE315CTVIYHHBKMCQ,AW36CVMS3526O,Approved,Tue Mar 10 11:28:34 EDT 2015,Tue Mar 10 11:29:59 EDT 2015,Multi-Agent Systems,framework,deliberation,communication,performance,emptyanswer,emptyanswer,emptyanswer,emptyanswer,emptyanswer,emptyanswer,emptyanswer,emptyanswer,emptyanswer,emptyanswer,emptyanswer
3D5G8J4N593TJWDTBH38I5LC302TVG,30X31N5D63PBZSUA1OCO1W7Z9XIASP,A17JEL4FN1B9TB,Approved,Tue Mar 10 11:56:51 EDT 2015,Tue Mar 10 11:58:35 EDT 2015,Learning,Joint,Deliberation,Argumentation,Multi-Agent,Systems,emptyanswer,emptyanswer,emptyanswer,emptyanswer,emptyanswer,emptyanswer,emptyanswer,emptyanswer,emptyanswer,emptyanswer
3D5G8J4N593TJWDTBH38I5LC302TVG,3IGI0VL647J3LJW63B0K3XHYBFKONW,A1JWEYGDFDB100,Approved,Tue Mar 10 14:04:11 EDT 2015,Tue Mar 10 14:05:41 EDT 2015,Learning and Joint Deliberation,Argumentation,Multi-Agent Systems,learning from communication,argument generation policy,emptyanswer,emptyanswer,emptyanswer,emptyanswer,emptyanswer,emptyanswer,emptyanswer,emptyanswer,emptyanswer,emptyanswer,emptyanswer
3D5G8J4N593TJWDTBH38I5LC302TVG,3SKEMFQBZ34ZSLONZHJ8EJAU2G5K8G,A3UY2GVCKC8LSL,Approved,Tue Mar 10 23:23:07 EDT 2015,Tue Mar 10 23:24:14 EDT 2015,learning scope,Learning and Joint Deliberation,Multi-Agent Systems,argumentation framework for learning agents,AMAL framework,emptyanswer,emptyanswer,emptyanswer,emptyanswer,emptyanswer,emptyanswer,emptyanswer,emptyanswer,emptyanswer,emptyanswer,emptyanswer
3D5G8J4N593TJWDTBH38I5LC302TVG,3GM6G9ZBKNWDGTGENR7JKSYL5YZMTQ,ATRHDYWCIYTDJ,Approved,Wed Mar 11 04:42:17 EDT 2015,Wed Mar 11 04:42:29 EDT 2015,argumentation,learning,purposes,counterexamples,improves,emptyanswer,emptyanswer,emptyanswer,emptyanswer,emptyanswer,emptyanswer,emptyanswer,emptyanswer,emptyanswer,emptyanswer,emptyanswer
3D5G8J4N593TJWDTBH38I5LC302TVG,3I02618YA05Y19SGFCPL6SEITHJUPN,A3HPVFAF1U9WXK,Approved,Wed Mar 11 05:31:55 EDT 2015,Wed Mar 11 05:32:35 EDT 2015,argumentation framework,learning agents,AMAL,learning,committees,emptyanswer,emptyanswer,emptyanswer,emptyanswer,emptyanswer,emptyanswer,emptyanswer,emptyanswer,emptyanswer,emptyanswer,emptyanswer
3D5G8J4N593TJWDTBH38I5LC302TVG,38YMOXR4MUY3J7ZGVG5DIG8YJT8W6O,A3CMDYA9USA3MR,Approved,Wed Mar 11 07:58:36 EDT 2015,Wed Mar 11 07:58:54 EDT 2015,argumentation,paper,counterexamples,scope,performance,emptyanswer,emptyanswer,emptyanswer,emptyanswer,emptyanswer,emptyanswer,emptyanswer,emptyanswer,emptyanswer,emptyanswer,emptyanswer
3D5G8J4N593TJWDTBH38I5LC302TVG,39ZSFO5CA8V2FYPIKZK19WS6KJUUJ6,A28IXE702NXWKQ,Approved,Wed Mar 11 14:55:05 EDT 2015,Wed Mar 11 14:56:31 EDT 2015,In this paper we will present an argumentation framework,designed for two purposes,for joint deliberation,for learning from communication,individual hypotheses and receive counterexamples,emptyanswer,emptyanswer,emptyanswer,emptyanswer,emptyanswer,emptyanswer,emptyanswer,emptyanswer,emptyanswer,emptyanswer,emptyanswer
3D5G8J4N593TJWDTBH38I5LC302TVG,39L1G8WVWQQBLNWVFQIUIN6KDPF318,A2KS418T8MPLJH,Approved,Wed Mar 11 16:29:27 EDT 2015,Wed Mar 11 16:31:20 EDT 2015,Learning and Joint Deliberation through Argumentation in Multi-Agent Systems,AMAL framework is completely based on learning from examples,"join deliberation, learning agents share their experience by forming a committee",agent engages into arguing with other agents,argumentation process improves their learning scope and individual performance,emptyanswer,emptyanswer,emptyanswer,emptyanswer,emptyanswer,emptyanswer,emptyanswer,emptyanswer,emptyanswer,emptyanswer,emptyanswer
3D5G8J4N593TJWDTBH38I5LC302TVG,3LEIZ60CDJYUVL6J4ASW1UTIQWDZ9L,A2SDTL2V8VJ25O,Approved,Wed Mar 11 20:50:33 EDT 2015,Wed Mar 11 20:51:34 EDT 2015,Learning,Deliberation,Argumentation,Systems,individual,emptyanswer,emptyanswer,emptyanswer,emptyanswer,emptyanswer,emptyanswer,emptyanswer,emptyanswer,emptyanswer,emptyanswer,emptyanswer
3D5G8J4N593TJWDTBH38I5LC302TVG,3CCZ6YKWR7IWO7MUXMLGCQMNPXA59P,AL9R6CILUG30X,Approved,Wed Mar 11 23:43:32 EDT 2015,Wed Mar 11 23:46:11 EDT 2015,Joint Deliberation,Argumentation framework for learning agents,learning from communication,argument generation policy,argumentation process,individual performance,emptyanswer,emptyanswer,emptyanswer,emptyanswer,emptyanswer,emptyanswer,emptyanswer,emptyanswer,emptyanswer,emptyanswer
3D5G8J4N593TJWDTBH38I5LC302TVG,3PXX5PX6LXXCI6D8Q2QTB7XZ6CHABG,A2UNRV6PEOEXG0,Approved,Thu Mar 12 00:40:34 EDT 2015,Thu Mar 12 00:41:32 EDT 2015,Joint Deliberation,Argumentation,Multi-Agent Systems,AMAL,learning from examples,emptyanswer,emptyanswer,emptyanswer,emptyanswer,emptyanswer,emptyanswer,emptyanswer,emptyanswer,emptyanswer,emptyanswer,emptyanswer
3D5G8J4N593TJWDTBH38I5LC302TVG,3O7L7BFSHEOPVR8QCHKWTDR3MHSEIH,AM1HY736BY3Z8,Approved,Thu Mar 12 12:05:47 EDT 2015,Thu Mar 12 12:06:55 EDT 2015,Learning and Joint Deliberation through Argumentation in Multi-Agent Systems,we will present an argumentation framework for learning agents (AMAL) designed for two purpose,The AMAL framework is completely based on learning,We experimentally show that the argumentation among committees of agents improves both the individual and joint performance.,the argumentation process improves their learning scope and individual performance.,emptyanswer,emptyanswer,emptyanswer,emptyanswer,emptyanswer,emptyanswer,emptyanswer,emptyanswer,emptyanswer,emptyanswer,emptyanswer
3D5G8J4N593TJWDTBH38I5LC302TVG,3NQL1CS15R7SN29HBPV9F59DCVWYVG,A3MVLTRGO37TJD,Approved,Thu Mar 12 13:14:44 EDT 2015,Thu Mar 12 13:18:25 EDT 2015,"argumentation framework for learning agents (AMAL) (1) for joint deliberation, and (2) for learning from communication","the argument preference relation, the argument generation policy, and the counterargument generation policy are case-based techniques.",learning agents share their experience by forming a committee to decide upon some joint decision,argumentation among committees of agents improves both the individual and joint performance.,argumentation process improves their learning scope and individual performance.,emptyanswer,emptyanswer,emptyanswer,emptyanswer,emptyanswer,emptyanswer,emptyanswer,emptyanswer,emptyanswer,emptyanswer,emptyanswer
3D5G8J4N593TJWDTBH38I5LC302TVG,374TNBHA8BU0IUD0PQ1Z9IA5V4JQYI,AU3WQKISBW5MZ,Approved,Thu Mar 12 14:20:14 EDT 2015,Thu Mar 12 14:21:05 EDT 2015,"In this paper we will present an argumentation framework for learning agents (AMAL) designed for two purposes: (1) for joint deliberation, and (2) for learning from communication.","The AMAL framework is completely based on learning from examples: the argument preference relation, the argument generation policy, and the counterargument generation policy are case-based techniques.","For join deliberation, learning agents share their experience by forming a committee to decide upon some joint decision. We experimentally show that the argumentation among committees of agents improves both the individual and joint performance.",We experimentally show that the argumentation among committees of agents improves both the individual and joint performance.,"For learning from communication, an agent engages into arguing with other agents in order to contrast its individual hypotheses and receive counterexamples; the argumentation process improves their learning scope and individual performance.",emptyanswer,emptyanswer,emptyanswer,emptyanswer,emptyanswer,emptyanswer,emptyanswer,emptyanswer,emptyanswer,emptyanswer,emptyanswer
3D5G8J4N593TJWDTBH38I5LC302TVG,3VA45EW49NM07CPHYO2M6Q4V9ITO1B,A3MRB8TFD1IUS6,Approved,Thu Mar 12 14:37:28 EDT 2015,Thu Mar 12 14:38:24 EDT 2015,joint deliberation,learning from communication,Joint Deliberation,Multi-Agent Systems,AMAL,emptyanswer,emptyanswer,emptyanswer,emptyanswer,emptyanswer,emptyanswer,emptyanswer,emptyanswer,emptyanswer,emptyanswer,emptyanswer
3D5G8J4N593TJWDTBH38I5LC302TVG,3VD82FOHKQNKUFZFELR6NMNMDH2COB,A3DTN2OMF6DUSI,Approved,Fri Mar 13 23:22:56 EDT 2015,Fri Mar 13 23:23:02 EDT 2015,model,model,model,model,model,emptyanswer,emptyanswer,emptyanswer,emptyanswer,emptyanswer,emptyanswer,emptyanswer,emptyanswer,emptyanswer,emptyanswer,emptyanswer
3D5G8J4N593TJWDTBH38I5LC302TVG,3WZ36BJEV3FHX2CHW2HA6CNRU5JTB9,A31EFJBJF2MBZ2,Approved,Sat Mar 14 02:26:26 EDT 2015,Sat Mar 14 02:33:58 EDT 2015,argumentation framework for learning agents (AMAL),argumentation framework for learning agents (AMAL),AMAL framework - based on learning from examples,"Based on :1) the argument preference relation  2) the argument generation policy, and   3)the counterargument generation policy are case-based techniques.",Join deliberation - learning agents share their experience by forming a committee to decide upon some joint decision.- that the argumentation among committees of agents improves both the individual and joint performance.,"Learning from communication, an agent engages into arguing with other agents in order to contrast its individual hypotheses and receive counterexamples - the argumentation process improves their learning scope and individual performance.",emptyanswer,emptyanswer,emptyanswer,emptyanswer,emptyanswer,emptyanswer,emptyanswer,emptyanswer,emptyanswer,emptyanswer
3D5G8J4N593TJWDTBH38I5LC302TVG,3IJXV6UZ1XIE4VDVYN4WSKQM1BXRIW,A2JOYXFN8HXXLS,Approved,Sat Mar 14 06:32:00 EDT 2015,Sat Mar 14 06:32:57 EDT 2015,AMAL,Multi-Agent Systems,Learning,Argumentation,Joint Deliberation,emptyanswer,emptyanswer,emptyanswer,emptyanswer,emptyanswer,emptyanswer,emptyanswer,emptyanswer,emptyanswer,emptyanswer,emptyanswer
3D5G8J4N593TJWDTBH38I5LC302TVG,3I7DHKZYGNZ5PHD708L8MM8YT1L5FA,A610SH5RY1NG1,Approved,Sat Mar 14 07:07:49 EDT 2015,Sat Mar 14 07:22:54 EDT 2015,Learning,Deliberation,Argumentation,Multi-Agent Systems,AMAL,emptyanswer,emptyanswer,emptyanswer,emptyanswer,emptyanswer,emptyanswer,emptyanswer,emptyanswer,emptyanswer,emptyanswer,emptyanswer
3D5G8J4N593TJWDTBH38I5LC302TVG,3R5F3LQFV2JX28AP6ZBEYKO7M13OZ5,A2Z9HR2IBD75R9,Approved,Sat Mar 14 09:59:05 EDT 2015,Sat Mar 14 09:59:22 EDT 2015,Learning,Joint Deliberation,Argumentation,Multi-Agent Systems,agent,emptyanswer,emptyanswer,emptyanswer,emptyanswer,emptyanswer,emptyanswer,emptyanswer,emptyanswer,emptyanswer,emptyanswer,emptyanswer
3D5G8J4N593TJWDTBH38I5LC302TVG,3RANCT1ZVFGWXFR6W77KB89TDLPBUL,A3LAJ2WEBJQ391,Approved,Sat Mar 14 13:43:53 EDT 2015,Sat Mar 14 13:45:34 EDT 2015,Joint deliberation,Multi-agent systems,AMAL framework,argumentation framework,learning from communication,emptyanswer,emptyanswer,emptyanswer,emptyanswer,emptyanswer,emptyanswer,emptyanswer,emptyanswer,emptyanswer,emptyanswer,emptyanswer
3D5G8J4N593TJWDTBH38I5LC302TVG,37TRT2X24QQNJZGCK836460IW5ZBJX,A3PRX6CU0P34NE,Approved,Sat Mar 14 15:54:31 EDT 2015,Sat Mar 14 15:56:54 EDT 2015,Argumentation framework,Learning agents,Joint deliberation,Communication,Framework,emptyanswer,emptyanswer,emptyanswer,emptyanswer,emptyanswer,emptyanswer,emptyanswer,emptyanswer,emptyanswer,emptyanswer,emptyanswer
3D5G8J4N593TJWDTBH38I5LC302TVG,3OS46CRSLFYQ4IZB560HWEPKDRY6VV,AH3ER3EJXHRO2,Approved,Sat Mar 14 16:52:51 EDT 2015,Sat Mar 14 16:53:11 EDT 2015,learning,joint deliberation,multi-agent systems,argumentation,framework,emptyanswer,emptyanswer,emptyanswer,emptyanswer,emptyanswer,emptyanswer,emptyanswer,emptyanswer,emptyanswer,emptyanswer,emptyanswer
3D5G8J4N593TJWDTBH38I5LC302TVG,3L6L49WXW0WVR1GIGRPPVIB74DX45A,A1G94QON7A9K0N,Approved,Sat Mar 14 19:50:01 EDT 2015,Sat Mar 14 19:50:28 EDT 2015,amal,agents,performance,communication,learning,emptyanswer,emptyanswer,emptyanswer,emptyanswer,emptyanswer,emptyanswer,emptyanswer,emptyanswer,emptyanswer,emptyanswer,emptyanswer
3D5G8J4N593TJWDTBH38I5LC302TVG,3C2NJ6JBKAGPEC71GD2NWKEVBK2N2O,A29ZV4XJB7R1O,Approved,Sat Mar 14 20:06:55 EDT 2015,Sat Mar 14 20:29:08 EDT 2015,Learning,Joint Deliberation,Argumentation,Multi-Agent,AMAL,emptyanswer,emptyanswer,emptyanswer,emptyanswer,emptyanswer,emptyanswer,emptyanswer,emptyanswer,emptyanswer,emptyanswer,emptyanswer
3D5G8J4N593TJWDTBH38I5LC302TVG,3NPI0JQDAO4J1WDRF7ZB1WSGBCOTPQ,A9VLWY4KW6OCB,Approved,Sat Mar 14 21:11:35 EDT 2015,Sat Mar 14 21:18:10 EDT 2015,Learning,Joint,Deliberation,Argumentation,AMAL,emptyanswer,emptyanswer,emptyanswer,emptyanswer,emptyanswer,emptyanswer,emptyanswer,emptyanswer,emptyanswer,emptyanswer,emptyanswer
3D5G8J4N593TJWDTBH38I5LC302TVG,33PPUNGG3840ZL25YRSISFTCXQ1ZR7,A2I4DDHMIT7HX,Approved,Sat Mar 14 22:10:20 EDT 2015,Sat Mar 14 22:11:18 EDT 2015,joint deliberation,multi-agent systems,learning agents,argument preference relation,argument generation policy,counterargument generation policy,emptyanswer,emptyanswer,emptyanswer,emptyanswer,emptyanswer,emptyanswer,emptyanswer,emptyanswer,emptyanswer,emptyanswer
3D5G8J4N593TJWDTBH38I5LC302TVG,34S6N1K2ZVI3527YNLPF6WG8V8WHLA,ACVJ6IUO9QM4R,Approved,Sat Mar 14 22:42:03 EDT 2015,Sat Mar 14 22:42:42 EDT 2015,argumentation framework for learning agents (AMAL),multi agent systems,learning fromexamples,preference relation,generation policy,emptyanswer,emptyanswer,emptyanswer,emptyanswer,emptyanswer,emptyanswer,emptyanswer,emptyanswer,emptyanswer,emptyanswer,emptyanswer
3D5G8J4N593TJWDTBH38I5LC302TVG,38SKSKU7R1W31XIIT37068HNVLFIL8,A1BV5YY1UQCMZY,Approved,Sun Mar 15 00:40:22 EDT 2015,Sun Mar 15 00:41:17 EDT 2015,learning,joint deliberation,amal,performance increase,learning scope,agents,emptyanswer,emptyanswer,emptyanswer,emptyanswer,emptyanswer,emptyanswer,emptyanswer,emptyanswer,emptyanswer,emptyanswer
