HitId,AssignmentId,WorkerId,Status,AcceptTime,SubmitTime,Answer 1,Answer 2,Answer 3,Answer 4,Answer 5,Answer 6,Answer 7,Answer 8,Answer 9,Answer 10,Answer 11,Answer 12,Answer 13,Answer 14,Answer 15,Answer 16
3DZKABX2ZH4CXFBIPV8ITVL8FE3CVH,3JPSL1DZ5SYEJF25TSV222XTMDRNA1,A1XRIEYLA7ZJ3B,Approved,Mon Mar 02 12:52:15 EST 2015,Mon Mar 02 12:56:09 EST 2015,multilateral multi-issue negotiation,New negotiation Protocol,complex dependencies between multiple issues,multi-criteria decision aid tool,crisis management context,mediator agent,accelerating the search for a consensus,emptyanswer,emptyanswer,emptyanswer,emptyanswer,emptyanswer,emptyanswer,emptyanswer,emptyanswer,emptyanswer
3DZKABX2ZH4CXFBIPV8ITVL8FE3CVH,3JZQSN0I3Q935E2RH44ZQJZNIHJFGZ,A2YW509B0UMSEH,Approved,Mon Mar 02 13:23:48 EST 2015,Mon Mar 02 13:26:16 EST 2015,Protocol,negotiation,multi-criteria decision aid tool,computer network,data,emptyanswer,emptyanswer,emptyanswer,emptyanswer,emptyanswer,emptyanswer,emptyanswer,emptyanswer,emptyanswer,emptyanswer,emptyanswer
3DZKABX2ZH4CXFBIPV8ITVL8FE3CVH,3MB8LZR5BFSU7S86T6SCJOW0MVOKLG,AXH1BDK251PWC,Approved,Mon Mar 02 14:10:43 EST 2015,Mon Mar 02 14:12:47 EST 2015,multilateral multi-issue negotation,negotiation in a cooperative context,complex dependencies between multiple issues,protocol in searching for consensus,negotiation procedure in a crisis management context,proposal assessment,emptyanswer,emptyanswer,emptyanswer,emptyanswer,emptyanswer,emptyanswer,emptyanswer,emptyanswer,emptyanswer,emptyanswer
3DZKABX2ZH4CXFBIPV8ITVL8FE3CVH,3M0NZ3JDP1XBUY471KFFPEOG4E3Z5V,A22R7DT2XQIKXV,Approved,Mon Mar 02 15:10:11 EST 2015,Mon Mar 02 15:10:15 EST 2015,aa,aa,aa,aa,aa,emptyanswer,emptyanswer,emptyanswer,emptyanswer,emptyanswer,emptyanswer,emptyanswer,emptyanswer,emptyanswer,emptyanswer,emptyanswer
3DZKABX2ZH4CXFBIPV8ITVL8FE3CVH,3WYGZ5XF3WEHB53WDFPDVAAVEP4KS2,A31EWGHHCQ2XMZ,Approved,Mon Mar 02 17:07:24 EST 2015,Mon Mar 02 17:08:53 EST 2015,a new protocol to address multilateral multi-issue negotiation in a cooperative context.,We consider complex dependencies between multiple issues by modelling the preferences of the agents,This information is used in the protocol to help in accelerating the search for a consensus between the cooperative agents.,the negotiation procedure is defined in a crisis management context,the common objective of our agents is also considered in the preferences of a mediator agent.,emptyanswer,emptyanswer,emptyanswer,emptyanswer,emptyanswer,emptyanswer,emptyanswer,emptyanswer,emptyanswer,emptyanswer,emptyanswer
3DZKABX2ZH4CXFBIPV8ITVL8FE3CVH,3QECW5O0KH0F8MV8VSQX3QNZJIR5TV,A3FG9YWTFFK1AU,Approved,Mon Mar 02 19:02:50 EST 2015,Mon Mar 02 19:23:49 EST 2015,Multilateral,Multi-issue,Negotiation Protocol,cooperative context,crisis management context,mediator agent,emptyanswer,emptyanswer,emptyanswer,emptyanswer,emptyanswer,emptyanswer,emptyanswer,emptyanswer,emptyanswer,emptyanswer
3DZKABX2ZH4CXFBIPV8ITVL8FE3CVH,3E13VNJ1NNUQBQEE0TPHMT89WLEI1H,A26M2B8NZVKWTZ,Approved,Mon Mar 02 20:29:57 EST 2015,Mon Mar 02 21:01:15 EST 2015,new protocol,multi-criteria,management,cooperative,negotiation,emptyanswer,emptyanswer,emptyanswer,emptyanswer,emptyanswer,emptyanswer,emptyanswer,emptyanswer,emptyanswer,emptyanswer,emptyanswer
3DZKABX2ZH4CXFBIPV8ITVL8FE3CVH,3I0BTBYZAXKCU1818S7KUCJNHC8Y02,A27I79P03I0ZPO,Approved,Mon Mar 02 21:31:08 EST 2015,Mon Mar 02 21:32:22 EST 2015,Multilateral,Multi-issue,Negotiation,Protocol,agent,emptyanswer,emptyanswer,emptyanswer,emptyanswer,emptyanswer,emptyanswer,emptyanswer,emptyanswer,emptyanswer,emptyanswer,emptyanswer
3DZKABX2ZH4CXFBIPV8ITVL8FE3CVH,37TD41K0AH8ZS7R8L28F7RXN9GASCC,A2R085B34P2LYS,Approved,Mon Mar 02 21:54:49 EST 2015,Mon Mar 02 22:02:01 EST 2015,Multilateral,Negotiation,Protocol,Multi,issue,optional,optional,optional,optional,optional,optional,optional,optional,optional,optional,optional
3DZKABX2ZH4CXFBIPV8ITVL8FE3CVH,3018Q3ZVOIPZYDUXMZCJBM23NCVRAC,A3ODG942FG22PJ,Approved,Tue Mar 03 08:53:46 EST 2015,Tue Mar 03 08:54:06 EST 2015,Multilateral,Multi-issue,Negotiation,Protocol,dependencies,na,na,na,na,na,na,na,na,na,na,na
3DZKABX2ZH4CXFBIPV8ITVL8FE3CVH,3YWRV122CSYDVHTZTVNAK6JS4N28UW,A1B5NXRZQYRC4R,Approved,Tue Mar 03 09:10:54 EST 2015,Tue Mar 03 09:11:18 EST 2015,multilateral,multi-issue,negotiation,protocol,context,emptyanswer,emptyanswer,emptyanswer,emptyanswer,emptyanswer,emptyanswer,emptyanswer,emptyanswer,emptyanswer,emptyanswer,emptyanswer
3DZKABX2ZH4CXFBIPV8ITVL8FE3CVH,3KGTPGBS6XK292RADEE9AF6PIN92UM,A19HCBT1EH8484,Approved,Tue Mar 03 09:09:22 EST 2015,Tue Mar 03 09:22:49 EST 2015,protocol,dependencies,preferences,context,agents,NA,NA,NA,NA,NA,NA,NA,NA,NA,NA,NA
3DZKABX2ZH4CXFBIPV8ITVL8FE3CVH,3OJSZ2ATDSVSAOY1IPNWYUVHUM257N,A3VOMP0WOJTB4I,Approved,Tue Mar 03 09:09:07 EST 2015,Tue Mar 03 09:27:45 EST 2015,multilateral,dependencies,modelling,objective,preferences,NA,NA,NA,NA,NA,NA,NA,NA,NA,NA,NA
3DZKABX2ZH4CXFBIPV8ITVL8FE3CVH,3EJPLAJKEMF7D24L63PKHK2G0A56ZB,A1KVDU4R0QLM1O,Approved,Tue Mar 03 14:27:30 EST 2015,Tue Mar 03 14:28:38 EST 2015,negotiation,protocol,modelling,decision-aid,cooperation,emptyanswer,emptyanswer,emptyanswer,emptyanswer,emptyanswer,emptyanswer,emptyanswer,emptyanswer,emptyanswer,emptyanswer,emptyanswer
3DZKABX2ZH4CXFBIPV8ITVL8FE3CVH,37XITHEISW8NRSRV6D8AHHSRNFZRCX,A2SJC9VRBGNC58,Approved,Tue Mar 03 15:18:36 EST 2015,Tue Mar 03 15:20:38 EST 2015,multilateral negotiation procedure,multi-issue negotiation,multi-criteria decision aid tool,crisis management context,negotiation in a cooperative context,emptyanswer,emptyanswer,emptyanswer,emptyanswer,emptyanswer,emptyanswer,emptyanswer,emptyanswer,emptyanswer,emptyanswer,emptyanswer
3DZKABX2ZH4CXFBIPV8ITVL8FE3CVH,3QL2OFSM96H2CUZ3D6RT8XNHMJENCB,A9HQ3E0F2AGVO,Approved,Tue Mar 03 17:15:58 EST 2015,Tue Mar 03 17:17:25 EST 2015,multilateral multi-issue negotiation,complex dependencies,proposal assessment,negotiation procedure,mediator agent,emptyanswer,emptyanswer,emptyanswer,emptyanswer,emptyanswer,emptyanswer,emptyanswer,emptyanswer,emptyanswer,emptyanswer,emptyanswer
3DZKABX2ZH4CXFBIPV8ITVL8FE3CVH,3CN4LGXD5XNTTPQ2RTUM6F90YR14Y7,A3LUJSAN4DQ1ZT,Approved,Wed Mar 04 02:00:44 EST 2015,Wed Mar 04 02:02:01 EST 2015,multilateral multi-issue negotiation,complex dependencies,decision aid tool,cooperative agents,crisis management,emptyanswer,emptyanswer,emptyanswer,emptyanswer,emptyanswer,emptyanswer,emptyanswer,emptyanswer,emptyanswer,emptyanswer,emptyanswer
3DZKABX2ZH4CXFBIPV8ITVL8FE3CVH,3R6P78PK7KADOJKSCO9O7NEO9UDGT2,A3H35QRODK1C4K,Approved,Wed Mar 04 10:18:12 EST 2015,Wed Mar 04 10:18:46 EST 2015,multilateral,multi-issue,negotiation,protocol,considered,emptyanswer,emptyanswer,emptyanswer,emptyanswer,emptyanswer,emptyanswer,emptyanswer,emptyanswer,emptyanswer,emptyanswer,emptyanswer
3DZKABX2ZH4CXFBIPV8ITVL8FE3CVH,3SLE99ER0NCDJELG2U6SS0O8EDBBZ0,A3FFZN4FO3Q789,Approved,Wed Mar 04 11:07:51 EST 2015,Wed Mar 04 11:11:19 EST 2015,fairness,fairness,fairness,fairness,fairness,emptyanswer,emptyanswer,emptyanswer,emptyanswer,emptyanswer,emptyanswer,emptyanswer,emptyanswer,emptyanswer,emptyanswer,emptyanswer
3DZKABX2ZH4CXFBIPV8ITVL8FE3CVH,3I33IC7ZWF1IUTDC79XIAEUVBN52A4,A2F6ZON8X5EAGL,Approved,Wed Mar 04 14:32:30 EST 2015,Wed Mar 04 14:33:23 EST 2015,A Multilateral Multi-issue Negotiation Protocol,negotiation,dependencies,assessment,mediator,emptyanswer,emptyanswer,emptyanswer,emptyanswer,emptyanswer,emptyanswer,emptyanswer,emptyanswer,emptyanswer,emptyanswer,emptyanswer
3DZKABX2ZH4CXFBIPV8ITVL8FE3CVH,3RU7GD8VPOSIMW0CQ7ULRRWU83KPSQ,A3OTLWGJFB65KD,Approved,Wed Mar 04 19:20:44 EST 2015,Wed Mar 04 19:20:50 EST 2015,nothing,nothing,nothing,nothing,nothing,emptyanswer,emptyanswer,emptyanswer,emptyanswer,emptyanswer,emptyanswer,emptyanswer,emptyanswer,emptyanswer,emptyanswer,emptyanswer
3DZKABX2ZH4CXFBIPV8ITVL8FE3CVH,33JKGHPFYCTFLGBUQVL7BTSTGZDNMS,A1W7BQWWGKJ3XF,Approved,Wed Mar 04 21:45:37 EST 2015,Wed Mar 04 21:46:35 EST 2015,Multi-issue Negotiation Protocol,mediator agent.,crisis management,complex dependencies,multi-criteria decision,emptyanswer,emptyanswer,emptyanswer,emptyanswer,emptyanswer,emptyanswer,emptyanswer,emptyanswer,emptyanswer,emptyanswer,emptyanswer
3DZKABX2ZH4CXFBIPV8ITVL8FE3CVH,30OG32W0SUAH9SJH9XXOYLNK7ZZENB,A3I10J1GPDAPQR,Approved,Thu Mar 05 06:27:28 EST 2015,Thu Mar 05 06:29:21 EST 2015,Multilateral Multi-issue Negotiation Protocol,consensus,cooperative agents,crisis management context,mediator agent,emptyanswer,emptyanswer,emptyanswer,emptyanswer,emptyanswer,emptyanswer,emptyanswer,emptyanswer,emptyanswer,emptyanswer,emptyanswer
3DZKABX2ZH4CXFBIPV8ITVL8FE3CVH,3DH6GAKTYYO9WMERCMKC0BM9ZPFYZU,A3S81UFDOWF2ST,Approved,Thu Mar 05 07:29:35 EST 2015,Thu Mar 05 07:30:11 EST 2015,Multilateral Multi-issue Negotiation Protocol,cooperative context,complex dependencies,multi-criteria decision aid tool,multi agent,emptyanswer,emptyanswer,emptyanswer,emptyanswer,emptyanswer,emptyanswer,emptyanswer,emptyanswer,emptyanswer,emptyanswer,emptyanswer
3DZKABX2ZH4CXFBIPV8ITVL8FE3CVH,3K772S5NP8APZWX66Z2BT1QOLNWEH8,A31T3Z9OJAOIZV,Approved,Thu Mar 05 08:36:10 EST 2015,Thu Mar 05 08:43:00 EST 2015,negotiation protocal,multi-issue negotion,multi-decision criterior,cooperative agents,preferences of a mediator agent,extract relevant information on a proposal assessment,emptyanswer,emptyanswer,emptyanswer,emptyanswer,emptyanswer,emptyanswer,emptyanswer,emptyanswer,emptyanswer,emptyanswer
3DZKABX2ZH4CXFBIPV8ITVL8FE3CVH,3IXQG4FA2TXYDN33YWCTFCMFZDI9BK,A1YLO4LT02D2F0,Approved,Thu Mar 05 11:17:52 EST 2015,Thu Mar 05 11:18:28 EST 2015,present a new protocol to address,relevant information on a proposal assessment,This information is used in the protocol,complex dependencies between multiple issues,preferences of a mediator agent,emptyanswer,emptyanswer,emptyanswer,emptyanswer,emptyanswer,emptyanswer,emptyanswer,emptyanswer,emptyanswer,emptyanswer,emptyanswer
3DZKABX2ZH4CXFBIPV8ITVL8FE3CVH,30LB5CDZNC9CZRI64E938JSPNCD0Z8,A1QUDNLO95AKS5,Approved,Thu Mar 05 12:10:50 EST 2015,Thu Mar 05 12:11:16 EST 2015,Multilateral Multi-issue,Negotiation Protocol,cooperative context,common objective,mediator agent,emptyanswer,emptyanswer,emptyanswer,emptyanswer,emptyanswer,emptyanswer,emptyanswer,emptyanswer,emptyanswer,emptyanswer,emptyanswer
3DZKABX2ZH4CXFBIPV8ITVL8FE3CVH,339ANSOTR51SHR0083VZR8485XPIK7,A3DHYTZ1GPN0T8,Approved,Thu Mar 05 13:26:38 EST 2015,Thu Mar 05 13:27:08 EST 2015,paper,multi-criteria decision aid tool,negotiation,proposal assessment,mediator,emptyanswer,emptyanswer,emptyanswer,emptyanswer,emptyanswer,emptyanswer,emptyanswer,emptyanswer,emptyanswer,emptyanswer,emptyanswer
3DZKABX2ZH4CXFBIPV8ITVL8FE3CVH,3HMVI3QICJRC1QTJ4BBK8H2XMAPY1S,A9LA6QK6VCERR,Approved,Thu Mar 05 13:45:44 EST 2015,Thu Mar 05 13:47:18 EST 2015,Multilateral Multi-issue Negotiation Protocol,complex dependencies,crisis management context,mediator agent,multi-criteria decision aid tool,emptyanswer,emptyanswer,emptyanswer,emptyanswer,emptyanswer,emptyanswer,emptyanswer,emptyanswer,emptyanswer,emptyanswer,emptyanswer
3DZKABX2ZH4CXFBIPV8ITVL8FE3CVH,3VE8AYVF8MWOCZW9Y6SBY6IPU6KF8D,ADUJUZANFOWKW,Approved,Thu Mar 05 16:34:15 EST 2015,Thu Mar 05 16:35:09 EST 2015,protocol,negotitation,multilateral,issues,management,emptyanswer,emptyanswer,emptyanswer,emptyanswer,emptyanswer,emptyanswer,emptyanswer,emptyanswer,emptyanswer,emptyanswer,emptyanswer
3DZKABX2ZH4CXFBIPV8ITVL8FE3CVH,3OVHNO1VE606YBJ0GQXYNQC8H2TZD9,A14TK50KH724N6,Approved,Thu Mar 05 18:58:34 EST 2015,Thu Mar 05 19:00:05 EST 2015,protocol,multilateral multi-issue negotiation,cooperative agents,model,crisis management,emptyanswer,emptyanswer,emptyanswer,emptyanswer,emptyanswer,emptyanswer,emptyanswer,emptyanswer,emptyanswer,emptyanswer,emptyanswer
3DZKABX2ZH4CXFBIPV8ITVL8FE3CVH,3WT783CTPBG0BLA6AGMKH2NN53CBC4,ADVZAZ12Z8N9J,Approved,Fri Mar 06 07:36:38 EST 2015,Fri Mar 06 07:38:14 EST 2015,"In this paper, we present a new protocol to address multilateral multi-issue negotiation in a cooperative context.","We consider complex dependencies between multiple issues by modelling the preferences of the agents with a multi-criteria decision aid tool, also enabling us to extract relevant information on a proposal assessment.",This information is used in the protocol to help in accelerating the search for a consensus between the cooperative agents.,"In addition, the negotiation procedure is defined in a crisis management context where the common objective of our agents is also considered in the preferences of a mediator agent.",N/A,emptyanswer,emptyanswer,emptyanswer,emptyanswer,emptyanswer,emptyanswer,emptyanswer,emptyanswer,emptyanswer,emptyanswer,emptyanswer
3DZKABX2ZH4CXFBIPV8ITVL8FE3CVH,3CTOC39K37P0HNDM7RRQZ4EMCXXJ77,A2KELEVTA0306Y,Approved,Fri Mar 06 07:57:34 EST 2015,Fri Mar 06 07:59:25 EST 2015,paper,present,protocol,address,multilateral,negotiation,cooperative,context,consider,complex,dependencies,modelling,multiple,relevant,assessment,mediator
3DZKABX2ZH4CXFBIPV8ITVL8FE3CVH,3RSDURM96ALBLRNVGZ6ZF1LRBPXYER,AQXSUU4I4DAH8,Approved,Fri Mar 06 11:39:29 EST 2015,Fri Mar 06 11:40:42 EST 2015,Multilateral Multi-issue,modelling the preferences,Negotiation Protocol,cooperative context,common objective of our agents,emptyanswer,emptyanswer,emptyanswer,emptyanswer,emptyanswer,emptyanswer,emptyanswer,emptyanswer,emptyanswer,emptyanswer,emptyanswer
3DZKABX2ZH4CXFBIPV8ITVL8FE3CVH,352YTHGROVC77U0DHTQYKFEX84C4HE,A1A7P5LC80G47W,Approved,Fri Mar 06 15:07:04 EST 2015,Fri Mar 06 15:08:04 EST 2015,multilateral,negotiation protocol,multi-issue,complex dependencies,crisis management,emptyanswer,emptyanswer,emptyanswer,emptyanswer,emptyanswer,emptyanswer,emptyanswer,emptyanswer,emptyanswer,emptyanswer,emptyanswer
3DZKABX2ZH4CXFBIPV8ITVL8FE3CVH,3ZWFC4W1UU6UU4B5XFYBPNDUK4WRF1,A1VOWQJOBWOVKG,Approved,Fri Mar 06 19:21:54 EST 2015,Fri Mar 06 19:23:07 EST 2015,Multi-issue Negotiation Protocol,address multilateral multi-issue negotiation,cooperative context.,modelling the preferences,mediator agent.,emptyanswer,emptyanswer,emptyanswer,emptyanswer,emptyanswer,emptyanswer,emptyanswer,emptyanswer,emptyanswer,emptyanswer,emptyanswer
3DZKABX2ZH4CXFBIPV8ITVL8FE3CVH,3NKQQ8O39Y4PCCPQA3YQ6YXTFRUDUS,A3QV0NIFU1WDE4,Approved,Sat Mar 07 04:25:07 EST 2015,Sat Mar 07 04:29:14 EST 2015,Negotiation Protocol,address multilateral multi-issue negotiation in cooperative context,complex dependencies between multiple issues,multi-criteria decision aid tool,accelerating the search for a consesus,negotiation procedure is defined in a crisis management context,preferences of a mediator agent,emptyanswer,emptyanswer,emptyanswer,emptyanswer,emptyanswer,emptyanswer,emptyanswer,emptyanswer,emptyanswer
3DZKABX2ZH4CXFBIPV8ITVL8FE3CVH,3N4BPTXIO8RXQIV02KKDABSJZ0AUK5,A2GBY8O6GYSB89,Approved,Sat Mar 07 13:25:44 EST 2015,Sat Mar 07 13:26:49 EST 2015,Multilateral Multi-issue Negotiation Protocol,cooperative context,complex dependencies,proposal assessment,negotiation procedure,emptyanswer,emptyanswer,emptyanswer,emptyanswer,emptyanswer,emptyanswer,emptyanswer,emptyanswer,emptyanswer,emptyanswer,emptyanswer
3DZKABX2ZH4CXFBIPV8ITVL8FE3CVH,34J10VATJFXESUYVL8FWNUGH4BGIQE,A37WDQ1VG5XN6Z,Approved,Sat Mar 07 13:40:21 EST 2015,Sat Mar 07 13:40:29 EST 2015,nothing,nothing,nothing,nothing,nothing,emptyanswer,emptyanswer,emptyanswer,emptyanswer,emptyanswer,emptyanswer,emptyanswer,emptyanswer,emptyanswer,emptyanswer,emptyanswer
3DZKABX2ZH4CXFBIPV8ITVL8FE3CVH,3018Q3ZVOIPZYDUXMZCJBM23NQZARR,A1AWEM2XEAVOVQ,Approved,Sat Mar 07 20:35:23 EST 2015,Sat Mar 07 20:37:32 EST 2015,multilateral multi-issue negotiation,negotiation procedure,negotiation protocol,new protocol,multi-criteria decision aid tool,emptyanswer,emptyanswer,emptyanswer,emptyanswer,emptyanswer,emptyanswer,emptyanswer,emptyanswer,emptyanswer,emptyanswer,emptyanswer
3DZKABX2ZH4CXFBIPV8ITVL8FE3CVH,3QEMNNSB2XYNE1DUXV5FW6J97HA7DZ,A38IE69ORDCEGY,Approved,Sat Mar 07 21:55:56 EST 2015,Sat Mar 07 21:57:30 EST 2015,Negotiation protocol,cooperative multilateral multi-issue negotiation protocol,multi-criteria decision making,proposal assessment,mediator agent,emptyanswer,emptyanswer,emptyanswer,emptyanswer,emptyanswer,emptyanswer,emptyanswer,emptyanswer,emptyanswer,emptyanswer,emptyanswer
3DZKABX2ZH4CXFBIPV8ITVL8FE3CVH,3F6HPJW4JDZF16GF8ETAS3RM3IG2WB,A1JWEYGDFDB100,Approved,Sun Mar 08 07:49:50 EDT 2015,Sun Mar 08 07:50:55 EDT 2015,Multilatera,Multi-issue,Negotiation Protocol,cooperative agents,crisis management context,emptyanswer,emptyanswer,emptyanswer,emptyanswer,emptyanswer,emptyanswer,emptyanswer,emptyanswer,emptyanswer,emptyanswer,emptyanswer
3DZKABX2ZH4CXFBIPV8ITVL8FE3CVH,333U7HK6I9EGYWEWY4UCZWOIYD3DJ7,A3EOFHEPL3L07Y,Approved,Sun Mar 08 12:51:50 EDT 2015,Sun Mar 08 12:53:33 EDT 2015,Multilateral Multi-issue Negotiation Protocol,new protocol to address multilateral multi-issue negotiation in a cooperative context,complex dependencies,complex dependencies,crisis management context,emptyanswer,emptyanswer,emptyanswer,emptyanswer,emptyanswer,emptyanswer,emptyanswer,emptyanswer,emptyanswer,emptyanswer,emptyanswer
3DZKABX2ZH4CXFBIPV8ITVL8FE3CVH,3GU1KF0O4I0J5AJAFL8Q12MU4RYBPZ,ANB69EQROUTQJ,Approved,Sun Mar 08 13:12:27 EDT 2015,Sun Mar 08 13:14:17 EDT 2015,negotiation protocol,multilateral,multi-criteria decision aid tool,extract relevant information,negotiation procedure,cooperative agents,emptyanswer,emptyanswer,emptyanswer,emptyanswer,emptyanswer,emptyanswer,emptyanswer,emptyanswer,emptyanswer,emptyanswer
3DZKABX2ZH4CXFBIPV8ITVL8FE3CVH,3OJSZ2ATDSVSAOY1IPNWYUVHU1A75R,A3G4SXD4N30C3L,Approved,Sun Mar 08 15:31:06 EDT 2015,Sun Mar 08 15:31:42 EDT 2015,Multilateral,Multi-issue Negotiation Protocol,cooperative context,multi-criteria decision aid tool,proposal assessment,mediator agent,emptyanswer,emptyanswer,emptyanswer,emptyanswer,emptyanswer,emptyanswer,emptyanswer,emptyanswer,emptyanswer,emptyanswer
3DZKABX2ZH4CXFBIPV8ITVL8FE3CVH,3VSOLARPKB8TASZQJ3XNXTO3BV893G,A16MCPIUMNIDW,Approved,Sun Mar 08 15:55:32 EDT 2015,Sun Mar 08 15:56:33 EDT 2015,negotiation,cooperative,multi-criteria,decision aid,decision making,crisis management,negotiator,mediator,emptyanswer,emptyanswer,emptyanswer,emptyanswer,emptyanswer,emptyanswer,emptyanswer,emptyanswer
3DZKABX2ZH4CXFBIPV8ITVL8FE3CVH,38F5OAUN5NB4QHIWJRO5NRY7ZBN7HW,A156NFBMKKLDL9,Approved,Sun Mar 08 21:58:53 EDT 2015,Sun Mar 08 21:59:16 EDT 2015,Multilateral Multi-issue,Negotiation Protocol,decision aid tool,extract relevant information,crisis management context,emptyanswer,emptyanswer,emptyanswer,emptyanswer,emptyanswer,emptyanswer,emptyanswer,emptyanswer,emptyanswer,emptyanswer,emptyanswer
3DZKABX2ZH4CXFBIPV8ITVL8FE3CVH,3XC1O3LBOSLTABYTNF64KFJW5PATLO,A3GSN49YWM9CLD,Approved,Mon Mar 09 05:36:21 EDT 2015,Mon Mar 09 05:39:14 EDT 2015,protocol to address multilateral multi-issue negotiation,consensus between the cooperative agents.,management context,extract relevant information,protocol,emptyanswer,emptyanswer,emptyanswer,emptyanswer,emptyanswer,emptyanswer,emptyanswer,emptyanswer,emptyanswer,emptyanswer,emptyanswer
3DZKABX2ZH4CXFBIPV8ITVL8FE3CVH,3TXMY6UCAENNFRCVTYJACRIMRA3CQL,A2E2IQ99W6B7AV,Approved,Mon Mar 09 06:55:38 EDT 2015,Mon Mar 09 06:56:37 EDT 2015,Negotiation protocals,Dependencies,Multiple issues,Decision making,Information gathering,emptyanswer,emptyanswer,emptyanswer,emptyanswer,emptyanswer,emptyanswer,emptyanswer,emptyanswer,emptyanswer,emptyanswer,emptyanswer
3DZKABX2ZH4CXFBIPV8ITVL8FE3CVH,30BUDKLTXDUDJ3DB5X1244NYGQW5EX,A2SZAM3EZER2PH,Approved,Mon Mar 09 07:58:18 EDT 2015,Mon Mar 09 07:59:02 EDT 2015,present a new protocol,complex dependencies,crisis management context,our agents,mediator agent,emptyanswer,emptyanswer,emptyanswer,emptyanswer,emptyanswer,emptyanswer,emptyanswer,emptyanswer,emptyanswer,emptyanswer,emptyanswer
3DZKABX2ZH4CXFBIPV8ITVL8FE3CVH,39RP059MEHSDK7MXN5GYKYSZZOMMBH,A28IXE702NXWKQ,Approved,Mon Mar 09 13:56:15 EDT 2015,Mon Mar 09 13:58:07 EDT 2015,present a new protocol,multi-issue,cooperative context.,cooperative context.,negotiation procedure,emptyanswer,emptyanswer,emptyanswer,emptyanswer,emptyanswer,emptyanswer,emptyanswer,emptyanswer,emptyanswer,emptyanswer,emptyanswer
3DZKABX2ZH4CXFBIPV8ITVL8FE3CVH,3Z4AIRP3C6CN1L39ZFPIP3VOKHO1X8,APEB5ERGCYP6D,Approved,Tue Mar 10 01:44:07 EDT 2015,Tue Mar 10 02:36:05 EDT 2015,a new protocol to address multilateral multi-issue,negotiation in a cooperative context,complex dependencies between multiple issue,modelling the preferences of the agents with a multi-criteria decision aid tool,the negotiation procedure is defined in a crisis managemen,emptyanswer,emptyanswer,emptyanswer,emptyanswer,emptyanswer,emptyanswer,emptyanswer,emptyanswer,emptyanswer,emptyanswer,emptyanswer
3DZKABX2ZH4CXFBIPV8ITVL8FE3CVH,3YWRV122CSYDVHTZTVNAK6JS46TU8B,A3UY2GVCKC8LSL,Approved,Tue Mar 10 06:47:07 EDT 2015,Tue Mar 10 06:47:54 EDT 2015,multi-criteria decision aid tool,mediator agent,cooperative context,Negotiation Protocol,Multilateral Multi-issue,emptyanswer,emptyanswer,emptyanswer,emptyanswer,emptyanswer,emptyanswer,emptyanswer,emptyanswer,emptyanswer,emptyanswer,emptyanswer
3DZKABX2ZH4CXFBIPV8ITVL8FE3CVH,3A9AA95ATWLHGU21EBHDYGM2UZA5PY,AW36CVMS3526O,Approved,Tue Mar 10 12:00:21 EDT 2015,Tue Mar 10 12:01:49 EDT 2015,Negotiation,paper,multiple,management,objective,emptyanswer,emptyanswer,emptyanswer,emptyanswer,emptyanswer,emptyanswer,emptyanswer,emptyanswer,emptyanswer,emptyanswer,emptyanswer
3DZKABX2ZH4CXFBIPV8ITVL8FE3CVH,36W0OB37HWDNARO22MGOEBR698AZHY,A3K6BSW10S4YKJ,Approved,Wed Mar 11 00:29:58 EDT 2015,Wed Mar 11 00:31:15 EDT 2015,present a new protocol,multilateral multi-issue negotiation in a cooperative context,Multilateral Multi-issue Negotiation Protocol,complex dependencies between multiple issues,a multi-criteria decision aid tool,emptyanswer,emptyanswer,emptyanswer,emptyanswer,emptyanswer,emptyanswer,emptyanswer,emptyanswer,emptyanswer,emptyanswer,emptyanswer
3DZKABX2ZH4CXFBIPV8ITVL8FE3CVH,3V5Q80FXIXQIA8ERYUI8N6GP5U523Y,ATRHDYWCIYTDJ,Approved,Wed Mar 11 04:16:02 EDT 2015,Wed Mar 11 04:16:23 EDT 2015,negotiation,considered,present,paper,management,emptyanswer,emptyanswer,emptyanswer,emptyanswer,emptyanswer,emptyanswer,emptyanswer,emptyanswer,emptyanswer,emptyanswer,emptyanswer
3DZKABX2ZH4CXFBIPV8ITVL8FE3CVH,39K0FND3AHE81XH5HRG2PN8THALAM2,A3CMDYA9USA3MR,Approved,Wed Mar 11 07:23:15 EDT 2015,Wed Mar 11 07:23:28 EDT 2015,protocol,negotiation,consider,multiple,mediator,emptyanswer,emptyanswer,emptyanswer,emptyanswer,emptyanswer,emptyanswer,emptyanswer,emptyanswer,emptyanswer,emptyanswer,emptyanswer
3DZKABX2ZH4CXFBIPV8ITVL8FE3CVH,33ISQZVXPPLJLQ2COGIFSMT5NZSCCE,A2SDTL2V8VJ25O,Approved,Wed Mar 11 20:32:33 EDT 2015,Wed Mar 11 20:33:21 EDT 2015,Multilateral,Negotiation,Protocol,decision,mediator,emptyanswer,emptyanswer,emptyanswer,emptyanswer,emptyanswer,emptyanswer,emptyanswer,emptyanswer,emptyanswer,emptyanswer,emptyanswer
3DZKABX2ZH4CXFBIPV8ITVL8FE3CVH,31IBVUNM9SYMNBSM6Z3LQK2X6K1FVV,A3HPVFAF1U9WXK,Approved,Thu Mar 12 09:58:23 EDT 2015,Thu Mar 12 09:59:03 EDT 2015,protocol,multilateral multi-issue negotiation,cooperation,agents,negotiation,emptyanswer,emptyanswer,emptyanswer,emptyanswer,emptyanswer,emptyanswer,emptyanswer,emptyanswer,emptyanswer,emptyanswer,emptyanswer
3DZKABX2ZH4CXFBIPV8ITVL8FE3CVH,3OUYGIZWR7XILNG0H5B1HLQBEUDP0I,AM1HY736BY3Z8,Approved,Thu Mar 12 12:02:05 EDT 2015,Thu Mar 12 12:03:06 EDT 2015,A Multilateral Multi-issue Negotiation Protocol,we present a new protocol to address multilateral multi-issue negotiation in a cooperative context.,"We consider complex dependencies between multiple issues by modelling the preferences of the agents with a multi-criteria decision aid tool, also enabling us to extract relevant information on a proposal assessment.",This information is used in the protocol to help in accelerating the search for a consensus between the cooperative agents.,the negotiation procedure is defined in a crisis management context where the common objective of our agents is also considered in the preferences of a mediator agent.,emptyanswer,emptyanswer,emptyanswer,emptyanswer,emptyanswer,emptyanswer,emptyanswer,emptyanswer,emptyanswer,emptyanswer,emptyanswer
3DZKABX2ZH4CXFBIPV8ITVL8FE3CVH,3L70J4KAZGL5X3BS4YHZ6XLZ9XNDAK,A2KS418T8MPLJH,Approved,Thu Mar 12 12:05:46 EDT 2015,Thu Mar 12 12:07:50 EDT 2015,Multilateral Multi-issue Negotiation Protocol,multilateral multi-issue negotiation in a cooperative context,complex dependencies between multiple issues by modelling the preferences of the agents with a multi-criteria decision,protocol to help in accelerating the search for a consensus between the cooperative agent,negotiation procedure is defined in a crisis management context where the common objective of our agents is also considered in the preferences of a mediator agent,emptyanswer,emptyanswer,emptyanswer,emptyanswer,emptyanswer,emptyanswer,emptyanswer,emptyanswer,emptyanswer,emptyanswer,emptyanswer
3DZKABX2ZH4CXFBIPV8ITVL8FE3CVH,35K3O9HUABC5L060B9EBQGEB6P3EFT,A3MVLTRGO37TJD,Approved,Thu Mar 12 13:36:09 EDT 2015,Thu Mar 12 13:37:31 EDT 2015,new protocol to address multilateral multi-issue negotiation in a cooperative context.,complex dependencies between multiple issues by modelling the preferences of the agents with a multi-criteria decision aid tool,to extract relevant information on a proposal assessment,protocol to help in accelerating the search for a consensus between the cooperative agents.,negotiation procedure is defined in a crisis management context where the common objective of our agents is also considered in the preferences of a mediator agent.,emptyanswer,emptyanswer,emptyanswer,emptyanswer,emptyanswer,emptyanswer,emptyanswer,emptyanswer,emptyanswer,emptyanswer,emptyanswer
3DZKABX2ZH4CXFBIPV8ITVL8FE3CVH,3JCG6DTRV3PR9SMEYGK5WW73WV2QQF,AU3WQKISBW5MZ,Approved,Thu Mar 12 14:18:23 EDT 2015,Thu Mar 12 14:19:37 EDT 2015,"In this paper, we present a new protocol to address multilateral multi-issue negotiation in a cooperative context.","We consider complex dependencies between multiple issues by modelling the preferences of the agents with a multi-criteria decision aid tool, also enabling us to extract relevant information on a proposal assessment.",This information is used in the protocol to help in accelerating the search for a consensus between the cooperative agents.,"In addition, the negotiation procedure is defined in a crisis management context where the common objective of our agents is also considered in the preferences of a mediator agent.","In addition, the negotiation procedure is defined in a crisis management context where the common objective of our agents is also considered in the preferences of a mediator agent.",emptyanswer,emptyanswer,emptyanswer,emptyanswer,emptyanswer,emptyanswer,emptyanswer,emptyanswer,emptyanswer,emptyanswer,emptyanswer
3DZKABX2ZH4CXFBIPV8ITVL8FE3CVH,3EFVCAY5L384H1I5HWJWD4AHOUO8JV,A3B6D0YMD6RCH8,Approved,Thu Mar 12 14:14:53 EDT 2015,Thu Mar 12 14:22:23 EDT 2015,multilateral multi-issue negotiation protocol,cooperative context,multi-criteria decision aid tool,consensus,mediator agent,emptyanswer,emptyanswer,emptyanswer,emptyanswer,emptyanswer,emptyanswer,emptyanswer,emptyanswer,emptyanswer,emptyanswer,emptyanswer
3DZKABX2ZH4CXFBIPV8ITVL8FE3CVH,3U4J9857OEAUZ4FAJZE91GV955BB7S,A3MRB8TFD1IUS6,Approved,Thu Mar 12 15:18:19 EDT 2015,Thu Mar 12 15:19:45 EDT 2015,Multilateral,Multi issue,Negotiation Protocol,objective,dependencies,criteria,emptyanswer,emptyanswer,emptyanswer,emptyanswer,emptyanswer,emptyanswer,emptyanswer,emptyanswer,emptyanswer,emptyanswer
3DZKABX2ZH4CXFBIPV8ITVL8FE3CVH,3CN4LGXD5XNTTPQ2RTUM6F90ZDC4YR,A13WPY58VH89M5,Approved,Fri Mar 13 15:09:21 EDT 2015,Fri Mar 13 15:10:19 EDT 2015,Negotiation Protocol,multilateral,multi-issue,dependencies,cooperation,mediator,emptyanswer,emptyanswer,emptyanswer,emptyanswer,emptyanswer,emptyanswer,emptyanswer,emptyanswer,emptyanswer,emptyanswer
3DZKABX2ZH4CXFBIPV8ITVL8FE3CVH,3SUWZRL0MYC927DPAGB7WA1YDTL6E9,A3DTN2OMF6DUSI,Approved,Fri Mar 13 23:20:26 EDT 2015,Fri Mar 13 23:20:33 EDT 2015,model,model,model,model,model,emptyanswer,emptyanswer,emptyanswer,emptyanswer,emptyanswer,emptyanswer,emptyanswer,emptyanswer,emptyanswer,emptyanswer,emptyanswer
3DZKABX2ZH4CXFBIPV8ITVL8FE3CVH,3QHK8ZVMIMHTEP4CNTFJKLDA0TEBL7,A2JOYXFN8HXXLS,Approved,Sat Mar 14 05:39:43 EDT 2015,Sat Mar 14 05:53:12 EDT 2015,Multilateral,Multi-issue,Negotiation Protocol,multi-criteria decision aid tool,the negotiation procedure is defined in a crisis management context,emptyanswer,emptyanswer,emptyanswer,emptyanswer,emptyanswer,emptyanswer,emptyanswer,emptyanswer,emptyanswer,emptyanswer,emptyanswer
3DZKABX2ZH4CXFBIPV8ITVL8FE3CVH,3TYCR1GOTCIPWN7ST7VM63KDRW8ZL9,A610SH5RY1NG1,Approved,Sat Mar 14 06:21:49 EDT 2015,Sat Mar 14 06:22:13 EDT 2015,multilateral,multi-issue,negotiation,protocol,cooperative context,emptyanswer,emptyanswer,emptyanswer,emptyanswer,emptyanswer,emptyanswer,emptyanswer,emptyanswer,emptyanswer,emptyanswer,emptyanswer
