HitId,AssignmentId,WorkerId,Status,AcceptTime,SubmitTime,Answer 1,Answer 2,Answer 3,Answer 4,Answer 5,Answer 6,Answer 7,Answer 8,Answer 9,Answer 10,Answer 11,Answer 12,Answer 13,Answer 14,Answer 15,Answer 16
3EHVO81VN4KNSB60492UXYB8320H15,3L0KT67Y8EFCVASDHUQ44IP6C47SYZ,A22R7DT2XQIKXV,Approved,Mon Mar 02 15:06:03 EST 2015,Mon Mar 02 15:06:18 EST 2015,aa,aa,aa,aa,aa,emptyanswer,emptyanswer,emptyanswer,emptyanswer,emptyanswer,emptyanswer,emptyanswer,emptyanswer,emptyanswer,emptyanswer,emptyanswer
3EHVO81VN4KNSB60492UXYB8320H15,3SNVL38CI4R14OE0GTZDG56DSMDKC3,A3ODG942FG22PJ,Approved,Mon Mar 02 15:19:30 EST 2015,Mon Mar 02 15:20:24 EST 2015,negotiation,bilateral,indivisible,equilibrium,polynomial time complexity,NA,NA,NA,NA,NA,NA,NA,NA,NA,NA,NA
3EHVO81VN4KNSB60492UXYB8320H15,3RJSC4XJ10TESDYHXQ2NJFLUM7S50H,A2A4LHPXF2E2GS,Approved,Mon Mar 02 18:01:47 EST 2015,Mon Mar 02 18:08:15 EST 2015,Online Multi-Issue Negotiation,self-interested autonomous agents,deadlines and discount factors,"""indivisible""",allocate issues,a priori,time complexity,NP-hard problem,negotiation strategies,equilibrium,relative error,O(nm/ε2),online negotiation,O(√m),emptyanswer,emptyanswer
3EHVO81VN4KNSB60492UXYB8320H15,3Z9WI9EOZZNSLWPG2LDERW3T5E4HKV,A2R085B34P2LYS,Approved,Mon Mar 02 22:28:26 EST 2015,Mon Mar 02 22:42:12 EST 2015,Approximate,Online,Multi,Issue,Negotiation,optional,optional,optional,optional,optional,optional,optional,optional,optional,optional,optional
3EHVO81VN4KNSB60492UXYB8320H15,320DUZ38G7LJAGON0UVK5HRFBPRGJW,A27I79P03I0ZPO,Approved,Mon Mar 02 22:58:06 EST 2015,Mon Mar 02 22:58:55 EST 2015,Approximate,Online,Multi-Issue,Negotiation,complexity,emptyanswer,emptyanswer,emptyanswer,emptyanswer,emptyanswer,emptyanswer,emptyanswer,emptyanswer,emptyanswer,emptyanswer,emptyanswer
3EHVO81VN4KNSB60492UXYB8320H15,3NPFYT4IZC3K50TCHYALWQZUMNDGXR,A11B84S796PPW5,Approved,Tue Mar 03 01:43:37 EST 2015,Tue Mar 03 01:46:28 EST 2015,Multi issue negotiation,Indivisible issues,Equilibrium strategies,Finding equilibrium offers,Autonomous agents,emptyanswer,emptyanswer,emptyanswer,emptyanswer,emptyanswer,emptyanswer,emptyanswer,emptyanswer,emptyanswer,emptyanswer,emptyanswer
3EHVO81VN4KNSB60492UXYB8320H15,3ZPPDN2SLVVWKQFN8NEJGKS025JE93,A1B5NXRZQYRC4R,Approved,Tue Mar 03 06:52:41 EST 2015,Tue Mar 03 06:53:06 EST 2015,approximate,online,multi-issue,negotiation,analyze,emptyanswer,emptyanswer,emptyanswer,emptyanswer,emptyanswer,emptyanswer,emptyanswer,emptyanswer,emptyanswer,emptyanswer,emptyanswer
3EHVO81VN4KNSB60492UXYB8320H15,3O7L7BFSHEOPVR8QCHKWTDR3LV6IEQ,AAOGFQY8JCVOD,Approved,Tue Mar 03 07:16:23 EST 2015,Tue Mar 03 07:17:54 EST 2015,online negotiation,autonomous agents,analyze,decide,maximize utilities,equilibrium strategies,valuation,approximate,polynomial,time complexity,emptyanswer,emptyanswer,emptyanswer,emptyanswer,emptyanswer,emptyanswer
3EHVO81VN4KNSB60492UXYB8320H15,3AAJC4I4FGRJ1XJSQMJ9QO7LMGCZJX,A26M2B8NZVKWTZ,Approved,Tue Mar 03 10:04:16 EST 2015,Tue Mar 03 10:07:40 EST 2015,analyzes,Multi-Issue,Negotiation,strategies,optimum,emptyanswer,emptyanswer,emptyanswer,emptyanswer,emptyanswer,emptyanswer,emptyanswer,emptyanswer,emptyanswer,emptyanswer,emptyanswer
3EHVO81VN4KNSB60492UXYB8320H15,3EJPLAJKEMF7D24L63PKHK2G0A96ZF,A3FG9YWTFFK1AU,Approved,Tue Mar 03 16:35:35 EST 2015,Tue Mar 03 16:50:50 EST 2015,Approximate,Online,Multi-Issue Negotiation,self-interested autonomous agents,polynomial time complexity,optimum,emptyanswer,emptyanswer,emptyanswer,emptyanswer,emptyanswer,emptyanswer,emptyanswer,emptyanswer,emptyanswer,emptyanswer
3EHVO81VN4KNSB60492UXYB8320H15,3P529IW9KYKJR6GSSV1F3B4VE14FLA,A3HPVFAF1U9WXK,Approved,Wed Mar 04 01:35:00 EST 2015,Wed Mar 04 01:36:24 EST 2015,bilateral multi-issue negotiation,autonomous agents,negotiation strategies,equilibrium,complexity,emptyanswer,emptyanswer,emptyanswer,emptyanswer,emptyanswer,emptyanswer,emptyanswer,emptyanswer,emptyanswer,emptyanswer,emptyanswer
3EHVO81VN4KNSB60492UXYB8320H15,3IQ1VMJRYTJTUDYBSICXK129HSXA9K,A3S81UFDOWF2ST,Approved,Wed Mar 04 10:02:36 EST 2015,Wed Mar 04 10:03:57 EST 2015,Online Multi-Issue Negotiation,bilateral,equilibrium strategies,relative error,complexity,emptyanswer,emptyanswer,emptyanswer,emptyanswer,emptyanswer,emptyanswer,emptyanswer,emptyanswer,emptyanswer,emptyanswer,emptyanswer
3EHVO81VN4KNSB60492UXYB8320H15,32RIADZISS3WX3ETSN2XOTLZH6PS41,A3H35QRODK1C4K,Approved,Wed Mar 04 10:07:27 EST 2015,Wed Mar 04 10:07:51 EST 2015,approximate,online,multi-issue,negotiation,autonomous,emptyanswer,emptyanswer,emptyanswer,emptyanswer,emptyanswer,emptyanswer,emptyanswer,emptyanswer,emptyanswer,emptyanswer,emptyanswer
3EHVO81VN4KNSB60492UXYB8320H15,30JNVC0OR9JEWZNBFQXBNIF24NSHQP,A3LUJSAN4DQ1ZT,Approved,Wed Mar 04 10:15:06 EST 2015,Wed Mar 04 10:16:12 EST 2015,Online,Multi-issue,Negotiation,Approximate,Computational,Complexity,Optimum,emptyanswer,emptyanswer,emptyanswer,emptyanswer,emptyanswer,emptyanswer,emptyanswer,emptyanswer,emptyanswer
3EHVO81VN4KNSB60492UXYB8320H15,3JW0YLFXRTF1DMEMMYIHGA7B7COWWA,A3FFZN4FO3Q789,Approved,Wed Mar 04 11:00:05 EST 2015,Wed Mar 04 11:03:18 EST 2015,preliminary,preliminary,preliminary,preliminary,preliminary,emptyanswer,emptyanswer,emptyanswer,emptyanswer,emptyanswer,emptyanswer,emptyanswer,emptyanswer,emptyanswer,emptyanswer,emptyanswer
3EHVO81VN4KNSB60492UXYB8320H15,37Z929RLG97GEOTJ7O35W1XRX5HST8,ADVZAZ12Z8N9J,Approved,Wed Mar 04 12:42:13 EST 2015,Wed Mar 04 12:44:13 EST 2015,"The issues are ""indivisible"" (i.e., individual issues cannot be split between the parties; each issue must be allocated in its entirety to either agent).","Thus, the problem is for the agents to decide how to allocate the issues between themselves so as to maximize their individual utilities.",The agents have time constraints in the form of both deadlines and discount factors.,"For such negotiations, we first obtain the equilibrium strategies for the case where the issues for negotiation are known a priori to the parties.","Then, we analyse their time complexity and show that finding the equilibrium offers is an NP-hard problem, even in a complete information setting.",emptyanswer,emptyanswer,emptyanswer,emptyanswer,emptyanswer,emptyanswer,emptyanswer,emptyanswer,emptyanswer,emptyanswer,emptyanswer
3EHVO81VN4KNSB60492UXYB8320H15,3VW6495TLJZ9RW4MG0ITM4D7TT2YYQ,A2F6ZON8X5EAGL,Approved,Wed Mar 04 14:30:49 EST 2015,Wed Mar 04 14:31:35 EST 2015,Approximate and Online Multi-Issue Negotiation,autonomous agents,utilities,equilibrium,polynomial,emptyanswer,emptyanswer,emptyanswer,emptyanswer,emptyanswer,emptyanswer,emptyanswer,emptyanswer,emptyanswer,emptyanswer,emptyanswer
3EHVO81VN4KNSB60492UXYB8320H15,3TGOYF991XLBTE0CWYOFGY1H1HYUU8,A3OTLWGJFB65KD,Approved,Wed Mar 04 19:27:33 EST 2015,Wed Mar 04 19:27:40 EST 2015,nothing,nothing,nothing,nothing,nothing,emptyanswer,emptyanswer,emptyanswer,emptyanswer,emptyanswer,emptyanswer,emptyanswer,emptyanswer,emptyanswer,emptyanswer,emptyanswer
3EHVO81VN4KNSB60492UXYB8320H15,39OWYR0EPKQ3R5NRBAQ5XJ6RNI0FYY,A1W7BQWWGKJ3XF,Approved,Wed Mar 04 20:36:12 EST 2015,Wed Mar 04 20:37:18 EST 2015,Multi-Issue Negotiation,time constraints,issue allocation,equilibrium strategies,self-interest,emptyanswer,emptyanswer,emptyanswer,emptyanswer,emptyanswer,emptyanswer,emptyanswer,emptyanswer,emptyanswer,emptyanswer,emptyanswer
3EHVO81VN4KNSB60492UXYB8320H15,3634BBTX0OTH158M7S42BVC3X0OFIG,A9LA6QK6VCERR,Approved,Thu Mar 05 00:18:31 EST 2015,Thu Mar 05 00:21:18 EST 2015,Multi-Issue Negotiation,O(nm/ε2),polynomial time complexity,equilibrium strategies,NP-hard problem,online negotiation,emptyanswer,emptyanswer,emptyanswer,emptyanswer,emptyanswer,emptyanswer,emptyanswer,emptyanswer,emptyanswer,emptyanswer
3EHVO81VN4KNSB60492UXYB8320H15,3UJ1CZ6IZHOETMIT6SL7TLRDH5ES56,A1QUDNLO95AKS5,Approved,Thu Mar 05 08:34:18 EST 2015,Thu Mar 05 08:34:47 EST 2015,Online Multi-Issue,Negotiation,self-interested autonomous agents,indivisible,approximate equilibrium strategies,emptyanswer,emptyanswer,emptyanswer,emptyanswer,emptyanswer,emptyanswer,emptyanswer,emptyanswer,emptyanswer,emptyanswer,emptyanswer
3EHVO81VN4KNSB60492UXYB8320H15,31LVTDXBL79GUWL1JQ19K0IEHT3LR7,A1YLO4LT02D2F0,Approved,Thu Mar 05 11:36:08 EST 2015,Thu Mar 05 11:36:36 EST 2015,analyzes bilateral multi-issue,self-interested autonomous agents,agents have time constraints,maximize their individual,approximate strategies,emptyanswer,emptyanswer,emptyanswer,emptyanswer,emptyanswer,emptyanswer,emptyanswer,emptyanswer,emptyanswer,emptyanswer,emptyanswer
3EHVO81VN4KNSB60492UXYB8320H15,3N1FSUEFL5ZQVEVBVX78TUZZG76D4R,A2SDTL2V8VJ25O,Approved,Thu Mar 05 15:59:44 EST 2015,Thu Mar 05 16:00:56 EST 2015,Approximate,Negotiation,analyzes,optimum,polynomial,emptyanswer,emptyanswer,emptyanswer,emptyanswer,emptyanswer,emptyanswer,emptyanswer,emptyanswer,emptyanswer,emptyanswer,emptyanswer
3EHVO81VN4KNSB60492UXYB8320H15,3R2UR8A0IAF8XDAA5HNT1Z8WDGJOXF,A3I10J1GPDAPQR,Approved,Thu Mar 05 16:19:19 EST 2015,Thu Mar 05 16:26:07 EST 2015,Approximate,Online Multi-Issue Negotiation,self-interested autonomous agents,computationally efficient,approximate equilibrium,emptyanswer,emptyanswer,emptyanswer,emptyanswer,emptyanswer,emptyanswer,emptyanswer,emptyanswer,emptyanswer,emptyanswer,emptyanswer
3EHVO81VN4KNSB60492UXYB8320H15,3GNA64GUZE32G63GEOW2YLCCZJE5QJ,ADUJUZANFOWKW,Approved,Thu Mar 05 22:13:43 EST 2015,Thu Mar 05 22:15:03 EST 2015,negotiation,agents,factors,allocate,polynomial,emptyanswer,emptyanswer,emptyanswer,emptyanswer,emptyanswer,emptyanswer,emptyanswer,emptyanswer,emptyanswer,emptyanswer,emptyanswer
3EHVO81VN4KNSB60492UXYB8320H15,3LPW2N6LKT1U8ZAXVXG78M9125RU5M,A3DHYTZ1GPN0T8,Approved,Thu Mar 05 22:56:46 EST 2015,Thu Mar 05 22:57:11 EST 2015,paper analyzes bilateral multi-issue,different issues differently,strategies,analyze,approximate equilibrium,emptyanswer,emptyanswer,emptyanswer,emptyanswer,emptyanswer,emptyanswer,emptyanswer,emptyanswer,emptyanswer,emptyanswer,emptyanswer
3EHVO81VN4KNSB60492UXYB8320H15,3ZAZR5XV01HWTJDMGU2N3KUQW7OCZ3,A2KELEVTA0306Y,Approved,Fri Mar 06 11:18:52 EST 2015,Fri Mar 06 11:21:04 EST 2015,paper,analyzes,complexity,equilibrium,maximize,utilities,constraints,discount,deadlines,approximate,negotiation,expected,time,Specifically,issues,optimum
3EHVO81VN4KNSB60492UXYB8320H15,3MAOD8E57Q9QFSAY42NGMA8RNB7NX2,AQXSUU4I4DAH8,Approved,Fri Mar 06 11:56:43 EST 2015,Fri Mar 06 11:57:28 EST 2015,Multi-Issue Negotiation,self-interested autonomous agents,indivisible,equilibrium strategies,analyze the relative error,emptyanswer,emptyanswer,emptyanswer,emptyanswer,emptyanswer,emptyanswer,emptyanswer,emptyanswer,emptyanswer,emptyanswer,emptyanswer
3EHVO81VN4KNSB60492UXYB8320H15,3DY4FPOOA1NJQ1XVXU3F79GG8Z5VRG,AWQK8QA93VLW9,Approved,Sat Mar 07 10:25:34 EST 2015,Sat Mar 07 10:27:17 EST 2015,Multi-Issue Negotiation,self-interested autonomous agents,deadlines,discount factors,equilibrium strategies,NP-hard problem,relative error,polynomial time complexity,emptyanswer,emptyanswer,emptyanswer,emptyanswer,emptyanswer,emptyanswer,emptyanswer,emptyanswer
3EHVO81VN4KNSB60492UXYB8320H15,3J88R45B2GXQIDMBKH08QZDMNSXXP1,A37WDQ1VG5XN6Z,Approved,Sat Mar 07 13:41:02 EST 2015,Sat Mar 07 13:41:09 EST 2015,nothing,nothing,nothing,nothing,nothing,nothing,emptyanswer,emptyanswer,emptyanswer,emptyanswer,emptyanswer,emptyanswer,emptyanswer,emptyanswer,emptyanswer,emptyanswer
3EHVO81VN4KNSB60492UXYB8320H15,3HL8HNGX450OQ4FJ3YYPY2D0EKDF9T,A38IE69ORDCEGY,Approved,Sat Mar 07 21:57:30 EST 2015,Sat Mar 07 21:59:23 EST 2015,Multi-issue negotiation,self-interested autonomous agents,deadline and discount factors,indivisible issues,negotiation strategies,online negotiation,emptyanswer,emptyanswer,emptyanswer,emptyanswer,emptyanswer,emptyanswer,emptyanswer,emptyanswer,emptyanswer,emptyanswer
3EHVO81VN4KNSB60492UXYB8320H15,3NLZY2D53POGIV616BC9FA89LH1LQQ,A3G4SXD4N30C3L,Approved,Sun Mar 08 15:27:07 EDT 2015,Sun Mar 08 15:27:50 EDT 2015,Online Multi-Issue Negotiation,self-interested autonomous agents,NP-hard problem,approximate equilibrium strategies,polynomial time complexity,emptyanswer,emptyanswer,emptyanswer,emptyanswer,emptyanswer,emptyanswer,emptyanswer,emptyanswer,emptyanswer,emptyanswer,emptyanswer
3EHVO81VN4KNSB60492UXYB8320H15,3WOKGM4L71F00N4Z25YMSLLL3ID0OT,A156NFBMKKLDL9,Approved,Sun Mar 08 17:45:43 EDT 2015,Sun Mar 08 17:49:30 EDT 2015,Approximate,Online Multi-Issue Negotiation,equilibrium strategies,online negotiation,bilateral multi-issue negotiation,emptyanswer,emptyanswer,emptyanswer,emptyanswer,emptyanswer,emptyanswer,emptyanswer,emptyanswer,emptyanswer,emptyanswer,emptyanswer
3EHVO81VN4KNSB60492UXYB8320H15,3ZOTGHDK5IA01WOBB7H62RR4YAWSO8,A2GBY8O6GYSB89,Approved,Sun Mar 08 18:28:15 EDT 2015,Sun Mar 08 18:28:55 EDT 2015,Online Multi-Issue Negotiation,analyzes bilateral multi-issue negotiation,self-interested autonomous agents,discount factors,polynomial time complexity,emptyanswer,emptyanswer,emptyanswer,emptyanswer,emptyanswer,emptyanswer,emptyanswer,emptyanswer,emptyanswer,emptyanswer,emptyanswer
3EHVO81VN4KNSB60492UXYB8320H15,30LSNF239UUX0BWAJXPVRCIEO852IT,A2SZAM3EZER2PH,Approved,Mon Mar 09 05:33:50 EDT 2015,Mon Mar 09 05:35:17 EDT 2015,bilateral multi-issue,negotiation strategies,equilibrium strategies,negotiation deadline,online negotiation,emptyanswer,emptyanswer,emptyanswer,emptyanswer,emptyanswer,emptyanswer,emptyanswer,emptyanswer,emptyanswer,emptyanswer,emptyanswer
3EHVO81VN4KNSB60492UXYB8320H15,3E7TUJ2EGCLRSK1NCS3ZA2AF2AI9D3,AUH4A0OGHF2CK,Approved,Mon Mar 09 09:37:32 EDT 2015,Mon Mar 09 09:39:32 EDT 2015,Online Multi-Issue Negotiation,bilateral multi-issue negotiation,Analysis of bilateral multi-issue negotiation between self-interested autonomous agents,online negotiation Complexity,A study on multi-issue negotiation,emptyanswer,emptyanswer,emptyanswer,emptyanswer,emptyanswer,emptyanswer,emptyanswer,emptyanswer,emptyanswer,emptyanswer,emptyanswer
3EHVO81VN4KNSB60492UXYB8320H15,3ZV9H2YQQD64MOCYCE7FBDWE9YV3W6,ACYGMRGAZ22U7,Approved,Mon Mar 09 18:05:51 EDT 2015,Mon Mar 09 18:05:57 EDT 2015,Keyword/Keyphrase 1:,Keyword/Keyphrase 1:,Keyword/Keyphrase 1:,Keyword/Keyphrase 1:,Keyword/Keyphrase 1:,emptyanswer,emptyanswer,emptyanswer,emptyanswer,emptyanswer,emptyanswer,emptyanswer,emptyanswer,emptyanswer,emptyanswer,emptyanswer
3EHVO81VN4KNSB60492UXYB8320H15,35DR22AR5DJJBOHOMJ31DWALI043X2,A2E2IQ99W6B7AV,Approved,Mon Mar 09 18:54:45 EDT 2015,Mon Mar 09 18:57:19 EDT 2015,Multi-issue negotiation,Self-interested agents,Autonomy,Relative errors,Equilibrium,emptyanswer,emptyanswer,emptyanswer,emptyanswer,emptyanswer,emptyanswer,emptyanswer,emptyanswer,emptyanswer,emptyanswer,emptyanswer
3EHVO81VN4KNSB60492UXYB8320H15,37C0GNLMHF24A1ZPEL0NQSJDCAR6D8,APEB5ERGCYP6D,Approved,Tue Mar 10 01:44:10 EDT 2015,Tue Mar 10 02:40:19 EDT 2015,bilateral multi-issue negotiation between self-interested autonomous agent,agents have time constraints in the form of both deadlines and discount factors,extend the analysis to online negotiation,computationally efficient,approximate strategies also have polynomial time complexity,emptyanswer,emptyanswer,emptyanswer,emptyanswer,emptyanswer,emptyanswer,emptyanswer,emptyanswer,emptyanswer,emptyanswer,emptyanswer
3EHVO81VN4KNSB60492UXYB8320H15,3UWN2HHPUY4IJBOZASHTN2RZ84HSNR,AW36CVMS3526O,Approved,Tue Mar 10 12:26:16 EDT 2015,Tue Mar 10 12:28:41 EDT 2015,Approximate,Multi-Issue Negotiation,indivisible,approximate,complexity,emptyanswer,emptyanswer,emptyanswer,emptyanswer,emptyanswer,emptyanswer,emptyanswer,emptyanswer,emptyanswer,emptyanswer,emptyanswer
3EHVO81VN4KNSB60492UXYB8320H15,3H8DHMCCW9AB9GKEGPUO0BOVD66KDO,A1JWEYGDFDB100,Approved,Tue Mar 10 13:47:20 EDT 2015,Tue Mar 10 13:48:32 EDT 2015,Approximate,Multi-Issue Negotiation,bilateral multi-issue negotiation,self-interested autonomous agents,NP-hard problem,emptyanswer,emptyanswer,emptyanswer,emptyanswer,emptyanswer,emptyanswer,emptyanswer,emptyanswer,emptyanswer,emptyanswer,emptyanswer
3EHVO81VN4KNSB60492UXYB8320H15,3KJYX6QCM9A2SDEIPPU65IUPYP4VJV,ANB69EQROUTQJ,Approved,Tue Mar 10 22:42:28 EDT 2015,Tue Mar 10 22:44:27 EDT 2015,multi-issue,negotiation,indivisible issues,optimal negotiation strategies,time constraints,deadline,emptyanswer,emptyanswer,emptyanswer,emptyanswer,emptyanswer,emptyanswer,emptyanswer,emptyanswer,emptyanswer,emptyanswer
3EHVO81VN4KNSB60492UXYB8320H15,3JV9LGBJWTDXBRFKG7NPDD81A4ROGJ,A3UY2GVCKC8LSL,Approved,Tue Mar 10 23:24:15 EDT 2015,Tue Mar 10 23:24:56 EDT 2015,time complexity,Approximate,Online Multi-Issue Negotiation,O(nm/ε2),O(√m),emptyanswer,emptyanswer,emptyanswer,emptyanswer,emptyanswer,emptyanswer,emptyanswer,emptyanswer,emptyanswer,emptyanswer,emptyanswer
3EHVO81VN4KNSB60492UXYB8320H15,3K2755HG5S20TUS0FE3RKYWQ5BOFDI,A3K6BSW10S4YKJ,Approved,Wed Mar 11 00:36:16 EDT 2015,Wed Mar 11 00:37:41 EDT 2015,bilateral multi-issue negotiation between self-interested autonomous agents,m > 1 issues,"The issues are ""indivisible""",NP-hard problem,have polynomial time complexity,emptyanswer,emptyanswer,emptyanswer,emptyanswer,emptyanswer,emptyanswer,emptyanswer,emptyanswer,emptyanswer,emptyanswer,emptyanswer
3EHVO81VN4KNSB60492UXYB8320H15,33CID57104SOBU0Z800D22FYBUWL36,ATRHDYWCIYTDJ,Approved,Wed Mar 11 04:22:43 EDT 2015,Wed Mar 11 04:23:09 EDT 2015,bilateral,negotiation,between,autonomous,agents,emptyanswer,emptyanswer,emptyanswer,emptyanswer,emptyanswer,emptyanswer,emptyanswer,emptyanswer,emptyanswer,emptyanswer,emptyanswer
3EHVO81VN4KNSB60492UXYB8320H15,3KAKFY4PGU1MLTSTNX30AMN6UR8I3X,A3CMDYA9USA3MR,Approved,Wed Mar 11 07:20:02 EDT 2015,Wed Mar 11 07:20:21 EDT 2015,analyzes,between,interested,agents,complexity,emptyanswer,emptyanswer,emptyanswer,emptyanswer,emptyanswer,emptyanswer,emptyanswer,emptyanswer,emptyanswer,emptyanswer,emptyanswer
3EHVO81VN4KNSB60492UXYB8320H15,33M4IA01QG0BUQ2QX94XVUD1OI5XRT,A2KS418T8MPLJH,Approved,Wed Mar 11 14:54:42 EDT 2015,Wed Mar 11 14:56:47 EDT 2015,Bilateral multi-issue negotiation between self-interested autonomous agents,Both deadlines and discount factors - Online Multi-Issue Negotiation,equilibrium strategies for the case  - Online Multi-Issue Negotiation,n is the negotiation deadline and ε the relative error  - Online Multi-Issue Negotiation,analyze the relative error  - Online Multi-Issue Negotiation,emptyanswer,emptyanswer,emptyanswer,emptyanswer,emptyanswer,emptyanswer,emptyanswer,emptyanswer,emptyanswer,emptyanswer,emptyanswer
3EHVO81VN4KNSB60492UXYB8320H15,3N4BPTXIO8RXQIV02KKDABSJZ8WKUX,A28IXE702NXWKQ,Approved,Wed Mar 11 15:13:56 EDT 2015,Wed Mar 11 15:15:03 EDT 2015,This paper analyzes bilateral multi-issue negotiation,self-interested autonomous agents,The agents have time constraints in the form of both deadlines and discount factors,NP-hard problem,These approximate strategies also have polynomial time complexity,emptyanswer,emptyanswer,emptyanswer,emptyanswer,emptyanswer,emptyanswer,emptyanswer,emptyanswer,emptyanswer,emptyanswer,emptyanswer
3EHVO81VN4KNSB60492UXYB8320H15,34V1S5K3GS0S7BM825VL4W0NMTK698,AU3WQKISBW5MZ,Approved,Thu Mar 12 13:34:04 EDT 2015,Thu Mar 12 13:35:10 EDT 2015,This paper analyzes bilateral multi-issue negotiation between self-interested autonomous agents.,The agents have time constraints in the form of both deadlines and discount factors.,"There are m > 1 issues for negotiation where each issue is viewed as a pie of size one. The issues are ""indivisible""","Here different agents value different issues differently. Thus, the problem is for the agents to decide how to allocate the issues between themselves","For such negotiations, we first obtain the equilibrium strategies for the case where the issues for negotiation are known a priori to the parties.",emptyanswer,emptyanswer,emptyanswer,emptyanswer,emptyanswer,emptyanswer,emptyanswer,emptyanswer,emptyanswer,emptyanswer,emptyanswer
3EHVO81VN4KNSB60492UXYB8320H15,3ZPPDN2SLVVWKQFN8NEJGKS03SAE95,AM1HY736BY3Z8,Approved,Thu Mar 12 14:21:36 EDT 2015,Thu Mar 12 14:24:18 EDT 2015,Approximate and Online Multi-Issue Negotiation,bilateral multi-issue negotiation between self-interested autonomous agents,allocate the issues between themselves so as to maximize their individual utilities,"overcome this computational complexity, we then present negotiation strategies that are approximately optimal",approximate strategies also have polynomial time complexity,emptyanswer,emptyanswer,emptyanswer,emptyanswer,emptyanswer,emptyanswer,emptyanswer,emptyanswer,emptyanswer,emptyanswer,emptyanswer
3EHVO81VN4KNSB60492UXYB8320H15,3EQHHY4HQSRB3H92BSRQ478AUC95GP,AL9R6CILUG30X,Approved,Thu Mar 12 15:43:43 EDT 2015,Thu Mar 12 15:47:02 EDT 2015,Multi-Issue Negotiation,autonomous agents,indivisible issues,time complexity,online negotiation,Polynomial time complexity,emptyanswer,emptyanswer,emptyanswer,emptyanswer,emptyanswer,emptyanswer,emptyanswer,emptyanswer,emptyanswer,emptyanswer
3EHVO81VN4KNSB60492UXYB8320H15,3X87C8JFV6A3M81RQK9ARWM4EJLQS2,A1A9GCQVBEMT58,Approved,Fri Mar 13 06:13:28 EDT 2015,Fri Mar 13 06:20:52 EDT 2015,bilateral multi-issue negotiation,self-interested autonomous agents,indivisible,equilibrium strategies,maximize their individual utilities,time complexity,NP-hard problem,optimal but computationally efficient,relative error,approximate equilibrium strategies is O(nm/ε2),optimum and the approximate is O(√m),polynomial time complexity,emptyanswer,emptyanswer,emptyanswer,emptyanswer
3EHVO81VN4KNSB60492UXYB8320H15,3ZY8KE4ISJ2JE0IVKFEF2J6BDPVVQW,A3DTN2OMF6DUSI,Approved,Fri Mar 13 23:00:48 EDT 2015,Fri Mar 13 23:01:09 EDT 2015,Approximate,Online,Negotiation,computational,complexity,emptyanswer,emptyanswer,emptyanswer,emptyanswer,emptyanswer,emptyanswer,emptyanswer,emptyanswer,emptyanswer,emptyanswer,emptyanswer
3EHVO81VN4KNSB60492UXYB8320H15,3AQF3RZ558H18LDL5RVDESMYPU3F63,A1NTEE9X8RFADS,Approved,Fri Mar 13 23:34:13 EDT 2015,Fri Mar 13 23:45:38 EDT 2015,analysis of  bilateral multi-issue negotiation between self-interested autonomous agents,time constraints of agents - deadlines and discount factors,m>1 issues viewed as a pie of size 1,individual issues cannot be split between parties,problem  for the agents - how to allocate the issues between themselves so as to maximize their individual utilities,obtain equilibrium strategies,analyse time complexity,time complexity of the approximate equilibrium strategies is O(nm/ε2),online negotiation,expected difference between the optimum and the approximate equilibrium  is O(√m),emptyanswer,emptyanswer,emptyanswer,emptyanswer,emptyanswer,emptyanswer
3EHVO81VN4KNSB60492UXYB8320H15,33IZTU6J810NV523CY42L4IXBP9XSD,A8HUG07IE2R3,Approved,Sat Mar 14 05:34:52 EDT 2015,Sat Mar 14 05:38:13 EDT 2015,analyzes bilateral multi-issue negotiation between self-interested autonomous agents,different agents value different issues differently,analyze the relative error,optimum and the approximate is O(√m),equilibrium exists for online negotiation,polynomial time complexity,emptyanswer,emptyanswer,emptyanswer,emptyanswer,emptyanswer,emptyanswer,emptyanswer,emptyanswer,emptyanswer,emptyanswer
3EHVO81VN4KNSB60492UXYB8320H15,3RXPCZQMQPACFZ8JA5PE1HVTI0L1GS,A610SH5RY1NG1,Approved,Sat Mar 14 07:38:01 EDT 2015,Sat Mar 14 07:38:18 EDT 2015,Approximate,Online,Multi-Issue,Negotiation,autonomous,emptyanswer,emptyanswer,emptyanswer,emptyanswer,emptyanswer,emptyanswer,emptyanswer,emptyanswer,emptyanswer,emptyanswer,emptyanswer
3EHVO81VN4KNSB60492UXYB8320H15,32UTUBMZ7GVWAUG61XHP7UBCRREVB8,A2Z9HR2IBD75R9,Approved,Sat Mar 14 10:04:05 EDT 2015,Sat Mar 14 10:04:22 EDT 2015,Approximate,Online,Multi-Issue Negotiation,efficient,optimum,emptyanswer,emptyanswer,emptyanswer,emptyanswer,emptyanswer,emptyanswer,emptyanswer,emptyanswer,emptyanswer,emptyanswer,emptyanswer
3EHVO81VN4KNSB60492UXYB8320H15,3II4UPYCOJ6XKJI9TUELWX04DL4QDB,A9JNBWXAFAATJ,Approved,Sat Mar 14 16:17:34 EDT 2015,Sat Mar 14 16:20:16 EDT 2015,Online negotiation,Multi-issue negotiation,Equilibrium strategies,Approximate negotiation,Self-interested agents,emptyanswer,emptyanswer,emptyanswer,emptyanswer,emptyanswer,emptyanswer,emptyanswer,emptyanswer,emptyanswer,emptyanswer,emptyanswer
3EHVO81VN4KNSB60492UXYB8320H15,3RXPCZQMQPACFZ8JA5PE1HVTI1UG1I,AWFQ7OX0UPSM5,Approved,Sat Mar 14 17:07:29 EDT 2015,Sat Mar 14 17:08:08 EDT 2015,Online Multi-Issue Negotiation,bilateral multi-issue negotiation,self-interested autonomous agents,time constraints,deadlines and discount factors,emptyanswer,emptyanswer,emptyanswer,emptyanswer,emptyanswer,emptyanswer,emptyanswer,emptyanswer,emptyanswer,emptyanswer,emptyanswer
3EHVO81VN4KNSB60492UXYB8320H15,3PS7W85Z8Z1Y99XKYI3EF6S167RT9E,AH3ER3EJXHRO2,Approved,Sat Mar 14 17:40:59 EDT 2015,Sat Mar 14 18:24:51 EDT 2015,approximate,online,multi-issue negotiation,autonomous agents,equilibrium,emptyanswer,emptyanswer,emptyanswer,emptyanswer,emptyanswer,emptyanswer,emptyanswer,emptyanswer,emptyanswer,emptyanswer,emptyanswer
3EHVO81VN4KNSB60492UXYB8320H15,3P1L2B7AD1ODXJTLRYK5Q5D97TUOLN,A1GK9ZI7T30X9Z,Approved,Sat Mar 14 19:02:48 EDT 2015,Sat Mar 14 19:05:09 EDT 2015,Multi-Issue Negotiation,bilateral multi-issue negotiation,autonomous agents,equilibrium strategies,NP-hard,online negotiation,emptyanswer,emptyanswer,emptyanswer,emptyanswer,emptyanswer,emptyanswer,emptyanswer,emptyanswer,emptyanswer,emptyanswer
3EHVO81VN4KNSB60492UXYB8320H15,3LWJHTCVCCLUI3W5K09BKX3PPYSFQJ,A17JEL4FN1B9TB,Approved,Sat Mar 14 19:37:56 EDT 2015,Sat Mar 14 19:39:17 EDT 2015,Approximate,Online,Multi,Issue,Negotiation,bilateral,self,interested,autonomous,agents,emptyanswer,emptyanswer,emptyanswer,emptyanswer,emptyanswer,emptyanswer
3EHVO81VN4KNSB60492UXYB8320H15,39L1G8WVWQQBLNWVFQIUIN6KEXX135,A1G94QON7A9K0N,Approved,Sat Mar 14 20:02:21 EDT 2015,Sat Mar 14 20:02:55 EDT 2015,negotiation,autonomous,equilibrium,optimum,strategy,emptyanswer,emptyanswer,emptyanswer,emptyanswer,emptyanswer,emptyanswer,emptyanswer,emptyanswer,emptyanswer,emptyanswer,emptyanswer
3EHVO81VN4KNSB60492UXYB8320H15,3JBT3HLQF81FN8MQLZOTNKTXW81ZP3,A1BV5YY1UQCMZY,Approved,Sat Mar 14 20:05:41 EDT 2015,Sat Mar 14 20:06:23 EDT 2015,approximate,online multi-issue negotiation,equilibrium strategieis,indivisible,autonomous agents,emptyanswer,emptyanswer,emptyanswer,emptyanswer,emptyanswer,emptyanswer,emptyanswer,emptyanswer,emptyanswer,emptyanswer,emptyanswer
3EHVO81VN4KNSB60492UXYB8320H15,3PW9OPU9PQJM050CBQ4PZD1S8J121Z,ACVJ6IUO9QM4R,Approved,Sat Mar 14 20:36:11 EDT 2015,Sat Mar 14 20:36:49 EDT 2015,multi-issue negotiation,self-interested autonomous agents,discount factors and deadlines,approximate equilibrium exists,online negotiation,emptyanswer,emptyanswer,emptyanswer,emptyanswer,emptyanswer,emptyanswer,emptyanswer,emptyanswer,emptyanswer,emptyanswer,emptyanswer
3EHVO81VN4KNSB60492UXYB8320H15,3OVHNO1VE606YBJ0GQXYNQC8IP2DZ7,A29ZV4XJB7R1O,Approved,Sat Mar 14 20:35:43 EDT 2015,Sat Mar 14 20:46:13 EDT 2015,Approximate,Online,Multi-Issue,Negotiation,indivisible,emptyanswer,emptyanswer,emptyanswer,emptyanswer,emptyanswer,emptyanswer,emptyanswer,emptyanswer,emptyanswer,emptyanswer,emptyanswer
3EHVO81VN4KNSB60492UXYB8320H15,35K3O9HUABC5L060B9EBQGEB6WFEFJ,A9VLWY4KW6OCB,Approved,Sat Mar 14 21:15:23 EDT 2015,Sat Mar 14 21:23:27 EDT 2015,Approximate,Online,Multi-Issue,Negotiation,indivisible,emptyanswer,emptyanswer,emptyanswer,emptyanswer,emptyanswer,emptyanswer,emptyanswer,emptyanswer,emptyanswer,emptyanswer,emptyanswer
3EHVO81VN4KNSB60492UXYB8320H15,3DHE4R9OCWAJ4KQFT9PS605YA8RG2K,ATOMPVWZKAE0E,Approved,Sat Mar 14 21:49:40 EDT 2015,Sat Mar 14 21:52:29 EDT 2015,bilateral multi-issue negotiation,self-interested autonomous agent,indivisible issues,equilibrium strategy,computational complexity efficient,online negotiation,polynomial time complexity,emptyanswer,emptyanswer,emptyanswer,emptyanswer,emptyanswer,emptyanswer,emptyanswer,emptyanswer,emptyanswer
3EHVO81VN4KNSB60492UXYB8320H15,3GU1KF0O4I0J5AJAFL8Q12MU55RBPL,A2I4DDHMIT7HX,Approved,Sat Mar 14 22:17:42 EDT 2015,Sat Mar 14 22:19:26 EDT 2015,bilateral multi-issue negotiation,self-interested autonomous agents,time constraints,indivisible issues,issue allocation,equilibrium strategies,relative error,approximate equilibrium,emptyanswer,emptyanswer,emptyanswer,emptyanswer,emptyanswer,emptyanswer,emptyanswer,emptyanswer
