HitId,AssignmentId,WorkerId,Status,AcceptTime,SubmitTime,Answer 1,Answer 2,Answer 3,Answer 4,Answer 5,Answer 6,Answer 7,Answer 8,Answer 9,Answer 10,Answer 11,Answer 12,Answer 13,Answer 14,Answer 15,Answer 16
3FCO4VKOZ3CPJNU03OBXD558E88E7J,3X87C8JFV6A3M81RQK9ARWM4DVQQSU,A22R7DT2XQIKXV,Approved,Mon Mar 02 15:09:30 EST 2015,Mon Mar 02 15:09:35 EST 2015,aa,aa,aa,aa,aa,emptyanswer,emptyanswer,emptyanswer,emptyanswer,emptyanswer,emptyanswer,emptyanswer,emptyanswer,emptyanswer,emptyanswer,emptyanswer
3FCO4VKOZ3CPJNU03OBXD558E88E7J,39ZSFO5CA8V2FYPIKZK19WS6KXPJUI,A3ODG942FG22PJ,Approved,Mon Mar 02 17:27:53 EST 2015,Mon Mar 02 17:28:14 EST 2015,Learning,Consumer,Preferences,dynamic,Semantic,na,na,na,na,na,na,na,na,na,na,na
3FCO4VKOZ3CPJNU03OBXD558E88E7J,3IUZPWIU1O6AIMK5XKZESZDGK2AWK3,A19PATBI3SQNU0,Approved,Mon Mar 02 19:55:38 EST 2015,Mon Mar 02 19:58:46 EST 2015,consumer preferences,semantic similarity,services requested by consumers,Version Space,negotiation,emptyanswer,emptyanswer,emptyanswer,emptyanswer,emptyanswer,emptyanswer,emptyanswer,emptyanswer,emptyanswer,emptyanswer,emptyanswer
3FCO4VKOZ3CPJNU03OBXD558E88E7J,3JRJSWSMQHKA5OQ7RED9P7PE2CN3EN,A26M2B8NZVKWTZ,Approved,Mon Mar 02 21:07:56 EST 2015,Mon Mar 02 21:09:13 EST 2015,Multiagent,services,architecture,performance,similarity,emptyanswer,emptyanswer,emptyanswer,emptyanswer,emptyanswer,emptyanswer,emptyanswer,emptyanswer,emptyanswer,emptyanswer,emptyanswer
3FCO4VKOZ3CPJNU03OBXD558E88E7J,3JAOYWH7VI3AQWPFP91NTFIKB1XL98,A1XRIEYLA7ZJ3B,Approved,Mon Mar 02 21:04:07 EST 2015,Mon Mar 02 21:14:54 EST 2015,Consumer Preferences,Semantic Similarity,dynamic environments,negotiate service needs and offers,multiagent negotiation approaches,better targeted offers,extension to Version Space,emptyanswer,emptyanswer,emptyanswer,emptyanswer,emptyanswer,emptyanswer,emptyanswer,emptyanswer,emptyanswer
3FCO4VKOZ3CPJNU03OBXD558E88E7J,354P56DE9K2TGQWCUL04R55985KS7K,A2R085B34P2LYS,Approved,Mon Mar 02 22:14:49 EST 2015,Mon Mar 02 22:38:00 EST 2015,Learning,Consumer,Preferences,Semantic,Similarity,optional,optional,optional,optional,optional,optional,optional,optional,optional,optional,optional
3FCO4VKOZ3CPJNU03OBXD558E88E7J,3YMTUJH0DSFXC3R8HN7NYYHLJNRT4B,A27I79P03I0ZPO,Approved,Tue Mar 03 06:50:06 EST 2015,Tue Mar 03 06:51:23 EST 2015,Consumer,Learning,Preferences,Semantic,Similarity,emptyanswer,emptyanswer,emptyanswer,emptyanswer,emptyanswer,emptyanswer,emptyanswer,emptyanswer,emptyanswer,emptyanswer,emptyanswer
3FCO4VKOZ3CPJNU03OBXD558E88E7J,3TVSS0C0E1Z9L5ASRTD6TQ0C3GVTW2,A1B5NXRZQYRC4R,Approved,Tue Mar 03 08:52:08 EST 2015,Tue Mar 03 08:52:29 EST 2015,learning,consumer,prefrences,semantic,similarity,emptyanswer,emptyanswer,emptyanswer,emptyanswer,emptyanswer,emptyanswer,emptyanswer,emptyanswer,emptyanswer,emptyanswer,emptyanswer
3FCO4VKOZ3CPJNU03OBXD558E88E7J,3L2IS5HSFAHYYOG3ZXCT239NTIHUNM,A1PXJWCNRYCBS5,Approved,Tue Mar 03 15:35:05 EST 2015,Tue Mar 03 15:36:23 EST 2015,Learning consumer preferences,semantic similarity,dynamic environments,version space and compare it with existing learning techniques,consensus on service price,emptyanswer,emptyanswer,emptyanswer,emptyanswer,emptyanswer,emptyanswer,emptyanswer,emptyanswer,emptyanswer,emptyanswer,emptyanswer
3FCO4VKOZ3CPJNU03OBXD558E88E7J,3Z4AIRP3C6CN1L39ZFPIP3VOK02X1K,A3FG9YWTFFK1AU,Approved,Tue Mar 03 19:12:06 EST 2015,Tue Mar 03 19:15:28 EST 2015,Learning Consumer Preferences,Semantic Similarity,online dynamic environments,Version Space,content of service,emptyanswer,emptyanswer,emptyanswer,emptyanswer,emptyanswer,emptyanswer,emptyanswer,emptyanswer,emptyanswer,emptyanswer,emptyanswer
3FCO4VKOZ3CPJNU03OBXD558E88E7J,3S96KQ6I9M3ACZA1AY8G12BRW1YDTO,A2YW509B0UMSEH,Approved,Tue Mar 03 23:01:35 EST 2015,Tue Mar 03 23:03:14 EST 2015,online,Consumer,providers,service,learning technique,emptyanswer,emptyanswer,emptyanswer,emptyanswer,emptyanswer,emptyanswer,emptyanswer,emptyanswer,emptyanswer,emptyanswer,emptyanswer
3FCO4VKOZ3CPJNU03OBXD558E88E7J,3DH6GAKTYYO9WMERCMKC0BM9ZMRZY1,A3FFZN4FO3Q789,Approved,Wed Mar 04 10:48:59 EST 2015,Wed Mar 04 10:55:27 EST 2015,preliminary,preliminary,preliminary,preliminary,preliminary,emptyanswer,emptyanswer,emptyanswer,emptyanswer,emptyanswer,emptyanswer,emptyanswer,emptyanswer,emptyanswer,emptyanswer,emptyanswer
3FCO4VKOZ3CPJNU03OBXD558E88E7J,3IAEQB9FMEJ24GEV53DROMIQ0WPDWP,A3H35QRODK1C4K,Approved,Wed Mar 04 12:27:15 EST 2015,Wed Mar 04 12:27:31 EST 2015,learning,consumer,preferences,semantic,similarity,emptyanswer,emptyanswer,emptyanswer,emptyanswer,emptyanswer,emptyanswer,emptyanswer,emptyanswer,emptyanswer,emptyanswer,emptyanswer
3FCO4VKOZ3CPJNU03OBXD558E88E7J,3LS2AMNW5FPOOG9YJ3S17RC3GAOOQ4,A2F6ZON8X5EAGL,Approved,Wed Mar 04 15:13:59 EST 2015,Wed Mar 04 15:14:43 EST 2015,Learning Consumer Preferences Using Semantic Similarity,dynamic,consumers,service price,measuring,emptyanswer,emptyanswer,emptyanswer,emptyanswer,emptyanswer,emptyanswer,emptyanswer,emptyanswer,emptyanswer,emptyanswer,emptyanswer
3FCO4VKOZ3CPJNU03OBXD558E88E7J,3QJOXOW4XJQBRAYHXWIOL6YK271EMJ,A3OTLWGJFB65KD,Approved,Wed Mar 04 19:25:43 EST 2015,Wed Mar 04 19:25:49 EST 2015,nothing,nothing,nothing,nothing,nothing,emptyanswer,emptyanswer,emptyanswer,emptyanswer,emptyanswer,emptyanswer,emptyanswer,emptyanswer,emptyanswer,emptyanswer,emptyanswer
3FCO4VKOZ3CPJNU03OBXD558E88E7J,3DI28L7YXADEVLCS4AZQ1EAH4WJ1EB,A9LA6QK6VCERR,Approved,Wed Mar 04 22:03:28 EST 2015,Wed Mar 04 22:05:06 EST 2015,Semantic Similarity,similarity metrics,Multiagent negotiation,Learning Consumer Preferences,negotiation approach,emptyanswer,emptyanswer,emptyanswer,emptyanswer,emptyanswer,emptyanswer,emptyanswer,emptyanswer,emptyanswer,emptyanswer,emptyanswer
3FCO4VKOZ3CPJNU03OBXD558E88E7J,3N2BF7Y2VQTNBKPJNXQU69VXUN7MHL,A3S81UFDOWF2ST,Approved,Wed Mar 04 22:25:22 EST 2015,Wed Mar 04 22:25:52 EST 2015,Learning Consumer Preferences,Semantic Similarity,dynamic environments,online,service consumers,emptyanswer,emptyanswer,emptyanswer,emptyanswer,emptyanswer,emptyanswer,emptyanswer,emptyanswer,emptyanswer,emptyanswer,emptyanswer
3FCO4VKOZ3CPJNU03OBXD558E88E7J,3H7Z272LX76VIJ5M6YXKF5IZGAXLPV,A3LUJSAN4DQ1ZT,Approved,Wed Mar 04 23:04:37 EST 2015,Wed Mar 04 23:05:18 EST 2015,consumer,semantic,similarity,preferences,Version Space,repetitive,similarity metrics,emptyanswer,emptyanswer,emptyanswer,emptyanswer,emptyanswer,emptyanswer,emptyanswer,emptyanswer,emptyanswer
3FCO4VKOZ3CPJNU03OBXD558E88E7J,37FMASSAYCQROOW62QI6S5LII22BI0,A3HPVFAF1U9WXK,Approved,Thu Mar 05 01:12:12 EST 2015,Thu Mar 05 01:12:49 EST 2015,Consumer Preferences,Semantic Similarity,services,consumers,providers,negotiation,emptyanswer,emptyanswer,emptyanswer,emptyanswer,emptyanswer,emptyanswer,emptyanswer,emptyanswer,emptyanswer,emptyanswer
3FCO4VKOZ3CPJNU03OBXD558E88E7J,3F6KKYWMNB0CHM5HD2M4S35Z7MAND1,A1YLO4LT02D2F0,Approved,Thu Mar 05 01:54:37 EST 2015,Thu Mar 05 01:55:37 EST 2015,"dynamic environments, the services requested by consumers may not be readily served by the providers",the service consumers and providers to negotiate,this work develops an approach,"repetitive interactions, the provider learns consumers' needs",further develop a metric for measuring semantic similarity,emptyanswer,emptyanswer,emptyanswer,emptyanswer,emptyanswer,emptyanswer,emptyanswer,emptyanswer,emptyanswer,emptyanswer,emptyanswer
3FCO4VKOZ3CPJNU03OBXD558E88E7J,35USIKEBNRFDWDQ23FEQMXV7Q1KN68,A3I10J1GPDAPQR,Approved,Thu Mar 05 09:56:39 EST 2015,Thu Mar 05 09:58:07 EST 2015,Consumer Preferences,Semantic Similarity,similarity metrics,extension to Version Space,targeted offers,emptyanswer,emptyanswer,emptyanswer,emptyanswer,emptyanswer,emptyanswer,emptyanswer,emptyanswer,emptyanswer,emptyanswer,emptyanswer
3FCO4VKOZ3CPJNU03OBXD558E88E7J,3NJM2BJS4W52FFBGTL4LCMSCM20PC2,A1QUDNLO95AKS5,Approved,Thu Mar 05 11:31:56 EST 2015,Thu Mar 05 11:37:23 EST 2015,Learning Consumer Preferences,Semantic Similarity,dynamic environments,Version Space,metrics,emptyanswer,emptyanswer,emptyanswer,emptyanswer,emptyanswer,emptyanswer,emptyanswer,emptyanswer,emptyanswer,emptyanswer,emptyanswer
3FCO4VKOZ3CPJNU03OBXD558E88E7J,3XLBSAQ9Z4BQH2IQPDUCNY2CVQO7ZK,A3DHYTZ1GPN0T8,Approved,Thu Mar 05 12:48:44 EST 2015,Thu Mar 05 12:49:21 EST 2015,dynamic,consumers,Multiagent,negotiation,preferences,emptyanswer,emptyanswer,emptyanswer,emptyanswer,emptyanswer,emptyanswer,emptyanswer,emptyanswer,emptyanswer,emptyanswer,emptyanswer
3FCO4VKOZ3CPJNU03OBXD558E88E7J,3KIBXJ1WD5T2DDB36Y84B50UH70KOI,A5UZTMO507YXX,Approved,Thu Mar 05 15:44:36 EST 2015,Thu Mar 05 15:45:19 EST 2015,Consumer preferences,semantic similarity,dynamic online environments,service providers,multiagent negotiation,Version Space,emptyanswer,emptyanswer,emptyanswer,emptyanswer,emptyanswer,emptyanswer,emptyanswer,emptyanswer,emptyanswer,emptyanswer
3FCO4VKOZ3CPJNU03OBXD558E88E7J,3YJ6NA41JBFPNTHM3DL7ZQ57CNZPJ8,A1W7BQWWGKJ3XF,Approved,Thu Mar 05 16:10:43 EST 2015,Thu Mar 05 16:11:17 EST 2015,Learning,Consumer Preferences,Semantic Similarity,dynamic environments,learning techniques,emptyanswer,emptyanswer,emptyanswer,emptyanswer,emptyanswer,emptyanswer,emptyanswer,emptyanswer,emptyanswer,emptyanswer,emptyanswer
3FCO4VKOZ3CPJNU03OBXD558E88E7J,3G0WWMR1UVJ66V9MIOSOS2CYQ3RNQ2,ADUJUZANFOWKW,Approved,Thu Mar 05 16:26:30 EST 2015,Thu Mar 05 16:27:07 EST 2015,semantic,comsumer,dynamics,service,perferences,emptyanswer,emptyanswer,emptyanswer,emptyanswer,emptyanswer,emptyanswer,emptyanswer,emptyanswer,emptyanswer,emptyanswer,emptyanswer
3FCO4VKOZ3CPJNU03OBXD558E88E7J,3X3OR7WPZZZACR65KHV9TJN9R6DL83,A28IXE702NXWKQ,Approved,Fri Mar 06 08:57:00 EST 2015,Fri Mar 06 08:57:28 EST 2015,online,dynamic environments,negotiation,architecture,similarity metrics,emptyanswer,emptyanswer,emptyanswer,emptyanswer,emptyanswer,emptyanswer,emptyanswer,emptyanswer,emptyanswer,emptyanswer,emptyanswer
3FCO4VKOZ3CPJNU03OBXD558E88E7J,3F6HPJW4JDZF16GF8ETAS3RM3D32WO,AQXSUU4I4DAH8,Approved,Fri Mar 06 10:45:50 EST 2015,Fri Mar 06 10:46:32 EST 2015,Learning Consumer Preferences,ontology to negotiate a service,Semantic Similarity,Multiagent negotiation,Version Space,emptyanswer,emptyanswer,emptyanswer,emptyanswer,emptyanswer,emptyanswer,emptyanswer,emptyanswer,emptyanswer,emptyanswer,emptyanswer
3FCO4VKOZ3CPJNU03OBXD558E88E7J,3IX2EGZR7BIAZ6X1G5PW4L5MDBEJRX,A1VOWQJOBWOVKG,Approved,Fri Mar 06 19:29:28 EST 2015,Fri Mar 06 19:30:11 EST 2015,Learning Consumer Preferences,Semantic Similarity,negotiation approach,dynamic environments,preferences incrementally,emptyanswer,emptyanswer,emptyanswer,emptyanswer,emptyanswer,emptyanswer,emptyanswer,emptyanswer,emptyanswer,emptyanswer,emptyanswer
3FCO4VKOZ3CPJNU03OBXD558E88E7J,3Z7VU45IPYGC6G3O0XD3MOBZSCB1ZK,APEB5ERGCYP6D,Approved,Sat Mar 07 07:14:54 EST 2015,Sat Mar 07 07:20:58 EST 2015,to negotiate their service needs,Multiagent negotiation approaches,the parties can understand the semantics,develop an extension to Version Space,compare it with existing learning,emptyanswer,emptyanswer,emptyanswer,emptyanswer,emptyanswer,emptyanswer,emptyanswer,emptyanswer,emptyanswer,emptyanswer,emptyanswer
3FCO4VKOZ3CPJNU03OBXD558E88E7J,3YDGXNSEOZTEEJZKEPWS72LY5NI48Z,AF5NW2R9ST1KX,Approved,Sat Mar 07 08:26:15 EST 2015,Sat Mar 07 08:27:42 EST 2015,Semantic similarity,multiagent negotiation,ontology,version space,metrics,emptyanswer,emptyanswer,emptyanswer,emptyanswer,emptyanswer,emptyanswer,emptyanswer,emptyanswer,emptyanswer,emptyanswer,emptyanswer
3FCO4VKOZ3CPJNU03OBXD558E88E7J,3N4BPTXIO8RXQIV02KKDABSJZ0BKUW,A37WDQ1VG5XN6Z,Approved,Sat Mar 07 13:33:53 EST 2015,Sat Mar 07 13:34:02 EST 2015,nothing,nothing,nothing,nothing,nothing,emptyanswer,emptyanswer,emptyanswer,emptyanswer,emptyanswer,emptyanswer,emptyanswer,emptyanswer,emptyanswer,emptyanswer,emptyanswer
3FCO4VKOZ3CPJNU03OBXD558E88E7J,3Y5140Z9DXFTSIXGLV07NPQ7ZGVPIX,A38IE69ORDCEGY,Approved,Sat Mar 07 23:53:18 EST 2015,Sat Mar 07 23:55:06 EST 2015,consumer preferences,semantic similarity,dynamic environments,multiagent negotiation,shared ontology,emptyanswer,emptyanswer,emptyanswer,emptyanswer,emptyanswer,emptyanswer,emptyanswer,emptyanswer,emptyanswer,emptyanswer,emptyanswer
3FCO4VKOZ3CPJNU03OBXD558E88E7J,32UTUBMZ7GVWAUG61XHP7UBCQFQVBV,A1JWEYGDFDB100,Approved,Sun Mar 08 08:05:19 EDT 2015,Sun Mar 08 08:07:04 EDT 2015,Consumer Preferences,Semantic Similarity,Multiagent negotiation,negotiate the content of a service,metric for measuring,emptyanswer,emptyanswer,emptyanswer,emptyanswer,emptyanswer,emptyanswer,emptyanswer,emptyanswer,emptyanswer,emptyanswer,emptyanswer
3FCO4VKOZ3CPJNU03OBXD558E88E7J,388U7OUMF703X0WFUXFQMGQQE5NR0J,A3G4SXD4N30C3L,Approved,Sun Mar 08 12:59:01 EDT 2015,Sun Mar 08 12:59:36 EDT 2015,Learning Consumer Preferences,Semantic Similarity,dynamic environments,Multiagent negotiation approaches,repetitive interactions,emptyanswer,emptyanswer,emptyanswer,emptyanswer,emptyanswer,emptyanswer,emptyanswer,emptyanswer,emptyanswer,emptyanswer,emptyanswer
3FCO4VKOZ3CPJNU03OBXD558E88E7J,3VZLGYJEYL9KWHOH7QYAHXF0XTVXZH,A2GBY8O6GYSB89,Approved,Sun Mar 08 14:24:08 EDT 2015,Sun Mar 08 14:25:39 EDT 2015,Consumer Preferences,Semantic Similarity,Multiagent negotiation approaches,an architecture in which both consumers and producers use a shared ontology to negotiate a service,repetitive interactions,emptyanswer,emptyanswer,emptyanswer,emptyanswer,emptyanswer,emptyanswer,emptyanswer,emptyanswer,emptyanswer,emptyanswer,emptyanswer
3FCO4VKOZ3CPJNU03OBXD558E88E7J,3OS4RQUCR9E7EXUG1ICLP88Q2LGBF1,A16MCPIUMNIDW,Approved,Sun Mar 08 15:48:43 EDT 2015,Sun Mar 08 15:50:00 EDT 2015,consumers,consumer preferences,service consumers,service providers,negotiation,multiagent negotiation,Version Space,preferences,emptyanswer,emptyanswer,emptyanswer,emptyanswer,emptyanswer,emptyanswer,emptyanswer,emptyanswer
3FCO4VKOZ3CPJNU03OBXD558E88E7J,3VELCLL3GKI61ZCOZLJWJWVHG9R1FA,A156NFBMKKLDL9,Approved,Sun Mar 08 17:17:56 EDT 2015,Sun Mar 08 17:18:25 EDT 2015,Learning Consumer Preferences,Semantic Similarity,dynamic environments,service consumers,negotiate their service,emptyanswer,emptyanswer,emptyanswer,emptyanswer,emptyanswer,emptyanswer,emptyanswer,emptyanswer,emptyanswer,emptyanswer,emptyanswer
3FCO4VKOZ3CPJNU03OBXD558E88E7J,308XBLVESI34HNZPSDCF6XM95A1RBO,A2SZAM3EZER2PH,Approved,Mon Mar 09 06:03:40 EDT 2015,Mon Mar 09 06:04:18 EDT 2015,dynamic environments,service consumers,negotiate the content,learning of preferences,measuring semantic similarity,emptyanswer,emptyanswer,emptyanswer,emptyanswer,emptyanswer,emptyanswer,emptyanswer,emptyanswer,emptyanswer,emptyanswer,emptyanswer
3FCO4VKOZ3CPJNU03OBXD558E88E7J,3NOKK93PR17DFM64GYU58YTBTJREE3,A2E2IQ99W6B7AV,Approved,Mon Mar 09 06:29:35 EDT 2015,Mon Mar 09 06:31:27 EDT 2015,Consumer preferences,Service requesting,Negotiation,Data gathering systems,Buisness relations,emptyanswer,emptyanswer,emptyanswer,emptyanswer,emptyanswer,emptyanswer,emptyanswer,emptyanswer,emptyanswer,emptyanswer,emptyanswer
3FCO4VKOZ3CPJNU03OBXD558E88E7J,3X73LLYYQ1DTT2AJZY5UJOKXZR8NH5,ACYGMRGAZ22U7,Approved,Mon Mar 09 18:00:54 EDT 2015,Mon Mar 09 18:01:00 EDT 2015,Keyword/Keyphrase 1:,Keyword/Keyphrase 1:,Keyword/Keyphrase 1:,Keyword/Keyphrase 1:,Keyword/Keyphrase 1:,emptyanswer,emptyanswer,emptyanswer,emptyanswer,emptyanswer,emptyanswer,emptyanswer,emptyanswer,emptyanswer,emptyanswer,emptyanswer
3FCO4VKOZ3CPJNU03OBXD558E88E7J,3ZSY5X72NXAO0HOYWIH1CHM8CC7ORI,AW36CVMS3526O,Approved,Tue Mar 10 13:35:57 EDT 2015,Tue Mar 10 13:37:07 EDT 2015,Semantic,consumers,consensus,techniques,metrics,emptyanswer,emptyanswer,emptyanswer,emptyanswer,emptyanswer,emptyanswer,emptyanswer,emptyanswer,emptyanswer,emptyanswer,emptyanswer
3FCO4VKOZ3CPJNU03OBXD558E88E7J,3FPRZHYEPY6R7ZCTM42JPBD02SM3VV,A3UY2GVCKC8LSL,Approved,Wed Mar 11 00:03:28 EDT 2015,Wed Mar 11 00:04:05 EDT 2015,dynamic environments,Version Space,similarity metrics,Semantic Similarity,Learning Consumer Preferences,emptyanswer,emptyanswer,emptyanswer,emptyanswer,emptyanswer,emptyanswer,emptyanswer,emptyanswer,emptyanswer,emptyanswer,emptyanswer
3FCO4VKOZ3CPJNU03OBXD558E88E7J,3VW6495TLJZ9RW4MG0ITM4D7TASYYE,A3K6BSW10S4YKJ,Approved,Wed Mar 11 03:19:10 EDT 2015,Wed Mar 11 03:21:08 EDT 2015,requires the service consumers and providers to negotiate their service needs and offers.,Multiagent negotiation,finding a consensus on service price,parties can negotiate the content of a service,Version Space,emptyanswer,emptyanswer,emptyanswer,emptyanswer,emptyanswer,emptyanswer,emptyanswer,emptyanswer,emptyanswer,emptyanswer,emptyanswer
3FCO4VKOZ3CPJNU03OBXD558E88E7J,3SNLUL3WO4M8AODINKWEPB5YO7GLUE,ATRHDYWCIYTDJ,Approved,Wed Mar 11 04:29:42 EDT 2015,Wed Mar 11 04:29:54 EDT 2015,requested,consumers,providers,requires,consumers,emptyanswer,emptyanswer,emptyanswer,emptyanswer,emptyanswer,emptyanswer,emptyanswer,emptyanswer,emptyanswer,emptyanswer,emptyanswer
3FCO4VKOZ3CPJNU03OBXD558E88E7J,3QBD8R3Z21IHZBM0L6LO4OBYK02O4I,AL9R6CILUG30X,Approved,Wed Mar 11 07:19:32 EDT 2015,Wed Mar 11 07:22:09 EDT 2015,Consumer Preferences,Multiagent negotiation approach,semantics of the requests,Version Space,Similarity metrics,Service content,emptyanswer,emptyanswer,emptyanswer,emptyanswer,emptyanswer,emptyanswer,emptyanswer,emptyanswer,emptyanswer,emptyanswer
3FCO4VKOZ3CPJNU03OBXD558E88E7J,3RXCAC0YIROUQZS49QYTGRI1V09G8W,A3CMDYA9USA3MR,Approved,Wed Mar 11 07:27:09 EDT 2015,Wed Mar 11 07:27:24 EDT 2015,services,consumers,readily,approach,different,emptyanswer,emptyanswer,emptyanswer,emptyanswer,emptyanswer,emptyanswer,emptyanswer,emptyanswer,emptyanswer,emptyanswer,emptyanswer
3FCO4VKOZ3CPJNU03OBXD558E88E7J,369J354OFD97ML9GGB1VWDMAP5XG6O,A2KS418T8MPLJH,Approved,Wed Mar 11 15:16:54 EDT 2015,Wed Mar 11 15:18:25 EDT 2015,services requested by consumers Using Semantic Similarity,service consumers and providers to negotiate their service needs,negotiation approach in which the parties can understand the semantics,we propose an architecture in which both consumers and producers,Version Space and compare it with existing learning,emptyanswer,emptyanswer,emptyanswer,emptyanswer,emptyanswer,emptyanswer,emptyanswer,emptyanswer,emptyanswer,emptyanswer,emptyanswer
3FCO4VKOZ3CPJNU03OBXD558E88E7J,3018Q3ZVOIPZYDUXMZCJBM23NXBRAY,A2SDTL2V8VJ25O,Approved,Wed Mar 11 20:44:51 EDT 2015,Wed Mar 11 20:45:37 EDT 2015,Consumer,Preferences,Semantic,Similarity,extension,emptyanswer,emptyanswer,emptyanswer,emptyanswer,emptyanswer,emptyanswer,emptyanswer,emptyanswer,emptyanswer,emptyanswer,emptyanswer
3FCO4VKOZ3CPJNU03OBXD558E88E7J,3KKG4CDWKIXESOIUJH267YG9P1D49H,ANB69EQROUTQJ,Approved,Wed Mar 11 22:03:23 EDT 2015,Wed Mar 11 22:05:18 EDT 2015,consumer preferences,semantic similarity,negotiate service,shared ontology,learning of preferences,version space,emptyanswer,emptyanswer,emptyanswer,emptyanswer,emptyanswer,emptyanswer,emptyanswer,emptyanswer,emptyanswer,emptyanswer
3FCO4VKOZ3CPJNU03OBXD558E88E7J,3PM8NZGV8YFBIPNQKUFXQ43WTXOXQG,AM1HY736BY3Z8,Approved,Thu Mar 12 14:19:02 EDT 2015,Thu Mar 12 14:20:43 EDT 2015,Learning Consumer Preferences Using Semantic Similarity,"dynamic environments, the services requested by consumers may not be readily served by the providers",negotiation approach in which the parties can understand the semantics of their requests,"Through repetitive interactions, the provider learns consumers' needs accurately and can make better targeted offers",semantic similarity between services and compare the performance of our approach using different similarity metrics,emptyanswer,emptyanswer,emptyanswer,emptyanswer,emptyanswer,emptyanswer,emptyanswer,emptyanswer,emptyanswer,emptyanswer,emptyanswer
3FCO4VKOZ3CPJNU03OBXD558E88E7J,33IZTU6J810NV523CY42L4IXBMAXS8,AU3WQKISBW5MZ,Approved,Thu Mar 12 14:41:05 EDT 2015,Thu Mar 12 14:41:13 EDT 2015,"In online, dynamic environments, the services requested by consumers may not be readily served by the providers. This requires the service consumers and providers to negotiate their service needs and offers. Multiagent negotiation approaches typically assume that the parties agree on service content and focus on finding a consensus on service price. In contrast, this work develops an approach through which the parties can negotiate the content of a service. This calls for a negotiation approach in which the parties can understand the semantics of their requests and offers and learn each other's preferences incrementally over time. Accordingly, we propose an architecture in which both consumers and producers use a shared ontology to negotiate a service. Through repetitive interactions, the provider learns consumers' needs accurately and can make better targeted offers. To enable fast and accurate learning of preferences, we develop an extension to Version Space and compare it with existing learning techniques. We further develop a metric for measuring semantic similarity between services and compare the performance of our approach using different similarity metrics.","In online, dynamic environments, the services requested by consumers may not be readily served by the providers. This requires the service consumers and providers to negotiate their service needs and offers. Multiagent negotiation approaches typically assume that the parties agree on service content and focus on finding a consensus on service price. In contrast, this work develops an approach through which the parties can negotiate the content of a service. This calls for a negotiation approach in which the parties can understand the semantics of their requests and offers and learn each other's preferences incrementally over time. Accordingly, we propose an architecture in which both consumers and producers use a shared ontology to negotiate a service. Through repetitive interactions, the provider learns consumers' needs accurately and can make better targeted offers. To enable fast and accurate learning of preferences, we develop an extension to Version Space and compare it with existing learning techniques. We further develop a metric for measuring semantic similarity between services and compare the performance of our approach using different similarity metrics.","In online, dynamic environments, the services requested by consumers may not be readily served by the providers. This requires the service consumers and providers to negotiate their service needs and offers. Multiagent negotiation approaches typically assume that the parties agree on service content and focus on finding a consensus on service price. In contrast, this work develops an approach through which the parties can negotiate the content of a service. This calls for a negotiation approach in which the parties can understand the semantics of their requests and offers and learn each other's preferences incrementally over time. Accordingly, we propose an architecture in which both consumers and producers use a shared ontology to negotiate a service. Through repetitive interactions, the provider learns consumers' needs accurately and can make better targeted offers. To enable fast and accurate learning of preferences, we develop an extension to Version Space and compare it with existing learning techniques. We further develop a metric for measuring semantic similarity between services and compare the performance of our approach using different similarity metrics.","In online, dynamic environments, the services requested by consumers may not be readily served by the providers. This requires the service consumers and providers to negotiate their service needs and offers. Multiagent negotiation approaches typically assume that the parties agree on service content and focus on finding a consensus on service price. In contrast, this work develops an approach through which the parties can negotiate the content of a service. This calls for a negotiation approach in which the parties can understand the semantics of their requests and offers and learn each other's preferences incrementally over time. Accordingly, we propose an architecture in which both consumers and producers use a shared ontology to negotiate a service. Through repetitive interactions, the provider learns consumers' needs accurately and can make better targeted offers. To enable fast and accurate learning of preferences, we develop an extension to Version Space and compare it with existing learning techniques. We further develop a metric for measuring semantic similarity between services and compare the performance of our approach using different similarity metrics.","In online, dynamic environments, the services requested by consumers may not be readily served by the providers. This requires the service consumers and providers to negotiate their service needs and offers. Multiagent negotiation approaches typically assume that the parties agree on service content and focus on finding a consensus on service price. In contrast, this work develops an approach through which the parties can negotiate the content of a service. This calls for a negotiation approach in which the parties can understand the semantics of their requests and offers and learn each other's preferences incrementally over time. Accordingly, we propose an architecture in which both consumers and producers use a shared ontology to negotiate a service. Through repetitive interactions, the provider learns consumers' needs accurately and can make better targeted offers. To enable fast and accurate learning of preferences, we develop an extension to Version Space and compare it with existing learning techniques. We further develop a metric for measuring semantic similarity between services and compare the performance of our approach using different similarity metrics.",emptyanswer,emptyanswer,emptyanswer,emptyanswer,emptyanswer,emptyanswer,emptyanswer,emptyanswer,emptyanswer,emptyanswer,emptyanswer
3FCO4VKOZ3CPJNU03OBXD558E88E7J,3AZHRG4CU4JBEYBDJ7EU4INA9ZX03V,ADVZAZ12Z8N9J,Approved,Thu Mar 12 17:27:39 EDT 2015,Thu Mar 12 17:30:53 EDT 2015,"In online, dynamic environments, the services requested by consumers may not be readily served by the providers.",N/A,N/A,N/A,N/A,emptyanswer,emptyanswer,emptyanswer,emptyanswer,emptyanswer,emptyanswer,emptyanswer,emptyanswer,emptyanswer,emptyanswer,emptyanswer
3FCO4VKOZ3CPJNU03OBXD558E88E7J,3W2LOLRXLBE5AQ3JYQP8505ZTBJRKW,A3MRB8TFD1IUS6,Approved,Thu Mar 12 17:55:56 EDT 2015,Thu Mar 12 17:57:27 EDT 2015,Learning Consumer Preferences,Semantic Similarity,dynamic environments,Multiagent negotiation,shared ontology,Version Space,emptyanswer,emptyanswer,emptyanswer,emptyanswer,emptyanswer,emptyanswer,emptyanswer,emptyanswer,emptyanswer,emptyanswer
3FCO4VKOZ3CPJNU03OBXD558E88E7J,3XM0HYN6NKYHCDVUPCAG2ASF8XVEP5,A1A9GCQVBEMT58,Approved,Fri Mar 13 08:29:55 EDT 2015,Fri Mar 13 08:32:50 EDT 2015,Multiagent negotiation,consensus on service price,negotiate the content of a service,semantics,learning of preferences,Version Space,metric for measuring semantic,similarity metrics,emptyanswer,emptyanswer,emptyanswer,emptyanswer,emptyanswer,emptyanswer,emptyanswer,emptyanswer
3FCO4VKOZ3CPJNU03OBXD558E88E7J,36U2A8VAG1YE7RF5CLH2DWYWW00KYX,A3DTN2OMF6DUSI,Approved,Fri Mar 13 22:30:50 EDT 2015,Fri Mar 13 22:31:56 EDT 2015,Consumer,Preferences,Semantic Similarity,services,negotiation,interactions,Version Space,emptyanswer,emptyanswer,emptyanswer,emptyanswer,emptyanswer,emptyanswer,emptyanswer,emptyanswer,emptyanswer
3FCO4VKOZ3CPJNU03OBXD558E88E7J,3F1567XTNW4LHT5SHE9JA1HEMZDQ9G,A610SH5RY1NG1,Approved,Sat Mar 14 07:05:38 EDT 2015,Sat Mar 14 07:05:59 EDT 2015,Similarity,Semantic,Preferences,Consumer,dynamic environments,emptyanswer,emptyanswer,emptyanswer,emptyanswer,emptyanswer,emptyanswer,emptyanswer,emptyanswer,emptyanswer,emptyanswer,emptyanswer
3FCO4VKOZ3CPJNU03OBXD558E88E7J,339ANSOTR51SHR0083VZR8486JOIKF,A2Z9HR2IBD75R9,Approved,Sat Mar 14 09:29:32 EDT 2015,Sat Mar 14 09:29:48 EDT 2015,Learning Consumer Preferences,Semantic Similarity,consumers,metrics,techniques,emptyanswer,emptyanswer,emptyanswer,emptyanswer,emptyanswer,emptyanswer,emptyanswer,emptyanswer,emptyanswer,emptyanswer,emptyanswer
3FCO4VKOZ3CPJNU03OBXD558E88E7J,37Q970SNZE7F54HA55JVQVEW6CF1SE,A3LAJ2WEBJQ391,Approved,Sat Mar 14 13:54:08 EDT 2015,Sat Mar 14 13:55:19 EDT 2015,Semantic Similarity,Consumer Preferences,Online dynamic environments,Multiagent negotiation,Version space,emptyanswer,emptyanswer,emptyanswer,emptyanswer,emptyanswer,emptyanswer,emptyanswer,emptyanswer,emptyanswer,emptyanswer,emptyanswer
3FCO4VKOZ3CPJNU03OBXD558E88E7J,39LNWE0K4UV6KN5C2HZ1XVD68BHUIL,A3PRX6CU0P34NE,Approved,Sat Mar 14 15:54:36 EDT 2015,Sat Mar 14 16:14:45 EDT 2015,Consumer preferences,Semantic similarity,Dynamic environments,Online,Negotiations,emptyanswer,emptyanswer,emptyanswer,emptyanswer,emptyanswer,emptyanswer,emptyanswer,emptyanswer,emptyanswer,emptyanswer,emptyanswer
3FCO4VKOZ3CPJNU03OBXD558E88E7J,3QUO65DNQUNGG9GF0CC6HS9SKKJUOJ,AH3ER3EJXHRO2,Approved,Sat Mar 14 16:47:33 EDT 2015,Sat Mar 14 16:47:51 EDT 2015,consumer preferences,semantic similarity,online,dynamic environments,consumers,emptyanswer,emptyanswer,emptyanswer,emptyanswer,emptyanswer,emptyanswer,emptyanswer,emptyanswer,emptyanswer,emptyanswer,emptyanswer
3FCO4VKOZ3CPJNU03OBXD558E88E7J,39O5D9O87TRV8Q6TVN7EZJPBITGC3W,A1GK9ZI7T30X9Z,Approved,Sat Mar 14 16:53:03 EDT 2015,Sat Mar 14 16:54:20 EDT 2015,consumer preferences,semantic similarity,multiagent negotiation,shared ontology,negotiate,targeted offers,version space,emptyanswer,emptyanswer,emptyanswer,emptyanswer,emptyanswer,emptyanswer,emptyanswer,emptyanswer,emptyanswer
3FCO4VKOZ3CPJNU03OBXD558E88E7J,351SEKWQS0G6Z4KH1174FOGZ3K9DMD,AWFQ7OX0UPSM5,Approved,Sat Mar 14 17:12:24 EDT 2015,Sat Mar 14 17:21:56 EDT 2015,Consumer Preferences,Semantic Similarity,dynamic environments,Multiagent negotiation approaches,shared ontology,emptyanswer,emptyanswer,emptyanswer,emptyanswer,emptyanswer,emptyanswer,emptyanswer,emptyanswer,emptyanswer,emptyanswer,emptyanswer
3FCO4VKOZ3CPJNU03OBXD558E88E7J,3NGMS9VZTLHXRE6W6KYH8YZBIWIFFO,A3LV5FJGIHFQ94,Approved,Sat Mar 14 19:10:27 EDT 2015,Sat Mar 14 19:12:37 EDT 2015,service,consumers,Multiagent,negotiation,techniques,performance,emptyanswer,emptyanswer,emptyanswer,emptyanswer,emptyanswer,emptyanswer,emptyanswer,emptyanswer,emptyanswer,emptyanswer
3FCO4VKOZ3CPJNU03OBXD558E88E7J,37M28K1J0QCI0PBKEU3A9VGCEOQJAO,A1G94QON7A9K0N,Approved,Sat Mar 14 20:20:49 EDT 2015,Sat Mar 14 20:21:28 EDT 2015,dynamic,metric,semantic,multiagent,learning,emptyanswer,emptyanswer,emptyanswer,emptyanswer,emptyanswer,emptyanswer,emptyanswer,emptyanswer,emptyanswer,emptyanswer,emptyanswer
3FCO4VKOZ3CPJNU03OBXD558E88E7J,3TEM0PF1Q5W9WQDACWK6HR9M0IID0E,A17JEL4FN1B9TB,Approved,Sat Mar 14 20:23:15 EDT 2015,Sat Mar 14 20:23:49 EDT 2015,Learning,Consumer,Preferences,Using,Semantic,Similarity,emptyanswer,emptyanswer,emptyanswer,emptyanswer,emptyanswer,emptyanswer,emptyanswer,emptyanswer,emptyanswer,emptyanswer
3FCO4VKOZ3CPJNU03OBXD558E88E7J,3TK8OJTYM1KYEOHGK2ZQ2EG18XZVP3,A1BV5YY1UQCMZY,Approved,Sat Mar 14 20:32:08 EDT 2015,Sat Mar 14 20:36:06 EDT 2015,consumer preference,semantic similarity,dynamic enviornments,version space,multiagent negotiation,emptyanswer,emptyanswer,emptyanswer,emptyanswer,emptyanswer,emptyanswer,emptyanswer,emptyanswer,emptyanswer,emptyanswer,emptyanswer
3FCO4VKOZ3CPJNU03OBXD558E88E7J,3CP1TO84PT0LON1VCD6123E9KZ552J,A29ZV4XJB7R1O,Approved,Sat Mar 14 20:30:28 EDT 2015,Sat Mar 14 20:41:51 EDT 2015,Learning,Consumer,Preferences,Semantic,Similarity,emptyanswer,emptyanswer,emptyanswer,emptyanswer,emptyanswer,emptyanswer,emptyanswer,emptyanswer,emptyanswer,emptyanswer,emptyanswer
3FCO4VKOZ3CPJNU03OBXD558E88E7J,3WMOAN2SRBWYB3534NMYYPB68IZVN8,A8HUG07IE2R3,Approved,Sat Mar 14 20:49:17 EDT 2015,Sat Mar 14 20:51:46 EDT 2015,Semantic Similarity,service consumers and providers to negotiate their service needs,an understand the semantics of their requests,enable fast and accurate learning of preference,develop an extension to Version Space,emptyanswer,emptyanswer,emptyanswer,emptyanswer,emptyanswer,emptyanswer,emptyanswer,emptyanswer,emptyanswer,emptyanswer,emptyanswer
