HitId,AssignmentId,WorkerId,Status,AcceptTime,SubmitTime,Answer 1,Answer 2,Answer 3,Answer 4,Answer 5,Answer 6,Answer 7,Answer 8,Answer 9,Answer 10,Answer 11,Answer 12,Answer 13,Answer 14,Answer 15,Answer 16
3FCO4VKOZ3CPJNU03OBXD558E897ED,32AT8R96GL8VE1887TTF1XJTGGVUS2,A22R7DT2XQIKXV,Approved,Mon Mar 02 15:04:23 EST 2015,Mon Mar 02 15:04:27 EST 2015,aa,aa,aa,aa,aa,emptyanswer,emptyanswer,emptyanswer,emptyanswer,emptyanswer,emptyanswer,emptyanswer,emptyanswer,emptyanswer,emptyanswer,emptyanswer
3FCO4VKOZ3CPJNU03OBXD558E897ED,3ZSANO2JCF66VJBIC4YGFXIQ6TKSF5,A3ODG942FG22PJ,Approved,Mon Mar 02 16:36:02 EST 2015,Mon Mar 02 16:36:34 EST 2015,Knowledge-intensive,Passage Extraction,Biomedical,Literature,relationships,na,na,na,na,na,na,na,na,na,na,na
3FCO4VKOZ3CPJNU03OBXD558E897ED,3AAPLD8UCCGROFF3WUR6SNQPORUHT0,A2R085B34P2LYS,Approved,Mon Mar 02 22:12:32 EST 2015,Mon Mar 02 22:14:04 EST 2015,Knowledge,Conceptual,Retrieval,Passage,Extraction,optional,optional,optional,optional,optional,optional,optional,optional,optional,optional,optional
3FCO4VKOZ3CPJNU03OBXD558E897ED,39U1BHVTDLQCU784H924OTPF5MF3TI,A2LJERVD4J0UVE,Approved,Mon Mar 02 23:27:15 EST 2015,Mon Mar 02 23:29:32 EST 2015,domain-specific knowledge,information retrieval (IR) system,Biomedical Literature,TREC platform,"Using the TREC platform, retrieval models improved over passage retrieval using the Genomics Track of TREC 2006",Genomics Track,Extraction of Biomedical Literarure,Conceptual Retrieval,emptyanswer,emptyanswer,emptyanswer,emptyanswer,emptyanswer,emptyanswer,emptyanswer,emptyanswer
3FCO4VKOZ3CPJNU03OBXD558E897ED,3G2UL9A02DDOTSYFN8X1Q09HQH767Y,A26M2B8NZVKWTZ,Approved,Tue Mar 03 06:54:54 EST 2015,Tue Mar 03 06:55:46 EST 2015,Knowledge-intensive,Conceptual,Retrieval,Extraction,Biomedical,emptyanswer,emptyanswer,emptyanswer,emptyanswer,emptyanswer,emptyanswer,emptyanswer,emptyanswer,emptyanswer,emptyanswer,emptyanswer
3FCO4VKOZ3CPJNU03OBXD558E897ED,3NAPMVF0ZWE0BRFE06LY0NS5ACB72O,A180J6JI4SB56X,Approved,Tue Mar 03 08:59:45 EST 2015,Tue Mar 03 09:02:08 EST 2015,Knowledge-intensive,Conceptual Retrieval,Passage Extraction,Biomedical Literature,Domain-specific knowledge,retrieving biomedical literature,Genomics Track of TREC 2006,IR,(IR) system,certain domain,TREC,domain-specific knowledge,TREC platform,proposed conceptual retrieval model,23% improvement,retrieval model
3FCO4VKOZ3CPJNU03OBXD558E897ED,3RUIQRXJBBN5RYQOE64DYO9FBW7LL0,A1B5NXRZQYRC4R,Approved,Tue Mar 03 09:08:59 EST 2015,Tue Mar 03 09:09:20 EST 2015,knowledge-intensive,conceptual,retrieval,passage,extraction,emptyanswer,emptyanswer,emptyanswer,emptyanswer,emptyanswer,emptyanswer,emptyanswer,emptyanswer,emptyanswer,emptyanswer,emptyanswer
3FCO4VKOZ3CPJNU03OBXD558E897ED,3EQHHY4HQSRB3H92BSRQ478ATPNG53,A3S81UFDOWF2ST,Approved,Tue Mar 03 09:48:35 EST 2015,Tue Mar 03 09:50:55 EST 2015,incorporating domain-specific knowledge,Improved effectiveness,biomedical literature,TREC platform,23% improvement,emptyanswer,emptyanswer,emptyanswer,emptyanswer,emptyanswer,emptyanswer,emptyanswer,emptyanswer,emptyanswer,emptyanswer,emptyanswer
3FCO4VKOZ3CPJNU03OBXD558E897ED,35GMH2SV3EGZRDJTACX1DANPX4FOE1,A27I79P03I0ZPO,Approved,Tue Mar 03 10:46:29 EST 2015,Tue Mar 03 10:49:49 EST 2015,Conceptual,Knowledge-intensive,result,Extraction,Biomedical,emptyanswer,emptyanswer,emptyanswer,emptyanswer,emptyanswer,emptyanswer,emptyanswer,emptyanswer,emptyanswer,emptyanswer,emptyanswer
3FCO4VKOZ3CPJNU03OBXD558E897ED,3JCG6DTRV3PR9SMEYGK5WW73V80QQ2,A3FG9YWTFFK1AU,Approved,Tue Mar 03 16:49:00 EST 2015,Tue Mar 03 17:06:37 EST 2015,Knowledge-intensive,Conceptual Retrieval,Passage Extraction,Biomedical Literature,Genomics Track of TREC 2006,emptyanswer,emptyanswer,emptyanswer,emptyanswer,emptyanswer,emptyanswer,emptyanswer,emptyanswer,emptyanswer,emptyanswer,emptyanswer
3FCO4VKOZ3CPJNU03OBXD558E897ED,35L9RVQFCOH6OSUSWZHGXJCR77AHU4,A9LA6QK6VCERR,Approved,Wed Mar 04 01:36:26 EST 2015,Wed Mar 04 01:42:16 EST 2015,Knowledge-intensive Conceptual Retrieval,Biomedical Literature,information retrieval (IR) system,Genomics Track of TREC 2006,TREC platform,emptyanswer,emptyanswer,emptyanswer,emptyanswer,emptyanswer,emptyanswer,emptyanswer,emptyanswer,emptyanswer,emptyanswer,emptyanswer
3FCO4VKOZ3CPJNU03OBXD558E897ED,3C5W7UE9CFPKXAPYS18G9VJRICBMXX,A3A6FIAZ2W81,Approved,Wed Mar 04 09:13:42 EST 2015,Wed Mar 04 09:15:19 EST 2015,TREC,domain-specific knowledge,information retrieval,IR system,biomedical literature retrieval,emptyanswer,emptyanswer,emptyanswer,emptyanswer,emptyanswer,emptyanswer,emptyanswer,emptyanswer,emptyanswer,emptyanswer,emptyanswer
3FCO4VKOZ3CPJNU03OBXD558E897ED,3IGI0VL647J3LJW63B0K3XHYBYMON0,A3FFZN4FO3Q789,Approved,Wed Mar 04 11:05:54 EST 2015,Wed Mar 04 11:08:59 EST 2015,replicate,replicate,replicate,replicate,replicate,emptyanswer,emptyanswer,emptyanswer,emptyanswer,emptyanswer,emptyanswer,emptyanswer,emptyanswer,emptyanswer,emptyanswer,emptyanswer
3FCO4VKOZ3CPJNU03OBXD558E897ED,3MAOD8E57Q9QFSAY42NGMA8RN2UXNH,A3H35QRODK1C4K,Approved,Wed Mar 04 12:00:28 EST 2015,Wed Mar 04 12:00:49 EST 2015,knowledge-intensive,conceptual,retrieval,passage,extraction,emptyanswer,emptyanswer,emptyanswer,emptyanswer,emptyanswer,emptyanswer,emptyanswer,emptyanswer,emptyanswer,emptyanswer,emptyanswer
3FCO4VKOZ3CPJNU03OBXD558E897ED,3L4D84MILZRXACJYK0D2QH3GQTNHJN,A2F6ZON8X5EAGL,Approved,Wed Mar 04 16:26:45 EST 2015,Wed Mar 04 16:27:19 EST 2015,Knowledge-intensive Conceptual Retrieval and Passage Extraction of Biomedical Literature,paper,concepts,system,models,emptyanswer,emptyanswer,emptyanswer,emptyanswer,emptyanswer,emptyanswer,emptyanswer,emptyanswer,emptyanswer,emptyanswer,emptyanswer
3FCO4VKOZ3CPJNU03OBXD558E897ED,3M0BCWMB8VV9PJGBR7MLTWUQXCSBWX,ADVZAZ12Z8N9J,Approved,Wed Mar 04 16:42:06 EST 2015,Wed Mar 04 16:50:53 EST 2015,"This paper presents a study of incorporating domain-specific knowledge (i.e., information about concepts and relationships between concepts in a certain domain) in an information retrieval (IR) system to improve its effectiveness in retrieving biomedical literature.",The effects of different types of domain-specific knowledge in performance contribution are examined.,"Based on the TREC platform, we show that appropriate use of domain-specific knowledge in a proposed conceptual retrieval model yields about 23% improvement over the best reported result in passage retrieval in the Genomics Track of TREC 2006.",N/A,N/A,emptyanswer,emptyanswer,emptyanswer,emptyanswer,emptyanswer,emptyanswer,emptyanswer,emptyanswer,emptyanswer,emptyanswer,emptyanswer
3FCO4VKOZ3CPJNU03OBXD558E897ED,3IUZPWIU1O6AIMK5XKZESZDGK6BWKC,A3OTLWGJFB65KD,Approved,Wed Mar 04 19:23:45 EST 2015,Wed Mar 04 19:23:53 EST 2015,nothing,nothing,nothing,nothing,nothing,emptyanswer,emptyanswer,emptyanswer,emptyanswer,emptyanswer,emptyanswer,emptyanswer,emptyanswer,emptyanswer,emptyanswer,emptyanswer
3FCO4VKOZ3CPJNU03OBXD558E897ED,3B2X28YI3WEBV4150P9HV2VD9AO6BG,A3LUJSAN4DQ1ZT,Approved,Wed Mar 04 22:18:40 EST 2015,Wed Mar 04 22:19:54 EST 2015,Knowledge-intensive,Passage extraction,Biomedical literature,Genomics,IR,emptyanswer,emptyanswer,emptyanswer,emptyanswer,emptyanswer,emptyanswer,emptyanswer,emptyanswer,emptyanswer,emptyanswer,emptyanswer
3FCO4VKOZ3CPJNU03OBXD558E897ED,3Z9WI9EOZZNSLWPG2LDERW3T5JZKH3,A1YLO4LT02D2F0,Approved,Thu Mar 05 02:06:08 EST 2015,Thu Mar 05 02:06:59 EST 2015,paper presents a study of incorporating domain-specific knowledge,concepts and relationships between concepts in a certain domain,in an information retrieval (IR) system to improve,appropriate use of domain-specific knowledge,the best reported result in passage retrieval,emptyanswer,emptyanswer,emptyanswer,emptyanswer,emptyanswer,emptyanswer,emptyanswer,emptyanswer,emptyanswer,emptyanswer,emptyanswer
3FCO4VKOZ3CPJNU03OBXD558E897ED,3G0WWMR1UVJ66V9MIOSOS2CYQ2QQN2,A3HPVFAF1U9WXK,Approved,Thu Mar 05 07:21:06 EST 2015,Thu Mar 05 07:21:51 EST 2015,Biomedical Literature,domain-specific knowledge,concepts,information retrieval,Knowledge-intensive,emptyanswer,emptyanswer,emptyanswer,emptyanswer,emptyanswer,emptyanswer,emptyanswer,emptyanswer,emptyanswer,emptyanswer,emptyanswer
3FCO4VKOZ3CPJNU03OBXD558E897ED,3PPTZCWALQJ0NKN5LC3INPJ70G6QZR,A3UY2GVCKC8LSL,Approved,Thu Mar 05 10:25:11 EST 2015,Thu Mar 05 10:25:55 EST 2015,knowledge-intensive,conceptual retrieval,passage extraction,biomedical literature,TREC,information retrieval,emptyanswer,emptyanswer,emptyanswer,emptyanswer,emptyanswer,emptyanswer,emptyanswer,emptyanswer,emptyanswer,emptyanswer
3FCO4VKOZ3CPJNU03OBXD558E897ED,3TXD01ZLD4GCCG6XHSXX3U3N26CU4R,A1QUDNLO95AKS5,Approved,Thu Mar 05 11:43:43 EST 2015,Thu Mar 05 11:44:16 EST 2015,Knowledge-intensive Conceptual Retrieval,Passage Extraction,Biomedical Literature,domain-specific knowledge,Genomics Track of TREC 2006,emptyanswer,emptyanswer,emptyanswer,emptyanswer,emptyanswer,emptyanswer,emptyanswer,emptyanswer,emptyanswer,emptyanswer,emptyanswer
3FCO4VKOZ3CPJNU03OBXD558E897ED,3FTOP5WARFNMZCD2MS6HKP4Z4FPJ0X,A3I10J1GPDAPQR,Approved,Thu Mar 05 16:26:32 EST 2015,Thu Mar 05 16:28:07 EST 2015,Knowledge-intensive Conceptual Retrieval,Passage Extraction,Biomedical Literature,incorporating domain-specific knowledge,domain-specific knowledge,emptyanswer,emptyanswer,emptyanswer,emptyanswer,emptyanswer,emptyanswer,emptyanswer,emptyanswer,emptyanswer,emptyanswer,emptyanswer
3FCO4VKOZ3CPJNU03OBXD558E897ED,386CSBG1OZLYZA3UJ767QRQCVEB6QM,ADUJUZANFOWKW,Approved,Thu Mar 05 20:45:46 EST 2015,Thu Mar 05 20:46:22 EST 2015,literature,retrieval,conceptual,knowledge,Genomics,emptyanswer,emptyanswer,emptyanswer,emptyanswer,emptyanswer,emptyanswer,emptyanswer,emptyanswer,emptyanswer,emptyanswer,emptyanswer
3FCO4VKOZ3CPJNU03OBXD558E897ED,36H9ULYP62TDWGSSPAP2NWR3AIUJFJ,A1W7BQWWGKJ3XF,Approved,Thu Mar 05 21:44:15 EST 2015,Thu Mar 05 21:45:29 EST 2015,Biomedical Literature,TREC 2006,Genomics Track,information retrieval (IR) system,domain-specific knowledge,emptyanswer,emptyanswer,emptyanswer,emptyanswer,emptyanswer,emptyanswer,emptyanswer,emptyanswer,emptyanswer,emptyanswer,emptyanswer
3FCO4VKOZ3CPJNU03OBXD558E897ED,304SM51WA33GI2Z272CKW7R5R4TBSP,A3DHYTZ1GPN0T8,Approved,Thu Mar 05 23:01:09 EST 2015,Thu Mar 05 23:01:40 EST 2015,paper presents,domain-specific knowledge,retrieving,23% improvement,Genomics Track of TREC 2006,emptyanswer,emptyanswer,emptyanswer,emptyanswer,emptyanswer,emptyanswer,emptyanswer,emptyanswer,emptyanswer,emptyanswer,emptyanswer
3FCO4VKOZ3CPJNU03OBXD558E897ED,392CY0QWG1Q73PBXNB8JKRFC8GQI4I,A2YW509B0UMSEH,Approved,Fri Mar 06 09:18:26 EST 2015,Fri Mar 06 09:19:18 EST 2015,Knowledge,Retrieval,Passage,Extraction,Literature,emptyanswer,emptyanswer,emptyanswer,emptyanswer,emptyanswer,emptyanswer,emptyanswer,emptyanswer,emptyanswer,emptyanswer,emptyanswer
3FCO4VKOZ3CPJNU03OBXD558E897ED,33M4IA01QG0BUQ2QX94XVUD1O8VXRZ,AQXSUU4I4DAH8,Approved,Fri Mar 06 11:55:58 EST 2015,Fri Mar 06 11:56:42 EST 2015,Passage Extraction of Biomedical Literature,domain-specific knowledge,TREC platform,circumvent Myerson and Satterthwaite's impossibility result,23% improvement,emptyanswer,emptyanswer,emptyanswer,emptyanswer,emptyanswer,emptyanswer,emptyanswer,emptyanswer,emptyanswer,emptyanswer,emptyanswer
3FCO4VKOZ3CPJNU03OBXD558E897ED,326O153BMIX8NGS4K3JL2GBQT17DEE,A3K6BSW10S4YKJ,Approved,Fri Mar 06 13:52:57 EST 2015,Fri Mar 06 13:54:09 EST 2015,Knowledge-intensive Conceptual Retrieval,Passage Extraction of Biomedical Literature,domain-specific knowledge,23% improvement,TREC 2006,emptyanswer,emptyanswer,emptyanswer,emptyanswer,emptyanswer,emptyanswer,emptyanswer,emptyanswer,emptyanswer,emptyanswer,emptyanswer
3FCO4VKOZ3CPJNU03OBXD558E897ED,3SBEHTYCWN2N1WPHCIWQ0GJJ3ISYIO,A2SDTL2V8VJ25O,Approved,Fri Mar 06 16:08:53 EST 2015,Fri Mar 06 16:10:12 EST 2015,Knowledge,Conceptual,Retrieval,Passage,Biomedical Literature,emptyanswer,emptyanswer,emptyanswer,emptyanswer,emptyanswer,emptyanswer,emptyanswer,emptyanswer,emptyanswer,emptyanswer,emptyanswer
3FCO4VKOZ3CPJNU03OBXD558E897ED,38JBBYETQO9VNK9BRSISZCHKGQG4EY,AWQK8QA93VLW9,Approved,Sat Mar 07 08:34:15 EST 2015,Sat Mar 07 08:35:16 EST 2015,Conceptual Retrieval and Passage Extraction,Biomedical Literature,domain-specific knowledge,information retrieval (IR) system,TREC platform,Genomics Track,emptyanswer,emptyanswer,emptyanswer,emptyanswer,emptyanswer,emptyanswer,emptyanswer,emptyanswer,emptyanswer,emptyanswer
3FCO4VKOZ3CPJNU03OBXD558E897ED,3UWN2HHPUY4IJBOZASHTN2RZ8YVNSO,A37WDQ1VG5XN6Z,Approved,Sat Mar 07 13:36:14 EST 2015,Sat Mar 07 13:36:26 EST 2015,nothing,nothing,nothing,nothing,nothing,emptyanswer,emptyanswer,emptyanswer,emptyanswer,emptyanswer,emptyanswer,emptyanswer,emptyanswer,emptyanswer,emptyanswer,emptyanswer
3FCO4VKOZ3CPJNU03OBXD558E897ED,3X31TUMD7XLS1RMKLWMUE901D4XL1H,A38IE69ORDCEGY,Approved,Sat Mar 07 19:48:00 EST 2015,Sat Mar 07 19:49:09 EST 2015,Knowledge-intensive conceptual retrieval,Passage extraction of Biomedical literature,domain-specific knowledge,Information retrieval,TREC,emptyanswer,emptyanswer,emptyanswer,emptyanswer,emptyanswer,emptyanswer,emptyanswer,emptyanswer,emptyanswer,emptyanswer,emptyanswer
3FCO4VKOZ3CPJNU03OBXD558E897ED,3X0H8UUIT1N865XD2T8GJL4Q1CISW7,A1JWEYGDFDB100,Approved,Sun Mar 08 11:01:17 EDT 2015,Sun Mar 08 11:02:47 EDT 2015,Knowledge-intensive,Conceptual Retrieval,Passage Extraction,Biomedical Literature,Genomics Track of TREC 2006,emptyanswer,emptyanswer,emptyanswer,emptyanswer,emptyanswer,emptyanswer,emptyanswer,emptyanswer,emptyanswer,emptyanswer,emptyanswer
3FCO4VKOZ3CPJNU03OBXD558E897ED,3WSELTNVR31CES7PQOHEB13LBC0TAT,A3G4SXD4N30C3L,Approved,Sun Mar 08 14:33:31 EDT 2015,Sun Mar 08 14:34:09 EDT 2015,Knowledge-intensive Conceptual Retrieval and Passage Extraction,Biomedical Literature,incorporating domain-specific knowledge,information retrieval (IR) system,performance contribution,TREC platform,emptyanswer,emptyanswer,emptyanswer,emptyanswer,emptyanswer,emptyanswer,emptyanswer,emptyanswer,emptyanswer,emptyanswer
3FCO4VKOZ3CPJNU03OBXD558E897ED,3EQHHY4HQSRB3H92BSRQ478AT4XG57,A2GBY8O6GYSB89,Approved,Sun Mar 08 18:37:11 EDT 2015,Sun Mar 08 18:38:22 EDT 2015,Knowledge-intensive Conceptual Retrieval,Passage Extraction,Biomedical Literature,TREC platform,Genomics Track,incorporating domain-specific knowledge,emptyanswer,emptyanswer,emptyanswer,emptyanswer,emptyanswer,emptyanswer,emptyanswer,emptyanswer,emptyanswer,emptyanswer
3FCO4VKOZ3CPJNU03OBXD558E897ED,3OE22WJIGINJ1LTVFP4A6X4SY9JUQK,A156NFBMKKLDL9,Approved,Sun Mar 08 22:16:44 EDT 2015,Sun Mar 08 22:17:01 EDT 2015,Knowledge-intensive Conceptual Retrieval,Passage Extraction,Biomedical Literature,TREC platform,Genomics Track of TREC,emptyanswer,emptyanswer,emptyanswer,emptyanswer,emptyanswer,emptyanswer,emptyanswer,emptyanswer,emptyanswer,emptyanswer,emptyanswer
3FCO4VKOZ3CPJNU03OBXD558E897ED,3D4CH1LGEASU44BEEI47GNDCF2PG9B,A2SZAM3EZER2PH,Approved,Mon Mar 09 06:31:34 EDT 2015,Mon Mar 09 06:32:33 EDT 2015,paper presents,domain-specific,biomedical literature,performance contribution,Genomics Track,emptyanswer,emptyanswer,emptyanswer,emptyanswer,emptyanswer,emptyanswer,emptyanswer,emptyanswer,emptyanswer,emptyanswer,emptyanswer
3FCO4VKOZ3CPJNU03OBXD558E897ED,3MX2NQ3YC9TMP34S02RUST85WW3X5U,A2E2IQ99W6B7AV,Approved,Mon Mar 09 06:57:54 EDT 2015,Mon Mar 09 06:59:08 EDT 2015,Biomedical literature,Domain-specific knowledge,Data retrieval,Result improvement,Concept relation,emptyanswer,emptyanswer,emptyanswer,emptyanswer,emptyanswer,emptyanswer,emptyanswer,emptyanswer,emptyanswer,emptyanswer,emptyanswer
3FCO4VKOZ3CPJNU03OBXD558E897ED,3QAPZX2QN4CMTGFUF70PL8II2FV025,A1SIYZIVIO59CB,Approved,Mon Mar 09 07:58:52 EDT 2015,Mon Mar 09 07:59:35 EDT 2015,biomedical,literature,domain-specific,information retrieval,improvement,emptyanswer,emptyanswer,emptyanswer,emptyanswer,emptyanswer,emptyanswer,emptyanswer,emptyanswer,emptyanswer,emptyanswer,emptyanswer
3FCO4VKOZ3CPJNU03OBXD558E897ED,3I33IC7ZWF1IUTDC79XIAEUVB1A2A1,AUH4A0OGHF2CK,Approved,Mon Mar 09 09:16:50 EDT 2015,Mon Mar 09 09:19:31 EDT 2015,Information retrieval (IR) systems,Effectiveness of information retrieval (IR) system  in retrieving biomedical literature.,Knowledge-intensive Conceptual Retrieval in Biomedical Literature,Information retrieval (IR) techniques,Improvement in Information retrieval (IR) systems,emptyanswer,emptyanswer,emptyanswer,emptyanswer,emptyanswer,emptyanswer,emptyanswer,emptyanswer,emptyanswer,emptyanswer,emptyanswer
3FCO4VKOZ3CPJNU03OBXD558E897ED,3R6BYFZZP7BER0XH6E43E5ZILQ5XF1,ACYGMRGAZ22U7,Approved,Mon Mar 09 17:51:53 EDT 2015,Mon Mar 09 17:52:00 EDT 2015,Keyword/Keyphrase 1:,Keyword/Keyphrase 1:,Keyword/Keyphrase 1:,Keyword/Keyphrase 1:,Keyword/Keyphrase 1:,emptyanswer,emptyanswer,emptyanswer,emptyanswer,emptyanswer,emptyanswer,emptyanswer,emptyanswer,emptyanswer,emptyanswer,emptyanswer
3FCO4VKOZ3CPJNU03OBXD558E897ED,3L4PIM1GQTF0UVS025QZE8KAQLFYRA,APEB5ERGCYP6D,Approved,Tue Mar 10 03:01:18 EDT 2015,Tue Mar 10 03:10:15 EDT 2015,presents a study of incorporating domain-specific knowledge,information about concepts and relationships between concepts in a certain domain,information retrieval,improve its effectiveness in retrieving biomedical literature,passage retrieval in the Genomics Track of TREC 2006,emptyanswer,emptyanswer,emptyanswer,emptyanswer,emptyanswer,emptyanswer,emptyanswer,emptyanswer,emptyanswer,emptyanswer,emptyanswer
3FCO4VKOZ3CPJNU03OBXD558E897ED,3B1NLC6UGZVFWRRLV7042DDRK8OGPR,A17JEL4FN1B9TB,Approved,Tue Mar 10 12:06:30 EDT 2015,Tue Mar 10 12:07:19 EDT 2015,Knowledge,intensive,Conceptual,Retrieval,Passage,Extraction,Biomedical,Literature,emptyanswer,emptyanswer,emptyanswer,emptyanswer,emptyanswer,emptyanswer,emptyanswer,emptyanswer
3FCO4VKOZ3CPJNU03OBXD558E897ED,3QIYRE09Y3GIPRP5X929R14QI481NK,AW36CVMS3526O,Approved,Tue Mar 10 13:43:53 EDT 2015,Tue Mar 10 13:44:44 EDT 2015,Retrieval,relationships,contribution,appropriate,improvement,emptyanswer,emptyanswer,emptyanswer,emptyanswer,emptyanswer,emptyanswer,emptyanswer,emptyanswer,emptyanswer,emptyanswer,emptyanswer
3FCO4VKOZ3CPJNU03OBXD558E897ED,3WRFBPLXRANEZU3KKDGSFUJNGOZN3B,ANB69EQROUTQJ,Approved,Tue Mar 10 19:01:06 EDT 2015,Tue Mar 10 19:02:22 EDT 2015,conceptual retrieval,passage extraction,biomedical literature,domain-specific knowledge,TREC  platform,emptyanswer,emptyanswer,emptyanswer,emptyanswer,emptyanswer,emptyanswer,emptyanswer,emptyanswer,emptyanswer,emptyanswer,emptyanswer
3FCO4VKOZ3CPJNU03OBXD558E897ED,33FOTY3KEMKZYNSE8JTVBQAEJ14C1P,ATRHDYWCIYTDJ,Approved,Wed Mar 11 04:40:25 EDT 2015,Wed Mar 11 04:40:38 EDT 2015,incorporating,knowledge,Genomics,conceptual,TREC,emptyanswer,emptyanswer,emptyanswer,emptyanswer,emptyanswer,emptyanswer,emptyanswer,emptyanswer,emptyanswer,emptyanswer,emptyanswer
3FCO4VKOZ3CPJNU03OBXD558E897ED,3B1NLC6UGZVFWRRLV7042DDRKA9PGP,A3CMDYA9USA3MR,Approved,Wed Mar 11 07:38:09 EDT 2015,Wed Mar 11 07:38:24 EDT 2015,incorporating,knowledge,retrieval,yields,improvement,emptyanswer,emptyanswer,emptyanswer,emptyanswer,emptyanswer,emptyanswer,emptyanswer,emptyanswer,emptyanswer,emptyanswer,emptyanswer
3FCO4VKOZ3CPJNU03OBXD558E897ED,3DH6GAKTYYO9WMERCMKC0BM906YYZC,A28IXE702NXWKQ,Approved,Thu Mar 12 11:10:26 EDT 2015,Thu Mar 12 11:11:22 EDT 2015,This paper presents a study,incorporating domain-specific knowledge,information about concepts and relationships between concepts in a certain domain,The effects of different types of domain-specific knowledge,domain-specific knowledge in a proposed conceptual retrieval model yields about 23%,emptyanswer,emptyanswer,emptyanswer,emptyanswer,emptyanswer,emptyanswer,emptyanswer,emptyanswer,emptyanswer,emptyanswer,emptyanswer
3FCO4VKOZ3CPJNU03OBXD558E897ED,32ZKVD547FMCYLENHNBJOZJT02J3B7,A2KS418T8MPLJH,Approved,Thu Mar 12 12:08:43 EDT 2015,Thu Mar 12 12:09:46 EDT 2015,Knowledge-intensive Conceptual Retrieval,Retrieval and Passage Extraction of Biomedical Literature,This paper presents a study of incorporating domain-specific knowledge,information about concepts and relationships between concepts in a certain domain,Based on the TREC platform,emptyanswer,emptyanswer,emptyanswer,emptyanswer,emptyanswer,emptyanswer,emptyanswer,emptyanswer,emptyanswer,emptyanswer,emptyanswer
3FCO4VKOZ3CPJNU03OBXD558E897ED,3R3YRB5GRF2RE5MEQT7OGXPNVXKUAD,AM1HY736BY3Z8,Approved,Thu Mar 12 13:32:08 EDT 2015,Thu Mar 12 13:33:45 EDT 2015,Knowledge-intensive Conceptual Retrieval and Passage Extraction of Biomedical Literature,This paper presents a study of incorporating domain-specific knowledge in an information retrieval (IR) system to improve its effectiveness in retrieving biomedical literature.,The effects of different types of domain-specific knowledge in performance contribution are examined.,"Based on the TREC platform, we show that appropriate use of domain-specific knowledge in a proposed conceptual retrieval model",the best reported result in passage retrieval in the Genomics Track of TREC 2006.,emptyanswer,emptyanswer,emptyanswer,emptyanswer,emptyanswer,emptyanswer,emptyanswer,emptyanswer,emptyanswer,emptyanswer,emptyanswer
3FCO4VKOZ3CPJNU03OBXD558E897ED,3TE3O857307ATAZT9KJ454J5CBQR23,AU3WQKISBW5MZ,Approved,Thu Mar 12 14:22:46 EDT 2015,Thu Mar 12 14:23:27 EDT 2015,This paper presents a study of incorporating domain-specific knowledge,"(i.e., information about concepts and relationships between concepts in a certain domain)",The effects of different types of domain-specific knowledge in performance contribution are examined.,"Based on the TREC platform, we show that appropriate use of domain-specific knowledge in a proposed conceptual retrieval model yields about 23% improvement over the best reported result in passage retrieval in the Genomics Track of TREC 2006.","Based on the TREC platform, we show that appropriate use of domain-specific knowledge in a proposed conceptual retrieval model yields about 23% improvement over the best reported result in passage retrieval in the Genomics Track of TREC 2006.",emptyanswer,emptyanswer,emptyanswer,emptyanswer,emptyanswer,emptyanswer,emptyanswer,emptyanswer,emptyanswer,emptyanswer,emptyanswer
3FCO4VKOZ3CPJNU03OBXD558E897ED,351SEKWQS0G6Z4KH1174FOGZ3F3MD6,AL9R6CILUG30X,Approved,Fri Mar 13 01:43:48 EDT 2015,Fri Mar 13 01:46:03 EDT 2015,Biomedical Literature,domain-specific knowledge,Conceptual Retrieval,Passage Extraction,TREC platform,information retrieval system,Genomics Track,emptyanswer,emptyanswer,emptyanswer,emptyanswer,emptyanswer,emptyanswer,emptyanswer,emptyanswer,emptyanswer
3FCO4VKOZ3CPJNU03OBXD558E897ED,3OSWBBLG1EWHTGJLF89DQ5WXAK9DX5,A2UNRV6PEOEXG0,Approved,Fri Mar 13 14:12:15 EDT 2015,Fri Mar 13 14:12:55 EDT 2015,Knowledge intensive,Conceptual retrieval,Passage extraction,Biomedical literature,domain-specific knowledge,emptyanswer,emptyanswer,emptyanswer,emptyanswer,emptyanswer,emptyanswer,emptyanswer,emptyanswer,emptyanswer,emptyanswer,emptyanswer
3FCO4VKOZ3CPJNU03OBXD558E897ED,3DL65MZB8DEYIOMQK7OAIAT89FWCE7,A3DTN2OMF6DUSI,Approved,Fri Mar 13 23:21:51 EDT 2015,Fri Mar 13 23:21:56 EDT 2015,model,model,model,model,model,emptyanswer,emptyanswer,emptyanswer,emptyanswer,emptyanswer,emptyanswer,emptyanswer,emptyanswer,emptyanswer,emptyanswer,emptyanswer
3FCO4VKOZ3CPJNU03OBXD558E897ED,3E47SOBEYQVAYTOCGQE13PR01AUCIB,A610SH5RY1NG1,Approved,Sat Mar 14 06:34:03 EDT 2015,Sat Mar 14 06:34:29 EDT 2015,Knowledge-intensive,Conceptual,Retrieval,Passage Extraction,Biomedical Literature,emptyanswer,emptyanswer,emptyanswer,emptyanswer,emptyanswer,emptyanswer,emptyanswer,emptyanswer,emptyanswer,emptyanswer,emptyanswer
3FCO4VKOZ3CPJNU03OBXD558E897ED,3907X2AHF04PHXJEWSFF09JQBXF2P7,A2JOYXFN8HXXLS,Approved,Sat Mar 14 06:45:17 EDT 2015,Sat Mar 14 07:37:10 EDT 2015,Knowledge,intensive Conceptual Retrieval,Passage Extraction,Biomedical Literature,passage retrieval,TREC,emptyanswer,emptyanswer,emptyanswer,emptyanswer,emptyanswer,emptyanswer,emptyanswer,emptyanswer,emptyanswer,emptyanswer
3FCO4VKOZ3CPJNU03OBXD558E897ED,3U4J9857OEAUZ4FAJZE91GV9597B7W,A2Z9HR2IBD75R9,Approved,Sat Mar 14 09:55:10 EDT 2015,Sat Mar 14 09:55:27 EDT 2015,Knowledge-intensive Conceptual Retrieval,Passage Extraction,Biomedical Literature,proposed,model,emptyanswer,emptyanswer,emptyanswer,emptyanswer,emptyanswer,emptyanswer,emptyanswer,emptyanswer,emptyanswer,emptyanswer,emptyanswer
3FCO4VKOZ3CPJNU03OBXD558E897ED,3LKC68YZ3A2T8D5KVCR7ZGUP50TWOJ,AH3ER3EJXHRO2,Approved,Sat Mar 14 16:58:40 EDT 2015,Sat Mar 14 16:59:09 EDT 2015,conceptual retrieval,passage extraction,biomedical literature,domain-specific knowledge,information retrieval system,emptyanswer,emptyanswer,emptyanswer,emptyanswer,emptyanswer,emptyanswer,emptyanswer,emptyanswer,emptyanswer,emptyanswer,emptyanswer
3FCO4VKOZ3CPJNU03OBXD558E897ED,35LDD5557A3EDAQRTITRJ1BPNT7MK0,A1HDFKT3ZGK25P,Approved,Sat Mar 14 17:15:16 EDT 2015,Sat Mar 14 17:17:41 EDT 2015,Conceptual Retrieval,Passage Extraction of Biomedical Literature,domain-specific knowledge,information retrieval (IR) system,improve effectiveness,TREC platform,conceptual retrieval model yields 23% improvement,Genomics Track,emptyanswer,emptyanswer,emptyanswer,emptyanswer,emptyanswer,emptyanswer,emptyanswer,emptyanswer
3FCO4VKOZ3CPJNU03OBXD558E897ED,317HQ483I7RTPXL35GNFJ0LC0FUINN,ATOMPVWZKAE0E,Approved,Sat Mar 14 18:38:08 EDT 2015,Sat Mar 14 18:40:24 EDT 2015,Conceptual Retrieval,Passage Extraction,Biomedical Literature,domain-specific knowledge,information retrieval (IR) system,performance contribution,TREC platform,Genomics Track,TREC 2006,emptyanswer,emptyanswer,emptyanswer,emptyanswer,emptyanswer,emptyanswer,emptyanswer
3FCO4VKOZ3CPJNU03OBXD558E897ED,34V1S5K3GS0S7BM825VL4W0NMZK96N,A2EEL9YYUHL5SK,Approved,Sat Mar 14 18:55:37 EDT 2015,Sat Mar 14 18:56:29 EDT 2015,Knowledge-intensive Conceptual Retrieval,Passage Extraction,Biomedical Literature,information retrieval (IR) system,performance contribution,emptyanswer,emptyanswer,emptyanswer,emptyanswer,emptyanswer,emptyanswer,emptyanswer,emptyanswer,emptyanswer,emptyanswer,emptyanswer
3FCO4VKOZ3CPJNU03OBXD558E897ED,3GM6G9ZBKNWDGTGENR7JKSYL661TMG,A1GK9ZI7T30X9Z,Approved,Sat Mar 14 19:01:05 EDT 2015,Sat Mar 14 19:02:47 EDT 2015,Knowledge-intensive Conceptual Retrieval,Passage Extraction of Biomedical Literature,passage extraction,domain-specific knowledge,information retrieval,IR,TREC,Genomics Track,emptyanswer,emptyanswer,emptyanswer,emptyanswer,emptyanswer,emptyanswer,emptyanswer,emptyanswer
3FCO4VKOZ3CPJNU03OBXD558E897ED,3LEP4MGT3GZAGDGKACHV1855RMEBDX,A1G94QON7A9K0N,Approved,Sat Mar 14 20:19:36 EDT 2015,Sat Mar 14 20:20:06 EDT 2015,domain,trec 2006,knowledge,passage,biomedical,emptyanswer,emptyanswer,emptyanswer,emptyanswer,emptyanswer,emptyanswer,emptyanswer,emptyanswer,emptyanswer,emptyanswer,emptyanswer
3FCO4VKOZ3CPJNU03OBXD558E897ED,3GGAI1SQEVXWUCE315CTVIYHILACMR,A29ZV4XJB7R1O,Approved,Sat Mar 14 20:44:42 EDT 2015,Sat Mar 14 20:51:07 EDT 2015,Knowledge,Conceptual,Passage,Biomedical,Literature,emptyanswer,emptyanswer,emptyanswer,emptyanswer,emptyanswer,emptyanswer,emptyanswer,emptyanswer,emptyanswer,emptyanswer,emptyanswer
3FCO4VKOZ3CPJNU03OBXD558E897ED,3DR23U6WE5DF45O16TJ07KTCX5MTE5,A2TM0CPAMAO45B,Approved,Sat Mar 14 21:17:10 EDT 2015,Sat Mar 14 21:18:01 EDT 2015,Biomedical Literature,information retrieval (IR) system,TREC platform,domain-specific knowledge,improvements,emptyanswer,emptyanswer,emptyanswer,emptyanswer,emptyanswer,emptyanswer,emptyanswer,emptyanswer,emptyanswer,emptyanswer,emptyanswer
3FCO4VKOZ3CPJNU03OBXD558E897ED,3M81GAB8A0I45MKPFYNF17C4A1BQBP,A9VLWY4KW6OCB,Approved,Sat Mar 14 21:20:16 EDT 2015,Sat Mar 14 21:29:48 EDT 2015,Knowledge,intensive,Conceptual,Retrieval,Passage,emptyanswer,emptyanswer,emptyanswer,emptyanswer,emptyanswer,emptyanswer,emptyanswer,emptyanswer,emptyanswer,emptyanswer,emptyanswer
3FCO4VKOZ3CPJNU03OBXD558E897ED,3VBEN272MKYC9J7DNO4YXII282QSGZ,ACVJ6IUO9QM4R,Approved,Sat Mar 14 22:26:11 EDT 2015,Sat Mar 14 22:27:01 EDT 2015,performance contribution,bio medical literature,conceptual retrieval,domain-specific knowledge,Genomics Track of TREC 2006,emptyanswer,emptyanswer,emptyanswer,emptyanswer,emptyanswer,emptyanswer,emptyanswer,emptyanswer,emptyanswer,emptyanswer,emptyanswer
3FCO4VKOZ3CPJNU03OBXD558E897ED,32Q90QCQ1SKG1MYECK586T6GES1EKQ,AYSAS2T3FXW40,Approved,Sat Mar 14 23:39:47 EDT 2015,Sat Mar 14 23:41:44 EDT 2015,domain-specific knowledge,information retrieval (IR),biomedical literature,TREC platform,domain-specific knowledge,Genomics Track,TREC,emptyanswer,emptyanswer,emptyanswer,emptyanswer,emptyanswer,emptyanswer,emptyanswer,emptyanswer,emptyanswer
