HitId,AssignmentId,WorkerId,Status,AcceptTime,SubmitTime,Answer 1,Answer 2,Answer 3,Answer 4,Answer 5,Answer 6,Answer 7,Answer 8,Answer 9,Answer 10,Answer 11,Answer 12,Answer 13,Answer 14,Answer 15,Answer 16
3FTID4TN8KXM4D0T7JO13DFPR4ILYE,3TGOYF991XLBTE0CWYOFGY1H1DGUUI,A22R7DT2XQIKXV,Approved,Mon Mar 02 15:04:32 EST 2015,Mon Mar 02 15:04:37 EST 2015,aa,aa,aa,aa,aa,emptyanswer,emptyanswer,emptyanswer,emptyanswer,emptyanswer,emptyanswer,emptyanswer,emptyanswer,emptyanswer,emptyanswer,emptyanswer
3FTID4TN8KXM4D0T7JO13DFPR4ILYE,3W8CV64QJ2Y8406PYOMP1NPDUK79H8,A1PXJWCNRYCBS5,Approved,Mon Mar 02 15:35:16 EST 2015,Mon Mar 02 15:37:20 EST 2015,Model of Normative Systems,Computational complexity and game theoretic properties,Kripke Structures,Nash implementation is NP-complete,Computation Tree Logic,emptyanswer,emptyanswer,emptyanswer,emptyanswer,emptyanswer,emptyanswer,emptyanswer,emptyanswer,emptyanswer,emptyanswer,emptyanswer
3FTID4TN8KXM4D0T7JO13DFPR4ILYE,3IRIK4HM3AJU59TBEP5C6M1VRRY6CP,A3ODG942FG22PJ,Approved,Mon Mar 02 17:27:33 EST 2015,Mon Mar 02 17:27:53 EST 2015,Normative,System,Games,CTL,multiagent,na,na,na,na,na,na,na,na,na,na,na
3FTID4TN8KXM4D0T7JO13DFPR4ILYE,3LQ8PUHQFLR1F1ZS2IS2EGOGDA1HI6,A3FG9YWTFFK1AU,Approved,Mon Mar 02 19:01:23 EST 2015,Mon Mar 02 19:22:45 EST 2015,Normative System,Games,Kripke structures,Computation Tree Logic (CTL),Nash implementation,NP-complete,emptyanswer,emptyanswer,emptyanswer,emptyanswer,emptyanswer,emptyanswer,emptyanswer,emptyanswer,emptyanswer,emptyanswer
3FTID4TN8KXM4D0T7JO13DFPR4ILYE,3IX2EGZR7BIAZ6X1G5PW4L5MDYZJRS,A26M2B8NZVKWTZ,Approved,Mon Mar 02 21:15:08 EST 2015,Mon Mar 02 21:17:09 EST 2015,Normative,Games,System,Nash,priority,emptyanswer,emptyanswer,emptyanswer,emptyanswer,emptyanswer,emptyanswer,emptyanswer,emptyanswer,emptyanswer,emptyanswer,emptyanswer
3FTID4TN8KXM4D0T7JO13DFPR4ILYE,3GD6L00D3SWC7945L8N9EMFQDU01MI,A27I79P03I0ZPO,Approved,Mon Mar 02 21:27:27 EST 2015,Mon Mar 02 21:28:43 EST 2015,Normative,System,Games,implementation,Computation,emptyanswer,emptyanswer,emptyanswer,emptyanswer,emptyanswer,emptyanswer,emptyanswer,emptyanswer,emptyanswer,emptyanswer,emptyanswer
3FTID4TN8KXM4D0T7JO13DFPR4ILYE,3NAPMVF0ZWE0BRFE06LY0NS5ABK27Q,A2R085B34P2LYS,Approved,Mon Mar 02 21:54:33 EST 2015,Mon Mar 02 22:00:27 EST 2015,Normative,System,Games,agents,assumed,optional,optional,optional,optional,optional,optional,optional,optional,optional,optional,optional
3FTID4TN8KXM4D0T7JO13DFPR4ILYE,3WYP994K17Q78CUGAHN13DTEUFZY68,A1XRIEYLA7ZJ3B,Approved,Mon Mar 02 23:49:37 EST 2015,Mon Mar 02 23:53:50 EST 2015,normative systems,multiple goals of increasing priority,computational complexity and game theoretic properties,Kripke structures,hierarchy of formulae of Computation Tree Logic (CTL),model of ordinal utility,emptyanswer,emptyanswer,emptyanswer,emptyanswer,emptyanswer,emptyanswer,emptyanswer,emptyanswer,emptyanswer,emptyanswer
3FTID4TN8KXM4D0T7JO13DFPR4ILYE,38F5OAUN5NB4QHIWJRO5NRY7ZVNH7A,A1B5NXRZQYRC4R,Approved,Tue Mar 03 06:56:12 EST 2015,Tue Mar 03 06:56:37 EST 2015,normative,system,games,model,Computation Tree Logic,emptyanswer,emptyanswer,emptyanswer,emptyanswer,emptyanswer,emptyanswer,emptyanswer,emptyanswer,emptyanswer,emptyanswer,emptyanswer
3FTID4TN8KXM4D0T7JO13DFPR4ILYE,3VHHR074H3G6CD1MAC33FJREGCWL7L,AAOGFQY8JCVOD,Approved,Tue Mar 03 07:20:51 EST 2015,Tue Mar 03 07:22:56 EST 2015,normative systems,computational complexity,Kripke strucutres,multiagent system,Computation Tree Logic,hierarchy,define,ordinal utility,Nash implementation,NP-complete,emptyanswer,emptyanswer,emptyanswer,emptyanswer,emptyanswer,emptyanswer
3FTID4TN8KXM4D0T7JO13DFPR4ILYE,3MYYFCXHJ36T7Y52XN8GZF2WTTY4GS,A3S81UFDOWF2ST,Approved,Tue Mar 03 11:48:40 EST 2015,Tue Mar 03 11:51:54 EST 2015,Normative System Games,Computation Tree Logic,Kripke structures,hierarchy,complexity,emptyanswer,emptyanswer,emptyanswer,emptyanswer,emptyanswer,emptyanswer,emptyanswer,emptyanswer,emptyanswer,emptyanswer,emptyanswer
3FTID4TN8KXM4D0T7JO13DFPR4ILYE,3UJ1CZ6IZHOETMIT6SL7TLRDH26S5S,A2YW509B0UMSEH,Approved,Wed Mar 04 04:56:36 EST 2015,Wed Mar 04 05:00:05 EST 2015,Game,Kripke structure,agent,goal,transition,emptyanswer,emptyanswer,emptyanswer,emptyanswer,emptyanswer,emptyanswer,emptyanswer,emptyanswer,emptyanswer,emptyanswer,emptyanswer
3FTID4TN8KXM4D0T7JO13DFPR4ILYE,3DQQ64TANGKBTDHLAC4MOGZFEFEWP8,A3HPVFAF1U9WXK,Approved,Wed Mar 04 08:53:21 EST 2015,Wed Mar 04 08:55:06 EST 2015,Computation Tree Logic,normative systems,Kripke structures,computational complexity,Nash implementation,emptyanswer,emptyanswer,emptyanswer,emptyanswer,emptyanswer,emptyanswer,emptyanswer,emptyanswer,emptyanswer,emptyanswer,emptyanswer
3FTID4TN8KXM4D0T7JO13DFPR4ILYE,373ERPL3YO74D9T6SZ306RSVB3ORT9,A3H35QRODK1C4K,Approved,Wed Mar 04 10:28:52 EST 2015,Wed Mar 04 10:34:50 EST 2015,normative,system,games,implementation,comply,emptyanswer,emptyanswer,emptyanswer,emptyanswer,emptyanswer,emptyanswer,emptyanswer,emptyanswer,emptyanswer,emptyanswer,emptyanswer
3FTID4TN8KXM4D0T7JO13DFPR4ILYE,3N1FSUEFL5ZQVEVBVX78TUZZG3L4DP,A3FFZN4FO3Q789,Approved,Wed Mar 04 11:06:22 EST 2015,Wed Mar 04 11:09:48 EST 2015,replicate,replicate,replicate,replicate,replicate,emptyanswer,emptyanswer,emptyanswer,emptyanswer,emptyanswer,emptyanswer,emptyanswer,emptyanswer,emptyanswer,emptyanswer,emptyanswer
3FTID4TN8KXM4D0T7JO13DFPR4ILYE,3FPRZHYEPY6R7ZCTM42JPBD02BA3VL,A2F6ZON8X5EAGL,Approved,Wed Mar 04 15:44:22 EST 2015,Wed Mar 04 15:44:53 EST 2015,Normative System Games,normative,priority,subset,ordinal,emptyanswer,emptyanswer,emptyanswer,emptyanswer,emptyanswer,emptyanswer,emptyanswer,emptyanswer,emptyanswer,emptyanswer,emptyanswer
3FTID4TN8KXM4D0T7JO13DFPR4ILYE,36TFCYNS449Y5WON14S3HQBV1REHXN,A3OTLWGJFB65KD,Approved,Wed Mar 04 19:34:47 EST 2015,Wed Mar 04 19:34:53 EST 2015,nothing,nothing,nothing,nothing,nothing,emptyanswer,emptyanswer,emptyanswer,emptyanswer,emptyanswer,emptyanswer,emptyanswer,emptyanswer,emptyanswer,emptyanswer,emptyanswer
3FTID4TN8KXM4D0T7JO13DFPR4ILYE,33CKWXB73JJFBKIGSM4BUURNFNC11P,A3LUJSAN4DQ1ZT,Approved,Wed Mar 04 21:24:41 EST 2015,Wed Mar 04 21:26:23 EST 2015,Normative,Computational complexity,Nash,NP complete,CTL,Computation tree logic,emptyanswer,emptyanswer,emptyanswer,emptyanswer,emptyanswer,emptyanswer,emptyanswer,emptyanswer,emptyanswer,emptyanswer
3FTID4TN8KXM4D0T7JO13DFPR4ILYE,3D4CH1LGEASU44BEEI47GNDCFPUG9Q,A1YLO4LT02D2F0,Approved,Wed Mar 04 23:11:18 EST 2015,Wed Mar 04 23:13:41 EST 2015,"develop, system, agent goal, increasing, prior","investigate, complex, theory","subset, check, logic","kripke, implement, character","property,hierarchy, assumption",emptyanswer,emptyanswer,emptyanswer,emptyanswer,emptyanswer,emptyanswer,emptyanswer,emptyanswer,emptyanswer,emptyanswer,emptyanswer
3FTID4TN8KXM4D0T7JO13DFPR4ILYE,34BBWHLWHAAJCRUHXHE2FJY3S3HIWK,A9LA6QK6VCERR,Approved,Thu Mar 05 00:49:33 EST 2015,Thu Mar 05 00:50:49 EST 2015,Normative System Games,Computation Tree Logic,CTL,Kripke structures,Kripke-based normative,Nash implementation,emptyanswer,emptyanswer,emptyanswer,emptyanswer,emptyanswer,emptyanswer,emptyanswer,emptyanswer,emptyanswer,emptyanswer
3FTID4TN8KXM4D0T7JO13DFPR4ILYE,3WMINLGALB2VSB5E42MOMR3HNGVCA4,A1QUDNLO95AKS5,Approved,Thu Mar 05 08:50:13 EST 2015,Thu Mar 05 08:50:54 EST 2015,Normative System Games,develop,normative systems,goals,Computation Tree Logic (CTL),emptyanswer,emptyanswer,emptyanswer,emptyanswer,emptyanswer,emptyanswer,emptyanswer,emptyanswer,emptyanswer,emptyanswer,emptyanswer
3FTID4TN8KXM4D0T7JO13DFPR4ILYE,3LKC68YZ3A2T8D5KVCR7ZGUP4DIWOX,A3I10J1GPDAPQR,Approved,Thu Mar 05 09:33:26 EST 2015,Thu Mar 05 09:35:03 EST 2015,Normative System Games,computational complexity,Kripke-based normative system games,NP-complete,Nash implementation,emptyanswer,emptyanswer,emptyanswer,emptyanswer,emptyanswer,emptyanswer,emptyanswer,emptyanswer,emptyanswer,emptyanswer,emptyanswer
3FTID4TN8KXM4D0T7JO13DFPR4ILYE,3GS6S824SQWBQS58UXRUKRUKE3QWNV,A3DHYTZ1GPN0T8,Approved,Thu Mar 05 13:08:59 EST 2015,Thu Mar 05 13:10:03 EST 2015,normative systems,Computation Tree Logic (CTL),Kripke structures,Nash implementation,hierarchy,emptyanswer,emptyanswer,emptyanswer,emptyanswer,emptyanswer,emptyanswer,emptyanswer,emptyanswer,emptyanswer,emptyanswer,emptyanswer
3FTID4TN8KXM4D0T7JO13DFPR4ILYE,3QIYRE09Y3GIPRP5X929R14QIRR1ND,AQXSUU4I4DAH8,Approved,Thu Mar 05 14:34:53 EST 2015,Thu Mar 05 14:35:30 EST 2015,Normative System Games,multiple goals of increasing priority,normative systems,Computation Tree Logic,computational complexity,emptyanswer,emptyanswer,emptyanswer,emptyanswer,emptyanswer,emptyanswer,emptyanswer,emptyanswer,emptyanswer,emptyanswer,emptyanswer
3FTID4TN8KXM4D0T7JO13DFPR4ILYE,3TDXMTX3CBTLICFB6Z1YHPZQ44J6I8,A1W7BQWWGKJ3XF,Approved,Thu Mar 05 19:48:21 EST 2015,Thu Mar 05 19:49:10 EST 2015,Normative System Games,Computation Tree Logic (CTL),model,Nash implementation,NP-complete,Kripke structure,emptyanswer,emptyanswer,emptyanswer,emptyanswer,emptyanswer,emptyanswer,emptyanswer,emptyanswer,emptyanswer,emptyanswer
3FTID4TN8KXM4D0T7JO13DFPR4ILYE,3KGTPGBS6XK292RADEE9AF6PIURU2A,ADUJUZANFOWKW,Approved,Thu Mar 05 22:11:41 EST 2015,Thu Mar 05 22:12:05 EST 2015,system,games,agents,kripe,CTL,emptyanswer,emptyanswer,emptyanswer,emptyanswer,emptyanswer,emptyanswer,emptyanswer,emptyanswer,emptyanswer,emptyanswer,emptyanswer
3FTID4TN8KXM4D0T7JO13DFPR4ILYE,3LRLIPTPEQ8DB9H2WF3MAAGPSVSKAP,A2KELEVTA0306Y,Approved,Fri Mar 06 11:55:06 EST 2015,Fri Mar 06 11:57:10 EST 2015,develop,model,normative,systems,agents,assumed,multiple,increasing,priority,investigate,computational,complexity,theoretic,property,NP-complete,implementation
3FTID4TN8KXM4D0T7JO13DFPR4ILYE,34S6N1K2ZVI3527YNLPF6WG8UQ8HLL,A1A7P5LC80G47W,Approved,Fri Mar 06 15:26:06 EST 2015,Fri Mar 06 15:27:03 EST 2015,normative system games,agents,multiple goals,computational complexity,computation tree logic,emptyanswer,emptyanswer,emptyanswer,emptyanswer,emptyanswer,emptyanswer,emptyanswer,emptyanswer,emptyanswer,emptyanswer,emptyanswer
3FTID4TN8KXM4D0T7JO13DFPR4ILYE,3SNVL38CI4R14OE0GTZDG56DS0YKCG,A9HQ3E0F2AGVO,Approved,Sat Mar 07 11:30:00 EST 2015,Sat Mar 07 11:30:44 EST 2015,normative systems,multiple goals,computational complexity,game theoretic properties,Kripke structures,emptyanswer,emptyanswer,emptyanswer,emptyanswer,emptyanswer,emptyanswer,emptyanswer,emptyanswer,emptyanswer,emptyanswer,emptyanswer
3FTID4TN8KXM4D0T7JO13DFPR4ILYE,37TD41K0AH8ZS7R8L28F7RXN9UBCSP,A3K6BSW10S4YKJ,Approved,Sat Mar 07 11:43:19 EST 2015,Sat Mar 07 11:44:38 EST 2015,a model of normative systems,investigate the computational complexity,Kripke structures,Computation Tree Logic (CTL),Kripke-based normative systems as games,emptyanswer,emptyanswer,emptyanswer,emptyanswer,emptyanswer,emptyanswer,emptyanswer,emptyanswer,emptyanswer,emptyanswer,emptyanswer
3FTID4TN8KXM4D0T7JO13DFPR4ILYE,36NEMU28XFC58AK8IWCU7C5K9LEMWZ,A10443E11ZWEHJ,Approved,Sat Mar 07 12:54:06 EST 2015,Sat Mar 07 13:20:02 EST 2015,MODEL,normative systems,agents,multiple goals,increasing priority,structures to represent,investigate the computational complexity,"simply a subset of the Kripke structure,",possible transitions of a multiagent system,which contains the arcs that are forbidden by the normative system.,Tree Logic (CTL),logic for representing the properties of Kripke structures:,intuition,characterise the computational complexity of a number of decision problems,the complexity of checking whether there exists a normative system which has the property of being a Nash implementation is NP-complete.,Kripke-based normative system games
3FTID4TN8KXM4D0T7JO13DFPR4ILYE,338JKRMM26YM9JGUQU0PXI0X0GFAH6,A37WDQ1VG5XN6Z,Approved,Sat Mar 07 13:38:11 EST 2015,Sat Mar 07 13:38:18 EST 2015,nothing,nothing,nothing,nothing,nothing,emptyanswer,emptyanswer,emptyanswer,emptyanswer,emptyanswer,emptyanswer,emptyanswer,emptyanswer,emptyanswer,emptyanswer,emptyanswer
3FTID4TN8KXM4D0T7JO13DFPR4ILYE,3JJVG1YBEBWFC01RV6ZC3WHDDPAB5M,AKY7ZFPCHAXMJ,Approved,Sat Mar 07 14:14:52 EST 2015,Sat Mar 07 15:02:02 EST 2015,Normative System Games,hierarchy of formulae of Computation Tree Logic (CTL),Kripke structures,complexity of checking,hierarchy are preferred,model of ordinal utility,emptyanswer,emptyanswer,emptyanswer,emptyanswer,emptyanswer,emptyanswer,emptyanswer,emptyanswer,emptyanswer,emptyanswer
3FTID4TN8KXM4D0T7JO13DFPR4ILYE,3ZDAD0O1T1COA5FI1Y9SV9EJCWIXT8,A38IE69ORDCEGY,Approved,Sat Mar 07 23:34:11 EST 2015,Sat Mar 07 23:37:00 EST 2015,normative system games,Kripke structures,Computation Tree Logic,ordinal utility,NP-complete,emptyanswer,emptyanswer,emptyanswer,emptyanswer,emptyanswer,emptyanswer,emptyanswer,emptyanswer,emptyanswer,emptyanswer,emptyanswer
3FTID4TN8KXM4D0T7JO13DFPR4ILYE,3OXV7EAXLEP6S9XSLWUBDJX1LT9366,APEB5ERGCYP6D,Approved,Sat Mar 07 23:57:26 EST 2015,Sun Mar 08 00:04:35 EST 2015,a model of normative systems,multiple goals of increasing priority,and investigate the computational complexity,game theoretic properties of this model,Nash implementation is NP-complete.,emptyanswer,emptyanswer,emptyanswer,emptyanswer,emptyanswer,emptyanswer,emptyanswer,emptyanswer,emptyanswer,emptyanswer,emptyanswer
3FTID4TN8KXM4D0T7JO13DFPR4ILYE,3L0KT67Y8EFCVASDHUQ44IP6CKESY2,A1JWEYGDFDB100,Approved,Sun Mar 08 08:20:03 EDT 2015,Sun Mar 08 08:21:15 EDT 2015,Normative,System Games,multiple goals,Nash implementation,Kripke-based,emptyanswer,emptyanswer,emptyanswer,emptyanswer,emptyanswer,emptyanswer,emptyanswer,emptyanswer,emptyanswer,emptyanswer,emptyanswer
3FTID4TN8KXM4D0T7JO13DFPR4ILYE,3A1PQ49WVHGQFV3UUB7WMH7UWOWH1G,A3G4SXD4N30C3L,Approved,Sun Mar 08 12:59:37 EDT 2015,Sun Mar 08 13:00:10 EDT 2015,Normative System Games,Computation Tree Logic (CTL),game theoretic properties,Kripke structures,multiagent system,Nash implementation,NP-complete,emptyanswer,emptyanswer,emptyanswer,emptyanswer,emptyanswer,emptyanswer,emptyanswer,emptyanswer,emptyanswer
3FTID4TN8KXM4D0T7JO13DFPR4ILYE,3QAPZX2QN4CMTGFUF70PL8II2DB02H,A156NFBMKKLDL9,Approved,Sun Mar 08 13:49:38 EDT 2015,Sun Mar 08 13:50:14 EDT 2015,Normative System Games,Kripke structure,model,Computation Tree Logic,Kripke-based normative system,emptyanswer,emptyanswer,emptyanswer,emptyanswer,emptyanswer,emptyanswer,emptyanswer,emptyanswer,emptyanswer,emptyanswer,emptyanswer
3FTID4TN8KXM4D0T7JO13DFPR4ILYE,34HJIJKLP5VCPVVXMI72ZG56GNKV40,A2GBY8O6GYSB89,Approved,Sun Mar 08 14:18:37 EDT 2015,Sun Mar 08 14:19:54 EDT 2015,Normative System Games,multiple goals of increasing priority,computational complexity,Kripke structures,Computation Tree Logic,emptyanswer,emptyanswer,emptyanswer,emptyanswer,emptyanswer,emptyanswer,emptyanswer,emptyanswer,emptyanswer,emptyanswer,emptyanswer
3FTID4TN8KXM4D0T7JO13DFPR4ILYE,31Q0U3WYDPETM6XIH2LKV4I0IL6174,A16MCPIUMNIDW,Approved,Sun Mar 08 15:57:31 EDT 2015,Sun Mar 08 15:59:01 EDT 2015,normative systems,priority,game theory,Kripke structures,Computation Tree Logic,CTL,ordinal utility,Nash implementation,emptyanswer,emptyanswer,emptyanswer,emptyanswer,emptyanswer,emptyanswer,emptyanswer,emptyanswer
3FTID4TN8KXM4D0T7JO13DFPR4ILYE,3IO1LGZLK9WST63YXDP7405C1GV68X,A3EOFHEPL3L07Y,Approved,Sun Mar 08 18:02:36 EDT 2015,Sun Mar 08 18:03:30 EDT 2015,Normative System Games,model of normative systems,Computation Tree Logic,CTL,Kripke-based normative systems as games,emptyanswer,emptyanswer,emptyanswer,emptyanswer,emptyanswer,emptyanswer,emptyanswer,emptyanswer,emptyanswer,emptyanswer,emptyanswer
3FTID4TN8KXM4D0T7JO13DFPR4ILYE,36U2A8VAG1YE7RF5CLH2DWYWVRFKYT,A12J6O77R7WG93,Approved,Mon Mar 09 02:03:20 EDT 2015,Mon Mar 09 02:05:18 EDT 2015,normative systems,multiple goals,computational complexity,game theoretic properties,Kripke structures,multiagent system,Computation Tree Logic,emptyanswer,emptyanswer,emptyanswer,emptyanswer,emptyanswer,emptyanswer,emptyanswer,emptyanswer,emptyanswer
3FTID4TN8KXM4D0T7JO13DFPR4ILYE,3NGI5ARFTT4ISC1IDOF1VQ9LIHO1PR,A2E2IQ99W6B7AV,Approved,Mon Mar 09 06:22:49 EDT 2015,Mon Mar 09 06:24:48 EDT 2015,System gaming,Model checking,Kripke structure analysis,System hierarchy,Normative systems,emptyanswer,emptyanswer,emptyanswer,emptyanswer,emptyanswer,emptyanswer,emptyanswer,emptyanswer,emptyanswer,emptyanswer,emptyanswer
3FTID4TN8KXM4D0T7JO13DFPR4ILYE,3GNCZX450IMEM0EI978U6R2OMBYPA7,A2SZAM3EZER2PH,Approved,Mon Mar 09 07:48:28 EDT 2015,Mon Mar 09 07:49:04 EDT 2015,develop a model,have multiple goals,formulae of Computation,decision problems,NP-complete,emptyanswer,emptyanswer,emptyanswer,emptyanswer,emptyanswer,emptyanswer,emptyanswer,emptyanswer,emptyanswer,emptyanswer,emptyanswer
3FTID4TN8KXM4D0T7JO13DFPR4ILYE,3Z9WI9EOZZNSLWPG2LDERW3T5WOHKF,A3GSN49YWM9CLD,Approved,Mon Mar 09 10:41:47 EDT 2015,Mon Mar 09 10:43:37 EDT 2015,normative systems,Computation Tree Logic (CTL),computational complexity,"Kripke-based normative systems as games,",Nash implementation is NP-complete.,emptyanswer,emptyanswer,emptyanswer,emptyanswer,emptyanswer,emptyanswer,emptyanswer,emptyanswer,emptyanswer,emptyanswer,emptyanswer
3FTID4TN8KXM4D0T7JO13DFPR4ILYE,33NF62TLXJ1OC2K6QLGZ39J8IOXJKR,A17JEL4FN1B9TB,Approved,Mon Mar 09 12:22:38 EDT 2015,Mon Mar 09 12:24:10 EDT 2015,normative,system,games,multiple,goals,model,Kripke,structures,emptyanswer,emptyanswer,emptyanswer,emptyanswer,emptyanswer,emptyanswer,emptyanswer,emptyanswer
3FTID4TN8KXM4D0T7JO13DFPR4ILYE,3CCZ6YKWR7IWO7MUXMLGCQMNPT195C,ACYGMRGAZ22U7,Approved,Mon Mar 09 18:05:38 EDT 2015,Mon Mar 09 18:05:43 EDT 2015,Keyword/Keyphrase 1:,Keyword/Keyphrase 1:,Keyword/Keyphrase 1:,Keyword/Keyphrase 1:,Keyword/Keyphrase 1:,emptyanswer,emptyanswer,emptyanswer,emptyanswer,emptyanswer,emptyanswer,emptyanswer,emptyanswer,emptyanswer,emptyanswer,emptyanswer
3FTID4TN8KXM4D0T7JO13DFPR4ILYE,3WEV0KO0OMR9XZXMLY3QRXF5U0ESD8,AW36CVMS3526O,Approved,Tue Mar 10 11:48:24 EDT 2015,Tue Mar 10 11:50:26 EDT 2015,normative system,computational,"Kripke structure,",Computation,implementation,emptyanswer,emptyanswer,emptyanswer,emptyanswer,emptyanswer,emptyanswer,emptyanswer,emptyanswer,emptyanswer,emptyanswer,emptyanswer
3FTID4TN8KXM4D0T7JO13DFPR4ILYE,33F859I566CRSTLMW80LSTK3I4YBHC,A2EEL9YYUHL5SK,Approved,Tue Mar 10 16:53:06 EDT 2015,Tue Mar 10 16:54:57 EDT 2015,Normative System Games,multiple goals of increasing priority,possible transitions of a multiagent system,A normative system is then simply a subset of the Kripke structure,Computation Tree Logic (CTL),emptyanswer,emptyanswer,emptyanswer,emptyanswer,emptyanswer,emptyanswer,emptyanswer,emptyanswer,emptyanswer,emptyanswer,emptyanswer
3FTID4TN8KXM4D0T7JO13DFPR4ILYE,3MRNMEIQW55MTM2W1P6PFB1A277DLI,A3UY2GVCKC8LSL,Approved,Tue Mar 10 23:38:52 EDT 2015,Tue Mar 10 23:39:33 EDT 2015,Kripke,Nash implementation,NP-complete,Computation Tree Logic,Normative System Games,emptyanswer,emptyanswer,emptyanswer,emptyanswer,emptyanswer,emptyanswer,emptyanswer,emptyanswer,emptyanswer,emptyanswer,emptyanswer
3FTID4TN8KXM4D0T7JO13DFPR4ILYE,34J10VATJFXESUYVL8FWNUGH4IGQI0,ATRHDYWCIYTDJ,Approved,Wed Mar 11 04:24:00 EDT 2015,Wed Mar 11 04:24:19 EDT 2015,systems,assumed,increasing,computational,theoretic,emptyanswer,emptyanswer,emptyanswer,emptyanswer,emptyanswer,emptyanswer,emptyanswer,emptyanswer,emptyanswer,emptyanswer,emptyanswer
3FTID4TN8KXM4D0T7JO13DFPR4ILYE,3VW6495TLJZ9RW4MG0ITM4D7TB1YYP,A3CMDYA9USA3MR,Approved,Wed Mar 11 07:54:15 EDT 2015,Wed Mar 11 07:54:26 EDT 2015,normative,agents,multiple,normative,exists,emptyanswer,emptyanswer,emptyanswer,emptyanswer,emptyanswer,emptyanswer,emptyanswer,emptyanswer,emptyanswer,emptyanswer,emptyanswer
3FTID4TN8KXM4D0T7JO13DFPR4ILYE,3NG53N1RLVI03CL3C9OGA0WTWRCP8P,A28IXE702NXWKQ,Approved,Wed Mar 11 16:27:12 EDT 2015,Wed Mar 11 16:29:28 EDT 2015,We develop a model of normative systems,agents are assumed to have multiple goals,increasing priority,which in turn allows us to interpret our Kripke-based normative systems as games,Nash implementation is NP-complete,emptyanswer,emptyanswer,emptyanswer,emptyanswer,emptyanswer,emptyanswer,emptyanswer,emptyanswer,emptyanswer,emptyanswer,emptyanswer
3FTID4TN8KXM4D0T7JO13DFPR4ILYE,337RC3OW0518N32ISA6JLX7H2FRVLH,ANB69EQROUTQJ,Approved,Wed Mar 11 22:41:59 EDT 2015,Wed Mar 11 22:43:16 EDT 2015,NORMATIVE SYSTEMS,MULTIPLE GOALS,COMPUTATIONAL COMPLEXITY,KRIPKE STRUCTURE,ORDINAL UTILITY,emptyanswer,emptyanswer,emptyanswer,emptyanswer,emptyanswer,emptyanswer,emptyanswer,emptyanswer,emptyanswer,emptyanswer,emptyanswer
3FTID4TN8KXM4D0T7JO13DFPR4ILYE,3VSOLARPKB8TASZQJ3XNXTO3C2G39X,A2KS418T8MPLJH,Approved,Thu Mar 12 12:08:01 EDT 2015,Thu Mar 12 12:09:09 EDT 2015,"We develop a model of normative systems in which agents are assumed to have multiple goals of increasing priority, and investigate the computational complexity and game theoretic properties of this model.","In the underlying model of normative systems, we use Kripke structures to represent the possible transitions of a multiagent system. A normative system is then simply a subset of the Kripke structure, which contains the arcs that are forbidden by the normative system","We specify an agent's goals as a hierarchy of formulae of Computation Tree Logic (CTL), a widely used logic for representing the properties of Kripke structures:","the intuition is that goals further up the hierarchy are preferred by the agent over those that appear further down the hierarchy. Using this scheme, we define a model of ordinal utility, which in turn allows us to interpret our Kripke-based normative systems as games, in which agents must determine whether to comply with the normative system or not.","We then characterise the computational complexity of a number of decision problems associated with these Kripke-based normative system games; for example, we show that the complexity of checking whether there exists a normative system which has the property of being a Nash implementation is NP-complete.",emptyanswer,emptyanswer,emptyanswer,emptyanswer,emptyanswer,emptyanswer,emptyanswer,emptyanswer,emptyanswer,emptyanswer,emptyanswer
3FTID4TN8KXM4D0T7JO13DFPR4ILYE,33CKWXB73JJFBKIGSM4BUURNG6E11U,AM1HY736BY3Z8,Approved,Thu Mar 12 12:23:18 EDT 2015,Thu Mar 12 12:24:20 EDT 2015,Normative System Games,We develop a model of normative systems in which agents are assumed to have multiple goals of increasing priority,"In the underlying model of normative systems, we use Kripke structures to represent the possible transitions of a multiagent system","Using this scheme, we define a model of ordinal utility, which in turn allows us to interpret our Kripke-based normative systems as games, in which agents must determine whether to comply with the normative system or not",We then characterise the computational complexity of a number of decision problems associated with these Kripke-based normative system games;,emptyanswer,emptyanswer,emptyanswer,emptyanswer,emptyanswer,emptyanswer,emptyanswer,emptyanswer,emptyanswer,emptyanswer,emptyanswer
3FTID4TN8KXM4D0T7JO13DFPR4ILYE,33L7PJKHCGXYV4EATQX0FAXQMVD8TW,ADVZAZ12Z8N9J,Approved,Thu Mar 12 13:20:09 EDT 2015,Thu Mar 12 13:51:10 EDT 2015,"We develop a model of normative systems in which agents are assumed to have multiple goals of increasing priority, and investigate the computational complexity and game theoretic properties of this model.",N/A,N/A,N/A,N/A,emptyanswer,emptyanswer,emptyanswer,emptyanswer,emptyanswer,emptyanswer,emptyanswer,emptyanswer,emptyanswer,emptyanswer,emptyanswer
3FTID4TN8KXM4D0T7JO13DFPR4ILYE,333U7HK6I9EGYWEWY4UCZWOIZLLJDC,AU3WQKISBW5MZ,Approved,Thu Mar 12 14:15:06 EDT 2015,Thu Mar 12 14:15:49 EDT 2015,"We develop a model of normative systems in which agents are assumed to have multiple goals of increasing priority, and investigate the computational complexity and game theoretic properties of this model.","In the underlying model of normative systems, we use Kripke structures to represent the possible transitions of a multiagent system.","A normative system is then simply a subset of the Kripke structure, which contains the arcs that are forbidden by the normative system. We specify an agent's goals as a hierarchy of formulae of Computation Tree Logic (CTL), a widely used logic for representing the properties of Kripke structures: the intuition is that goals further up the hierarchy are preferred by the agent over those that appear further down the hierarchy.","Using this scheme, we define a model of ordinal utility, which in turn allows us to interpret our Kripke-based normative systems as games, in which agents must determine whether to comply with the normative system or not.","We then characterise the computational complexity of a number of decision problems associated with these Kripke-based normative system games; for example, we show that the complexity of checking whether there exists a normative system which has the property of being a Nash implementation is NP-complete.",emptyanswer,emptyanswer,emptyanswer,emptyanswer,emptyanswer,emptyanswer,emptyanswer,emptyanswer,emptyanswer,emptyanswer,emptyanswer
3FTID4TN8KXM4D0T7JO13DFPR4ILYE,3FTYUGLFSUK8RXZB92QIYM5DHKRD5L,A3MRB8TFD1IUS6,Approved,Thu Mar 12 14:38:42 EDT 2015,Thu Mar 12 14:40:03 EDT 2015,Normative System Games,Kripke structures,Computation Tree Logic,Nash implementation,game theoretic properties,emptyanswer,emptyanswer,emptyanswer,emptyanswer,emptyanswer,emptyanswer,emptyanswer,emptyanswer,emptyanswer,emptyanswer,emptyanswer
3FTID4TN8KXM4D0T7JO13DFPR4ILYE,3GD6L00D3SWC7945L8N9EMFQEIG1MB,AL9R6CILUG30X,Approved,Thu Mar 12 16:00:14 EDT 2015,Thu Mar 12 16:02:33 EDT 2015,Normative systems,computational complexity,game theoretic properties,Kripke structures,multiagent system,Computation Tree Logic (CTL),Nash implementation,emptyanswer,emptyanswer,emptyanswer,emptyanswer,emptyanswer,emptyanswer,emptyanswer,emptyanswer,emptyanswer
3FTID4TN8KXM4D0T7JO13DFPR4ILYE,3DR23U6WE5DF45O16TJ07KTCXZJTEQ,A2SDTL2V8VJ25O,Approved,Thu Mar 12 18:05:01 EDT 2015,Thu Mar 12 18:05:35 EDT 2015,Normative,assumed,increasing,complexity,implementation,emptyanswer,emptyanswer,emptyanswer,emptyanswer,emptyanswer,emptyanswer,emptyanswer,emptyanswer,emptyanswer,emptyanswer,emptyanswer
3FTID4TN8KXM4D0T7JO13DFPR4ILYE,3KAKFY4PGU1MLTSTNX30AMN6VUE3IV,A2UNRV6PEOEXG0,Approved,Fri Mar 13 12:47:40 EDT 2015,Fri Mar 13 12:48:28 EDT 2015,Normative System Games,normative systems,Kripke-based,Computation Tree Logic,computational complexity,emptyanswer,emptyanswer,emptyanswer,emptyanswer,emptyanswer,emptyanswer,emptyanswer,emptyanswer,emptyanswer,emptyanswer,emptyanswer
3FTID4TN8KXM4D0T7JO13DFPR4ILYE,3JAOYWH7VI3AQWPFP91NTFIKCQK9LY,A18U96VTGHOXKM,Approved,Fri Mar 13 13:25:04 EDT 2015,Fri Mar 13 13:26:20 EDT 2015,Normative System Games,Games,Kripke structures,Kripke-based normative system games,normative system as subset of kripke structure,emptyanswer,emptyanswer,emptyanswer,emptyanswer,emptyanswer,emptyanswer,emptyanswer,emptyanswer,emptyanswer,emptyanswer,emptyanswer
3FTID4TN8KXM4D0T7JO13DFPR4ILYE,35GMH2SV3EGZRDJTACX1DANPYTAOEB,A3DTN2OMF6DUSI,Approved,Fri Mar 13 22:58:31 EDT 2015,Fri Mar 13 22:58:49 EDT 2015,Normative,System,Games,model,determine,emptyanswer,emptyanswer,emptyanswer,emptyanswer,emptyanswer,emptyanswer,emptyanswer,emptyanswer,emptyanswer,emptyanswer,emptyanswer
3FTID4TN8KXM4D0T7JO13DFPR4ILYE,3RYC5T2D73S6LH0ZBIUG1HRYNP2PRG,A610SH5RY1NG1,Approved,Sat Mar 14 07:42:57 EDT 2015,Sat Mar 14 07:43:17 EDT 2015,Normative,System,Games,Kripke,Computation Tree Logic,emptyanswer,emptyanswer,emptyanswer,emptyanswer,emptyanswer,emptyanswer,emptyanswer,emptyanswer,emptyanswer,emptyanswer,emptyanswer
3FTID4TN8KXM4D0T7JO13DFPR4ILYE,33IZTU6J810NV523CY42L4IXBQ5SX6,A2Z9HR2IBD75R9,Approved,Sat Mar 14 09:40:29 EDT 2015,Sat Mar 14 09:40:53 EDT 2015,Games,Kripke-based normative system games,complexity,checking,system,emptyanswer,emptyanswer,emptyanswer,emptyanswer,emptyanswer,emptyanswer,emptyanswer,emptyanswer,emptyanswer,emptyanswer,emptyanswer
3FTID4TN8KXM4D0T7JO13DFPR4ILYE,308XBLVESI34HNZPSDCF6XM96MURB6,AEISWC78MXIR5,Approved,Sat Mar 14 16:32:45 EDT 2015,Sat Mar 14 16:42:08 EDT 2015,System Games,normative systems,Kripke,Computation Tree Logic,game theoretic,emptyanswer,emptyanswer,emptyanswer,emptyanswer,emptyanswer,emptyanswer,emptyanswer,emptyanswer,emptyanswer,emptyanswer,emptyanswer
3FTID4TN8KXM4D0T7JO13DFPR4ILYE,3A0EX8ZRN8NDEOBB6849ETF699AYBG,A3HEJEVDXYX2K9,Approved,Sat Mar 14 16:44:34 EDT 2015,Sat Mar 14 16:45:56 EDT 2015,Computation Tree Logic,Normative System Games,Kripke-based normative system games,Nash implementation,game theoretic properties,emptyanswer,emptyanswer,emptyanswer,emptyanswer,emptyanswer,emptyanswer,emptyanswer,emptyanswer,emptyanswer,emptyanswer,emptyanswer
3FTID4TN8KXM4D0T7JO13DFPR4ILYE,37XITHEISW8NRSRV6D8AHHSRO7VRCE,A0017268R9SKD8U2Y3F,Approved,Sat Mar 14 16:57:32 EDT 2015,Sat Mar 14 17:07:53 EDT 2015,normative systems,computational complexity,game theoretic properties,Kripke structures,possible transitions of a multiagent system,"normative system is then simply a subset of the Kripke structure, which contains the arcs that are forbidden by the normative system.",hierarchy of formulae of Computation Tree Logic,goals further up the hierarchy are preferred by the agent over those that appear further down the hierarchy.,ordinal utility,complexity of checking whether there exists a normative,property of being a Nash implementation is NP-complete.,emptyanswer,emptyanswer,emptyanswer,emptyanswer,emptyanswer
