HitId,AssignmentId,WorkerId,Status,AcceptTime,SubmitTime,Answer 1,Answer 2,Answer 3,Answer 4,Answer 5,Answer 6,Answer 7,Answer 8,Answer 9,Answer 10,Answer 11,Answer 12,Answer 13,Answer 14,Answer 15,Answer 16
3FVBZG9CLIDNLMLI8QYUJTSYYAUH02,3QIYRE09Y3GIPRP5X929R14QIKQN1K,A22R7DT2XQIKXV,Approved,Mon Mar 02 14:57:12 EST 2015,Mon Mar 02 14:57:17 EST 2015,aa,aa,aa,aa,aa,emptyanswer,emptyanswer,emptyanswer,emptyanswer,emptyanswer,emptyanswer,emptyanswer,emptyanswer,emptyanswer,emptyanswer,emptyanswer
3FVBZG9CLIDNLMLI8QYUJTSYYAUH02,3QAVNHZ3EM3OVFZKHFFNPAT4HJGLAO,A27I79P03I0ZPO,Approved,Mon Mar 02 21:40:28 EST 2015,Mon Mar 02 21:45:37 EST 2015,Improved,Service,Management,Correlation,Event,emptyanswer,emptyanswer,emptyanswer,emptyanswer,emptyanswer,emptyanswer,emptyanswer,emptyanswer,emptyanswer,emptyanswer,emptyanswer
3FVBZG9CLIDNLMLI8QYUJTSYYAUH02,31UV0MXWNQBPZ8FX1GRTPJLQ81O5IR,A2R085B34P2LYS,Approved,Mon Mar 02 22:54:43 EST 2015,Mon Mar 02 23:17:35 EST 2015,Service-Oriented,Service,Quality,Improved,Management,emptyanswer,emptyanswer,emptyanswer,emptyanswer,emptyanswer,emptyanswer,emptyanswer,emptyanswer,emptyanswer,emptyanswer,emptyanswer
3FVBZG9CLIDNLMLI8QYUJTSYYAUH02,3Z4XG4ZF48Q5CLNUY0YX4DIWY4V8XY,A26M2B8NZVKWTZ,Approved,Mon Mar 02 23:27:52 EST 2015,Mon Mar 02 23:28:52 EST 2015,Assured,Management,Improved,Quality,Correlation,emptyanswer,emptyanswer,emptyanswer,emptyanswer,emptyanswer,emptyanswer,emptyanswer,emptyanswer,emptyanswer,emptyanswer,emptyanswer
3FVBZG9CLIDNLMLI8QYUJTSYYAUH02,38F5OAUN5NB4QHIWJRO5NRY7ZVSH7F,A3ODG942FG22PJ,Approved,Tue Mar 03 08:49:33 EST 2015,Tue Mar 03 08:49:50 EST 2015,Service,Quality,Fault,Management,Service-Oriented,na,na,na,na,na,na,na,na,na,na,na
3FVBZG9CLIDNLMLI8QYUJTSYYAUH02,3Y54SXRO1LKWT1LNWTY5B2FFI0MUT6,A1B5NXRZQYRC4R,Approved,Tue Mar 03 08:59:00 EST 2015,Tue Mar 03 08:59:20 EST 2015,assured,service,quality,improved,fault management,emptyanswer,emptyanswer,emptyanswer,emptyanswer,emptyanswer,emptyanswer,emptyanswer,emptyanswer,emptyanswer,emptyanswer,emptyanswer
3FVBZG9CLIDNLMLI8QYUJTSYYAUH02,3MYYFCXHJ36T7Y52XN8GZF2WTT44GY,A1PXJWCNRYCBS5,Approved,Tue Mar 03 14:05:21 EST 2015,Tue Mar 03 14:07:12 EST 2015,Assured Service Quality,Improved Fault managerment service-oriented event correlation,paradigm shift,service oriented event correlation for an IT service provider,Leibniz supercomputing center,emptyanswer,emptyanswer,emptyanswer,emptyanswer,emptyanswer,emptyanswer,emptyanswer,emptyanswer,emptyanswer,emptyanswer,emptyanswer
3FVBZG9CLIDNLMLI8QYUJTSYYAUH02,3KXIR214I4F3S4XVY8NRXB8VJAZ42F,A3S81UFDOWF2ST,Approved,Tue Mar 03 14:01:45 EST 2015,Tue Mar 03 14:41:00 EST 2015,service-oriented management,IT Infrastructure Library,enhanced Telecom Operations Map,Leibniz Supercomputing Center,Munich Network Management,emptyanswer,emptyanswer,emptyanswer,emptyanswer,emptyanswer,emptyanswer,emptyanswer,emptyanswer,emptyanswer,emptyanswer,emptyanswer
3FVBZG9CLIDNLMLI8QYUJTSYYAUH02,3CN4LGXD5XNTTPQ2RTUM6F90YPZY4V,A3FG9YWTFFK1AU,Approved,Tue Mar 03 16:47:36 EST 2015,Tue Mar 03 17:04:05 EST 2015,Assured Service Quality,Improved Fault Management,Service-Oriented Event Correlation,paradigm shift,IT Infrastructure Library (ITIL),Telecom Operations Map (eTOM),Munich Network Management (MNM) Team,emptyanswer,emptyanswer,emptyanswer,emptyanswer,emptyanswer,emptyanswer,emptyanswer,emptyanswer,emptyanswer
3FVBZG9CLIDNLMLI8QYUJTSYYAUH02,37TD41K0AH8ZS7R8L28F7RXN9JPSCX,A2YW509B0UMSEH,Approved,Wed Mar 04 03:37:41 EST 2015,Wed Mar 04 03:39:20 EST 2015,Service,Quality,service-oriented,device-oriented,correlation,emptyanswer,emptyanswer,emptyanswer,emptyanswer,emptyanswer,emptyanswer,emptyanswer,emptyanswer,emptyanswer,emptyanswer,emptyanswer
3FVBZG9CLIDNLMLI8QYUJTSYYAUH02,3Y54SXRO1LKWT1LNWTY5B2FFI2VUTJ,A3FFZN4FO3Q789,Approved,Wed Mar 04 11:01:58 EST 2015,Wed Mar 04 11:05:06 EST 2015,preliminary,preliminary,preliminary,preliminary,preliminary,emptyanswer,emptyanswer,emptyanswer,emptyanswer,emptyanswer,emptyanswer,emptyanswer,emptyanswer,emptyanswer,emptyanswer,emptyanswer
3FVBZG9CLIDNLMLI8QYUJTSYYAUH02,39OWYR0EPKQ3R5NRBAQ5XJ6RNH0YFF,A3LUJSAN4DQ1ZT,Approved,Wed Mar 04 11:45:03 EST 2015,Wed Mar 04 11:45:34 EST 2015,ITIL,eTOM,LRZ,service-oriented,Infrastructure,emptyanswer,emptyanswer,emptyanswer,emptyanswer,emptyanswer,emptyanswer,emptyanswer,emptyanswer,emptyanswer,emptyanswer,emptyanswer
3FVBZG9CLIDNLMLI8QYUJTSYYAUH02,32EYX73OY08JDM8VS4TABNEXUH2RU7,A3H35QRODK1C4K,Approved,Wed Mar 04 11:58:05 EST 2015,Wed Mar 04 11:59:20 EST 2015,assured,service,quality,improved,fault,emptyanswer,emptyanswer,emptyanswer,emptyanswer,emptyanswer,emptyanswer,emptyanswer,emptyanswer,emptyanswer,emptyanswer,emptyanswer
3FVBZG9CLIDNLMLI8QYUJTSYYAUH02,32EYX73OY08JDM8VS4TABNEXUH8RUD,ADVZAZ12Z8N9J,Approved,Wed Mar 04 13:15:48 EST 2015,Wed Mar 04 13:24:27 EST 2015,Today's event correlation mainly addresses the correlation of events as reported from management tools.,"However, a correlation of user trouble reports concerning services should also be performed.",This is necessary to improve the resolution time and to reduce the effort for keeping the service agreements.,We refer to such a type of correlation as service-oriented event correlation.,The necessity to use this kind of event correlation is motivated in the paper.,emptyanswer,emptyanswer,emptyanswer,emptyanswer,emptyanswer,emptyanswer,emptyanswer,emptyanswer,emptyanswer,emptyanswer,emptyanswer
3FVBZG9CLIDNLMLI8QYUJTSYYAUH02,3BQU611VFPJFPUO60CYXO6RPBB399U,A2F6ZON8X5EAGL,Approved,Wed Mar 04 16:18:35 EST 2015,Wed Mar 04 16:19:04 EST 2015,Assured Service Quality by Improved Fault Management Service-Oriented Event Correlation,shift,management,workflow,correlaton,emptyanswer,emptyanswer,emptyanswer,emptyanswer,emptyanswer,emptyanswer,emptyanswer,emptyanswer,emptyanswer,emptyanswer,emptyanswer
3FVBZG9CLIDNLMLI8QYUJTSYYAUH02,3Y5140Z9DXFTSIXGLV07NPQ7Z5JPIZ,A3OTLWGJFB65KD,Approved,Wed Mar 04 19:28:28 EST 2015,Wed Mar 04 19:28:33 EST 2015,nothing,nothing,nothing,nothing,nothing,emptyanswer,emptyanswer,emptyanswer,emptyanswer,emptyanswer,emptyanswer,emptyanswer,emptyanswer,emptyanswer,emptyanswer,emptyanswer
3FVBZG9CLIDNLMLI8QYUJTSYYAUH02,3L6L49WXW0WVR1GIGRPPVIB73NN45J,A1W7BQWWGKJ3XF,Approved,Wed Mar 04 20:27:24 EST 2015,Wed Mar 04 20:29:07 EST 2015,service-oriented management,Improved Fault Management,Munich Network Management (MNM) Team,Leibniz Supercomputing Center (LRZ),event correlation,emptyanswer,emptyanswer,emptyanswer,emptyanswer,emptyanswer,emptyanswer,emptyanswer,emptyanswer,emptyanswer,emptyanswer,emptyanswer
3FVBZG9CLIDNLMLI8QYUJTSYYAUH02,3M81GAB8A0I45MKPFYNF17C49CEBQY,A9LA6QK6VCERR,Approved,Thu Mar 05 00:23:22 EST 2015,Thu Mar 05 00:26:13 EST 2015,Assured Service Quality,Fault Management,Service-Oriented Event Correlation,enhanced Telecom Operations Map,eTOM,IT Infrastructure Library,ITIL,MNM Service Model,Leibniz Supercomputing Center,LRZ,emptyanswer,emptyanswer,emptyanswer,emptyanswer,emptyanswer,emptyanswer
3FVBZG9CLIDNLMLI8QYUJTSYYAUH02,3TE3O857307ATAZT9KJ454J5BS7R2H,A3HPVFAF1U9WXK,Approved,Thu Mar 05 01:19:42 EST 2015,Thu Mar 05 01:21:06 EST 2015,Service Quality,service-oriented management,event correlation,dependencies,service-oriented event correlation,emptyanswer,emptyanswer,emptyanswer,emptyanswer,emptyanswer,emptyanswer,emptyanswer,emptyanswer,emptyanswer,emptyanswer,emptyanswer
3FVBZG9CLIDNLMLI8QYUJTSYYAUH02,38F71OA9GTV3XOYDS72U3OJKEABFM1,A3I10J1GPDAPQR,Approved,Thu Mar 05 08:35:28 EST 2015,Thu Mar 05 08:36:54 EST 2015,Assured Service Quality,Improved Fault Management Service-Oriented Event Correlation,MNM Service Model,Web Hosting Service,Leibniz Supercomputing Center,emptyanswer,emptyanswer,emptyanswer,emptyanswer,emptyanswer,emptyanswer,emptyanswer,emptyanswer,emptyanswer,emptyanswer,emptyanswer
3FVBZG9CLIDNLMLI8QYUJTSYYAUH02,3JJVG1YBEBWFC01RV6ZC3WHDDHZB5V,A1YLO4LT02D2F0,Approved,Thu Mar 05 11:08:29 EST 2015,Thu Mar 05 11:09:26 EST 2015,service-oriented managemen,the area of event correlation,a correlation of user trouble reports,should also be performed,the Web Hosting Service of the Leibniz Supercomputing Center (LRZ),emptyanswer,emptyanswer,emptyanswer,emptyanswer,emptyanswer,emptyanswer,emptyanswer,emptyanswer,emptyanswer,emptyanswer,emptyanswer
3FVBZG9CLIDNLMLI8QYUJTSYYAUH02,3J88R45B2GXQIDMBKH08QZDMNKRPX7,A1QUDNLO95AKS5,Approved,Thu Mar 05 12:17:19 EST 2015,Thu Mar 05 12:18:14 EST 2015,Assured Service Quality,Improved Fault Management Service-Oriented Event Correlation,device-oriented,Web Hosting Service,demonstrate,emptyanswer,emptyanswer,emptyanswer,emptyanswer,emptyanswer,emptyanswer,emptyanswer,emptyanswer,emptyanswer,emptyanswer,emptyanswer
3FVBZG9CLIDNLMLI8QYUJTSYYAUH02,3A1COHJ8NJU8QVNFTWGB1RU2ALW8H3,ADUJUZANFOWKW,Approved,Thu Mar 05 16:14:35 EST 2015,Thu Mar 05 16:16:43 EST 2015,management,quality,modeling,agreements,frameworks,emptyanswer,emptyanswer,emptyanswer,emptyanswer,emptyanswer,emptyanswer,emptyanswer,emptyanswer,emptyanswer,emptyanswer,emptyanswer
3FVBZG9CLIDNLMLI8QYUJTSYYAUH02,3BEFOD78W6STZ81O8Q6BCKMTPNU4M0,A3DHYTZ1GPN0T8,Approved,Thu Mar 05 22:57:12 EST 2015,Thu Mar 05 22:57:55 EST 2015,paradigm,management,agreements,frameworks,appropriate,modeling,emptyanswer,emptyanswer,emptyanswer,emptyanswer,emptyanswer,emptyanswer,emptyanswer,emptyanswer,emptyanswer,emptyanswer
3FVBZG9CLIDNLMLI8QYUJTSYYAUH02,3C44YUNSI1OCK7HUTHZWWSAU75FPDB,A156E6TWVB7GP7,Approved,Fri Mar 06 00:18:09 EST 2015,Fri Mar 06 00:19:05 EST 2015,paradigm shift,event correlation,improve time,dependencies,event correlation,MNM Service Model,emptyanswer,emptyanswer,emptyanswer,emptyanswer,emptyanswer,emptyanswer,emptyanswer,emptyanswer,emptyanswer,emptyanswer
3FVBZG9CLIDNLMLI8QYUJTSYYAUH02,37W3JXSD66752R9M1Z0517SRISDYWG,A2KELEVTA0306Y,Approved,Fri Mar 06 07:44:59 EST 2015,Fri Mar 06 07:48:17 EST 2015,paradigm,shift,management,correlation,trouble,necessary,workflow,Infrastructure,enhanced,Telecom,Operations,demonstrate,Supercomputing,scenario,motivated,modeling
3FVBZG9CLIDNLMLI8QYUJTSYYAUH02,326O153BMIX8NGS4K3JL2GBQT1UDE1,AQXSUU4I4DAH8,Approved,Fri Mar 06 11:54:31 EST 2015,Fri Mar 06 11:55:19 EST 2015,Service Quality,paradigm shift,Munich Network Management,Fault Management Service-Oriented Event Correlation,Web Hosting Service,Leibniz Supercomputing Center,emptyanswer,emptyanswer,emptyanswer,emptyanswer,emptyanswer,emptyanswer,emptyanswer,emptyanswer,emptyanswer,emptyanswer
3FVBZG9CLIDNLMLI8QYUJTSYYAUH02,317HQ483I7RTPXL35GNFJ0LCZYFIN9,A3K6BSW10S4YKJ,Approved,Fri Mar 06 13:45:27 EST 2015,Fri Mar 06 13:47:35 EST 2015,event correlation,service-oriented event correlation,an appropriate modeling of the correlation workflow,IT Infrastructure Library (ITIL),enhanced Telecom Operations Map (eTOM),emptyanswer,emptyanswer,emptyanswer,emptyanswer,emptyanswer,emptyanswer,emptyanswer,emptyanswer,emptyanswer,emptyanswer,emptyanswer
3FVBZG9CLIDNLMLI8QYUJTSYYAUH02,3OSWBBLG1EWHTGJLF89DQ5WX97QDXV,A2SDTL2V8VJ25O,Approved,Fri Mar 06 16:12:43 EST 2015,Fri Mar 06 16:13:26 EST 2015,Service,Improved,Service,Correlation,Munich Network Management,emptyanswer,emptyanswer,emptyanswer,emptyanswer,emptyanswer,emptyanswer,emptyanswer,emptyanswer,emptyanswer,emptyanswer,emptyanswer
3FVBZG9CLIDNLMLI8QYUJTSYYAUH02,3634BBTX0OTH158M7S42BVC3X8ZIFA,APEB5ERGCYP6D,Approved,Fri Mar 06 22:26:18 EST 2015,Fri Mar 06 23:08:03 EST 2015,service-oriented management,improve the resolution time,reduce the effort,Munich Network Management,service-oriented event correlation,emptyanswer,emptyanswer,emptyanswer,emptyanswer,emptyanswer,emptyanswer,emptyanswer,emptyanswer,emptyanswer,emptyanswer,emptyanswer
3FVBZG9CLIDNLMLI8QYUJTSYYAUH02,3M1CVSFP604ZMCFX9KNJ6WSYR33AQU,A2GBY8O6GYSB89,Approved,Sat Mar 07 11:00:52 EST 2015,Sat Mar 07 11:04:13 EST 2015,service agreements,service-oriented management,service-oriented event correlation for an IT service provider,process management frameworks,enhanced Telecom Operations Map (eTOM),emptyanswer,emptyanswer,emptyanswer,emptyanswer,emptyanswer,emptyanswer,emptyanswer,emptyanswer,emptyanswer,emptyanswer,emptyanswer
3FVBZG9CLIDNLMLI8QYUJTSYYAUH02,3Y54SXRO1LKWT1LNWTY5B2FFIEAUTM,A38IE69ORDCEGY,Approved,Sat Mar 07 18:24:26 EST 2015,Sat Mar 07 18:26:22 EST 2015,Fault Management Service improvement,service-oriented management,event correlation,IT Infrastructure Library,MNM Service Model,emptyanswer,emptyanswer,emptyanswer,emptyanswer,emptyanswer,emptyanswer,emptyanswer,emptyanswer,emptyanswer,emptyanswer,emptyanswer
3FVBZG9CLIDNLMLI8QYUJTSYYAUH02,3RRCEFRB7MBXGHXRH1G2Y4BZDU84B5,ANB69EQROUTQJ,Approved,Sat Mar 07 22:01:44 EST 2015,Sat Mar 07 22:03:11 EST 2015,ASSURED SERVICE QUALITY,IMPROVED FAULT MANAGEMENT,SERVICE-ORIENTED,EVENT CORRELATION,IT INFRASTRUCTURE LIBRARY,TELECOM OPERATIONS MAP,emptyanswer,emptyanswer,emptyanswer,emptyanswer,emptyanswer,emptyanswer,emptyanswer,emptyanswer,emptyanswer,emptyanswer
3FVBZG9CLIDNLMLI8QYUJTSYYAUH02,32AT8R96GL8VE1887TTF1XJTGW3SU4,A1JWEYGDFDB100,Approved,Sun Mar 08 08:09:29 EDT 2015,Sun Mar 08 08:11:12 EDT 2015,Assured Service Quality,Improved Fault Management Service,Oriented Event Correlation,workflow modeling,MNM Service Model,emptyanswer,emptyanswer,emptyanswer,emptyanswer,emptyanswer,emptyanswer,emptyanswer,emptyanswer,emptyanswer,emptyanswer,emptyanswer
3FVBZG9CLIDNLMLI8QYUJTSYYAUH02,3MH9DQ757WBSOWZHCTZYCJ0QSLHGUG,A3G4SXD4N30C3L,Approved,Sun Mar 08 12:57:42 EDT 2015,Sun Mar 08 12:58:28 EDT 2015,Assured Service Quality,Improved Fault Management,Service-Oriented Event Correlation,IT Infrastructure Library (ITIL),enhanced Telecom Operations Map (eTOM),Leibniz Supercomputing Center (LRZ),Munich Network Management (MNM) Team,emptyanswer,emptyanswer,emptyanswer,emptyanswer,emptyanswer,emptyanswer,emptyanswer,emptyanswer,emptyanswer
3FVBZG9CLIDNLMLI8QYUJTSYYAUH02,3NQL1CS15R7SN29HBPV9F59DBOHYVM,A10443E11ZWEHJ,Approved,Sun Mar 08 13:48:29 EDT 2015,Sun Mar 08 13:58:28 EDT 2015,The paradigm shift from device-oriented to service-oriented management,implications to the area of event correlation.,mainly addresses the correlation of events as reported from management tools.,user trouble,concerning services should also be performed.,process management frameworks IT Infrastructure Library (ITIL),enhanced Telecom Operations Map (eTOM) for their contribution to the workflow modeling in this area,different kinds of dependencies that we find in our general scenario are then used to develop a workflow for the service-oriented event correlation.,example scenario,necessary to improve the resolution,Web Hosting Service,"Leibniz Supercomputing Center (LRZ),",application of service-oriented event correlation,contribution,examine the process,workflow modeling
3FVBZG9CLIDNLMLI8QYUJTSYYAUH02,379J5II41OFRLSGWXKH9LTJV2EBEL5,A1K9PIQUNAFW51,Approved,Sun Mar 08 13:41:13 EDT 2015,Sun Mar 08 13:59:48 EDT 2015,Assured Service Quality,Improved Fault Management,Service-Oriented Event Correlation,IT service provider,process management frameworks,emptyanswer,emptyanswer,emptyanswer,emptyanswer,emptyanswer,emptyanswer,emptyanswer,emptyanswer,emptyanswer,emptyanswer,emptyanswer
3FVBZG9CLIDNLMLI8QYUJTSYYAUH02,358UUM7WRZ2HFBWZFW0Z1V0DMJ1R7R,A156NFBMKKLDL9,Approved,Sun Mar 08 17:20:31 EDT 2015,Sun Mar 08 17:21:03 EDT 2015,Assured Service Quality,Improved Fault Management,Service-Oriented Event Correlation,Telecom Operations Map,Munich Network Management,emptyanswer,emptyanswer,emptyanswer,emptyanswer,emptyanswer,emptyanswer,emptyanswer,emptyanswer,emptyanswer,emptyanswer,emptyanswer
3FVBZG9CLIDNLMLI8QYUJTSYYAUH02,3GFK2QRXX9G703Z2QXV8QAUYNSMW5L,A3EOFHEPL3L07Y,Approved,Sun Mar 08 18:03:30 EDT 2015,Sun Mar 08 18:04:44 EDT 2015,Assured Service Quality,Improved Fault Management Service-Oriented Event Correlation,Assured Service Quality by Improved Fault Management Service-Oriented Event Correlation,IT Infrastructure Library,enhanced Telecom Operations Map,emptyanswer,emptyanswer,emptyanswer,emptyanswer,emptyanswer,emptyanswer,emptyanswer,emptyanswer,emptyanswer,emptyanswer,emptyanswer
3FVBZG9CLIDNLMLI8QYUJTSYYAUH02,39O5D9O87TRV8Q6TVN7EZJPBHHK3C2,A3GSN49YWM9CLD,Approved,Mon Mar 09 05:28:05 EDT 2015,Mon Mar 09 05:28:50 EDT 2015,paradigm shift,service-oriented management,MNM Service Model,for IT service management,event correlation.,emptyanswer,emptyanswer,emptyanswer,emptyanswer,emptyanswer,emptyanswer,emptyanswer,emptyanswer,emptyanswer,emptyanswer,emptyanswer
3FVBZG9CLIDNLMLI8QYUJTSYYAUH02,358010RM5ES3NXJ76T97WR249K9XV5,A2SZAM3EZER2PH,Approved,Mon Mar 09 07:54:41 EDT 2015,Mon Mar 09 07:55:14 EDT 2015,paradigm shift,management has also implications,correlation workflow,Telecom Operations Map,event correlation,emptyanswer,emptyanswer,emptyanswer,emptyanswer,emptyanswer,emptyanswer,emptyanswer,emptyanswer,emptyanswer,emptyanswer,emptyanswer
3FVBZG9CLIDNLMLI8QYUJTSYYAUH02,34HJIJKLP5VCPVVXMI72ZG56GPDV4X,A17JEL4FN1B9TB,Approved,Mon Mar 09 12:18:04 EDT 2015,Mon Mar 09 12:19:19 EDT 2015,Assured,Service,Quality,Improved,Fault,management,service,oriented,event,correlation,emptyanswer,emptyanswer,emptyanswer,emptyanswer,emptyanswer,emptyanswer
3FVBZG9CLIDNLMLI8QYUJTSYYAUH02,3RWE2M8QWH9II24N1QY9DWLGDA70NH,ACYGMRGAZ22U7,Approved,Mon Mar 09 17:58:01 EDT 2015,Mon Mar 09 17:58:07 EDT 2015,Keyword/Keyphrase 1:,Keyword/Keyphrase 1:,Keyword/Keyphrase 1:,Keyword/Keyphrase 1:,Keyword/Keyphrase 1:,emptyanswer,emptyanswer,emptyanswer,emptyanswer,emptyanswer,emptyanswer,emptyanswer,emptyanswer,emptyanswer,emptyanswer,emptyanswer
3FVBZG9CLIDNLMLI8QYUJTSYYAUH02,3I2PTA7R3TT5YPOJLB080AVUWJ1QK1,A2E2IQ99W6B7AV,Approved,Mon Mar 09 18:31:52 EDT 2015,Mon Mar 09 18:32:47 EDT 2015,Fault management,Service-oriented,Correlation between events,IT infrastructure,Service agreements,emptyanswer,emptyanswer,emptyanswer,emptyanswer,emptyanswer,emptyanswer,emptyanswer,emptyanswer,emptyanswer,emptyanswer,emptyanswer
3FVBZG9CLIDNLMLI8QYUJTSYYAUH02,3QRYMNZ7FYGJYB1EZSMJX7NLAL8TNQ,A16MCPIUMNIDW,Approved,Mon Mar 09 20:03:26 EDT 2015,Mon Mar 09 20:05:19 EDT 2015,service-oriented,management,event correlation,IT Infrastructure Library,ITIL,enhanced Telecom Operations Map,eTOM,MNM Service Model,Munich Network Management,IT,emptyanswer,emptyanswer,emptyanswer,emptyanswer,emptyanswer,emptyanswer
3FVBZG9CLIDNLMLI8QYUJTSYYAUH02,3WQQ9FUS6ATYZIKTT46FFGR4FLW8BI,AW36CVMS3526O,Approved,Tue Mar 10 11:56:06 EDT 2015,Tue Mar 10 11:57:45 EDT 2015,Correlation,paradigm,motivated,frameworks,demonstrate,emptyanswer,emptyanswer,emptyanswer,emptyanswer,emptyanswer,emptyanswer,emptyanswer,emptyanswer,emptyanswer,emptyanswer,emptyanswer
3FVBZG9CLIDNLMLI8QYUJTSYYAUH02,3018Q3ZVOIPZYDUXMZCJBM23NW0AR4,A3UY2GVCKC8LSL,Approved,Wed Mar 11 00:02:55 EDT 2015,Wed Mar 11 00:03:28 EDT 2015,ITIL,Munich Network Management,MNM,LRZ,Leibniz Supercomputing Center,emptyanswer,emptyanswer,emptyanswer,emptyanswer,emptyanswer,emptyanswer,emptyanswer,emptyanswer,emptyanswer,emptyanswer,emptyanswer
3FVBZG9CLIDNLMLI8QYUJTSYYAUH02,3VHP9MDGRNJQO2MMFI8G0SE8KBNCFQ,ATRHDYWCIYTDJ,Approved,Wed Mar 11 04:46:38 EDT 2015,Wed Mar 11 04:46:50 EDT 2015,paradigm,management,correlation,demonstrate,correlation,emptyanswer,emptyanswer,emptyanswer,emptyanswer,emptyanswer,emptyanswer,emptyanswer,emptyanswer,emptyanswer,emptyanswer,emptyanswer
3FVBZG9CLIDNLMLI8QYUJTSYYAUH02,3FTOP5WARFNMZCD2MS6HKP4Z4UE0JX,A3CMDYA9USA3MR,Approved,Wed Mar 11 07:33:35 EDT 2015,Wed Mar 11 07:33:58 EDT 2015,shift,device,oriented,management,Supercomputing,emptyanswer,emptyanswer,emptyanswer,emptyanswer,emptyanswer,emptyanswer,emptyanswer,emptyanswer,emptyanswer,emptyanswer,emptyanswer
3FVBZG9CLIDNLMLI8QYUJTSYYAUH02,31QNSG6A5RSBX6H3GNUZAE58WX578Z,A28IXE702NXWKQ,Approved,Wed Mar 11 15:22:21 EDT 2015,Wed Mar 11 15:23:26 EDT 2015,paradigm shift from device-oriented,management has also implications to the area of event correlation,enhanced Telecom Operations Map,"An example scenario, the Web Hosting Service",Munich Network Management (MNM) Team,emptyanswer,emptyanswer,emptyanswer,emptyanswer,emptyanswer,emptyanswer,emptyanswer,emptyanswer,emptyanswer,emptyanswer,emptyanswer
3FVBZG9CLIDNLMLI8QYUJTSYYAUH02,3X73LLYYQ1DTT2AJZY5UJOKX0WLNHT,A2UNRV6PEOEXG0,Approved,Thu Mar 12 00:37:55 EDT 2015,Thu Mar 12 00:38:39 EDT 2015,Assured Service Quality,Improved Fault Management,IT Infrastructure Library,Telecom Operations Map,MNM service Model,emptyanswer,emptyanswer,emptyanswer,emptyanswer,emptyanswer,emptyanswer,emptyanswer,emptyanswer,emptyanswer,emptyanswer,emptyanswer
3FVBZG9CLIDNLMLI8QYUJTSYYAUH02,3E337GFOL97FT6F8FSNCYO8WLW1NGN,A2KS418T8MPLJH,Approved,Thu Mar 12 11:29:48 EDT 2015,Thu Mar 12 11:31:33 EDT 2015,Assured Service Quality by Improved,Fault Management Service-Oriented Event Correlation,service-oriented management has also implications to the area of event correlation,Today's event correlation mainly addresses the correlation of events as reported from management tools,we examine the process management frameworks IT Infrastructure Library (ITIL),emptyanswer,emptyanswer,emptyanswer,emptyanswer,emptyanswer,emptyanswer,emptyanswer,emptyanswer,emptyanswer,emptyanswer,emptyanswer
3FVBZG9CLIDNLMLI8QYUJTSYYAUH02,3AMYWKA6YBLVEYQE4UE31MVCHS76ON,AU3WQKISBW5MZ,Approved,Thu Mar 12 13:58:22 EDT 2015,Thu Mar 12 13:59:13 EDT 2015,The paradigm shift from device-oriented to service-oriented management has also implications to the area of event correlation.,Today's event correlation mainly addresses the correlation of events as reported from management tools.,"However, a correlation of user trouble reports concerning services should also be performed",This is necessary to improve the resolution time and to reduce the effort for keeping the service agreements.,We refer to such a type of correlation as service-oriented event correlation. The necessity to use this kind of event correlation is motivated in the paper.,emptyanswer,emptyanswer,emptyanswer,emptyanswer,emptyanswer,emptyanswer,emptyanswer,emptyanswer,emptyanswer,emptyanswer,emptyanswer
3FVBZG9CLIDNLMLI8QYUJTSYYAUH02,32N49TQG3GHRRKBEVJHTCJR694UVA4,AM1HY736BY3Z8,Approved,Thu Mar 12 14:20:43 EDT 2015,Thu Mar 12 14:21:35 EDT 2015,Assured Service Quality by Improved Fault Management Service-Oriented Event Correlation,device-oriented to service-oriented management has also implications to the area of event correlation,The necessity to use this kind of event correlation is motivated in the paper,IT Infrastructure Library (ITIL) and enhanced Telecom Operations Map (eTOM),Web Hosting Service of the Leibniz Supercomputing Center (LRZ),emptyanswer,emptyanswer,emptyanswer,emptyanswer,emptyanswer,emptyanswer,emptyanswer,emptyanswer,emptyanswer,emptyanswer,emptyanswer
3FVBZG9CLIDNLMLI8QYUJTSYYAUH02,3483FV8BEEIH7R19HWG6U9S9GOE62M,A3MRB8TFD1IUS6,Approved,Thu Mar 12 15:11:38 EDT 2015,Thu Mar 12 15:13:01 EDT 2015,Assured Service Quality,Improved Fault Management,IT Infrastructure Library,Telecom Operations Map,Leibniz Supercomputing Center,MNM Service Model,emptyanswer,emptyanswer,emptyanswer,emptyanswer,emptyanswer,emptyanswer,emptyanswer,emptyanswer,emptyanswer,emptyanswer
3FVBZG9CLIDNLMLI8QYUJTSYYAUH02,39ZSFO5CA8V2FYPIKZK19WS6LL4JUA,AL9R6CILUG30X,Approved,Fri Mar 13 02:05:48 EDT 2015,Fri Mar 13 02:13:44 EDT 2015,Service Quality,process management frameworks,Fault Management Service,Telecom Operations Map,IT Infrastructure Library (ITIL),Leibniz Supercomputing Center (LRZ),Munich Network Management (MNM),emptyanswer,emptyanswer,emptyanswer,emptyanswer,emptyanswer,emptyanswer,emptyanswer,emptyanswer,emptyanswer
3FVBZG9CLIDNLMLI8QYUJTSYYAUH02,3JPSL1DZ5SYEJF25TSV222XTN2MNAB,A3QV0NIFU1WDE4,Approved,Fri Mar 13 03:48:22 EDT 2015,Fri Mar 13 04:02:00 EDT 2015,assured service quality,service-oriented event correlation,improve resolution time,reduce the effort,IT Infrastructure Library (ITIL),develop a workflow for the service-oriented event correlation,Telecom Operations Map (eTOM),emptyanswer,emptyanswer,emptyanswer,emptyanswer,emptyanswer,emptyanswer,emptyanswer,emptyanswer,emptyanswer
3FVBZG9CLIDNLMLI8QYUJTSYYAUH02,3WEV0KO0OMR9XZXMLY3QRXF5V58DSY,A330N7LVL2IOVZ,Approved,Fri Mar 13 14:52:48 EDT 2015,Fri Mar 13 14:53:54 EDT 2015,device-oriented management,service-oriented management,correlation,infrastructure library,workflow,emptyanswer,emptyanswer,emptyanswer,emptyanswer,emptyanswer,emptyanswer,emptyanswer,emptyanswer,emptyanswer,emptyanswer,emptyanswer
3FVBZG9CLIDNLMLI8QYUJTSYYAUH02,3IJXV6UZ1XIE4VDVYN4WSKQM19ZRIU,A3DTN2OMF6DUSI,Approved,Fri Mar 13 22:49:12 EDT 2015,Fri Mar 13 22:49:45 EDT 2015,Assured Service,Quality,Service-Oriented,Improved Fault Management,Event Correlation,emptyanswer,emptyanswer,emptyanswer,emptyanswer,emptyanswer,emptyanswer,emptyanswer,emptyanswer,emptyanswer,emptyanswer,emptyanswer
3FVBZG9CLIDNLMLI8QYUJTSYYAUH02,3X87C8JFV6A3M81RQK9ARWM4EN6QSV,A610SH5RY1NG1,Approved,Sat Mar 14 07:40:09 EDT 2015,Sat Mar 14 07:40:21 EDT 2015,Assured,Quality,Improved,Fault,Management,emptyanswer,emptyanswer,emptyanswer,emptyanswer,emptyanswer,emptyanswer,emptyanswer,emptyanswer,emptyanswer,emptyanswer,emptyanswer
3FVBZG9CLIDNLMLI8QYUJTSYYAUH02,3TVRFO09GKE0RS7DSP719I42JW0LXO,A2Z9HR2IBD75R9,Approved,Sat Mar 14 09:58:26 EDT 2015,Sat Mar 14 09:58:46 EDT 2015,Quality,Management Service-Oriented Event Correlation,Web Hosting Service,Leibniz Supercomputing Center (LRZ),workflow,emptyanswer,emptyanswer,emptyanswer,emptyanswer,emptyanswer,emptyanswer,emptyanswer,emptyanswer,emptyanswer,emptyanswer,emptyanswer
3FVBZG9CLIDNLMLI8QYUJTSYYAUH02,3ND9UOO81K1L2S2NIKBF7ZQVAVWLWZ,A9JNBWXAFAATJ,Approved,Sat Mar 14 10:17:29 EDT 2015,Sat Mar 14 10:20:09 EDT 2015,service-oriented event correlation,device-oriented management,ITIL,eTOM,Munich Network Management,IT service provider,emptyanswer,emptyanswer,emptyanswer,emptyanswer,emptyanswer,emptyanswer,emptyanswer,emptyanswer,emptyanswer,emptyanswer
3FVBZG9CLIDNLMLI8QYUJTSYYAUH02,3IRIK4HM3AJU59TBEP5C6M1VSKF6CT,A3PRX6CU0P34NE,Approved,Sat Mar 14 15:54:41 EDT 2015,Sat Mar 14 16:18:03 EDT 2015,Improved Fault Management,Service-Oriented Event Correlation,Device-oriented,IT service provider,Leibniz Supercomputing Center (LRZ),emptyanswer,emptyanswer,emptyanswer,emptyanswer,emptyanswer,emptyanswer,emptyanswer,emptyanswer,emptyanswer,emptyanswer,emptyanswer
3FVBZG9CLIDNLMLI8QYUJTSYYAUH02,3HVVDCPGTERDAA5S6UVUENLSFG9YT5,AH3ER3EJXHRO2,Approved,Sat Mar 14 16:27:11 EDT 2015,Sat Mar 14 16:27:37 EDT 2015,assured service quality,improved fault management,service-oriented event correlation,paradigm shift,device-oriented,emptyanswer,emptyanswer,emptyanswer,emptyanswer,emptyanswer,emptyanswer,emptyanswer,emptyanswer,emptyanswer,emptyanswer,emptyanswer
3FVBZG9CLIDNLMLI8QYUJTSYYAUH02,3MB8LZR5BFSU7S86T6SCJOW0NPNKL4,A29ZV4XJB7R1O,Approved,Sat Mar 14 19:54:34 EDT 2015,Sat Mar 14 20:12:37 EDT 2015,Service Quality,Management Service,Improved,ITIL,eTOM,MNM,emptyanswer,emptyanswer,emptyanswer,emptyanswer,emptyanswer,emptyanswer,emptyanswer,emptyanswer,emptyanswer,emptyanswer
3FVBZG9CLIDNLMLI8QYUJTSYYAUH02,31N2WW6R9RP2B2Q3MPXF7PAEF7G3F8,A1BV5YY1UQCMZY,Approved,Sat Mar 14 20:12:15 EDT 2015,Sat Mar 14 20:12:50 EDT 2015,itil,etom,mnm,lrz,assured service quality,event correlation,emptyanswer,emptyanswer,emptyanswer,emptyanswer,emptyanswer,emptyanswer,emptyanswer,emptyanswer,emptyanswer,emptyanswer
3FVBZG9CLIDNLMLI8QYUJTSYYAUH02,3VSOLARPKB8TASZQJ3XNXTO3C9M39H,A1G94QON7A9K0N,Approved,Sat Mar 14 20:19:11 EDT 2015,Sat Mar 14 20:19:35 EDT 2015,itil,telecom,etom,mnm,team,emptyanswer,emptyanswer,emptyanswer,emptyanswer,emptyanswer,emptyanswer,emptyanswer,emptyanswer,emptyanswer,emptyanswer,emptyanswer
3FVBZG9CLIDNLMLI8QYUJTSYYAUH02,3M81GAB8A0I45MKPFYNF17C4A1CBQB,A2TM0CPAMAO45B,Approved,Sat Mar 14 21:36:13 EDT 2015,Sat Mar 14 21:37:08 EDT 2015,IT Infrastructure Library (ITIL),Telecom Operations Map (eTOM),service-oriented event correlation,MNM Service Model,Leibniz Supercomputing Center (LRZ),emptyanswer,emptyanswer,emptyanswer,emptyanswer,emptyanswer,emptyanswer,emptyanswer,emptyanswer,emptyanswer,emptyanswer,emptyanswer
3FVBZG9CLIDNLMLI8QYUJTSYYAUH02,3ERET4BTVM8Z6Q7X49PMEF55NVH9K7,ATOMPVWZKAE0E,Approved,Sat Mar 14 21:39:08 EDT 2015,Sat Mar 14 21:43:56 EDT 2015,service-oriented management,Service-Oriented event correlation,user service reports,correlation workflow modeling,IT Infrastructure Library (ITIL),enhanced Telecom Operations Map (eTOM),Munich Network Management (MNM) Service Model,Leibniz Supercomputing Center (LRZ) Web Hosting Service,emptyanswer,emptyanswer,emptyanswer,emptyanswer,emptyanswer,emptyanswer,emptyanswer,emptyanswer
