HitId,AssignmentId,WorkerId,Status,AcceptTime,SubmitTime,Answer 1,Answer 2,Answer 3,Answer 4,Answer 5,Answer 6,Answer 7,Answer 8,Answer 9,Answer 10,Answer 11,Answer 12,Answer 13,Answer 14,Answer 15,Answer 16
3G3AJKPCXKRQ65T81RPKHWDE5IO4Y5,32AT8R96GL8VE1887TTF1XJTGGWSU1,A22R7DT2XQIKXV,Approved,Mon Mar 02 15:04:17 EST 2015,Mon Mar 02 15:04:22 EST 2015,aa,aa,aa,aa,aa,emptyanswer,emptyanswer,emptyanswer,emptyanswer,emptyanswer,emptyanswer,emptyanswer,emptyanswer,emptyanswer,emptyanswer,emptyanswer
3G3AJKPCXKRQ65T81RPKHWDE5IO4Y5,32EYX73OY08JDM8VS4TABNEXUEZRUY,A2R085B34P2LYS,Approved,Mon Mar 02 22:42:05 EST 2015,Mon Mar 02 22:49:16 EST 2015,Robust,Solutions,Combinatorial,Auctions,enforceable,emptyanswer,emptyanswer,emptyanswer,emptyanswer,emptyanswer,emptyanswer,emptyanswer,emptyanswer,emptyanswer,emptyanswer,emptyanswer
3G3AJKPCXKRQ65T81RPKHWDE5IO4Y5,33NF62TLXJ1OC2K6QLGZ39J8I68JK2,A27I79P03I0ZPO,Approved,Mon Mar 02 22:59:50 EST 2015,Mon Mar 02 23:00:29 EST 2015,Combinatorial,Auctions,Solutions,Robust,commitments,emptyanswer,emptyanswer,emptyanswer,emptyanswer,emptyanswer,emptyanswer,emptyanswer,emptyanswer,emptyanswer,emptyanswer,emptyanswer
3G3AJKPCXKRQ65T81RPKHWDE5IO4Y5,3TPWUS5F890SZO8H57IG4G08FUQCWX,A26M2B8NZVKWTZ,Approved,Tue Mar 03 06:36:08 EST 2015,Tue Mar 03 06:36:58 EST 2015,Robust,Solutions,Combinatorial,Auctions,bidders,emptyanswer,emptyanswer,emptyanswer,emptyanswer,emptyanswer,emptyanswer,emptyanswer,emptyanswer,emptyanswer,emptyanswer,emptyanswer
3G3AJKPCXKRQ65T81RPKHWDE5IO4Y5,3QAVNHZ3EM3OVFZKHFFNPAT4HK2AL1,AAOGFQY8JCVOD,Approved,Tue Mar 03 07:14:49 EST 2015,Tue Mar 03 07:16:23 EST 2015,Combinatorial Auctions,robust,bidding,disciminate,distrusted bidders,improve,efficient,solution,emptyanswer,emptyanswer,emptyanswer,emptyanswer,emptyanswer,emptyanswer,emptyanswer,emptyanswer
3G3AJKPCXKRQ65T81RPKHWDE5IO4Y5,3XUHV3NRVKXP3D4DVY98P7KB8PX5HO,A3ODG942FG22PJ,Approved,Tue Mar 03 08:56:20 EST 2015,Tue Mar 03 08:56:36 EST 2015,Robust,Solutions,Combinatorial,Auctions,Bids,na,na,na,na,na,na,na,na,na,na,na
3G3AJKPCXKRQ65T81RPKHWDE5IO4Y5,3NLZY2D53POGIV616BC9FA89L2TQLT,A1B5NXRZQYRC4R,Approved,Tue Mar 03 09:00:53 EST 2015,Tue Mar 03 09:01:12 EST 2015,robust,solution,combinatorial,auctions,bids,emptyanswer,emptyanswer,emptyanswer,emptyanswer,emptyanswer,emptyanswer,emptyanswer,emptyanswer,emptyanswer,emptyanswer,emptyanswer
3G3AJKPCXKRQ65T81RPKHWDE5IO4Y5,3R0T90IZ1SBW22IHQ2EYIDEKL6BGCD,A1W7BQWWGKJ3XF,Approved,Tue Mar 03 10:49:40 EST 2015,Tue Mar 03 10:51:41 EST 2015,Combinatorial Auctions,Solutions,enforceable,bid withdrawal,Bid-taker's Exposure Problem,trust,commitment contract,Weighted Super Solutions framework,emptyanswer,emptyanswer,emptyanswer,emptyanswer,emptyanswer,emptyanswer,emptyanswer,emptyanswer
3G3AJKPCXKRQ65T81RPKHWDE5IO4Y5,3P4RDNWND55X67UIQIVNQT4VQ3SJI2,A3FG9YWTFFK1AU,Approved,Tue Mar 03 16:51:58 EST 2015,Tue Mar 03 17:10:59 EST 2015,Robust Solutions,Combinatorial Auctions,Weighted Super Solutions framework,Bid-taker's Exposure Problem,distrusted bidders,emptyanswer,emptyanswer,emptyanswer,emptyanswer,emptyanswer,emptyanswer,emptyanswer,emptyanswer,emptyanswer,emptyanswer,emptyanswer
3G3AJKPCXKRQ65T81RPKHWDE5IO4Y5,37QW5D2ZRGLXG41V4QSA5514JS58S8,A2YW509B0UMSEH,Approved,Wed Mar 04 04:02:32 EST 2015,Wed Mar 04 04:03:32 EST 2015,Robust,Solution,Auction,Bid,Problem,emptyanswer,emptyanswer,emptyanswer,emptyanswer,emptyanswer,emptyanswer,emptyanswer,emptyanswer,emptyanswer,emptyanswer,emptyanswer
3G3AJKPCXKRQ65T81RPKHWDE5IO4Y5,35H6S234SAZ96OKWZFI4SGVLZDL56V,A3HPVFAF1U9WXK,Approved,Wed Mar 04 08:51:08 EST 2015,Wed Mar 04 08:51:51 EST 2015,Robust Solutions,Combinatorial Auctions,Bids,Bid-taker's Exposure Problem,approach,emptyanswer,emptyanswer,emptyanswer,emptyanswer,emptyanswer,emptyanswer,emptyanswer,emptyanswer,emptyanswer,emptyanswer,emptyanswer
3G3AJKPCXKRQ65T81RPKHWDE5IO4Y5,37C0GNLMHF24A1ZPEL0NQSJDCUMD6E,A3H35QRODK1C4K,Approved,Wed Mar 04 10:05:08 EST 2015,Wed Mar 04 10:05:40 EST 2015,robust,soloutions,combinatorial,auctions,discriminating,emptyanswer,emptyanswer,emptyanswer,emptyanswer,emptyanswer,emptyanswer,emptyanswer,emptyanswer,emptyanswer,emptyanswer,emptyanswer
3G3AJKPCXKRQ65T81RPKHWDE5IO4Y5,3XM0HYN6NKYHCDVUPCAG2ASF7BEPEQ,A3FFZN4FO3Q789,Approved,Wed Mar 04 10:38:15 EST 2015,Wed Mar 04 10:53:10 EST 2015,changes,changes,changes,changes,changes,emptyanswer,emptyanswer,emptyanswer,emptyanswer,emptyanswer,emptyanswer,emptyanswer,emptyanswer,emptyanswer,emptyanswer,emptyanswer
3G3AJKPCXKRQ65T81RPKHWDE5IO4Y5,32SVAV9L3F87FB9VB9BNTOZNH19A3R,A2F6ZON8X5EAGL,Approved,Wed Mar 04 15:49:10 EST 2015,Wed Mar 04 15:49:44 EST 2015,Robust Solutions for Combinatorial Auctions,commitments,bidders,solution,measured,emptyanswer,emptyanswer,emptyanswer,emptyanswer,emptyanswer,emptyanswer,emptyanswer,emptyanswer,emptyanswer,emptyanswer,emptyanswer
3G3AJKPCXKRQ65T81RPKHWDE5IO4Y5,3IFS6Q0HJIIQ5AD8DC41IUVIMPPIS7,A3OTLWGJFB65KD,Approved,Wed Mar 04 19:15:16 EST 2015,Wed Mar 04 19:15:34 EST 2015,nothing,nothing,nothing,nothing,nothing,emptyanswer,emptyanswer,emptyanswer,emptyanswer,emptyanswer,emptyanswer,emptyanswer,emptyanswer,emptyanswer,emptyanswer,emptyanswer
3G3AJKPCXKRQ65T81RPKHWDE5IO4Y5,31JLPPHS2UTWHF3WLSG5UJJS6JD3OL,A3LUJSAN4DQ1ZT,Approved,Wed Mar 04 23:32:47 EST 2015,Wed Mar 04 23:33:39 EST 2015,robust solutions,combinatorial auctions,exposure problem,constraint programming,discriminating,distrusted bidders,measured manner,emptyanswer,emptyanswer,emptyanswer,emptyanswer,emptyanswer,emptyanswer,emptyanswer,emptyanswer,emptyanswer
3G3AJKPCXKRQ65T81RPKHWDE5IO4Y5,3PM8NZGV8YFBIPNQKUFXQ43WSF4XQV,A9LA6QK6VCERR,Approved,Thu Mar 05 00:42:19 EST 2015,Thu Mar 05 00:44:07 EST 2015,Combinatorial Auctions,Weighted Super Solutions framework,Bid-taker's Exposure Problem,bounded loss in revenue,unreliable bidders,leveled commitment contract,emptyanswer,emptyanswer,emptyanswer,emptyanswer,emptyanswer,emptyanswer,emptyanswer,emptyanswer,emptyanswer,emptyanswer
3G3AJKPCXKRQ65T81RPKHWDE5IO4Y5,39U1BHVTDLQCU784H924OTPF5RA3TN,A1YLO4LT02D2F0,Approved,Thu Mar 05 02:30:12 EST 2015,Thu Mar 05 02:31:02 EST 2015,Bids submitted in auctions are usually treated as enforceable,In reality bidders often withdraw winning bids before the transaction,the original solution may be difficult,provides a guarantee that possible withdrawals,demonstrate experimentally that fewer winning bids,emptyanswer,emptyanswer,emptyanswer,emptyanswer,emptyanswer,emptyanswer,emptyanswer,emptyanswer,emptyanswer,emptyanswer,emptyanswer
3G3AJKPCXKRQ65T81RPKHWDE5IO4Y5,3PJUZCGDJ6FFBP5WVKSJOAWER7G984,A1QUDNLO95AKS5,Approved,Thu Mar 05 05:55:23 EST 2015,Thu Mar 05 05:57:17 EST 2015,Robust Solutions for Combinatorial Auctions,enforceable commitments in most bidding and auction theory literature.,combinatorial auction,alternative repair solution of adequate revenue without causing undue disturbance to the remaining winning bids,Bid-taker's Exposure Problem,guarantee that possible withdrawals,Weighted Super Solutions framework [13],robust solution,A weighted super solution guarantees that any subset of bids likely to be withdrawn.,robustness and revenue in different economically motivated auction scenarios,dealing with extra bidders,selectively discriminating against distrusted bidders in a measured manner.,emptyanswer,emptyanswer,emptyanswer,emptyanswer
3G3AJKPCXKRQ65T81RPKHWDE5IO4Y5,3ZDAD0O1T1COA5FI1Y9SV9EJCNTTXX,A3I10J1GPDAPQR,Approved,Thu Mar 05 06:15:41 EST 2015,Thu Mar 05 06:18:09 EST 2015,Robust Solutions,Combinatorial Auctions,adequate revenue,bounded loss in revenue,distrusted bidders,emptyanswer,emptyanswer,emptyanswer,emptyanswer,emptyanswer,emptyanswer,emptyanswer,emptyanswer,emptyanswer,emptyanswer,emptyanswer
3G3AJKPCXKRQ65T81RPKHWDE5IO4Y5,3NG53N1RLVI03CL3C9OGA0WTWB68P6,A3S81UFDOWF2ST,Approved,Thu Mar 05 07:46:06 EST 2015,Thu Mar 05 07:46:38 EST 2015,Robust Solutions,Combinatorial Auctions,bidding,auction theory,Weighted Super Solutions framework,emptyanswer,emptyanswer,emptyanswer,emptyanswer,emptyanswer,emptyanswer,emptyanswer,emptyanswer,emptyanswer,emptyanswer,emptyanswer
3G3AJKPCXKRQ65T81RPKHWDE5IO4Y5,3PH3VY7DJLW57HJRXL2OFE1TOHIWZW,A31T3Z9OJAOIZV,Approved,Thu Mar 05 08:32:31 EST 2015,Thu Mar 05 08:36:06 EST 2015,combinatorial auction,solution for unreliable bidders,weighted solutions framework of constraint programming,robust solutions,bids,auction,winning bids,enforceable commitments,auction model with leveled commitment contract,emptyanswer,emptyanswer,emptyanswer,emptyanswer,emptyanswer,emptyanswer,emptyanswer
3G3AJKPCXKRQ65T81RPKHWDE5IO4Y5,33TIN5LC049UQVWE8OQDNNKGKMXY9L,A3UY2GVCKC8LSL,Approved,Thu Mar 05 10:27:45 EST 2015,Thu Mar 05 10:28:39 EST 2015,Robust Solution,combinatorial auction,Weighted Super Solutions,auction theory,enforceable commitments,emptyanswer,emptyanswer,emptyanswer,emptyanswer,emptyanswer,emptyanswer,emptyanswer,emptyanswer,emptyanswer,emptyanswer,emptyanswer
3G3AJKPCXKRQ65T81RPKHWDE5IO4Y5,3ZY8KE4ISJ2JE0IVKFEF2J6BC6PQVI,A2SDTL2V8VJ25O,Approved,Thu Mar 05 15:37:55 EST 2015,Thu Mar 05 15:39:13 EST 2015,Solutions,Combinatorial,Exposure Problem,alternative,discriminating,emptyanswer,emptyanswer,emptyanswer,emptyanswer,emptyanswer,emptyanswer,emptyanswer,emptyanswer,emptyanswer,emptyanswer,emptyanswer
3G3AJKPCXKRQ65T81RPKHWDE5IO4Y5,32N49TQG3GHRRKBEVJHTCJR68OFVAS,ADUJUZANFOWKW,Approved,Thu Mar 05 17:47:05 EST 2015,Thu Mar 05 17:47:34 EST 2015,auction,bids,commitments,transactions,revenue,emptyanswer,emptyanswer,emptyanswer,emptyanswer,emptyanswer,emptyanswer,emptyanswer,emptyanswer,emptyanswer,emptyanswer,emptyanswer
3G3AJKPCXKRQ65T81RPKHWDE5IO4Y5,3N8OEVH1FRPL34WI4Q0XIMH31E3OO3,A156E6TWVB7GP7,Approved,Thu Mar 05 22:31:53 EST 2015,Thu Mar 05 22:33:28 EST 2015,Bids withdrawal,Bid-taker's Exposure Problem,Weighted Super solution framework,mutual bid bonds,Robust solutions,emptyanswer,emptyanswer,emptyanswer,emptyanswer,emptyanswer,emptyanswer,emptyanswer,emptyanswer,emptyanswer,emptyanswer,emptyanswer
3G3AJKPCXKRQ65T81RPKHWDE5IO4Y5,34BBWHLWHAAJCRUHXHE2FJY3S77IWI,A3DHYTZ1GPN0T8,Approved,Thu Mar 05 22:49:13 EST 2015,Thu Mar 05 22:49:40 EST 2015,Bids submitted in auctions,interests,approach,bid-taker,discriminating,emptyanswer,emptyanswer,emptyanswer,emptyanswer,emptyanswer,emptyanswer,emptyanswer,emptyanswer,emptyanswer,emptyanswer,emptyanswer
3G3AJKPCXKRQ65T81RPKHWDE5IO4Y5,3HMIGG0U4L5UCQD43WKZNRP50LVY8M,AQXSUU4I4DAH8,Approved,Fri Mar 06 10:46:33 EST 2015,Fri Mar 06 10:47:04 EST 2015,auction theory literature,Robust Solutions,Bid-taker's Exposure Problem,constraint programming,Combinatorial Auctions,emptyanswer,emptyanswer,emptyanswer,emptyanswer,emptyanswer,emptyanswer,emptyanswer,emptyanswer,emptyanswer,emptyanswer,emptyanswer
3G3AJKPCXKRQ65T81RPKHWDE5IO4Y5,3SUWZRL0MYC927DPAGB7WA1YCFEE6H,A3K6BSW10S4YKJ,Approved,Fri Mar 06 12:46:45 EST 2015,Fri Mar 06 12:49:59 EST 2015,Auctions,winning bids,Bid taker's Exposure Problem,Weighted super solution framework,mutual mid bonds,emptyanswer,emptyanswer,emptyanswer,emptyanswer,emptyanswer,emptyanswer,emptyanswer,emptyanswer,emptyanswer,emptyanswer,emptyanswer
3G3AJKPCXKRQ65T81RPKHWDE5IO4Y5,3PB5A5BD0V5QQLNLZL6N2RM6K8MG7C,ADVZAZ12Z8N9J,Approved,Sat Mar 07 09:30:33 EST 2015,Sat Mar 07 09:49:29 EST 2015,Bids submitted in auctions are usually treated as enforceable commitments in most bidding and auction theory literature.,In reality bidders often withdraw winning bids before the transaction when it is in their best interests to do so,"We have called this the ""Bid-taker's Exposure Problem"".","When faced with such unreliable bidders, it is preferable for the bid-taker to preempt such uncertainty by having a solution that is robust to bid withdrawal and provides a guarantee that possible withdrawals may be repaired easily with a bounded loss in revenue.","In this paper, we propose an approach to addressing the Bid-taker's Exposure Problem.",emptyanswer,emptyanswer,emptyanswer,emptyanswer,emptyanswer,emptyanswer,emptyanswer,emptyanswer,emptyanswer,emptyanswer,emptyanswer
3G3AJKPCXKRQ65T81RPKHWDE5IO4Y5,3PW9OPU9PQJM050CBQ4PZD1S73J12J,AWQK8QA93VLW9,Approved,Sat Mar 07 10:28:41 EST 2015,Sat Mar 07 10:30:44 EST 2015,Combinatorial Auctions,Robust Solutions,auction theory,bid withdrawal,alternative repair solution,Bid-taker's Exposure Problem,Weighted Super Solutions,mutual bid bonds,emptyanswer,emptyanswer,emptyanswer,emptyanswer,emptyanswer,emptyanswer,emptyanswer,emptyanswer
3G3AJKPCXKRQ65T81RPKHWDE5IO4Y5,3GS6S824SQWBQS58UXRUKRUKEBRNW3,A37WDQ1VG5XN6Z,Approved,Sat Mar 07 13:37:49 EST 2015,Sat Mar 07 13:37:56 EST 2015,nothing,nothing,nothing,nothing,nothing,emptyanswer,emptyanswer,emptyanswer,emptyanswer,emptyanswer,emptyanswer,emptyanswer,emptyanswer,emptyanswer,emptyanswer,emptyanswer
3G3AJKPCXKRQ65T81RPKHWDE5IO4Y5,3MRNMEIQW55MTM2W1P6PFB1A20PDLM,A9HQ3E0F2AGVO,Approved,Sat Mar 07 15:34:16 EST 2015,Sat Mar 07 15:35:17 EST 2015,Bids,auctions,Weighted Super Solutions framework,commitment contract,backtracking,emptyanswer,emptyanswer,emptyanswer,emptyanswer,emptyanswer,emptyanswer,emptyanswer,emptyanswer,emptyanswer,emptyanswer,emptyanswer
3G3AJKPCXKRQ65T81RPKHWDE5IO4Y5,3NG53N1RLVI03CL3C9OGA0WTWL6P87,A1JWEYGDFDB100,Approved,Sun Mar 08 09:29:59 EDT 2015,Sun Mar 08 09:31:09 EDT 2015,Combinatorial Auctions,Robust Solutions,enforceable commitments,auction theory literature,Bid-taker's Exposure Problem,emptyanswer,emptyanswer,emptyanswer,emptyanswer,emptyanswer,emptyanswer,emptyanswer,emptyanswer,emptyanswer,emptyanswer,emptyanswer
3G3AJKPCXKRQ65T81RPKHWDE5IO4Y5,3PJUZCGDJ6FFBP5WVKSJOAWERHS89Z,A38IE69ORDCEGY,Approved,Sun Mar 08 11:34:10 EDT 2015,Sun Mar 08 11:36:10 EDT 2015,combinatorial auctions,bid withdrawal solution,Bid-taker's Exposure problem,Weighted Super Solutions framework,revenue repair solutions,emptyanswer,emptyanswer,emptyanswer,emptyanswer,emptyanswer,emptyanswer,emptyanswer,emptyanswer,emptyanswer,emptyanswer,emptyanswer
3G3AJKPCXKRQ65T81RPKHWDE5IO4Y5,3IGI0VL647J3LJW63B0K3XHYBBJONN,A3G4SXD4N30C3L,Approved,Sun Mar 08 15:32:15 EDT 2015,Sun Mar 08 15:32:54 EDT 2015,Robust Solutions,Combinatorial Auctions,bidding and auction theory,Weighted Super Solutions framework,leveled commitment contract,mutual bid bonds,emptyanswer,emptyanswer,emptyanswer,emptyanswer,emptyanswer,emptyanswer,emptyanswer,emptyanswer,emptyanswer,emptyanswer
3G3AJKPCXKRQ65T81RPKHWDE5IO4Y5,3S3AMIZX3U4TQI8QOCDQCSBN8T1DC0,A156NFBMKKLDL9,Approved,Sun Mar 08 17:03:22 EDT 2015,Sun Mar 08 17:03:57 EDT 2015,Robust Solutions,Combinatorial Auctions,enforceable commitments,bid-taker,facilitating backtracking,emptyanswer,emptyanswer,emptyanswer,emptyanswer,emptyanswer,emptyanswer,emptyanswer,emptyanswer,emptyanswer,emptyanswer,emptyanswer
3G3AJKPCXKRQ65T81RPKHWDE5IO4Y5,3UN61F00HWO2S7IGR3L23BMHVD8R5E,A2GBY8O6GYSB89,Approved,Sun Mar 08 18:53:29 EDT 2015,Sun Mar 08 18:54:38 EDT 2015,Robust Solutions,Combinatorial Auctions,Bid-taker's Exposure Problem,combinatorial auction,commitment contract,emptyanswer,emptyanswer,emptyanswer,emptyanswer,emptyanswer,emptyanswer,emptyanswer,emptyanswer,emptyanswer,emptyanswer,emptyanswer
3G3AJKPCXKRQ65T81RPKHWDE5IO4Y5,3A9AA95ATWLHGU21EBHDYGM2UXTP5X,A2SZAM3EZER2PH,Approved,Mon Mar 09 06:21:10 EDT 2015,Mon Mar 09 06:22:15 EDT 2015,usually treated as enforceable,withdraw winning,unreliable bidders,approach to addressing,commitment contract,emptyanswer,emptyanswer,emptyanswer,emptyanswer,emptyanswer,emptyanswer,emptyanswer,emptyanswer,emptyanswer,emptyanswer,emptyanswer
3G3AJKPCXKRQ65T81RPKHWDE5IO4Y5,33FOTY3KEMKZYNSE8JTVBQAEJY9C1O,A2E2IQ99W6B7AV,Approved,Mon Mar 09 06:20:28 EDT 2015,Mon Mar 09 06:22:49 EDT 2015,Auction bidding,Revenue changes,System robustness,Model introduction,Repair solutions,emptyanswer,emptyanswer,emptyanswer,emptyanswer,emptyanswer,emptyanswer,emptyanswer,emptyanswer,emptyanswer,emptyanswer,emptyanswer
3G3AJKPCXKRQ65T81RPKHWDE5IO4Y5,35BLDD71I6WSSSJM7BXSTCIFHKJVZC,A28IXE702NXWKQ,Approved,Mon Mar 09 13:58:47 EDT 2015,Mon Mar 09 14:08:40 EDT 2015,Bids submitted,enforceable commitments,Bid-taker's Exposure Problem,mutual bid bonds,Robust solutions,emptyanswer,emptyanswer,emptyanswer,emptyanswer,emptyanswer,emptyanswer,emptyanswer,emptyanswer,emptyanswer,emptyanswer,emptyanswer
3G3AJKPCXKRQ65T81RPKHWDE5IO4Y5,3U8YCDAGXPF3LZHFHIQQHQGLILYQ0Y,A2EEL9YYUHL5SK,Approved,Mon Mar 09 19:48:53 EDT 2015,Mon Mar 09 20:03:01 EDT 2015,Combinatorial Auctions,an alternative repair solution of adequate revenue,"""Bid-taker's Exposure Problem""",Weighted Super Solutions framework,"auction model that uses a form of leveled commitment contract [26, 27], which we have called mutual bid bonds",emptyanswer,emptyanswer,emptyanswer,emptyanswer,emptyanswer,emptyanswer,emptyanswer,emptyanswer,emptyanswer,emptyanswer,emptyanswer
3G3AJKPCXKRQ65T81RPKHWDE5IO4Y5,3H7XDTSHKCQ5G0OM7TEZU7LND4ZWG8,APEB5ERGCYP6D,Approved,Tue Mar 10 01:25:40 EDT 2015,Tue Mar 10 02:06:46 EDT 2015,Bids submitted in auctions,usually treated as enforceable commitments,Weighted Super Solutions framework,A weighted super solution guarantees,Robust solutions can also provide,emptyanswer,emptyanswer,emptyanswer,emptyanswer,emptyanswer,emptyanswer,emptyanswer,emptyanswer,emptyanswer,emptyanswer,emptyanswer
3G3AJKPCXKRQ65T81RPKHWDE5IO4Y5,3DQQ64TANGKBTDHLAC4MOGZFEWFWP7,AW36CVMS3526O,Approved,Tue Mar 10 12:35:15 EDT 2015,Tue Mar 10 12:36:02 EDT 2015,Robust Solutions,enforceable,combinatorial auction,impossible,discriminating,emptyanswer,emptyanswer,emptyanswer,emptyanswer,emptyanswer,emptyanswer,emptyanswer,emptyanswer,emptyanswer,emptyanswer,emptyanswer
3G3AJKPCXKRQ65T81RPKHWDE5IO4Y5,3XM0HYN6NKYHCDVUPCAG2ASF7T7PEJ,ANB69EQROUTQJ,Approved,Tue Mar 10 22:40:05 EDT 2015,Tue Mar 10 22:41:49 EDT 2015,combinatorial auctions,bid withdrawal,bid-taker's exposure problem,unreliable bidders,mutual bid bonds,emptyanswer,emptyanswer,emptyanswer,emptyanswer,emptyanswer,emptyanswer,emptyanswer,emptyanswer,emptyanswer,emptyanswer,emptyanswer
3G3AJKPCXKRQ65T81RPKHWDE5IO4Y5,3IQ1VMJRYTJTUDYBSICXK129HA7A9U,ATRHDYWCIYTDJ,Approved,Wed Mar 11 04:15:46 EDT 2015,Wed Mar 11 04:16:01 EDT 2015,commitments,auctions,programming,associated,reducing,emptyanswer,emptyanswer,emptyanswer,emptyanswer,emptyanswer,emptyanswer,emptyanswer,emptyanswer,emptyanswer,emptyanswer,emptyanswer
3G3AJKPCXKRQ65T81RPKHWDE5IO4Y5,3KWTYT08702RP9N3MJO6HZDIPRTL54,A3CMDYA9USA3MR,Approved,Wed Mar 11 07:36:37 EDT 2015,Wed Mar 11 07:36:51 EDT 2015,submitted,enforceable,bidding,demonstrate,discriminating,emptyanswer,emptyanswer,emptyanswer,emptyanswer,emptyanswer,emptyanswer,emptyanswer,emptyanswer,emptyanswer,emptyanswer,emptyanswer
3G3AJKPCXKRQ65T81RPKHWDE5IO4Y5,3WSELTNVR31CES7PQOHEB13LBIXTA2,AUH4A0OGHF2CK,Approved,Wed Mar 11 16:00:17 EDT 2015,Wed Mar 11 16:03:11 EDT 2015,Solutions for Combinatorial Auctions,A study on Weighted Super Solutions framework for Combinatorial Auctions,A study on Robust Solutions for Combinatorial Auctions,Analysis of Robust Solutions for Combinatorial Auctions,Analysis of  Weighted Super Solutions framework for Combinatorial Auctions,emptyanswer,emptyanswer,emptyanswer,emptyanswer,emptyanswer,emptyanswer,emptyanswer,emptyanswer,emptyanswer,emptyanswer,emptyanswer
3G3AJKPCXKRQ65T81RPKHWDE5IO4Y5,3MX2NQ3YC9TMP34S02RUST85X13X55,A2UNRV6PEOEXG0,Approved,Thu Mar 12 00:41:32 EDT 2015,Thu Mar 12 00:42:20 EDT 2015,Robust Solutions,Combinatorial Auctions,auctions,bidding,distrusted bidders,emptyanswer,emptyanswer,emptyanswer,emptyanswer,emptyanswer,emptyanswer,emptyanswer,emptyanswer,emptyanswer,emptyanswer,emptyanswer
3G3AJKPCXKRQ65T81RPKHWDE5IO4Y5,3IUZPWIU1O6AIMK5XKZESZDGLPMKWE,AM1HY736BY3Z8,Approved,Thu Mar 12 11:31:43 EDT 2015,Thu Mar 12 11:33:09 EDT 2015,Robust Solutions for Combinatorial Auctions,Bids submitted in auctions are usually treated as enforceable commitments in most bidding and auction theory literature.,"a bid withdrawal in a combinatorial auction, finding an alternative repair solution of adequate revenue without causing undue disturbance to the remaining winning bids in the original solution may be difficult or even impossible",we propose an approach to addressing the Bid-taker's Exposure Problem.,Robust solutions can also provide a means of selectively discriminating against distrusted bidders in a measured manner.,emptyanswer,emptyanswer,emptyanswer,emptyanswer,emptyanswer,emptyanswer,emptyanswer,emptyanswer,emptyanswer,emptyanswer,emptyanswer
3G3AJKPCXKRQ65T81RPKHWDE5IO4Y5,333U7HK6I9EGYWEWY4UCZWOIZKGDJZ,A2KS418T8MPLJH,Approved,Thu Mar 12 11:49:11 EDT 2015,Thu Mar 12 11:50:53 EDT 2015,Bids submitted in auctions are usually treated as enforceable commitments in most bidding and auction theory literature.,In reality bidders often withdraw winning bids before the transaction when it is in their best interests to do so,"Given a bid withdrawal in a combinatorial auction, finding an alternative repair solution of adequate revenue without causing undue disturbance to the remaining winning bids in the original solution may be difficult or even impossible","Firstly, we use the Weighted Super Solutions framework [13], from the field of constraint programming, to solve the problem of finding a robust solution.","We also demonstrate experimentally that fewer winning bids partake in robust solutions, thereby reducing any associated overhead in dealing with extra bidders. Robust solutions can also provide a means of selectively discriminating against distrusted bidders in a measured manner.",emptyanswer,emptyanswer,emptyanswer,emptyanswer,emptyanswer,emptyanswer,emptyanswer,emptyanswer,emptyanswer,emptyanswer,emptyanswer
3G3AJKPCXKRQ65T81RPKHWDE5IO4Y5,3G2UL9A02DDOTSYFN8X1Q09HR3W76X,AU3WQKISBW5MZ,Approved,Thu Mar 12 12:59:28 EDT 2015,Thu Mar 12 13:01:05 EDT 2015,Bids submitted in auctions are usually treated as enforceable commitments in most bidding and auction theory literature,In reality bidders often withdraw winning bids before the transaction when it is in their best interests to do so.,"Given a bid withdrawal in a combinatorial auction, finding an alternative repair solution","We have called this the ""Bid-taker's Exposure Problem"". When faced with such unreliable bidders",it is preferable for the bid-taker to preempt such uncertainty by having a solution that is robust to bid withdrawal and provides a guarantee that possible,emptyanswer,emptyanswer,emptyanswer,emptyanswer,emptyanswer,emptyanswer,emptyanswer,emptyanswer,emptyanswer,emptyanswer,emptyanswer
3G3AJKPCXKRQ65T81RPKHWDE5IO4Y5,3XLBSAQ9Z4BQH2IQPDUCNY2CW8Z7ZW,A2JOYXFN8HXXLS,Approved,Thu Mar 12 16:02:43 EDT 2015,Thu Mar 12 16:11:49 EDT 2015,Bid-taker's Exposure Problem,A weighted super solution,leveled commitment contract,Combinatorial Auctions,mutual bid bonds,emptyanswer,emptyanswer,emptyanswer,emptyanswer,emptyanswer,emptyanswer,emptyanswer,emptyanswer,emptyanswer,emptyanswer,emptyanswer
3G3AJKPCXKRQ65T81RPKHWDE5IO4Y5,33CID57104SOBU0Z800D22FYCY13L2,A1A9GCQVBEMT58,Approved,Fri Mar 13 06:28:42 EDT 2015,Fri Mar 13 06:37:00 EDT 2015,enforceable commitments,combinatorial auction,Bid-taker's Exposure Problem,bounded loss in revenue,Weighted Super Solutions framework,constraint programming,leveled commitment contract,mutual bid bonds,facilitating backtracking on winning bids,economically motivated auction scenarios,reducing any associated overhead,selectively discriminating against distrusted bidders,emptyanswer,emptyanswer,emptyanswer,emptyanswer
3G3AJKPCXKRQ65T81RPKHWDE5IO4Y5,3VBEN272MKYC9J7DNO4YXII28YRSGS,A8HUG07IE2R3,Approved,Fri Mar 13 22:52:24 EDT 2015,Fri Mar 13 22:55:20 EDT 2015,enforceable commitments,withdrawals may be repaired easily with a bounded loss in revenue,Weighted Super Solutions framework,trade-off between robustness and revenue,selectively discriminating against distrusted bidders in a measured manner,emptyanswer,emptyanswer,emptyanswer,emptyanswer,emptyanswer,emptyanswer,emptyanswer,emptyanswer,emptyanswer,emptyanswer,emptyanswer
3G3AJKPCXKRQ65T81RPKHWDE5IO4Y5,30ZX6P7VF8UTVMGG1FAV3DXE2WC2J6,A3DTN2OMF6DUSI,Approved,Fri Mar 13 23:08:30 EDT 2015,Fri Mar 13 23:08:46 EDT 2015,Robust,Solutions,Combinatorial,Auctions,reparability,emptyanswer,emptyanswer,emptyanswer,emptyanswer,emptyanswer,emptyanswer,emptyanswer,emptyanswer,emptyanswer,emptyanswer,emptyanswer
3G3AJKPCXKRQ65T81RPKHWDE5IO4Y5,3ZSY5X72NXAO0HOYWIH1CHM8DKYROT,A610SH5RY1NG1,Approved,Sat Mar 14 06:43:45 EDT 2015,Sat Mar 14 06:44:03 EDT 2015,Combinatorial,Solutions,Robust,Auctions,bidders,emptyanswer,emptyanswer,emptyanswer,emptyanswer,emptyanswer,emptyanswer,emptyanswer,emptyanswer,emptyanswer,emptyanswer,emptyanswer
3G3AJKPCXKRQ65T81RPKHWDE5IO4Y5,36V4Q8R5ZKZ0ODOM6NDOFNNYMY1MQS,A2Z9HR2IBD75R9,Approved,Sat Mar 14 09:43:07 EDT 2015,Sat Mar 14 09:43:26 EDT 2015,Robust Solutions,Combinatorial Auctions,Bids,loss,revenue,emptyanswer,emptyanswer,emptyanswer,emptyanswer,emptyanswer,emptyanswer,emptyanswer,emptyanswer,emptyanswer,emptyanswer,emptyanswer
3G3AJKPCXKRQ65T81RPKHWDE5IO4Y5,3DUZQ9U6SMNVRGX8CJ3KXJLCVGJVSU,AL9R6CILUG30X,Approved,Sat Mar 14 13:45:24 EDT 2015,Sat Mar 14 13:48:31 EDT 2015,Combinatorial Auctions,bidders,bid withdrawal,Bid-taker's Exposure Problem,Super Solutions framework,commitment contract,constraint programming,emptyanswer,emptyanswer,emptyanswer,emptyanswer,emptyanswer,emptyanswer,emptyanswer,emptyanswer,emptyanswer
3G3AJKPCXKRQ65T81RPKHWDE5IO4Y5,3OE22WJIGINJ1LTVFP4A6X4SZLZUQP,AH3ER3EJXHRO2,Approved,Sat Mar 14 16:09:53 EDT 2015,Sat Mar 14 16:10:42 EDT 2015,auctions,bids,bid withdrawal,robust solutions,Weighted Super Solutions,emptyanswer,emptyanswer,emptyanswer,emptyanswer,emptyanswer,emptyanswer,emptyanswer,emptyanswer,emptyanswer,emptyanswer,emptyanswer
3G3AJKPCXKRQ65T81RPKHWDE5IO4Y5,3DEL4X4EL6KKRRECB4WR3Q6YSCXYXO,A1BV5YY1UQCMZY,Approved,Sat Mar 14 16:29:09 EDT 2015,Sat Mar 14 16:29:36 EDT 2015,combinatorial,auctions,solutions,bids,weighted super solutions framework,emptyanswer,emptyanswer,emptyanswer,emptyanswer,emptyanswer,emptyanswer,emptyanswer,emptyanswer,emptyanswer,emptyanswer,emptyanswer
3G3AJKPCXKRQ65T81RPKHWDE5IO4Y5,3FE7TXL1LIMAH9KTW5U40E90GUH2QG,A80VSGAD9H8VE,Approved,Sat Mar 14 16:36:01 EDT 2015,Sat Mar 14 16:36:47 EDT 2015,enforceable commitments,alternative repair solution of adequate revenue,robust solution,associated overhead in dealing with extra bidders,selectively discriminating against distrusted bidders in a measured manner,emptyanswer,emptyanswer,emptyanswer,emptyanswer,emptyanswer,emptyanswer,emptyanswer,emptyanswer,emptyanswer,emptyanswer,emptyanswer
3G3AJKPCXKRQ65T81RPKHWDE5IO4Y5,3H8DHMCCW9AB9GKEGPUO0BOVEFJDKD,AWFQ7OX0UPSM5,Approved,Sat Mar 14 19:21:18 EDT 2015,Sat Mar 14 19:22:04 EDT 2015,Combinatorial Auctions,enforceable commitments,bidding and auction theory,bid withdrawal,alternative repair solution of adequate revenue,emptyanswer,emptyanswer,emptyanswer,emptyanswer,emptyanswer,emptyanswer,emptyanswer,emptyanswer,emptyanswer,emptyanswer,emptyanswer
3G3AJKPCXKRQ65T81RPKHWDE5IO4Y5,3WSELTNVR31CES7PQOHEB13LCQFTA1,A1G94QON7A9K0N,Approved,Sat Mar 14 20:00:57 EDT 2015,Sat Mar 14 20:01:18 EDT 2015,combinatorial,weighted,solution,mutual,bids,emptyanswer,emptyanswer,emptyanswer,emptyanswer,emptyanswer,emptyanswer,emptyanswer,emptyanswer,emptyanswer,emptyanswer,emptyanswer
3G3AJKPCXKRQ65T81RPKHWDE5IO4Y5,3CFVK00FWLKN8DNHR2YB95RIMU46LM,A3MRB8TFD1IUS6,Approved,Sat Mar 14 20:04:10 EDT 2015,Sat Mar 14 20:05:44 EDT 2015,Robust Solutions,Combinatorial Auctions,bidders,Bid taker's Exposer problem,weighted super solutions framework,emptyanswer,emptyanswer,emptyanswer,emptyanswer,emptyanswer,emptyanswer,emptyanswer,emptyanswer,emptyanswer,emptyanswer,emptyanswer
3G3AJKPCXKRQ65T81RPKHWDE5IO4Y5,3A1PQ49WVHGQFV3UUB7WMH7UX1DH1O,A29ZV4XJB7R1O,Approved,Sat Mar 14 19:54:29 EDT 2015,Sat Mar 14 20:11:52 EDT 2015,Robust,Combinatorial Auctions,Bid-taker's Exposure Problem,Bids,bidders,emptyanswer,emptyanswer,emptyanswer,emptyanswer,emptyanswer,emptyanswer,emptyanswer,emptyanswer,emptyanswer,emptyanswer,emptyanswer
3G3AJKPCXKRQ65T81RPKHWDE5IO4Y5,3K5TEWLKGVA6X2UC7796THFPMJBVIY,ACVJ6IUO9QM4R,Approved,Sat Mar 14 21:49:22 EDT 2015,Sat Mar 14 21:53:18 EDT 2015,online auctions,online auction bids,leveled commitment contract,discriminating against distrusted bidders,Robust solutions,emptyanswer,emptyanswer,emptyanswer,emptyanswer,emptyanswer,emptyanswer,emptyanswer,emptyanswer,emptyanswer,emptyanswer,emptyanswer
3G3AJKPCXKRQ65T81RPKHWDE5IO4Y5,38BQUHLA9WZX31B6RALKQISY7ZZOM6,A9VLWY4KW6OCB,Approved,Sat Mar 14 21:58:21 EDT 2015,Sat Mar 14 22:13:22 EDT 2015,Robust,Solutions,Combinatorial,Auctions,bidders,emptyanswer,emptyanswer,emptyanswer,emptyanswer,emptyanswer,emptyanswer,emptyanswer,emptyanswer,emptyanswer,emptyanswer,emptyanswer
3G3AJKPCXKRQ65T81RPKHWDE5IO4Y5,3Z7ISHFUH0UUHGN9ZIMI1YY77YD8Z4,A2I4DDHMIT7HX,Approved,Sat Mar 14 22:23:45 EDT 2015,Sat Mar 14 22:24:54 EDT 2015,combinatorial auctions,bid withdrawal,Weighted Super Solutions framework,constraint programming,leveled commitment contract,economically motivated auction scenarios,emptyanswer,emptyanswer,emptyanswer,emptyanswer,emptyanswer,emptyanswer,emptyanswer,emptyanswer,emptyanswer,emptyanswer
