HitId,AssignmentId,WorkerId,Status,AcceptTime,SubmitTime,Answer 1,Answer 2,Answer 3,Answer 4,Answer 5,Answer 6,Answer 7,Answer 8,Answer 9,Answer 10,Answer 11,Answer 12,Answer 13,Answer 14,Answer 15,Answer 16
3GV1I4SEO8OKLTQN10T9KMVWSUP6LZ,3V0Z7YWSIYZ2MHGAI4OE6188WT6V2Q,A22R7DT2XQIKXV,Approved,Mon Mar 02 14:56:33 EST 2015,Mon Mar 02 14:56:37 EST 2015,aa,aa,aa,aa,aa,emptyanswer,emptyanswer,emptyanswer,emptyanswer,emptyanswer,emptyanswer,emptyanswer,emptyanswer,emptyanswer,emptyanswer,emptyanswer
3GV1I4SEO8OKLTQN10T9KMVWSUP6LZ,326O153BMIX8NGS4K3JL2GBQTPZDEI,A3ODG942FG22PJ,Approved,Mon Mar 02 17:39:13 EST 2015,Mon Mar 02 17:39:29 EST 2015,Context-Sensitive,Information,Retrieval,Implicit,Feedback,na,na,na,na,na,na,na,na,na,na,na
3GV1I4SEO8OKLTQN10T9KMVWSUP6LZ,3PJ71Z61R41X0PLBWZJ49096DVI198,A3FG9YWTFFK1AU,Approved,Mon Mar 02 18:52:03 EST 2015,Mon Mar 02 19:09:12 EST 2015,Context-Sensitive Information Retrieval,Implicit Feedback,query and document collection,TREC AP data,document summaries,emptyanswer,emptyanswer,emptyanswer,emptyanswer,emptyanswer,emptyanswer,emptyanswer,emptyanswer,emptyanswer,emptyanswer,emptyanswer
3GV1I4SEO8OKLTQN10T9KMVWSUP6LZ,3H0W84IWBK12OQB924E575SU8Q3REF,A26M2B8NZVKWTZ,Approved,Mon Mar 02 21:48:06 EST 2015,Mon Mar 02 21:49:23 EST 2015,Context,Feedback,Retrieval,accuracy,search,emptyanswer,emptyanswer,emptyanswer,emptyanswer,emptyanswer,emptyanswer,emptyanswer,emptyanswer,emptyanswer,emptyanswer,emptyanswer
3GV1I4SEO8OKLTQN10T9KMVWSUP6LZ,33CID57104SOBU0Z800D22FYB9PL3T,A27I79P03I0ZPO,Approved,Mon Mar 02 22:02:35 EST 2015,Mon Mar 02 22:06:24 EST 2015,Context-Sensitive,Feedback,Information,Retrieval,document,emptyanswer,emptyanswer,emptyanswer,emptyanswer,emptyanswer,emptyanswer,emptyanswer,emptyanswer,emptyanswer,emptyanswer,emptyanswer
3GV1I4SEO8OKLTQN10T9KMVWSUP6LZ,3V5Q80FXIXQIA8ERYUI8N6GP59123O,A2R085B34P2LYS,Approved,Mon Mar 02 23:11:22 EST 2015,Mon Mar 02 23:18:39 EST 2015,Information,Feedback,Retrieval,Context-Sensitive,Using,emptyanswer,emptyanswer,emptyanswer,emptyanswer,emptyanswer,emptyanswer,emptyanswer,emptyanswer,emptyanswer,emptyanswer,emptyanswer
3GV1I4SEO8OKLTQN10T9KMVWSUP6LZ,3K2755HG5S20TUS0FE3RKYWQ5RBFD1,A1B5NXRZQYRC4R,Approved,Tue Mar 03 06:11:28 EST 2015,Tue Mar 03 06:11:52 EST 2015,major,media,systems,document,collection,emptyanswer,emptyanswer,emptyanswer,emptyanswer,emptyanswer,emptyanswer,emptyanswer,emptyanswer,emptyanswer,emptyanswer,emptyanswer
3GV1I4SEO8OKLTQN10T9KMVWSUP6LZ,3A1PQ49WVHGQFV3UUB7WMH7UW9W1H6,A1XRIEYLA7ZJ3B,Approved,Tue Mar 03 09:56:10 EST 2015,Tue Mar 03 10:00:48 EST 2015,Context-Sensitive Information Retrieval,how to exploit implicit feedback information,to improve retrieval accuracy in an interactive information retrieval setting,context-sensitive retrieval algorithms based on statistical language models,better ranking of documents,quantitatively evaluate our models using a test set,emptyanswer,emptyanswer,emptyanswer,emptyanswer,emptyanswer,emptyanswer,emptyanswer,emptyanswer,emptyanswer,emptyanswer
3GV1I4SEO8OKLTQN10T9KMVWSUP6LZ,37TRT2X24QQNJZGCK836460IVDXJBI,A3S81UFDOWF2ST,Approved,Tue Mar 03 12:26:39 EST 2015,Tue Mar 03 12:27:57 EST 2015,Information Retrieval,TREC AP data,Feedback,Better ranking,Improved retrieval performance,emptyanswer,emptyanswer,emptyanswer,emptyanswer,emptyanswer,emptyanswer,emptyanswer,emptyanswer,emptyanswer,emptyanswer,emptyanswer
3GV1I4SEO8OKLTQN10T9KMVWSUP6LZ,39RP059MEHSDK7MXN5GYKYSZZ87BMV,A9HQ3E0F2AGVO,Approved,Tue Mar 03 17:48:42 EST 2015,Tue Mar 03 17:52:43 EST 2015,retrieval decision,implicit feedback information,previous queries,clickthrough information,improve retrieval accuracy,emptyanswer,emptyanswer,emptyanswer,emptyanswer,emptyanswer,emptyanswer,emptyanswer,emptyanswer,emptyanswer,emptyanswer,emptyanswer
3GV1I4SEO8OKLTQN10T9KMVWSUP6LZ,3II4UPYCOJ6XKJI9TUELWX04CU9QDX,A9LA6QK6VCERR,Approved,Wed Mar 04 01:14:25 EST 2015,Wed Mar 04 01:15:56 EST 2015,TREC AP data,Context-Sensitive Information Retrieval,exploit implicit feedback information,queries and clickthrough information,clicked document summaries,emptyanswer,emptyanswer,emptyanswer,emptyanswer,emptyanswer,emptyanswer,emptyanswer,emptyanswer,emptyanswer,emptyanswer,emptyanswer
3GV1I4SEO8OKLTQN10T9KMVWSUP6LZ,3TAYZSBPLL7MUPZ6O9J9VEO1XSCS2O,A2YW509B0UMSEH,Approved,Wed Mar 04 03:32:34 EST 2015,Wed Mar 04 03:36:03 EST 2015,collection,Implicit Feedback,information,search,Information Retrieval,emptyanswer,emptyanswer,emptyanswer,emptyanswer,emptyanswer,emptyanswer,emptyanswer,emptyanswer,emptyanswer,emptyanswer,emptyanswer
3GV1I4SEO8OKLTQN10T9KMVWSUP6LZ,3X3OR7WPZZZACR65KHV9TJN9RYEL8O,A3LUJSAN4DQ1ZT,Approved,Wed Mar 04 10:06:06 EST 2015,Wed Mar 04 10:07:37 EST 2015,Context-sensitive,Implicit feedback,TREC AP data,Retrieval,Performance,emptyanswer,emptyanswer,emptyanswer,emptyanswer,emptyanswer,emptyanswer,emptyanswer,emptyanswer,emptyanswer,emptyanswer,emptyanswer
3GV1I4SEO8OKLTQN10T9KMVWSUP6LZ,31UV0MXWNQBPZ8FX1GRTPJLQ84L5IU,A3H35QRODK1C4K,Approved,Wed Mar 04 10:43:40 EST 2015,Wed Mar 04 10:44:01 EST 2015,context-sensitive,information,retrieval,implicit,feedback,emptyanswer,emptyanswer,emptyanswer,emptyanswer,emptyanswer,emptyanswer,emptyanswer,emptyanswer,emptyanswer,emptyanswer,emptyanswer
3GV1I4SEO8OKLTQN10T9KMVWSUP6LZ,3WYGZ5XF3WEHB53WDFPDVAAVESKKSO,A3FFZN4FO3Q789,Approved,Wed Mar 04 11:02:26 EST 2015,Wed Mar 04 11:05:45 EST 2015,preliminary,preliminary,preliminary,preliminary,preliminary,emptyanswer,emptyanswer,emptyanswer,emptyanswer,emptyanswer,emptyanswer,emptyanswer,emptyanswer,emptyanswer,emptyanswer,emptyanswer
3GV1I4SEO8OKLTQN10T9KMVWSUP6LZ,31HQ4X3T3S9SVBLEYF1EAANA3T8SLK,A2F6ZON8X5EAGL,Approved,Wed Mar 04 16:11:58 EST 2015,Wed Mar 04 16:12:23 EST 2015,Context-Sensitive Information Retrieval Using Implicit Feedback,major,decision,information,search,emptyanswer,emptyanswer,emptyanswer,emptyanswer,emptyanswer,emptyanswer,emptyanswer,emptyanswer,emptyanswer,emptyanswer,emptyanswer
3GV1I4SEO8OKLTQN10T9KMVWSUP6LZ,3OLQQLKKNSOLQ2SWUZ5W5E63YD7EJG,A3OTLWGJFB65KD,Approved,Wed Mar 04 19:32:52 EST 2015,Wed Mar 04 19:33:06 EST 2015,Write a hotel description,Write a hotel description,Write a hotel description,Write a hotel description,Write a hotel description,emptyanswer,emptyanswer,emptyanswer,emptyanswer,emptyanswer,emptyanswer,emptyanswer,emptyanswer,emptyanswer,emptyanswer,emptyanswer
3GV1I4SEO8OKLTQN10T9KMVWSUP6LZ,3NVC2EB65QY8BT7YRFP3WAHUKS0Y3D,A1W7BQWWGKJ3XF,Approved,Wed Mar 04 21:46:49 EST 2015,Wed Mar 04 21:47:39 EST 2015,Context-Sensitive Information Retrieval,Implicit Feedback,retrieval model,decision,performance,TREC AP data,emptyanswer,emptyanswer,emptyanswer,emptyanswer,emptyanswer,emptyanswer,emptyanswer,emptyanswer,emptyanswer,emptyanswer
3GV1I4SEO8OKLTQN10T9KMVWSUP6LZ,3SUWZRL0MYC927DPAGB7WA1YC8AE6Z,A1YLO4LT02D2F0,Approved,Wed Mar 04 23:40:14 EST 2015,Wed Mar 04 23:52:45 EST 2015,limitation of most existing retrieval models,decision is made based solely on the query and document collection,to improve retrieval accuracy in an interactive information retrieval setting,context-sensitive retrieval algorithms based on statistical,quantitatively evaluate our models using this test set,emptyanswer,emptyanswer,emptyanswer,emptyanswer,emptyanswer,emptyanswer,emptyanswer,emptyanswer,emptyanswer,emptyanswer,emptyanswer
3GV1I4SEO8OKLTQN10T9KMVWSUP6LZ,3A0EX8ZRN8NDEOBB6849ETF68MWYBR,A3I10J1GPDAPQR,Approved,Thu Mar 05 08:16:09 EST 2015,Thu Mar 05 08:17:10 EST 2015,Context-Sensitive Information Retrieval,Implicit Feedback,TREC AP data,statistical language models,retrieval accuracy,emptyanswer,emptyanswer,emptyanswer,emptyanswer,emptyanswer,emptyanswer,emptyanswer,emptyanswer,emptyanswer,emptyanswer,emptyanswer
3GV1I4SEO8OKLTQN10T9KMVWSUP6LZ,36H9ULYP62TDWGSSPAP2NWR3AGKFJ1,A3UY2GVCKC8LSL,Approved,Thu Mar 05 10:16:14 EST 2015,Thu Mar 05 10:16:55 EST 2015,context-sensitive,information retrieval,implicit feedback,TREC AP,document collection,emptyanswer,emptyanswer,emptyanswer,emptyanswer,emptyanswer,emptyanswer,emptyanswer,emptyanswer,emptyanswer,emptyanswer,emptyanswer
3GV1I4SEO8OKLTQN10T9KMVWSUP6LZ,3L6L49WXW0WVR1GIGRPPVIB73PK54L,A1QUDNLO95AKS5,Approved,Thu Mar 05 11:47:58 EST 2015,Thu Mar 05 11:48:28 EST 2015,Context-Sensitive Information,Implicit Feedback,limitation,document,summaries,emptyanswer,emptyanswer,emptyanswer,emptyanswer,emptyanswer,emptyanswer,emptyanswer,emptyanswer,emptyanswer,emptyanswer,emptyanswer
3GV1I4SEO8OKLTQN10T9KMVWSUP6LZ,3TPZPLC3M0BE2FFX0STKJJOIGQF3PC,ADUJUZANFOWKW,Approved,Thu Mar 05 16:29:33 EST 2015,Thu Mar 05 16:30:44 EST 2015,information,retrieval,feedback,TREC AP,system,emptyanswer,emptyanswer,emptyanswer,emptyanswer,emptyanswer,emptyanswer,emptyanswer,emptyanswer,emptyanswer,emptyanswer,emptyanswer
3GV1I4SEO8OKLTQN10T9KMVWSUP6LZ,36AHBNMV1RB6TL9VK4VF9J36BAZDYA,A3DHYTZ1GPN0T8,Approved,Thu Mar 05 22:51:25 EST 2015,Thu Mar 05 22:51:49 EST 2015,major limitation,ignored,context-sensitive,summaries,performance,emptyanswer,emptyanswer,emptyanswer,emptyanswer,emptyanswer,emptyanswer,emptyanswer,emptyanswer,emptyanswer,emptyanswer,emptyanswer
3GV1I4SEO8OKLTQN10T9KMVWSUP6LZ,3AAPLD8UCCGROFF3WUR6SNQPO39THF,A3G4SXD4N30C3L,Approved,Fri Mar 06 11:45:41 EST 2015,Fri Mar 06 11:46:17 EST 2015,Context-Sensitive Information Retrieval,Implicit Feedback,TREC AP data,retrieval decision is made based solely on the query and document collection,implicit feedback,clicked document summaries,emptyanswer,emptyanswer,emptyanswer,emptyanswer,emptyanswer,emptyanswer,emptyanswer,emptyanswer,emptyanswer,emptyanswer
3GV1I4SEO8OKLTQN10T9KMVWSUP6LZ,3QFUFYSY9YENTY97M32YHU2KSPGF48,AQXSUU4I4DAH8,Approved,Fri Mar 06 12:02:51 EST 2015,Fri Mar 06 12:03:37 EST 2015,Context-Sensitive Information,retrieval accuracy,Implicit Feedback,query and document collection,retrieval performance substantially,emptyanswer,emptyanswer,emptyanswer,emptyanswer,emptyanswer,emptyanswer,emptyanswer,emptyanswer,emptyanswer,emptyanswer,emptyanswer
3GV1I4SEO8OKLTQN10T9KMVWSUP6LZ,333U7HK6I9EGYWEWY4UCZWOIY9YJD0,A2KELEVTA0306Y,Approved,Fri Mar 06 12:53:49 EST 2015,Fri Mar 06 12:56:22 EST 2015,major,limitation,most,existing,retrieval,models,systems,decision,solely,document,collection,exploit,implicit,feedback,information,including
3GV1I4SEO8OKLTQN10T9KMVWSUP6LZ,3IUZPWIU1O6AIMK5XKZESZDGKG7KWG,APEB5ERGCYP6D,Approved,Sat Mar 07 07:14:55 EST 2015,Sat Mar 07 07:23:50 EST 2015,most existing retrieval models,systems is that the retrieval decision,document collection; information about the actual user,search context is largely ignored,retrieval algorithms based on statistical language models,emptyanswer,emptyanswer,emptyanswer,emptyanswer,emptyanswer,emptyanswer,emptyanswer,emptyanswer,emptyanswer,emptyanswer,emptyanswer
3GV1I4SEO8OKLTQN10T9KMVWSUP6LZ,3LRLIPTPEQ8DB9H2WF3MAAGPSXJAKA,A37WDQ1VG5XN6Z,Approved,Sat Mar 07 13:40:14 EST 2015,Sat Mar 07 13:40:21 EST 2015,nothing,nothing,nothing,nothing,nothing,emptyanswer,emptyanswer,emptyanswer,emptyanswer,emptyanswer,emptyanswer,emptyanswer,emptyanswer,emptyanswer,emptyanswer,emptyanswer
3GV1I4SEO8OKLTQN10T9KMVWSUP6LZ,3137ONMDKG4BZ02VMTKT81EN6V1GE9,AKY7ZFPCHAXMJ,Approved,Sat Mar 07 14:13:56 EST 2015,Sat Mar 07 14:22:16 EST 2015,exploit implicit feedback information,context-sensitive retrieval algorithms,improve retrieval performance,implicit feedback,TREC AP,emptyanswer,emptyanswer,emptyanswer,emptyanswer,emptyanswer,emptyanswer,emptyanswer,emptyanswer,emptyanswer,emptyanswer,emptyanswer
3GV1I4SEO8OKLTQN10T9KMVWSUP6LZ,3P59JYT76LJN9PCLD9OZ5JKNZNDT2P,A38IE69ORDCEGY,Approved,Sat Mar 07 22:13:29 EST 2015,Sat Mar 07 22:14:36 EST 2015,Information retrieval,Implicit feedback,search context,clickthrough,retrieval accuracy,emptyanswer,emptyanswer,emptyanswer,emptyanswer,emptyanswer,emptyanswer,emptyanswer,emptyanswer,emptyanswer,emptyanswer,emptyanswer
3GV1I4SEO8OKLTQN10T9KMVWSUP6LZ,3SKEMFQBZ34ZSLONZHJ8EJAU2B68KV,A3EOFHEPL3L07Y,Approved,Sun Mar 08 12:54:25 EDT 2015,Sun Mar 08 12:55:29 EDT 2015,Implicit Feedback,Context-Sensitive Information Retrieval,Context-Sensitive Information Retrieval Using Implicit Feedback,Information retrieval limitations,TREC AP,emptyanswer,emptyanswer,emptyanswer,emptyanswer,emptyanswer,emptyanswer,emptyanswer,emptyanswer,emptyanswer,emptyanswer,emptyanswer
3GV1I4SEO8OKLTQN10T9KMVWSUP6LZ,3IAS3U3I0FFND3I4DNXE5PE1THFB2L,A2GBY8O6GYSB89,Approved,Sun Mar 08 19:17:06 EDT 2015,Sun Mar 08 19:18:12 EDT 2015,Context-Sensitive Information Retrieval,Implicit Feedback,major limitation,TREC AP data,can improve retrieval performance substantially,emptyanswer,emptyanswer,emptyanswer,emptyanswer,emptyanswer,emptyanswer,emptyanswer,emptyanswer,emptyanswer,emptyanswer,emptyanswer
3GV1I4SEO8OKLTQN10T9KMVWSUP6LZ,3ZV9H2YQQD64MOCYCE7FBDWE9XDW3F,A156NFBMKKLDL9,Approved,Sun Mar 08 21:56:21 EDT 2015,Sun Mar 08 21:56:44 EDT 2015,Context-Sensitive,Information Retrieval,Implicit Feedback,retrieval accuracy,TREC AP data,emptyanswer,emptyanswer,emptyanswer,emptyanswer,emptyanswer,emptyanswer,emptyanswer,emptyanswer,emptyanswer,emptyanswer,emptyanswer
3GV1I4SEO8OKLTQN10T9KMVWSUP6LZ,3C8HJ7UOP7T925PDTJW16GZ2QQAZM0,A3A6FIAZ2W81,Approved,Mon Mar 09 01:17:27 EDT 2015,Mon Mar 09 01:18:34 EDT 2015,retrievals models,query and document collection,exploitation of implicit feedback information,TREC AP data,improved retrieval performance,emptyanswer,emptyanswer,emptyanswer,emptyanswer,emptyanswer,emptyanswer,emptyanswer,emptyanswer,emptyanswer,emptyanswer,emptyanswer
3GV1I4SEO8OKLTQN10T9KMVWSUP6LZ,3B1NLC6UGZVFWRRLV7042DDRK5UGPR,A3K6BSW10S4YKJ,Approved,Mon Mar 09 01:57:00 EDT 2015,Mon Mar 09 01:58:46 EDT 2015,to improve retrieval accuracy,interactive information retrieval setting,context-sensitive retrieval algorithms,TREC AP data,can improve retrieval performance substantially,emptyanswer,emptyanswer,emptyanswer,emptyanswer,emptyanswer,emptyanswer,emptyanswer,emptyanswer,emptyanswer,emptyanswer,emptyanswer
3GV1I4SEO8OKLTQN10T9KMVWSUP6LZ,3RJSC4XJ10TESDYHXQ2NJFLUMPM056,A2SZAM3EZER2PH,Approved,Mon Mar 09 07:59:47 EDT 2015,Mon Mar 09 08:00:30 EDT 2015,major limitation,retrieval decision,clickthrough information,document summaries,performance substantially,emptyanswer,emptyanswer,emptyanswer,emptyanswer,emptyanswer,emptyanswer,emptyanswer,emptyanswer,emptyanswer,emptyanswer,emptyanswer
3GV1I4SEO8OKLTQN10T9KMVWSUP6LZ,3G5F9DBFOPW617JS1PRLT5EALUAHVG,ACYGMRGAZ22U7,Approved,Mon Mar 09 17:53:52 EDT 2015,Mon Mar 09 17:53:59 EDT 2015,Keyword/Keyphrase 1:,Keyword/Keyphrase 1:,Keyword/Keyphrase 1:,Keyword/Keyphrase 1:,Keyword/Keyphrase 1:,emptyanswer,emptyanswer,emptyanswer,emptyanswer,emptyanswer,emptyanswer,emptyanswer,emptyanswer,emptyanswer,emptyanswer,emptyanswer
3GV1I4SEO8OKLTQN10T9KMVWSUP6LZ,3BWI6RSP7G8S67RUTQGZ2O1U7WG7E3,A2E2IQ99W6B7AV,Approved,Mon Mar 09 19:50:06 EDT 2015,Mon Mar 09 19:51:05 EDT 2015,Information retrieval,Context-sensitive data,Implicit feedback,Document summaries,Click-through information,emptyanswer,emptyanswer,emptyanswer,emptyanswer,emptyanswer,emptyanswer,emptyanswer,emptyanswer,emptyanswer,emptyanswer,emptyanswer
3GV1I4SEO8OKLTQN10T9KMVWSUP6LZ,3FIJLY1B6U39IRVQKNUMKSDFJTNPF0,AW36CVMS3526O,Approved,Tue Mar 10 11:42:35 EDT 2015,Tue Mar 10 11:46:11 EDT 2015,Information Retrieva,collection,feedback information,statistical language,substantially.,emptyanswer,emptyanswer,emptyanswer,emptyanswer,emptyanswer,emptyanswer,emptyanswer,emptyanswer,emptyanswer,emptyanswer,emptyanswer
3GV1I4SEO8OKLTQN10T9KMVWSUP6LZ,3Z9WI9EOZZNSLWPG2LDERW3T5Z8KH8,ATRHDYWCIYTDJ,Approved,Wed Mar 11 04:27:25 EDT 2015,Wed Mar 11 04:27:36 EDT 2015,retrieval,decision,solely,document,information,emptyanswer,emptyanswer,emptyanswer,emptyanswer,emptyanswer,emptyanswer,emptyanswer,emptyanswer,emptyanswer,emptyanswer,emptyanswer
3GV1I4SEO8OKLTQN10T9KMVWSUP6LZ,33OOO72IVHK0774NA2D5HWT9BL1TCN,A3CMDYA9USA3MR,Approved,Wed Mar 11 07:41:10 EDT 2015,Wed Mar 11 07:41:24 EDT 2015,limitation,retrieval,systems,feedback,implicit,emptyanswer,emptyanswer,emptyanswer,emptyanswer,emptyanswer,emptyanswer,emptyanswer,emptyanswer,emptyanswer,emptyanswer,emptyanswer
3GV1I4SEO8OKLTQN10T9KMVWSUP6LZ,3P4MQ7TPPXBH1GI0WGQP6IH5NT7BBE,A1JWEYGDFDB100,Approved,Wed Mar 11 10:53:46 EDT 2015,Wed Mar 11 10:55:07 EDT 2015,Context-Sensitive Information Retrieval,Implicit Feedback,query and document collection,previous queries and clickthrough information,better ranking of document,emptyanswer,emptyanswer,emptyanswer,emptyanswer,emptyanswer,emptyanswer,emptyanswer,emptyanswer,emptyanswer,emptyanswer,emptyanswer
3GV1I4SEO8OKLTQN10T9KMVWSUP6LZ,39K0FND3AHE81XH5HRG2PN8THAZAMG,A28IXE702NXWKQ,Approved,Wed Mar 11 15:13:04 EDT 2015,Wed Mar 11 15:13:56 EDT 2015,A major limitation,most existing retrieval models and systems,we study how to exploit implicit feedback information,We use the TREC AP data to create a test collection,can improve retrieval performance substantially,emptyanswer,emptyanswer,emptyanswer,emptyanswer,emptyanswer,emptyanswer,emptyanswer,emptyanswer,emptyanswer,emptyanswer,emptyanswer
3GV1I4SEO8OKLTQN10T9KMVWSUP6LZ,3ND9UOO81K1L2S2NIKBF7ZQV9OFWLE,A2KS418T8MPLJH,Approved,Wed Mar 11 16:49:23 EDT 2015,Wed Mar 11 16:50:26 EDT 2015,Context-Sensitive Information Retrieval Using Implicit Feedback,A major limitation of most existing retrieval models and systems is that the retrieval decision,"exploit implicit feedback information, including previous queries and clickthrough information",We use the TREC AP data to create a test collection with search context information,"Experiment results show that using implicit feedback, especially the clicked document summaries",emptyanswer,emptyanswer,emptyanswer,emptyanswer,emptyanswer,emptyanswer,emptyanswer,emptyanswer,emptyanswer,emptyanswer,emptyanswer
3GV1I4SEO8OKLTQN10T9KMVWSUP6LZ,3WETL7AQWT7A95XEGDK6LDJ1P5T531,A2SDTL2V8VJ25O,Approved,Wed Mar 11 20:33:21 EDT 2015,Wed Mar 11 20:34:02 EDT 2015,Context,Sensitive,Information,Retrieval,document,emptyanswer,emptyanswer,emptyanswer,emptyanswer,emptyanswer,emptyanswer,emptyanswer,emptyanswer,emptyanswer,emptyanswer,emptyanswer
3GV1I4SEO8OKLTQN10T9KMVWSUP6LZ,37Q970SNZE7F54HA55JVQVEW66OS12,ADVZAZ12Z8N9J,Approved,Thu Mar 12 10:44:56 EDT 2015,Thu Mar 12 11:18:15 EDT 2015,A major limitation of most existing retrieval models and systems is that the retrieval decision is made based solely on the query and document collection; information about the actual user and search context is largely ignored.,N/A,N/A,N/A,N/A,emptyanswer,emptyanswer,emptyanswer,emptyanswer,emptyanswer,emptyanswer,emptyanswer,emptyanswer,emptyanswer,emptyanswer,emptyanswer
3GV1I4SEO8OKLTQN10T9KMVWSUP6LZ,3X08E93BHVH5PSKA4YS9KM9LWS866T,AM1HY736BY3Z8,Approved,Thu Mar 12 11:26:19 EDT 2015,Thu Mar 12 11:27:28 EDT 2015,Context-Sensitive Information Retrieval Using Implicit Feedback,A major limitation of most existing retrieval models and systems is that the retrieval decision is made based solely on the query and document collection,"we study how to exploit implicit feedback information, including previous queries and clickthrough information, to improve retrieval accuracy in an interactive information retrieval setting",We use the TREC AP data to create a test collection with search context information,"xperiment results show that using implicit feedback, especially the clicked document summaries, can improve retrieval performance substantially.",emptyanswer,emptyanswer,emptyanswer,emptyanswer,emptyanswer,emptyanswer,emptyanswer,emptyanswer,emptyanswer,emptyanswer,emptyanswer
3GV1I4SEO8OKLTQN10T9KMVWSUP6LZ,3OJSZ2ATDSVSAOY1IPNWYUVHV9N75L,AU3WQKISBW5MZ,Approved,Thu Mar 12 14:34:04 EDT 2015,Thu Mar 12 14:34:13 EDT 2015,"A major limitation of most existing retrieval models and systems is that the retrieval decision is made based solely on the query and document collection; information about the actual user and search context is largely ignored. In this paper, we study how to exploit implicit feedback information, including previous queries and clickthrough information, to improve retrieval accuracy in an interactive information retrieval setting. We propose several context-sensitive retrieval algorithms based on statistical language models to combine the preceding queries and clicked document summaries with the current query for better ranking of documents. We use the TREC AP data to create a test collection with search context information, and quantitatively evaluate our models using this test set. Experiment results show that using implicit feedback, especially the clicked document summaries, can improve retrieval performance substantially.","A major limitation of most existing retrieval models and systems is that the retrieval decision is made based solely on the query and document collection; information about the actual user and search context is largely ignored. In this paper, we study how to exploit implicit feedback information, including previous queries and clickthrough information, to improve retrieval accuracy in an interactive information retrieval setting. We propose several context-sensitive retrieval algorithms based on statistical language models to combine the preceding queries and clicked document summaries with the current query for better ranking of documents. We use the TREC AP data to create a test collection with search context information, and quantitatively evaluate our models using this test set. Experiment results show that using implicit feedback, especially the clicked document summaries, can improve retrieval performance substantially.","A major limitation of most existing retrieval models and systems is that the retrieval decision is made based solely on the query and document collection; information about the actual user and search context is largely ignored. In this paper, we study how to exploit implicit feedback information, including previous queries and clickthrough information, to improve retrieval accuracy in an interactive information retrieval setting. We propose several context-sensitive retrieval algorithms based on statistical language models to combine the preceding queries and clicked document summaries with the current query for better ranking of documents. We use the TREC AP data to create a test collection with search context information, and quantitatively evaluate our models using this test set. Experiment results show that using implicit feedback, especially the clicked document summaries, can improve retrieval performance substantially.","A major limitation of most existing retrieval models and systems is that the retrieval decision is made based solely on the query and document collection; information about the actual user and search context is largely ignored. In this paper, we study how to exploit implicit feedback information, including previous queries and clickthrough information, to improve retrieval accuracy in an interactive information retrieval setting. We propose several context-sensitive retrieval algorithms based on statistical language models to combine the preceding queries and clicked document summaries with the current query for better ranking of documents. We use the TREC AP data to create a test collection with search context information, and quantitatively evaluate our models using this test set. Experiment results show that using implicit feedback, especially the clicked document summaries, can improve retrieval performance substantially.","A major limitation of most existing retrieval models and systems is that the retrieval decision is made based solely on the query and document collection; information about the actual user and search context is largely ignored. In this paper, we study how to exploit implicit feedback information, including previous queries and clickthrough information, to improve retrieval accuracy in an interactive information retrieval setting. We propose several context-sensitive retrieval algorithms based on statistical language models to combine the preceding queries and clicked document summaries with the current query for better ranking of documents. We use the TREC AP data to create a test collection with search context information, and quantitatively evaluate our models using this test set. Experiment results show that using implicit feedback, especially the clicked document summaries, can improve retrieval performance substantially.",emptyanswer,emptyanswer,emptyanswer,emptyanswer,emptyanswer,emptyanswer,emptyanswer,emptyanswer,emptyanswer,emptyanswer,emptyanswer
3GV1I4SEO8OKLTQN10T9KMVWSUP6LZ,3WMOAN2SRBWYB3534NMYYPB68CYVNV,AL9R6CILUG30X,Approved,Thu Mar 12 16:39:34 EDT 2015,Thu Mar 12 16:43:17 EDT 2015,Retrieval models,Context-sensitive retrieval algorithms,Retrieval decision,Document collection,Feedback information,Statistical language models,TREC AP,Retrieval performance,emptyanswer,emptyanswer,emptyanswer,emptyanswer,emptyanswer,emptyanswer,emptyanswer,emptyanswer
3GV1I4SEO8OKLTQN10T9KMVWSUP6LZ,3EO896NRAWUNFLATKUUR4064278JTU,A1A9GCQVBEMT58,Approved,Fri Mar 13 06:20:52 EDT 2015,Fri Mar 13 06:24:46 EDT 2015,retrieval models and systems,query and document collection,exploit implicit feedback information,retrieval accuracy,interactive information retrieval setting,context-sensitive retrieval algorithms,statistical language models,TREC AP data,search context information,improve retrieval performance,emptyanswer,emptyanswer,emptyanswer,emptyanswer,emptyanswer,emptyanswer
3GV1I4SEO8OKLTQN10T9KMVWSUP6LZ,3QJOXOW4XJQBRAYHXWIOL6YK3SQMEN,AUH4A0OGHF2CK,Approved,Fri Mar 13 14:19:33 EDT 2015,Fri Mar 13 14:21:07 EDT 2015,Context-Sensitive Information Retrieval,Application of Implicit feedback for Context-Sensitive Information Retrieval,A study on context-sensitive retrieval algorithms for Information retrival,Context-Sensitive Information Retrieval models,Techniques of Context-Sensitive Information Retrieval,emptyanswer,emptyanswer,emptyanswer,emptyanswer,emptyanswer,emptyanswer,emptyanswer,emptyanswer,emptyanswer,emptyanswer,emptyanswer
3GV1I4SEO8OKLTQN10T9KMVWSUP6LZ,3F1567XTNW4LHT5SHE9JA1HEMW99QP,A330N7LVL2IOVZ,Approved,Fri Mar 13 14:59:27 EDT 2015,Fri Mar 13 15:02:54 EDT 2015,query and document collection,clickthrough information,retrieval accuracy,context-sensitive retrieval algorithms,statistical language models,implicit feedback,emptyanswer,emptyanswer,emptyanswer,emptyanswer,emptyanswer,emptyanswer,emptyanswer,emptyanswer,emptyanswer,emptyanswer
3GV1I4SEO8OKLTQN10T9KMVWSUP6LZ,3OE22WJIGINJ1LTVFP4A6X4SZIOQU4,A3DTN2OMF6DUSI,Approved,Fri Mar 13 23:11:26 EDT 2015,Fri Mar 13 23:11:42 EDT 2015,retrieval,performance,information,models,quantitatively,emptyanswer,emptyanswer,emptyanswer,emptyanswer,emptyanswer,emptyanswer,emptyanswer,emptyanswer,emptyanswer,emptyanswer,emptyanswer
3GV1I4SEO8OKLTQN10T9KMVWSUP6LZ,3KB8R4ZV1E6DSXQBC2I37T824ABBGG,A1NTEE9X8RFADS,Approved,Fri Mar 13 23:26:05 EDT 2015,Fri Mar 13 23:34:09 EDT 2015,major limitation of retrieval models and systems,retrieval decision based solely on the query and document collection,information about the actual user and search context ignored,how to exploit implicit feedback information,how to improve retrieval accuracy,context-sensitive retrieval algorithms based on statistical language models,TREC AP data to create a test collection with search context information,using implicit feedback can improve retrieval performance substantially,emptyanswer,emptyanswer,emptyanswer,emptyanswer,emptyanswer,emptyanswer,emptyanswer,emptyanswer
3GV1I4SEO8OKLTQN10T9KMVWSUP6LZ,39PAAFCODMZW6GAN1J8A7OHYXYVVTF,A610SH5RY1NG1,Approved,Sat Mar 14 07:06:45 EDT 2015,Sat Mar 14 07:07:05 EDT 2015,Context-Sensitive,Information,Retrieval,Implicit Feedback,clickthrough,emptyanswer,emptyanswer,emptyanswer,emptyanswer,emptyanswer,emptyanswer,emptyanswer,emptyanswer,emptyanswer,emptyanswer,emptyanswer
3GV1I4SEO8OKLTQN10T9KMVWSUP6LZ,3WSELTNVR31CES7PQOHEB13LCODATC,A2Z9HR2IBD75R9,Approved,Sat Mar 14 09:53:28 EDT 2015,Sat Mar 14 09:53:43 EDT 2015,Context-Sensitive Information,Retrieval,Implicit Feedback,statistical,language,emptyanswer,emptyanswer,emptyanswer,emptyanswer,emptyanswer,emptyanswer,emptyanswer,emptyanswer,emptyanswer,emptyanswer,emptyanswer
3GV1I4SEO8OKLTQN10T9KMVWSUP6LZ,3HYA4D452RIDQKUKIPJAOF5M9SQ2F4,A3HPVFAF1U9WXK,Approved,Sat Mar 14 12:44:10 EDT 2015,Sat Mar 14 12:45:11 EDT 2015,Information Retrieval,Implicit Feedback,Context-Sensitive,algorithms,statistical language model,emptyanswer,emptyanswer,emptyanswer,emptyanswer,emptyanswer,emptyanswer,emptyanswer,emptyanswer,emptyanswer,emptyanswer,emptyanswer
3GV1I4SEO8OKLTQN10T9KMVWSUP6LZ,37U1UTWH9VLLFP1IP1S5FVW8YGAR88,AH3ER3EJXHRO2,Approved,Sat Mar 14 16:56:25 EDT 2015,Sat Mar 14 16:56:52 EDT 2015,context-sensitive,information retrieval,implicit feedback,retrieval models,document collection,emptyanswer,emptyanswer,emptyanswer,emptyanswer,emptyanswer,emptyanswer,emptyanswer,emptyanswer,emptyanswer,emptyanswer,emptyanswer
3GV1I4SEO8OKLTQN10T9KMVWSUP6LZ,33NF62TLXJ1OC2K6QLGZ39J8JZFJKW,AWFQ7OX0UPSM5,Approved,Sat Mar 14 19:02:27 EDT 2015,Sat Mar 14 19:09:31 EDT 2015,Context-Sensitive Information Retrieval,Implicit Feedback,information about the actual user and search context,previous queries and clickthrough information,interactive information retrieval setting,emptyanswer,emptyanswer,emptyanswer,emptyanswer,emptyanswer,emptyanswer,emptyanswer,emptyanswer,emptyanswer,emptyanswer,emptyanswer
3GV1I4SEO8OKLTQN10T9KMVWSUP6LZ,31N2WW6R9RP2B2Q3MPXF7PAEF7JF3N,A17JEL4FN1B9TB,Approved,Sat Mar 14 20:28:57 EDT 2015,Sat Mar 14 20:29:35 EDT 2015,Context,Sensitive,Information,Retrieval,Using,Implicit,Feedback,emptyanswer,emptyanswer,emptyanswer,emptyanswer,emptyanswer,emptyanswer,emptyanswer,emptyanswer,emptyanswer
3GV1I4SEO8OKLTQN10T9KMVWSUP6LZ,3NPI0JQDAO4J1WDRF7ZB1WSGBCNTPP,A1G94QON7A9K0N,Approved,Sat Mar 14 21:06:10 EDT 2015,Sat Mar 14 21:06:32 EDT 2015,feedback,retrieval,statistical,trec,implicit,emptyanswer,emptyanswer,emptyanswer,emptyanswer,emptyanswer,emptyanswer,emptyanswer,emptyanswer,emptyanswer,emptyanswer,emptyanswer
3GV1I4SEO8OKLTQN10T9KMVWSUP6LZ,3X65QVEQI0MCOUWI1TBEV5JSIGLCLQ,A29ZV4XJB7R1O,Approved,Sat Mar 14 20:51:43 EDT 2015,Sat Mar 14 21:07:47 EDT 2015,Context,Information,Implicit,Feedback,Information Retrieval,emptyanswer,emptyanswer,emptyanswer,emptyanswer,emptyanswer,emptyanswer,emptyanswer,emptyanswer,emptyanswer,emptyanswer,emptyanswer
3GV1I4SEO8OKLTQN10T9KMVWSUP6LZ,3Y54SXRO1LKWT1LNWTY5B2FFJTGTUM,A9VLWY4KW6OCB,Approved,Sat Mar 14 21:12:00 EDT 2015,Sat Mar 14 21:20:30 EDT 2015,Context,Sensitive,Information,Retrieval,Implicit,Feedback,emptyanswer,emptyanswer,emptyanswer,emptyanswer,emptyanswer,emptyanswer,emptyanswer,emptyanswer,emptyanswer,emptyanswer
3GV1I4SEO8OKLTQN10T9KMVWSUP6LZ,3VAR3R6G1P0IIC92X9B1L0R3NU98O1,A2TM0CPAMAO45B,Approved,Sat Mar 14 21:26:52 EDT 2015,Sat Mar 14 21:27:43 EDT 2015,implicit feedback,retrieval models,improved retrieval accuracy,TREC AP data,statistical language models,emptyanswer,emptyanswer,emptyanswer,emptyanswer,emptyanswer,emptyanswer,emptyanswer,emptyanswer,emptyanswer,emptyanswer,emptyanswer
3GV1I4SEO8OKLTQN10T9KMVWSUP6LZ,3OHYZ19UGC4W102HU7VFHRXYDIBAO9,ACVJ6IUO9QM4R,Approved,Sat Mar 14 22:17:15 EDT 2015,Sat Mar 14 22:23:32 EDT 2015,TREC AP data,test collection,statistical language,document summaries,quantitatively evaluate our models,emptyanswer,emptyanswer,emptyanswer,emptyanswer,emptyanswer,emptyanswer,emptyanswer,emptyanswer,emptyanswer,emptyanswer,emptyanswer
3GV1I4SEO8OKLTQN10T9KMVWSUP6LZ,369J354OFD97ML9GGB1VWDMAQDU6GS,A1GK9ZI7T30X9Z,Approved,Sat Mar 14 22:28:32 EDT 2015,Sat Mar 14 22:29:46 EDT 2015,Context-Sensitive Information Retrieval,Implicit Feedback,retrieval models,document collection,search,TREC AP,emptyanswer,emptyanswer,emptyanswer,emptyanswer,emptyanswer,emptyanswer,emptyanswer,emptyanswer,emptyanswer,emptyanswer
3GV1I4SEO8OKLTQN10T9KMVWSUP6LZ,30MVJZJNHMC4V61FMOPAD05S86N9JE,ATOMPVWZKAE0E,Approved,Sun Mar 15 00:28:17 EDT 2015,Sun Mar 15 00:30:22 EDT 2015,Context-Sensitive Information Retrieval algorithm,Implicit Feedback,query and document collection,statistical language model,TREC AP data,improve retrieval performance,emptyanswer,emptyanswer,emptyanswer,emptyanswer,emptyanswer,emptyanswer,emptyanswer,emptyanswer,emptyanswer,emptyanswer
3GV1I4SEO8OKLTQN10T9KMVWSUP6LZ,3VP0C6EFSGV7EV52REZQ9I67MZBM6L,A1BV5YY1UQCMZY,Approved,Sun Mar 15 00:49:09 EDT 2015,Sun Mar 15 00:50:23 EDT 2015,trec ap data,implicit feedback,clickthrough information,queries,retrieval accuracy,algorithm,emptyanswer,emptyanswer,emptyanswer,emptyanswer,emptyanswer,emptyanswer,emptyanswer,emptyanswer,emptyanswer,emptyanswer
