HitId,AssignmentId,WorkerId,Status,AcceptTime,SubmitTime,Answer 1,Answer 2,Answer 3,Answer 4,Answer 5,Answer 6,Answer 7,Answer 8,Answer 9,Answer 10,Answer 11,Answer 12,Answer 13,Answer 14,Answer 15,Answer 16
3L1EFR8WWS4L3KIPDWTN9JHELZB9F8,3GA6AFUKOONMPYH9HFLFAAMRUSW3HK,A28O0LXEATB5XE,Approved,Mon Mar 02 15:03:33 EST 2015,Mon Mar 02 15:05:51 EST 2015,fixed budget resource allocation game,distributed market-based resource allocation system,utility uniformity,envy-freeness,proposed allocation scheme,high degrees of efficiency,fairness at the equilibrium,emptyanswer,emptyanswer,emptyanswer,emptyanswer,emptyanswer,emptyanswer,emptyanswer,emptyanswer,emptyanswer
3L1EFR8WWS4L3KIPDWTN9JHELZB9F8,3SITXWYCNV8OEJL11CI7VF8X6ASBXC,A22R7DT2XQIKXV,Approved,Mon Mar 02 15:10:42 EST 2015,Mon Mar 02 15:10:47 EST 2015,aa,aa,aa,aa,aa,emptyanswer,emptyanswer,emptyanswer,emptyanswer,emptyanswer,emptyanswer,emptyanswer,emptyanswer,emptyanswer,emptyanswer,emptyanswer
3L1EFR8WWS4L3KIPDWTN9JHELZB9F8,3VNL7UK1XFI7AJOX1436P2EC8CWTFT,A1PXJWCNRYCBS5,Approved,Mon Mar 02 15:40:00 EST 2015,Mon Mar 02 15:42:10 EST 2015,Fixed budget Resource allocation game,Multiple Machines according to individual preferences,Allocation at the equilibrium,Utility Uniformity & envy-freeness,Degrees of efficiency,emptyanswer,emptyanswer,emptyanswer,emptyanswer,emptyanswer,emptyanswer,emptyanswer,emptyanswer,emptyanswer,emptyanswer,emptyanswer
3L1EFR8WWS4L3KIPDWTN9JHELZB9F8,30BUDKLTXDUDJ3DB5X1244NYG8Y5EZ,A3ODG942FG22PJ,Approved,Mon Mar 02 16:33:42 EST 2015,Mon Mar 02 16:34:09 EST 2015,Price-Anticipating,Resource,Allocation,Mechanism,Distributed Shared Clusters,na,na,na,na,na,na,na,na,na,na,na
3L1EFR8WWS4L3KIPDWTN9JHELZB9F8,3G2UL9A02DDOTSYFN8X1Q09HQGO76E,A26M2B8NZVKWTZ,Approved,Mon Mar 02 22:37:05 EST 2015,Mon Mar 02 22:38:56 EST 2015,Mechanism,Price-Anticipating,Resource,Clusters,optimum,emptyanswer,emptyanswer,emptyanswer,emptyanswer,emptyanswer,emptyanswer,emptyanswer,emptyanswer,emptyanswer,emptyanswer,emptyanswer
3L1EFR8WWS4L3KIPDWTN9JHELZB9F8,3KXIR214I4F3S4XVY8NRXB8VJ9X249,A2R085B34P2LYS,Approved,Mon Mar 02 23:11:32 EST 2015,Mon Mar 02 23:21:07 EST 2015,Price-Anticipating,Resource,Allocation,Mechanism,Distributed,emptyanswer,emptyanswer,emptyanswer,emptyanswer,emptyanswer,emptyanswer,emptyanswer,emptyanswer,emptyanswer,emptyanswer,emptyanswer
3L1EFR8WWS4L3KIPDWTN9JHELZB9F8,3YOH7BII096X3XK07AUI6XU2DUXKV8,A27I79P03I0ZPO,Approved,Tue Mar 03 06:37:21 EST 2015,Tue Mar 03 06:38:17 EST 2015,Allocation,Price-Anticipating,Distributed,Mechanism,Resource,emptyanswer,emptyanswer,emptyanswer,emptyanswer,emptyanswer,emptyanswer,emptyanswer,emptyanswer,emptyanswer,emptyanswer,emptyanswer
3L1EFR8WWS4L3KIPDWTN9JHELZB9F8,3BXQMRHWKZXSG6V3NWXTPOKNOSPUM4,A1B5NXRZQYRC4R,Approved,Tue Mar 03 09:07:47 EST 2015,Tue Mar 03 09:08:13 EST 2015,price-anticipating,resource,allocation,mechanism,distributed,emptyanswer,emptyanswer,emptyanswer,emptyanswer,emptyanswer,emptyanswer,emptyanswer,emptyanswer,emptyanswer,emptyanswer,emptyanswer
3L1EFR8WWS4L3KIPDWTN9JHELZB9F8,3WEV0KO0OMR9XZXMLY3QRXF5UHXSDP,A3FG9YWTFFK1AU,Approved,Tue Mar 03 17:04:21 EST 2015,Tue Mar 03 17:23:34 EST 2015,Price-Anticipating,Resource Allocation Mechanism,Distributed Shared Clusters,fixed budget resource allocation game,high degrees of efficiency and fairness at the equilibrium,emptyanswer,emptyanswer,emptyanswer,emptyanswer,emptyanswer,emptyanswer,emptyanswer,emptyanswer,emptyanswer,emptyanswer,emptyanswer
3L1EFR8WWS4L3KIPDWTN9JHELZB9F8,3LQ8PUHQFLR1F1ZS2IS2EGOGDCNIHX,A3HPVFAF1U9WXK,Approved,Wed Mar 04 01:41:54 EST 2015,Wed Mar 04 01:42:41 EST 2015,Price-Anticipating Resource Allocation Mechanism,Distributed Shared Clusters,resource allocation game,equilibrium,budget,emptyanswer,emptyanswer,emptyanswer,emptyanswer,emptyanswer,emptyanswer,emptyanswer,emptyanswer,emptyanswer,emptyanswer,emptyanswer
3L1EFR8WWS4L3KIPDWTN9JHELZB9F8,3NL0RFNU0FMY9K1LNETVX7UP0CVK4V,A2YW509B0UMSEH,Approved,Wed Mar 04 03:40:48 EST 2015,Wed Mar 04 03:49:46 EST 2015,Resource Allocation,Shared Clusters,market,machine,Price,emptyanswer,emptyanswer,emptyanswer,emptyanswer,emptyanswer,emptyanswer,emptyanswer,emptyanswer,emptyanswer,emptyanswer,emptyanswer
3L1EFR8WWS4L3KIPDWTN9JHELZB9F8,3WI0P0II61RXWKX9693L1NA98HZRDP,A3S81UFDOWF2ST,Approved,Wed Mar 04 10:01:07 EST 2015,Wed Mar 04 10:02:35 EST 2015,Distributed Shared Clusters,Price-Anticipating Resource Allocation Mechanism,fixed budget,equilibrium,highly decentralized,emptyanswer,emptyanswer,emptyanswer,emptyanswer,emptyanswer,emptyanswer,emptyanswer,emptyanswer,emptyanswer,emptyanswer,emptyanswer
3L1EFR8WWS4L3KIPDWTN9JHELZB9F8,3G2UL9A02DDOTSYFN8X1Q09HQJM76I,A3H35QRODK1C4K,Approved,Wed Mar 04 10:49:30 EST 2015,Wed Mar 04 10:49:46 EST 2015,price,anticipating,resource,allocation,mechanism,emptyanswer,emptyanswer,emptyanswer,emptyanswer,emptyanswer,emptyanswer,emptyanswer,emptyanswer,emptyanswer,emptyanswer,emptyanswer
3L1EFR8WWS4L3KIPDWTN9JHELZB9F8,3BXQMRHWKZXSG6V3NWXTPOKNOUXMU8,A3FFZN4FO3Q789,Approved,Wed Mar 04 10:37:24 EST 2015,Wed Mar 04 10:51:11 EST 2015,market,market,market,market,market,emptyanswer,emptyanswer,emptyanswer,emptyanswer,emptyanswer,emptyanswer,emptyanswer,emptyanswer,emptyanswer,emptyanswer,emptyanswer
3L1EFR8WWS4L3KIPDWTN9JHELZB9F8,3W8CV64QJ2Y8406PYOMP1NPDUNWH9B,A17JEL4FN1B9TB,Approved,Wed Mar 04 12:19:03 EST 2015,Wed Mar 04 12:19:54 EST 2015,Price,Anticipating,Resource,Allocation,Mechanism,Distributed,Shared,Clusters,emptyanswer,emptyanswer,emptyanswer,emptyanswer,emptyanswer,emptyanswer,emptyanswer,emptyanswer
3L1EFR8WWS4L3KIPDWTN9JHELZB9F8,3XLBSAQ9Z4BQH2IQPDUCNY2CVO07ZS,A2F6ZON8X5EAGL,Approved,Wed Mar 04 15:16:28 EST 2015,Wed Mar 04 15:17:19 EST 2015,A Price-Anticipating Resource Allocation Mechanism for Distributed Shared Clusters,formulae,performance,allocation,fairness,emptyanswer,emptyanswer,emptyanswer,emptyanswer,emptyanswer,emptyanswer,emptyanswer,emptyanswer,emptyanswer,emptyanswer,emptyanswer
3L1EFR8WWS4L3KIPDWTN9JHELZB9F8,3L0KT67Y8EFCVASDHUQ44IP6C8MYSS,A3OTLWGJFB65KD,Approved,Wed Mar 04 19:20:36 EST 2015,Wed Mar 04 19:20:44 EST 2015,nothing,nothing,nothing,nothing,nothing,nothing,emptyanswer,emptyanswer,emptyanswer,emptyanswer,emptyanswer,emptyanswer,emptyanswer,emptyanswer,emptyanswer,emptyanswer
3L1EFR8WWS4L3KIPDWTN9JHELZB9F8,3ERET4BTVM8Z6Q7X49PMEF55M539KC,A3LUJSAN4DQ1ZT,Approved,Wed Mar 04 22:06:31 EST 2015,Wed Mar 04 22:07:38 EST 2015,Price-anticipating,Resource allocation,equilibrium,Fairness,Social optimum,emptyanswer,emptyanswer,emptyanswer,emptyanswer,emptyanswer,emptyanswer,emptyanswer,emptyanswer,emptyanswer,emptyanswer,emptyanswer
3L1EFR8WWS4L3KIPDWTN9JHELZB9F8,3NVC2EB65QY8BT7YRFP3WAHUKTD3YX,A9LA6QK6VCERR,Approved,Wed Mar 04 23:39:31 EST 2015,Wed Mar 04 23:41:25 EST 2015,Price-Anticipating Resource Allocation Mechanism,Distributed Shared Clusters,fixed budget resource allocation,distributed market-based resource allocation system,allocation at the equilibrium fairness,social optimum,emptyanswer,emptyanswer,emptyanswer,emptyanswer,emptyanswer,emptyanswer,emptyanswer,emptyanswer,emptyanswer,emptyanswer
3L1EFR8WWS4L3KIPDWTN9JHELZB9F8,39GXDJN2OTDD8WIZYLXFGSLBIZD8VX,A1QUDNLO95AKS5,Approved,Thu Mar 05 10:03:49 EST 2015,Thu Mar 05 10:04:21 EST 2015,Price-Anticipating Resource Allocation,Mechanism,Distributed Shared Clusters,equilibrium,envy-freeness,emptyanswer,emptyanswer,emptyanswer,emptyanswer,emptyanswer,emptyanswer,emptyanswer,emptyanswer,emptyanswer,emptyanswer,emptyanswer
3L1EFR8WWS4L3KIPDWTN9JHELZB9F8,3M68NM076H6YBBIUWMV7VH0HRYDR64,A2L97KXUK1TJLH,Approved,Thu Mar 05 11:12:44 EST 2015,Thu Mar 05 11:15:24 EST 2015,Distributed Shared Clusters,fixed-budget,resource allocation game,resource allocation system,efficiency and fairness,emptyanswer,emptyanswer,emptyanswer,emptyanswer,emptyanswer,emptyanswer,emptyanswer,emptyanswer,emptyanswer,emptyanswer,emptyanswer
3L1EFR8WWS4L3KIPDWTN9JHELZB9F8,3JJVG1YBEBWFC01RV6ZC3WHDDH05BQ,A1YLO4LT02D2F0,Approved,Thu Mar 05 11:32:05 EST 2015,Thu Mar 05 11:32:35 EST 2015,formulate the fixed budget resource,understand the performance,distributed market-based resource,users decide how to distribute,high degrees of efficiency,emptyanswer,emptyanswer,emptyanswer,emptyanswer,emptyanswer,emptyanswer,emptyanswer,emptyanswer,emptyanswer,emptyanswer,emptyanswer
3L1EFR8WWS4L3KIPDWTN9JHELZB9F8,3C5W7UE9CFPKXAPYS18G9VJRIG3MXX,A3I10J1GPDAPQR,Approved,Thu Mar 05 16:11:08 EST 2015,Thu Mar 05 16:12:33 EST 2015,Price-Anticipating Resource Allocation Mechanism,Distributed Shared Clusters,equilibrium,envy-freeness,social optimum,emptyanswer,emptyanswer,emptyanswer,emptyanswer,emptyanswer,emptyanswer,emptyanswer,emptyanswer,emptyanswer,emptyanswer,emptyanswer
3L1EFR8WWS4L3KIPDWTN9JHELZB9F8,3A4TN5196KHA2YDSA8WG3DQL0CHCHD,ADUJUZANFOWKW,Approved,Thu Mar 05 16:23:55 EST 2015,Thu Mar 05 16:24:34 EST 2015,allocation,resource,game,budget,simulations,emptyanswer,emptyanswer,emptyanswer,emptyanswer,emptyanswer,emptyanswer,emptyanswer,emptyanswer,emptyanswer,emptyanswer,emptyanswer
3L1EFR8WWS4L3KIPDWTN9JHELZB9F8,3VBEN272MKYC9J7DNO4YXII27GCGS0,A3DHYTZ1GPN0T8,Approved,Thu Mar 05 22:09:24 EST 2015,Thu Mar 05 22:09:49 EST 2015,paper,formulate,individual preferences,utility,fairness,emptyanswer,emptyanswer,emptyanswer,emptyanswer,emptyanswer,emptyanswer,emptyanswer,emptyanswer,emptyanswer,emptyanswer,emptyanswer
3L1EFR8WWS4L3KIPDWTN9JHELZB9F8,3ATTHHXXWANY1RZ77MAOH2CA1BMXI3,A2KELEVTA0306Y,Approved,Fri Mar 06 07:55:28 EST 2015,Fri Mar 06 07:57:34 EST 2015,paper,formulate,fixed,budget,resource,allocation,understand,distributed,according,preferences,individual,maximize,utility,efficiency,scheme,measures
3L1EFR8WWS4L3KIPDWTN9JHELZB9F8,3018Q3ZVOIPZYDUXMZCJBM23NMFARZ,A3G4SXD4N30C3L,Approved,Fri Mar 06 10:40:24 EST 2015,Fri Mar 06 10:41:21 EST 2015,Price-Anticipating Resource Allocation Mechanism,Distributed Shared Clusters,fixed budget resource allocation game,distributed market-based resource allocation system,efficiency and the fairness of the allocation,social optimum,emptyanswer,emptyanswer,emptyanswer,emptyanswer,emptyanswer,emptyanswer,emptyanswer,emptyanswer,emptyanswer,emptyanswer
3L1EFR8WWS4L3KIPDWTN9JHELZB9F8,3CFJTT4SXTP4MCTGP96QN3ZMZJ0I7O,AQXSUU4I4DAH8,Approved,Fri Mar 06 12:18:15 EST 2015,Fri Mar 06 12:19:00 EST 2015,Distributed Shared Clusters,Price-Anticipating Resource,fixed budget resource allocation game,Allocation Mechanism,high degrees of efficiency,fairness at the equilibrium,emptyanswer,emptyanswer,emptyanswer,emptyanswer,emptyanswer,emptyanswer,emptyanswer,emptyanswer,emptyanswer,emptyanswer
3L1EFR8WWS4L3KIPDWTN9JHELZB9F8,31EUONYN2V2GTO5F52MBDEBBXB1OVE,A1VOWQJOBWOVKG,Approved,Fri Mar 06 19:28:19 EST 2015,Fri Mar 06 19:29:27 EST 2015,Price-Anticipating Resource Allocation,Distributed Shared Clusters,resource allocation game,decentralized,social optimum,emptyanswer,emptyanswer,emptyanswer,emptyanswer,emptyanswer,emptyanswer,emptyanswer,emptyanswer,emptyanswer,emptyanswer,emptyanswer
3L1EFR8WWS4L3KIPDWTN9JHELZB9F8,3JW0YLFXRTF1DMEMMYIHGA7B7MDWWJ,A1XRIEYLA7ZJ3B,Approved,Fri Mar 06 20:48:48 EST 2015,Fri Mar 06 20:51:37 EST 2015,A Price-Anticipating Resource Allocation,Distributed Shared Clusters,fixed budget resource allocation,fairness is evaluated through the measures of utility uniformity,nice balance of high degrees of efficiency and fairness at the equilibrium,emptyanswer,emptyanswer,emptyanswer,emptyanswer,emptyanswer,emptyanswer,emptyanswer,emptyanswer,emptyanswer,emptyanswer,emptyanswer
3L1EFR8WWS4L3KIPDWTN9JHELZB9F8,3PIWWX1FJJ5T1IEO80GN2UJV3V2JJP,AF5NW2R9ST1KX,Approved,Sat Mar 07 08:23:49 EST 2015,Sat Mar 07 08:24:59 EST 2015,fixed budget,allocation system,budget,efficiency,social optimum,emptyanswer,emptyanswer,emptyanswer,emptyanswer,emptyanswer,emptyanswer,emptyanswer,emptyanswer,emptyanswer,emptyanswer,emptyanswer
3L1EFR8WWS4L3KIPDWTN9JHELZB9F8,39DD6S19JPABQHX0CL8IT8UTHLMEZN,AWQK8QA93VLW9,Approved,Sat Mar 07 10:46:13 EST 2015,Sat Mar 07 10:47:17 EST 2015,Price-Anticipating Resource Allocation Mechanism,Distributed Shared Clusters,fixed budget resource allocation game,distributed market-based resource allocation system,efficiency,fairness,equilibrium,emptyanswer,emptyanswer,emptyanswer,emptyanswer,emptyanswer,emptyanswer,emptyanswer,emptyanswer,emptyanswer
3L1EFR8WWS4L3KIPDWTN9JHELZB9F8,3IAEQB9FMEJ24GEV53DROMIQ07PWDU,A37WDQ1VG5XN6Z,Approved,Sat Mar 07 13:44:13 EST 2015,Sat Mar 07 13:44:20 EST 2015,nothing,nothing,nothing,nothing,nothing,emptyanswer,emptyanswer,emptyanswer,emptyanswer,emptyanswer,emptyanswer,emptyanswer,emptyanswer,emptyanswer,emptyanswer,emptyanswer
3L1EFR8WWS4L3KIPDWTN9JHELZB9F8,3VE8AYVF8MWOCZW9Y6SBY6IPUD38F3,AKY7ZFPCHAXMJ,Approved,Sat Mar 07 14:14:21 EST 2015,Sat Mar 07 14:32:27 EST 2015,Price-Anticipating Resource Allocation Mechanism,Distributed Shared Clusters,efficiency and the fairness at equuilibrium,utility uniformity and envy-freeness,unlike the social optimum,emptyanswer,emptyanswer,emptyanswer,emptyanswer,emptyanswer,emptyanswer,emptyanswer,emptyanswer,emptyanswer,emptyanswer,emptyanswer
3L1EFR8WWS4L3KIPDWTN9JHELZB9F8,3ZDAD0O1T1COA5FI1Y9SV9EJCVMXTA,A9HQ3E0F2AGVO,Approved,Sat Mar 07 15:36:14 EST 2015,Sat Mar 07 15:36:54 EST 2015,fixed budget resource allocation game,distributed market-based resource allocation system,individual preferences,fairness,efficiency,emptyanswer,emptyanswer,emptyanswer,emptyanswer,emptyanswer,emptyanswer,emptyanswer,emptyanswer,emptyanswer,emptyanswer,emptyanswer
3L1EFR8WWS4L3KIPDWTN9JHELZB9F8,3J88R45B2GXQIDMBKH08QZDMNTYPXW,A1W7BQWWGKJ3XF,Approved,Sat Mar 07 23:44:51 EST 2015,Sat Mar 07 23:45:51 EST 2015,Price-Anticipating,Resource Allocation Mechanism,Distributed Shared Clusters,fixed budget,equilibrium,fairness,efficiency,emptyanswer,emptyanswer,emptyanswer,emptyanswer,emptyanswer,emptyanswer,emptyanswer,emptyanswer,emptyanswer
3L1EFR8WWS4L3KIPDWTN9JHELZB9F8,3NPI0JQDAO4J1WDRF7ZB1WSGAYUPTZ,A38IE69ORDCEGY,Approved,Sun Mar 08 11:36:11 EDT 2015,Sun Mar 08 11:37:46 EDT 2015,Distributed shared clusters,price-anticipation,fixed budget resource allocation,distributed market-based resource allocation,fairness in resource distribution,emptyanswer,emptyanswer,emptyanswer,emptyanswer,emptyanswer,emptyanswer,emptyanswer,emptyanswer,emptyanswer,emptyanswer,emptyanswer
3L1EFR8WWS4L3KIPDWTN9JHELZB9F8,3WYGZ5XF3WEHB53WDFPDVAAVE5DSKF,A1PGHAOKNZ8FJ4,Approved,Sun Mar 08 13:13:59 EDT 2015,Sun Mar 08 13:19:32 EDT 2015,Economics > market-based resource allocation,Game Theory,efficiency of allocation,economic measurement of fairness,Our scheme achieves a balance between efficiency and fairness.,emptyanswer,emptyanswer,emptyanswer,emptyanswer,emptyanswer,emptyanswer,emptyanswer,emptyanswer,emptyanswer,emptyanswer,emptyanswer
3L1EFR8WWS4L3KIPDWTN9JHELZB9F8,3907X2AHF04PHXJEWSFF09JQALO2PR,A1AWEM2XEAVOVQ,Approved,Sun Mar 08 14:10:45 EDT 2015,Sun Mar 08 14:12:47 EDT 2015,fixed budget resource allocation game,distributed market-based resource allocation system,budget,price-anticipating resource,distributed shared clusters,emptyanswer,emptyanswer,emptyanswer,emptyanswer,emptyanswer,emptyanswer,emptyanswer,emptyanswer,emptyanswer,emptyanswer,emptyanswer
3L1EFR8WWS4L3KIPDWTN9JHELZB9F8,3GLB5JMZFXU67UOVQY992JW26LPGD9,A156NFBMKKLDL9,Approved,Sun Mar 08 14:42:48 EDT 2015,Sun Mar 08 14:43:38 EDT 2015,Price-Anticipating Resource Allocation Mechanism,Distributed Shared Clusters,budget bids,fixed budget resource allocation game,high degrees of efficiency and fairness,emptyanswer,emptyanswer,emptyanswer,emptyanswer,emptyanswer,emptyanswer,emptyanswer,emptyanswer,emptyanswer,emptyanswer,emptyanswer
3L1EFR8WWS4L3KIPDWTN9JHELZB9F8,39KFRKBFINUXXI0KAD9VKDF5FVMYOM,A2GBY8O6GYSB89,Approved,Sun Mar 08 14:47:38 EDT 2015,Sun Mar 08 14:51:03 EDT 2015,Price-Anticipating Resource Allocation Mechanism,Distributed Shared Clusters,fixed budget resource allocation game,balance of high degrees of efficiency and fairness,efficiency and fairness of the allocation at the equilibrium,emptyanswer,emptyanswer,emptyanswer,emptyanswer,emptyanswer,emptyanswer,emptyanswer,emptyanswer,emptyanswer,emptyanswer,emptyanswer
3L1EFR8WWS4L3KIPDWTN9JHELZB9F8,3M1CVSFP604ZMCFX9KNJ6WSYR6FAQC,A2SZAM3EZER2PH,Approved,Mon Mar 09 06:11:16 EDT 2015,Mon Mar 09 06:12:00 EDT 2015,paper we formulate,allocation game,allocation system,highly decentralized,degrees of efficiency,emptyanswer,emptyanswer,emptyanswer,emptyanswer,emptyanswer,emptyanswer,emptyanswer,emptyanswer,emptyanswer,emptyanswer,emptyanswer
3L1EFR8WWS4L3KIPDWTN9JHELZB9F8,3RU7GD8VPOSIMW0CQ7ULRRWU8HGSPH,ADVZAZ12Z8N9J,Approved,Mon Mar 09 12:50:59 EDT 2015,Mon Mar 09 13:09:25 EDT 2015,In this paper we formulate the fixed budget resource allocation game to understand the performance of a distributed market-based resource allocation system.,N/A,N/A,N/A,N/A,emptyanswer,emptyanswer,emptyanswer,emptyanswer,emptyanswer,emptyanswer,emptyanswer,emptyanswer,emptyanswer,emptyanswer,emptyanswer
3L1EFR8WWS4L3KIPDWTN9JHELZB9F8,3NXNZ5RS1AWBBB0DLF0DAA0JGZV79O,A3UY2GVCKC8LSL,Approved,Mon Mar 09 17:45:16 EDT 2015,Mon Mar 09 17:46:09 EDT 2015,Price-Anticipating,Allocation Mechanism,Distributed Shared Cluster,distributed market-based resource allocation system,fairness of the allocation,emptyanswer,emptyanswer,emptyanswer,emptyanswer,emptyanswer,emptyanswer,emptyanswer,emptyanswer,emptyanswer,emptyanswer,emptyanswer
3L1EFR8WWS4L3KIPDWTN9JHELZB9F8,3RANCT1ZVFGWXFR6W77KB89TCAVUBN,ACYGMRGAZ22U7,Approved,Mon Mar 09 17:48:01 EDT 2015,Mon Mar 09 17:48:08 EDT 2015,Keyword/Keyphrase 1:,Keyword/Keyphrase 1:,Keyword/Keyphrase 1:,Keyword/Keyphrase 1:,Keyword/Keyphrase 1:,emptyanswer,emptyanswer,emptyanswer,emptyanswer,emptyanswer,emptyanswer,emptyanswer,emptyanswer,emptyanswer,emptyanswer,emptyanswer
3L1EFR8WWS4L3KIPDWTN9JHELZB9F8,3YDGXNSEOZTEEJZKEPWS72LY5ST48K,APEB5ERGCYP6D,Approved,Tue Mar 10 03:01:16 EDT 2015,Tue Mar 10 03:07:21 EDT 2015,the fixed budget resource allocation game,understand the performance of a distributed market,Multiple users decide how to distribute their budget bids,high degrees of efficiency and fairness at the equilibrium.,social optimum that achieves high efficiency,emptyanswer,emptyanswer,emptyanswer,emptyanswer,emptyanswer,emptyanswer,emptyanswer,emptyanswer,emptyanswer,emptyanswer,emptyanswer
3L1EFR8WWS4L3KIPDWTN9JHELZB9F8,3Y5140Z9DXFTSIXGLV07NPQ7ZLGPIS,AW36CVMS3526O,Approved,Tue Mar 10 12:15:40 EDT 2015,Tue Mar 10 12:16:29 EDT 2015,Price-Anticipating,Mechanism,performance,optimum,equilibrium,emptyanswer,emptyanswer,emptyanswer,emptyanswer,emptyanswer,emptyanswer,emptyanswer,emptyanswer,emptyanswer,emptyanswer,emptyanswer
3L1EFR8WWS4L3KIPDWTN9JHELZB9F8,3AWETUDC92RN6MZM84Y9ENSL9LSZIU,A3K6BSW10S4YKJ,Approved,Wed Mar 11 01:25:25 EDT 2015,Wed Mar 11 01:27:00 EDT 2015,fixed budget resource allocation game,is evaluated through the measures of utility uniformity and envy-freeness,simulations,achieves high efficiency but poor fairness,achieves a nice balance of high degrees of efficiency and fairness at the equilibrium,emptyanswer,emptyanswer,emptyanswer,emptyanswer,emptyanswer,emptyanswer,emptyanswer,emptyanswer,emptyanswer,emptyanswer,emptyanswer
3L1EFR8WWS4L3KIPDWTN9JHELZB9F8,3PIWWX1FJJ5T1IEO80GN2UJV32EJJF,ATRHDYWCIYTDJ,Approved,Wed Mar 11 05:00:57 EDT 2015,Wed Mar 11 05:01:08 EDT 2015,budget,resource,understand,optimum,optimum,emptyanswer,emptyanswer,emptyanswer,emptyanswer,emptyanswer,emptyanswer,emptyanswer,emptyanswer,emptyanswer,emptyanswer,emptyanswer
3L1EFR8WWS4L3KIPDWTN9JHELZB9F8,3Z7ISHFUH0UUHGN9ZIMI1YY76Q38ZD,A3CMDYA9USA3MR,Approved,Wed Mar 11 07:39:31 EDT 2015,Wed Mar 11 07:39:44 EDT 2015,formulate,budget,resource,allocation,understand,emptyanswer,emptyanswer,emptyanswer,emptyanswer,emptyanswer,emptyanswer,emptyanswer,emptyanswer,emptyanswer,emptyanswer,emptyanswer
3L1EFR8WWS4L3KIPDWTN9JHELZB9F8,3CTOC39K37P0HNDM7RRQZ4EMC8P7J9,A1JWEYGDFDB100,Approved,Wed Mar 11 11:09:53 EDT 2015,Wed Mar 11 11:11:17 EDT 2015,Price-Anticipating Resource Allocation Mechanism,Distributed Shared Clusters,fixed budget resource allocation game,maximize their individual utility,efficiency and the fairness,emptyanswer,emptyanswer,emptyanswer,emptyanswer,emptyanswer,emptyanswer,emptyanswer,emptyanswer,emptyanswer,emptyanswer,emptyanswer
3L1EFR8WWS4L3KIPDWTN9JHELZB9F8,3TVRFO09GKE0RS7DSP719I42IQKXL7,A28IXE702NXWKQ,Approved,Wed Mar 11 16:25:56 EDT 2015,Wed Mar 11 16:27:12 EDT 2015,In this paper we formulate,budget resource allocation game,individual preferences to maximize,We show analytically and through simulations,the proposed allocation scheme achieves a nice balance of high degrees,emptyanswer,emptyanswer,emptyanswer,emptyanswer,emptyanswer,emptyanswer,emptyanswer,emptyanswer,emptyanswer,emptyanswer,emptyanswer
3L1EFR8WWS4L3KIPDWTN9JHELZB9F8,3S4AW7T80BH9TQJ38E5WC774PVH4L1,A2E2IQ99W6B7AV,Approved,Wed Mar 11 16:50:57 EDT 2015,Wed Mar 11 16:51:53 EDT 2015,Price anticipation,Shared cluster,Distributed market,Resource allocation,Individual utility,emptyanswer,emptyanswer,emptyanswer,emptyanswer,emptyanswer,emptyanswer,emptyanswer,emptyanswer,emptyanswer,emptyanswer,emptyanswer
3L1EFR8WWS4L3KIPDWTN9JHELZB9F8,39GXDJN2OTDD8WIZYLXFGSLBIFS8V8,ANB69EQROUTQJ,Approved,Wed Mar 11 22:01:07 EDT 2015,Wed Mar 11 22:02:51 EDT 2015,resource allocation,distributed shared clusters,fairness,equilibrium,efficiency,social optimum,emptyanswer,emptyanswer,emptyanswer,emptyanswer,emptyanswer,emptyanswer,emptyanswer,emptyanswer,emptyanswer,emptyanswer
3L1EFR8WWS4L3KIPDWTN9JHELZB9F8,3U5JL4WY5K84TK0SMX8KN12RX52X4U,A2KS418T8MPLJH,Approved,Thu Mar 12 11:59:41 EDT 2015,Thu Mar 12 12:01:43 EDT 2015,Price-Anticipating Resource Allocation Mechanism,fixed budget resource allocation game to understand the performance of a distributed market-based resource allocation system,Multiple users decide how to distribute their budget bids) among multiple machines according to their individual preferences,"We show analytically and through simulations that despite being highly decentralized, such a system converges quickly to an equilibrium",proposed allocation scheme achieves a nice balance of high degrees of efficiency,emptyanswer,emptyanswer,emptyanswer,emptyanswer,emptyanswer,emptyanswer,emptyanswer,emptyanswer,emptyanswer,emptyanswer,emptyanswer
3L1EFR8WWS4L3KIPDWTN9JHELZB9F8,3TDXMTX3CBTLICFB6Z1YHPZQ5J7I63,AU3WQKISBW5MZ,Approved,Thu Mar 12 13:05:12 EDT 2015,Thu Mar 12 13:06:54 EDT 2015,In this paper we formulate the fixed budget resource allocation game to understand the performance of a distributed market-based resource allocation system.,Multiple users decide how to distribute their budget bids) among multiple machines according,We look at both the efficiency and the fairness of the allocation at the equilibrium,where fairness is evaluated through the measures of utility uniformity and envy-freeness,We show analytically and through simulations that despite being highly decentralized,emptyanswer,emptyanswer,emptyanswer,emptyanswer,emptyanswer,emptyanswer,emptyanswer,emptyanswer,emptyanswer,emptyanswer,emptyanswer
3L1EFR8WWS4L3KIPDWTN9JHELZB9F8,3R6BYFZZP7BER0XH6E43E5ZIMVFXFM,AM1HY736BY3Z8,Approved,Thu Mar 12 14:16:23 EDT 2015,Thu Mar 12 14:18:22 EDT 2015,Price-Anticipating Resource Allocation Mechanism for Distributed Shared Clusters,fixed budget resource allocation game to understand the performance of a distributed market-based resource allocation system,Multiple users decide how to distribute their budget bids) among multiple machines according to their individual preferences to maximize their individual utility,We show analytically and through simulations that despite being highly decentralized,equilibrium and unlike the social optimum that achieves high efficiency but poor fairness,emptyanswer,emptyanswer,emptyanswer,emptyanswer,emptyanswer,emptyanswer,emptyanswer,emptyanswer,emptyanswer,emptyanswer,emptyanswer
3L1EFR8WWS4L3KIPDWTN9JHELZB9F8,34S9DKFK73OFFX089Y9I5OF0QT8NY4,A2SDTL2V8VJ25O,Approved,Thu Mar 12 21:02:23 EDT 2015,Thu Mar 12 21:03:16 EDT 2015,Resource,Allocation,Mechanism,Distributed,Clusters,emptyanswer,emptyanswer,emptyanswer,emptyanswer,emptyanswer,emptyanswer,emptyanswer,emptyanswer,emptyanswer,emptyanswer,emptyanswer
3L1EFR8WWS4L3KIPDWTN9JHELZB9F8,3U5JL4WY5K84TK0SMX8KN12RX8Q4XV,A3DTN2OMF6DUSI,Approved,Fri Mar 13 23:22:38 EDT 2015,Fri Mar 13 23:22:45 EDT 2015,model,model,model,modelmodel,model,emptyanswer,emptyanswer,emptyanswer,emptyanswer,emptyanswer,emptyanswer,emptyanswer,emptyanswer,emptyanswer,emptyanswer,emptyanswer
3L1EFR8WWS4L3KIPDWTN9JHELZB9F8,3R3YRB5GRF2RE5MEQT7OGXPNV1OAU5,A8HUG07IE2R3,Approved,Sat Mar 14 00:49:50 EDT 2015,Sat Mar 14 00:53:08 EDT 2015,fixed budget resource allocation game,multiple machines according to their individual preferences to maximize their individual utility,measures of utility uniformity and envy-freeness,social optimum that achieves high efficiency,allocation scheme,high degrees of efficiency and fairness at the equilibrium,emptyanswer,emptyanswer,emptyanswer,emptyanswer,emptyanswer,emptyanswer,emptyanswer,emptyanswer,emptyanswer,emptyanswer
3L1EFR8WWS4L3KIPDWTN9JHELZB9F8,3A1PQ49WVHGQFV3UUB7WMH7UX0MH1V,A610SH5RY1NG1,Approved,Sat Mar 14 06:22:39 EDT 2015,Sat Mar 14 06:23:15 EDT 2015,price-anticipating,resource allocation,mechanism,distributed shared clusters,market-based,emptyanswer,emptyanswer,emptyanswer,emptyanswer,emptyanswer,emptyanswer,emptyanswer,emptyanswer,emptyanswer,emptyanswer,emptyanswer
3L1EFR8WWS4L3KIPDWTN9JHELZB9F8,3COPXFW7XBBKYDN4LYLJ055KSXLPK0,A2Z9HR2IBD75R9,Approved,Sat Mar 14 09:55:27 EDT 2015,Sat Mar 14 09:55:44 EDT 2015,Price-Anticipating Resource Allocation Mechanism,Distributed Shared Clusters,uniformity,achieves,equilibrium,emptyanswer,emptyanswer,emptyanswer,emptyanswer,emptyanswer,emptyanswer,emptyanswer,emptyanswer,emptyanswer,emptyanswer,emptyanswer
3L1EFR8WWS4L3KIPDWTN9JHELZB9F8,3DZQRBDBSLEBF7VPS9XEEOTT4WQS3U,A2UNRV6PEOEXG0,Approved,Sat Mar 14 13:34:57 EDT 2015,Sat Mar 14 13:35:38 EDT 2015,prediction,distributed shared clusters,budget bids,efficiency,equilibrium,emptyanswer,emptyanswer,emptyanswer,emptyanswer,emptyanswer,emptyanswer,emptyanswer,emptyanswer,emptyanswer,emptyanswer,emptyanswer
3L1EFR8WWS4L3KIPDWTN9JHELZB9F8,3TE3O857307ATAZT9KJ454J5CGK2RI,ACVJ6IUO9QM4R,Approved,Sat Mar 14 17:29:26 EDT 2015,Sat Mar 14 17:30:38 EDT 2015,fixed budget resource allocation game,distributed market-based resource allocation system,We look at both the efficiency and the fairness of the allocation at the equilibrium,fairness at the equilibrium,price anticipating through budgets,emptyanswer,emptyanswer,emptyanswer,emptyanswer,emptyanswer,emptyanswer,emptyanswer,emptyanswer,emptyanswer,emptyanswer,emptyanswer
3L1EFR8WWS4L3KIPDWTN9JHELZB9F8,33L7PJKHCGXYV4EATQX0FAXQM1B8T6,ATOMPVWZKAE0E,Approved,Sat Mar 14 18:08:19 EDT 2015,Sat Mar 14 18:11:07 EDT 2015,Resource Allocation Mechanism,Distributed Shared Clusters,fixed budget,distributed market,budget bids,equilibrium,uniformity,emptyanswer,emptyanswer,emptyanswer,emptyanswer,emptyanswer,emptyanswer,emptyanswer,emptyanswer,emptyanswer
3L1EFR8WWS4L3KIPDWTN9JHELZB9F8,3X4JMASXCM8GHTFQY0T0M1LMXX30BR,A2I4DDHMIT7HX,Approved,Sat Mar 14 20:01:10 EDT 2015,Sat Mar 14 20:02:04 EDT 2015,distributed shared clusters,fixed budget resource allocation,efficiency,fairness,decentralization,equilibrium,emptyanswer,emptyanswer,emptyanswer,emptyanswer,emptyanswer,emptyanswer,emptyanswer,emptyanswer,emptyanswer,emptyanswer
3L1EFR8WWS4L3KIPDWTN9JHELZB9F8,3LBXNTKX0RU5QQ643S4B49D7J4L9XL,A29ZV4XJB7R1O,Approved,Sat Mar 14 19:54:24 EDT 2015,Sat Mar 14 20:09:53 EDT 2015,Price-Anticipating,Resource Allocation,Distributed,Clusters,fixed budget,emptyanswer,emptyanswer,emptyanswer,emptyanswer,emptyanswer,emptyanswer,emptyanswer,emptyanswer,emptyanswer,emptyanswer,emptyanswer
3L1EFR8WWS4L3KIPDWTN9JHELZB9F8,30LB5CDZNC9CZRI64E938JSPO0RZ0Y,A1G94QON7A9K0N,Approved,Sat Mar 14 20:18:22 EDT 2015,Sat Mar 14 20:18:46 EDT 2015,market,allocation,decentralized,optimum,efficiency,emptyanswer,emptyanswer,emptyanswer,emptyanswer,emptyanswer,emptyanswer,emptyanswer,emptyanswer,emptyanswer,emptyanswer,emptyanswer
3L1EFR8WWS4L3KIPDWTN9JHELZB9F8,3GD6L00D3SWC7945L8N9EMFQEOH1MO,A1BV5YY1UQCMZY,Approved,Sat Mar 14 20:27:40 EDT 2015,Sat Mar 14 20:28:39 EDT 2015,resource allocation mechanism,distributed shared clusters,fixed budget,maximize utility,equilibrium,emptyanswer,emptyanswer,emptyanswer,emptyanswer,emptyanswer,emptyanswer,emptyanswer,emptyanswer,emptyanswer,emptyanswer,emptyanswer
