HitId,AssignmentId,WorkerId,Status,AcceptTime,SubmitTime,Answer 1,Answer 2,Answer 3,Answer 4,Answer 5,Answer 6,Answer 7,Answer 8,Answer 9,Answer 10,Answer 11,Answer 12,Answer 13,Answer 14,Answer 15,Answer 16
3LN3BXKGCZU2TGRSHR9X5OP1KFWWGK,3SB4CE2TJVUJV9G9VYIB04OROS5XA1,A22R7DT2XQIKXV,Approved,Mon Mar 02 14:58:15 EST 2015,Mon Mar 02 14:58:24 EST 2015,aa,aa,aa,aa,aa,emptyanswer,emptyanswer,emptyanswer,emptyanswer,emptyanswer,emptyanswer,emptyanswer,emptyanswer,emptyanswer,emptyanswer,emptyanswer
3LN3BXKGCZU2TGRSHR9X5OP1KFWWGK,3HMVI3QICJRC1QTJ4BBK8H2XM4EY15,A26M2B8NZVKWTZ,Approved,Mon Mar 02 21:31:49 EST 2015,Mon Mar 02 21:32:48 EST 2015,Outranking,Approach,Rank,Aggregation,Retrieval,emptyanswer,emptyanswer,emptyanswer,emptyanswer,emptyanswer,emptyanswer,emptyanswer,emptyanswer,emptyanswer,emptyanswer,emptyanswer
3LN3BXKGCZU2TGRSHR9X5OP1KFWWGK,3PMBY0YE272HNSV9CW8OQWSXHSLC9L,A2R085B34P2LYS,Approved,Mon Mar 02 21:53:19 EST 2015,Mon Mar 02 21:56:37 EST 2015,Outranking,Approach,Rank,Aggregation,Information,optional,optional,optional,optional,optional,optional,optional,optional,optional,optional,optional
3LN3BXKGCZU2TGRSHR9X5OP1KFWWGK,3YT88D1N08XDROIHN0OCN22JM9NK3S,A27I79P03I0ZPO,Approved,Mon Mar 02 23:01:54 EST 2015,Mon Mar 02 23:02:43 EST 2015,Outranking,Approach,Aggregation,Information,Retrieval,emptyanswer,emptyanswer,emptyanswer,emptyanswer,emptyanswer,emptyanswer,emptyanswer,emptyanswer,emptyanswer,emptyanswer,emptyanswer
3LN3BXKGCZU2TGRSHR9X5OP1KFWWGK,3D4CH1LGEASU44BEEI47GNDCFLY9GF,A1B5NXRZQYRC4R,Approved,Tue Mar 03 06:58:51 EST 2015,Tue Mar 03 06:59:16 EST 2015,outranking,approach,rank,aggresion,information retrieval,emptyanswer,emptyanswer,emptyanswer,emptyanswer,emptyanswer,emptyanswer,emptyanswer,emptyanswer,emptyanswer,emptyanswer,emptyanswer
3LN3BXKGCZU2TGRSHR9X5OP1KFWWGK,3DH6GAKTYYO9WMERCMKC0BM9ZKDZYJ,A1XRIEYLA7ZJ3B,Approved,Tue Mar 03 07:06:43 EST 2015,Tue Mar 03 07:11:31 EST 2015,Outranking Approach for Rank Aggregation,Information Retrieval,data fusion problem,aggregation mechanisms based on decision rules identifying positive and negative reasons for judging whether a document should get a better rank than another,performs better than the well-known CombSUM and CombMNZ operators,emptyanswer,emptyanswer,emptyanswer,emptyanswer,emptyanswer,emptyanswer,emptyanswer,emptyanswer,emptyanswer,emptyanswer,emptyanswer
3LN3BXKGCZU2TGRSHR9X5OP1KFWWGK,3SB5N7Y3O33C8AN1EMLENCCJCH8G0E,A3ODG942FG22PJ,Approved,Tue Mar 03 08:51:40 EST 2015,Tue Mar 03 08:51:54 EST 2015,Outranking,Rank,Aggregation,Information,Retrieval,na,na,na,na,na,na,na,na,na,na,na
3LN3BXKGCZU2TGRSHR9X5OP1KFWWGK,3PPTZCWALQJ0NKN5LC3INPJ70BAQZL,A2A4LHPXF2E2GS,Approved,Tue Mar 03 12:05:13 EST 2015,Tue Mar 03 12:11:53 EST 2015,outranking approach,aggregation in information retrieval,data fusion problem,combined for new ranking,positive and negative reasons,which document gets better ranking,well with Information Retrieval features,better than CombSUM and CombMNZ operators,emptyanswer,emptyanswer,emptyanswer,emptyanswer,emptyanswer,emptyanswer,emptyanswer,emptyanswer
3LN3BXKGCZU2TGRSHR9X5OP1KFWWGK,3OUYGIZWR7XILNG0H5B1HLQBD8GP0C,A3FG9YWTFFK1AU,Approved,Tue Mar 03 16:26:53 EST 2015,Tue Mar 03 16:29:13 EST 2015,Outranking Approach,Rank Aggregation,Information Retrieval,CombSUM,CombMNZ,operators,emptyanswer,emptyanswer,emptyanswer,emptyanswer,emptyanswer,emptyanswer,emptyanswer,emptyanswer,emptyanswer,emptyanswer
3LN3BXKGCZU2TGRSHR9X5OP1KFWWGK,31LM9EDVOLRPK859NY8FV10CC3KNJM,A9LA6QK6VCERR,Approved,Wed Mar 04 01:25:19 EST 2015,Wed Mar 04 01:26:44 EST 2015,Rank Aggregation in Information Retrieval,Research in Information Retrieval,CombSUM,CombMNZ operators,multiple criteria framework using aggregation mechanisms,emptyanswer,emptyanswer,emptyanswer,emptyanswer,emptyanswer,emptyanswer,emptyanswer,emptyanswer,emptyanswer,emptyanswer,emptyanswer
3LN3BXKGCZU2TGRSHR9X5OP1KFWWGK,37ZHEEHM6WLPW9BX46Z3JXXXGSJ73B,A3FFZN4FO3Q789,Approved,Wed Mar 04 10:38:06 EST 2015,Wed Mar 04 10:52:54 EST 2015,networks,networks,networks,networks,networks,emptyanswer,emptyanswer,emptyanswer,emptyanswer,emptyanswer,emptyanswer,emptyanswer,emptyanswer,emptyanswer,emptyanswer,emptyanswer
3LN3BXKGCZU2TGRSHR9X5OP1KFWWGK,3DEL4X4EL6KKRRECB4WR3Q6YRMVYX5,A3H35QRODK1C4K,Approved,Wed Mar 04 11:05:28 EST 2015,Wed Mar 04 11:05:45 EST 2015,outranking,approach,rank,aggregation,information,emptyanswer,emptyanswer,emptyanswer,emptyanswer,emptyanswer,emptyanswer,emptyanswer,emptyanswer,emptyanswer,emptyanswer,emptyanswer
3LN3BXKGCZU2TGRSHR9X5OP1KFWWGK,37UEWGM5HT734PHXQGJQ0L90JLG1RV,A2F6ZON8X5EAGL,Approved,Wed Mar 04 14:52:01 EST 2015,Wed Mar 04 14:52:35 EST 2015,An Outranking Approach for Rank Aggregation in Information Retrieval,reserarch information,paper,ranking,operators,emptyanswer,emptyanswer,emptyanswer,emptyanswer,emptyanswer,emptyanswer,emptyanswer,emptyanswer,emptyanswer,emptyanswer,emptyanswer
3LN3BXKGCZU2TGRSHR9X5OP1KFWWGK,3VNXK88KKCHDM1193D3TGOGM23WV96,A3OTLWGJFB65KD,Approved,Wed Mar 04 19:22:16 EST 2015,Wed Mar 04 19:22:37 EST 2015,nothing,nothing,nothing,nothing,nothing,emptyanswer,emptyanswer,emptyanswer,emptyanswer,emptyanswer,emptyanswer,emptyanswer,emptyanswer,emptyanswer,emptyanswer,emptyanswer
3LN3BXKGCZU2TGRSHR9X5OP1KFWWGK,3FPRZHYEPY6R7ZCTM42JPBD02C9V3E,A3LUJSAN4DQ1ZT,Approved,Wed Mar 04 23:28:27 EST 2015,Wed Mar 04 23:29:11 EST 2015,outranking approach,rank aggregation,information retrieval,CombMNZ,CombSUM,distinctive,data fusion,emptyanswer,emptyanswer,emptyanswer,emptyanswer,emptyanswer,emptyanswer,emptyanswer,emptyanswer,emptyanswer
3LN3BXKGCZU2TGRSHR9X5OP1KFWWGK,3KJYX6QCM9A2SDEIPPU65IUPY96VJ1,A3HPVFAF1U9WXK,Approved,Thu Mar 05 01:11:31 EST 2015,Thu Mar 05 01:12:12 EST 2015,Information Retrieval,Rank Aggregation,Outranking Approach,data fusion problem,documents,emptyanswer,emptyanswer,emptyanswer,emptyanswer,emptyanswer,emptyanswer,emptyanswer,emptyanswer,emptyanswer,emptyanswer,emptyanswer
3LN3BXKGCZU2TGRSHR9X5OP1KFWWGK,36WLNQG78Z9F8JUK67SF7QNQQAPBEN,A3S81UFDOWF2ST,Approved,Thu Mar 05 07:43:23 EST 2015,Thu Mar 05 07:44:17 EST 2015,Rank Aggregation,Information Retrieval,Outranking Approach,performance improvement,data fusion problem,emptyanswer,emptyanswer,emptyanswer,emptyanswer,emptyanswer,emptyanswer,emptyanswer,emptyanswer,emptyanswer,emptyanswer,emptyanswer
3LN3BXKGCZU2TGRSHR9X5OP1KFWWGK,3TAYZSBPLL7MUPZ6O9J9VEO1XVP2SH,A1QUDNLO95AKS5,Approved,Thu Mar 05 09:01:20 EST 2015,Thu Mar 05 09:33:40 EST 2015,Outranking Approach,Rank Aggregation,Information Retrieval,Research,well-known CombSUM,emptyanswer,emptyanswer,emptyanswer,emptyanswer,emptyanswer,emptyanswer,emptyanswer,emptyanswer,emptyanswer,emptyanswer,emptyanswer
3LN3BXKGCZU2TGRSHR9X5OP1KFWWGK,3ZAK8W07I4DVDSOWYRAVRRDALUS0UD,A3I10J1GPDAPQR,Approved,Thu Mar 05 09:59:30 EST 2015,Thu Mar 05 10:01:29 EST 2015,Outranking Approach,Rank Aggregation,Information Retrieval,Experimental results,CombSUM and CombMNZ operators,emptyanswer,emptyanswer,emptyanswer,emptyanswer,emptyanswer,emptyanswer,emptyanswer,emptyanswer,emptyanswer,emptyanswer,emptyanswer
3LN3BXKGCZU2TGRSHR9X5OP1KFWWGK,3TXWC2NHNZPXU9K59IYO51WF311S91,A3UY2GVCKC8LSL,Approved,Thu Mar 05 10:21:13 EST 2015,Thu Mar 05 10:21:42 EST 2015,outranking approach,rank aggregation,information retrieval,CombSUM,CombMNZ,emptyanswer,emptyanswer,emptyanswer,emptyanswer,emptyanswer,emptyanswer,emptyanswer,emptyanswer,emptyanswer,emptyanswer,emptyanswer
3LN3BXKGCZU2TGRSHR9X5OP1KFWWGK,34YB12FSQYN9BOU83R8CL9JWFPHGM7,A1YLO4LT02D2F0,Approved,Thu Mar 05 11:09:27 EST 2015,Thu Mar 05 11:10:11 EST 2015,Research in Information Retrieval,many sources of evidence,to produce a ranking of documents,the rank aggregation problem,criteria framework using aggregation,emptyanswer,emptyanswer,emptyanswer,emptyanswer,emptyanswer,emptyanswer,emptyanswer,emptyanswer,emptyanswer,emptyanswer,emptyanswer
3LN3BXKGCZU2TGRSHR9X5OP1KFWWGK,39LOEL67OS4TWNGGEBR9XXTSRHN382,ADUJUZANFOWKW,Approved,Thu Mar 05 20:51:58 EST 2015,Thu Mar 05 20:52:24 EST 2015,rank,aggregation,outranking,retrieval,information,emptyanswer,emptyanswer,emptyanswer,emptyanswer,emptyanswer,emptyanswer,emptyanswer,emptyanswer,emptyanswer,emptyanswer,emptyanswer
3LN3BXKGCZU2TGRSHR9X5OP1KFWWGK,3Y5140Z9DXFTSIXGLV07NPQ7Z9QIP7,A3DHYTZ1GPN0T8,Approved,Thu Mar 05 21:30:21 EST 2015,Thu Mar 05 21:31:08 EST 2015,Information Retrieval,ranking of documents,data fusion problem,CombSUM and CombMNZ operators,Experimental,emptyanswer,emptyanswer,emptyanswer,emptyanswer,emptyanswer,emptyanswer,emptyanswer,emptyanswer,emptyanswer,emptyanswer,emptyanswer
3LN3BXKGCZU2TGRSHR9X5OP1KFWWGK,3ON104KXQKVP4KV2CSCYLIOKNP44WN,A156E6TWVB7GP7,Approved,Thu Mar 05 22:37:52 EST 2015,Thu Mar 05 22:39:10 EST 2015,Research in Information Retrieval,performance improvement,ranking of documents,data fusion problem,multiple criteria,identifying,better,emptyanswer,emptyanswer,emptyanswer,emptyanswer,emptyanswer,emptyanswer,emptyanswer,emptyanswer,emptyanswer
3LN3BXKGCZU2TGRSHR9X5OP1KFWWGK,3NG53N1RLVI03CL3C9OGA0WTWG58PF,A2KELEVTA0306Y,Approved,Fri Mar 06 07:31:51 EST 2015,Fri Mar 06 07:35:24 EST 2015,Research,aggregation,reported,documents,Experimental,framework,Retrieval,Information,mechanisms,judging,CombSUM,CombMNZ,performance,improvement,fusion,method
3LN3BXKGCZU2TGRSHR9X5OP1KFWWGK,3L0KT67Y8EFCVASDHUQ44IP6CG9SYP,AQXSUU4I4DAH8,Approved,Fri Mar 06 12:06:02 EST 2015,Fri Mar 06 12:06:50 EST 2015,Information Retrieval distinctive features,Outranking Approach,ranking of documents,Rank Aggregation in Information Retrieval,multiple methods,emptyanswer,emptyanswer,emptyanswer,emptyanswer,emptyanswer,emptyanswer,emptyanswer,emptyanswer,emptyanswer,emptyanswer,emptyanswer
3LN3BXKGCZU2TGRSHR9X5OP1KFWWGK,3VD82FOHKQNKUFZFELR6NMNMC54OC0,ANB69EQROUTQJ,Approved,Sat Mar 07 10:00:44 EST 2015,Sat Mar 07 10:02:25 EST 2015,information retrieval,rank aggregation,aggregation mechanisms,CombSUM,performance improvement,emptyanswer,emptyanswer,emptyanswer,emptyanswer,emptyanswer,emptyanswer,emptyanswer,emptyanswer,emptyanswer,emptyanswer,emptyanswer
3LN3BXKGCZU2TGRSHR9X5OP1KFWWGK,3C2NJ6JBKAGPEC71GD2NWKEVA4ON2D,AWQK8QA93VLW9,Approved,Sat Mar 07 10:50:31 EST 2015,Sat Mar 07 10:51:32 EST 2015,Rank Aggregation,Information Retrieval,data fusion,ranking,CombSUM,CombMNZ,emptyanswer,emptyanswer,emptyanswer,emptyanswer,emptyanswer,emptyanswer,emptyanswer,emptyanswer,emptyanswer,emptyanswer
3LN3BXKGCZU2TGRSHR9X5OP1KFWWGK,3QBD8R3Z21IHZBM0L6LO4OBYKSRO4R,A9HQ3E0F2AGVO,Approved,Sat Mar 07 11:43:37 EST 2015,Sat Mar 07 11:44:25 EST 2015,Information Retrieval,aggregation problem,data fusion problem,positive and negative,CombSUM and CombMNZ operators,emptyanswer,emptyanswer,emptyanswer,emptyanswer,emptyanswer,emptyanswer,emptyanswer,emptyanswer,emptyanswer,emptyanswer,emptyanswer
3LN3BXKGCZU2TGRSHR9X5OP1KFWWGK,3X1FV8S5JXQS1BOHHJ9385296QYGV9,A2GBY8O6GYSB89,Approved,Sat Mar 07 12:06:21 EST 2015,Sat Mar 07 12:07:37 EST 2015,Outranking Approach,Rank Aggregation,Information Retrieval,ranking of documents,data fusion problem,emptyanswer,emptyanswer,emptyanswer,emptyanswer,emptyanswer,emptyanswer,emptyanswer,emptyanswer,emptyanswer,emptyanswer,emptyanswer
3LN3BXKGCZU2TGRSHR9X5OP1KFWWGK,333U7HK6I9EGYWEWY4UCZWOIYBFDJF,A37WDQ1VG5XN6Z,Approved,Sat Mar 07 13:09:46 EST 2015,Sat Mar 07 13:09:53 EST 2015,nothing,nothing,nothing,nothing,nothing,emptyanswer,emptyanswer,emptyanswer,emptyanswer,emptyanswer,emptyanswer,emptyanswer,emptyanswer,emptyanswer,emptyanswer,emptyanswer
3LN3BXKGCZU2TGRSHR9X5OP1KFWWGK,3YOH7BII096X3XK07AUI6XU2D9PKVU,A38IE69ORDCEGY,Approved,Sun Mar 08 00:48:53 EST 2015,Sun Mar 08 00:50:24 EST 2015,rank aggregation,information retrieval,CombSUM,CombMNZ,aggregation decision rules,emptyanswer,emptyanswer,emptyanswer,emptyanswer,emptyanswer,emptyanswer,emptyanswer,emptyanswer,emptyanswer,emptyanswer,emptyanswer
3LN3BXKGCZU2TGRSHR9X5OP1KFWWGK,3R08VXYT7CUMN7DLEQA5OU8UEY47WY,A2YW509B0UMSEH,Approved,Sun Mar 08 09:41:33 EDT 2015,Sun Mar 08 09:42:52 EDT 2015,Rank,Information Retrieval,document,Aggregation,problem,emptyanswer,emptyanswer,emptyanswer,emptyanswer,emptyanswer,emptyanswer,emptyanswer,emptyanswer,emptyanswer,emptyanswer,emptyanswer
3LN3BXKGCZU2TGRSHR9X5OP1KFWWGK,3FFJ6VRIL1NQ41TW4ALH8OPZR9AI0C,A3G4SXD4N30C3L,Approved,Sun Mar 08 15:31:43 EDT 2015,Sun Mar 08 15:32:15 EDT 2015,Outranking Approach,Rank Aggregation,Information Retrieval,ranking of documents,CombSUM,CombMNZ,emptyanswer,emptyanswer,emptyanswer,emptyanswer,emptyanswer,emptyanswer,emptyanswer,emptyanswer,emptyanswer,emptyanswer
3LN3BXKGCZU2TGRSHR9X5OP1KFWWGK,3ZSY5X72NXAO0HOYWIH1CHM8C8AROG,A156NFBMKKLDL9,Approved,Sun Mar 08 16:41:00 EDT 2015,Sun Mar 08 16:41:57 EDT 2015,Outranking Approach,Rank Aggregation,Information Retrieval,rankings of documents,information Retrieval distinctive features,emptyanswer,emptyanswer,emptyanswer,emptyanswer,emptyanswer,emptyanswer,emptyanswer,emptyanswer,emptyanswer,emptyanswer,emptyanswer
3LN3BXKGCZU2TGRSHR9X5OP1KFWWGK,3STRJBFXOWQIQ5GB2FU35F6HGPKTK0,A3A6FIAZ2W81,Approved,Sun Mar 08 22:26:22 EDT 2015,Sun Mar 08 22:28:04 EDT 2015,information retrieval,data fusion problem,new rank aggregation method,superior to CombSum/CombMNZ operators,ranking system,emptyanswer,emptyanswer,emptyanswer,emptyanswer,emptyanswer,emptyanswer,emptyanswer,emptyanswer,emptyanswer,emptyanswer,emptyanswer
3LN3BXKGCZU2TGRSHR9X5OP1KFWWGK,3A9AA95ATWLHGU21EBHDYGM2UWSP5U,A2E2IQ99W6B7AV,Approved,Mon Mar 09 06:03:04 EDT 2015,Mon Mar 09 06:05:09 EDT 2015,Information ranking,Data retrieval,Media formats,System rules,Method suggestion,emptyanswer,emptyanswer,emptyanswer,emptyanswer,emptyanswer,emptyanswer,emptyanswer,emptyanswer,emptyanswer,emptyanswer,emptyanswer
3LN3BXKGCZU2TGRSHR9X5OP1KFWWGK,3X31TUMD7XLS1RMKLWMUE901D7V1L1,A2SZAM3EZER2PH,Approved,Mon Mar 09 09:09:27 EDT 2015,Mon Mar 09 09:10:12 EDT 2015,Information Retrieval usually,sources of evidence,rankings of documents,better rank than another,CombSUM and CombMNZ,emptyanswer,emptyanswer,emptyanswer,emptyanswer,emptyanswer,emptyanswer,emptyanswer,emptyanswer,emptyanswer,emptyanswer,emptyanswer
3LN3BXKGCZU2TGRSHR9X5OP1KFWWGK,3Z2R0DQ0JHDLK6UONEZ46XKMWGQE2Q,ACYGMRGAZ22U7,Approved,Mon Mar 09 17:58:20 EDT 2015,Mon Mar 09 17:58:27 EDT 2015,Keyword/Keyphrase 1:,Keyword/Keyphrase 1:,Keyword/Keyphrase 1:,Keyword/Keyphrase 1:,Keyword/Keyphrase 1:,emptyanswer,emptyanswer,emptyanswer,emptyanswer,emptyanswer,emptyanswer,emptyanswer,emptyanswer,emptyanswer,emptyanswer,emptyanswer
3LN3BXKGCZU2TGRSHR9X5OP1KFWWGK,37XITHEISW8NRSRV6D8AHHSRNW2CRJ,AUH4A0OGHF2CK,Approved,Mon Mar 09 20:54:49 EDT 2015,Mon Mar 09 20:57:19 EDT 2015,Rank Aggregation in Information Retrieval,Approaches for  Rank Aggregation in Information Retrieval,Aggregation mechanisms in Information Retrieval,A study on rank aggregation,Solutions for data fusion,emptyanswer,emptyanswer,emptyanswer,emptyanswer,emptyanswer,emptyanswer,emptyanswer,emptyanswer,emptyanswer,emptyanswer,emptyanswer
3LN3BXKGCZU2TGRSHR9X5OP1KFWWGK,3D3VGR7TA0EZESVCDKX9OEOXHKF3R4,APEB5ERGCYP6D,Approved,Tue Mar 10 01:25:36 EDT 2015,Tue Mar 10 02:05:54 EDT 2015,Research in Information Retrieval,to produce a new ranking,multiple criteria framework using aggregation mechanisms,Information Retrieval distinctive features,well-known CombSUM and CombMNZ operators,emptyanswer,emptyanswer,emptyanswer,emptyanswer,emptyanswer,emptyanswer,emptyanswer,emptyanswer,emptyanswer,emptyanswer,emptyanswer
3LN3BXKGCZU2TGRSHR9X5OP1KFWWGK,3PB5A5BD0V5QQLNLZL6N2RM6KEIG7K,A17JEL4FN1B9TB,Approved,Tue Mar 10 11:58:36 EDT 2015,Tue Mar 10 11:59:57 EDT 2015,Outranking,Approach,Rank,Aggregation,Information,Retrieval,documents,emptyanswer,emptyanswer,emptyanswer,emptyanswer,emptyanswer,emptyanswer,emptyanswer,emptyanswer,emptyanswer
3LN3BXKGCZU2TGRSHR9X5OP1KFWWGK,32Z9ZLUT1LJBBNAV0D57YDK2P39OHL,AW36CVMS3526O,Approved,Tue Mar 10 13:31:42 EDT 2015,Tue Mar 10 13:32:42 EDT 2015,Aggregation,performanceimprovement,combined,Experimental,operators,emptyanswer,emptyanswer,emptyanswer,emptyanswer,emptyanswer,emptyanswer,emptyanswer,emptyanswer,emptyanswer,emptyanswer,emptyanswer
3LN3BXKGCZU2TGRSHR9X5OP1KFWWGK,3YDTZAI2WXFW3JFZF4NDSSYQRND14P,A1JWEYGDFDB100,Approved,Tue Mar 10 13:34:14 EDT 2015,Tue Mar 10 13:35:41 EDT 2015,Outranking Approach,Rank Aggregation,Information Retrieval,data fusion problem,decision rules,emptyanswer,emptyanswer,emptyanswer,emptyanswer,emptyanswer,emptyanswer,emptyanswer,emptyanswer,emptyanswer,emptyanswer,emptyanswer
3LN3BXKGCZU2TGRSHR9X5OP1KFWWGK,3HSYG7LRBJXJNMQO86GB4OJLXG3KK3,A3K6BSW10S4YKJ,Approved,Wed Mar 11 00:50:33 EDT 2015,Wed Mar 11 00:51:43 EDT 2015,Research in Information Retrieval,ranking of documents,rank aggregation problem,data fusion problem,a new ranking,CombSUM and CombMNZ operators,emptyanswer,emptyanswer,emptyanswer,emptyanswer,emptyanswer,emptyanswer,emptyanswer,emptyanswer,emptyanswer,emptyanswer
3LN3BXKGCZU2TGRSHR9X5OP1KFWWGK,3PXX5PX6LXXCI6D8Q2QTB7XZ5ABAB5,ATRHDYWCIYTDJ,Approved,Wed Mar 11 04:46:21 EDT 2015,Wed Mar 11 04:46:37 EDT 2015,usually,performanceimprovement,evidence,produce,better,emptyanswer,emptyanswer,emptyanswer,emptyanswer,emptyanswer,emptyanswer,emptyanswer,emptyanswer,emptyanswer,emptyanswer,emptyanswer
3LN3BXKGCZU2TGRSHR9X5OP1KFWWGK,3JBT3HLQF81FN8MQLZOTNKTXV02PZD,A3CMDYA9USA3MR,Approved,Wed Mar 11 07:24:07 EDT 2015,Wed Mar 11 07:24:20 EDT 2015,Research,Retrieval,performanceimprovement,evidence,produce,emptyanswer,emptyanswer,emptyanswer,emptyanswer,emptyanswer,emptyanswer,emptyanswer,emptyanswer,emptyanswer,emptyanswer,emptyanswer
3LN3BXKGCZU2TGRSHR9X5OP1KFWWGK,3NLZY2D53POGIV616BC9FA89LNRQLX,A28IXE702NXWKQ,Approved,Wed Mar 11 13:58:37 EDT 2015,Wed Mar 11 13:59:40 EDT 2015,Information Retrieval,aggregation problem,fusion problem,multiple criteria framework,CombMNZ operators,emptyanswer,emptyanswer,emptyanswer,emptyanswer,emptyanswer,emptyanswer,emptyanswer,emptyanswer,emptyanswer,emptyanswer,emptyanswer
3LN3BXKGCZU2TGRSHR9X5OP1KFWWGK,3YZ8UPK3VTLF7KJCA73FMSFBUZ0CUP,A2SDTL2V8VJ25O,Approved,Wed Mar 11 20:39:55 EDT 2015,Wed Mar 11 20:40:28 EDT 2015,Outranking,Approach,Aggregation,Information,Retrieval,emptyanswer,emptyanswer,emptyanswer,emptyanswer,emptyanswer,emptyanswer,emptyanswer,emptyanswer,emptyanswer,emptyanswer,emptyanswer
3LN3BXKGCZU2TGRSHR9X5OP1KFWWGK,3GGAI1SQEVXWUCE315CTVIYHIE5MCI,A2UNRV6PEOEXG0,Approved,Thu Mar 12 00:43:02 EDT 2015,Thu Mar 12 00:43:58 EDT 2015,Outranking approach,rank aggregation,information retrieval,data fusion problem,CombSUM and CombMNZ,emptyanswer,emptyanswer,emptyanswer,emptyanswer,emptyanswer,emptyanswer,emptyanswer,emptyanswer,emptyanswer,emptyanswer,emptyanswer
3LN3BXKGCZU2TGRSHR9X5OP1KFWWGK,384PI804XS0FYFWS9MFVCQVM1EIS0Z,A2KS418T8MPLJH,Approved,Thu Mar 12 10:44:47 EDT 2015,Thu Mar 12 10:49:31 EDT 2015,Outranking Approach for Rank Aggregation in Information Retrieval,Research in Information Retrieval usually shows performanceimprovement when many sources of evidence are combined to produce a ranking of documents,"In this context, we propose a rank aggregation method within a multiple criteria framework using aggregation mechanisms based on decision rules identifying positive",Experimental results are reported showing that the suggested method performs better than the well-known CombSUM and CombMNZ operators,We show that the proposed method deals well with the Information Retrieval distinctive features,emptyanswer,emptyanswer,emptyanswer,emptyanswer,emptyanswer,emptyanswer,emptyanswer,emptyanswer,emptyanswer,emptyanswer,emptyanswer
3LN3BXKGCZU2TGRSHR9X5OP1KFWWGK,3R2PKQ87NW7N7F03TF8F6LWCVJLMIG,AM1HY736BY3Z8,Approved,Thu Mar 12 12:55:57 EDT 2015,Thu Mar 12 12:57:02 EDT 2015,An Outranking Approach for Rank Aggregation in Information Retrieval,Research in Information Retrieval usually shows performanceimprovement when many sources of evidence are combined to produce a ranking of documents,"we focus on the rank aggregation problem, also called data fusion problem, where rankings of documents, searched into the same collection and provided by multiple methods, are combined in order to produce a new ranking.","we focus on the rank aggregation problem, also called data fusion problem, where rankings of documents, searched into the same collection and provided by multiple methods, are combined in order to produce a new ranking.",Experimental results are reported showing that the suggested method performs better than the well-known CombSUM and CombMNZ operators.,emptyanswer,emptyanswer,emptyanswer,emptyanswer,emptyanswer,emptyanswer,emptyanswer,emptyanswer,emptyanswer,emptyanswer,emptyanswer
3LN3BXKGCZU2TGRSHR9X5OP1KFWWGK,3P4RDNWND55X67UIQIVNQT4VRQTJIE,AU3WQKISBW5MZ,Approved,Thu Mar 12 14:17:46 EDT 2015,Thu Mar 12 14:18:23 EDT 2015,"Research in Information Retrieval usually shows performanceimprovement when many sources of evidence are combined to produce a ranking of documents (e.g., texts, pictures, sounds, etc.). In this paper, we focus on the rank aggregation problem, also called data fusion problem, where rankings of documents, searched into the same collection and provided by multiple methods, are combined in order to produce a new ranking. In this context, we propose a rank aggregation method within a multiple criteria framework using aggregation mechanisms based on decision rules identifying positive and negative reasons for judging whether a document should get a better rank than another. We show that the proposed method deals well with the Information Retrieval distinctive features. Experimental results are reported showing that the suggested method performs better than the well-known CombSUM and CombMNZ operators.","Research in Information Retrieval usually shows performanceimprovement when many sources of evidence are combined to produce a ranking of documents (e.g., texts, pictures, sounds, etc.). In this paper, we focus on the rank aggregation problem, also called data fusion problem, where rankings of documents, searched into the same collection and provided by multiple methods, are combined in order to produce a new ranking. In this context, we propose a rank aggregation method within a multiple criteria framework using aggregation mechanisms based on decision rules identifying positive and negative reasons for judging whether a document should get a better rank than another. We show that the proposed method deals well with the Information Retrieval distinctive features. Experimental results are reported showing that the suggested method performs better than the well-known CombSUM and CombMNZ operators.","Research in Information Retrieval usually shows performanceimprovement when many sources of evidence are combined to produce a ranking of documents (e.g., texts, pictures, sounds, etc.). In this paper, we focus on the rank aggregation problem, also called data fusion problem, where rankings of documents, searched into the same collection and provided by multiple methods, are combined in order to produce a new ranking. In this context, we propose a rank aggregation method within a multiple criteria framework using aggregation mechanisms based on decision rules identifying positive and negative reasons for judging whether a document should get a better rank than another. We show that the proposed method deals well with the Information Retrieval distinctive features. Experimental results are reported showing that the suggested method performs better than the well-known CombSUM and CombMNZ operators.","Research in Information Retrieval usually shows performanceimprovement when many sources of evidence are combined to produce a ranking of documents (e.g., texts, pictures, sounds, etc.). In this paper, we focus on the rank aggregation problem, also called data fusion problem, where rankings of documents, searched into the same collection and provided by multiple methods, are combined in order to produce a new ranking. In this context, we propose a rank aggregation method within a multiple criteria framework using aggregation mechanisms based on decision rules identifying positive and negative reasons for judging whether a document should get a better rank than another. We show that the proposed method deals well with the Information Retrieval distinctive features. Experimental results are reported showing that the suggested method performs better than the well-known CombSUM and CombMNZ operators.","Research in Information Retrieval usually shows performanceimprovement when many sources of evidence are combined to produce a ranking of documents (e.g., texts, pictures, sounds, etc.). In this paper, we focus on the rank aggregation problem, also called data fusion problem, where rankings of documents, searched into the same collection and provided by multiple methods, are combined in order to produce a new ranking. In this context, we propose a rank aggregation method within a multiple criteria framework using aggregation mechanisms based on decision rules identifying positive and negative reasons for judging whether a document should get a better rank than another. We show that the proposed method deals well with the Information Retrieval distinctive features. Experimental results are reported showing that the suggested method performs better than the well-known CombSUM and CombMNZ operators.",emptyanswer,emptyanswer,emptyanswer,emptyanswer,emptyanswer,emptyanswer,emptyanswer,emptyanswer,emptyanswer,emptyanswer,emptyanswer
3LN3BXKGCZU2TGRSHR9X5OP1KFWWGK,3TVRFO09GKE0RS7DSP719I42JS5XLX,ADVZAZ12Z8N9J,Approved,Thu Mar 12 16:06:57 EDT 2015,Thu Mar 12 16:10:18 EDT 2015,"Research in Information Retrieval usually shows performanceimprovement when many sources of evidence are combined to produce a ranking of documents (e.g., texts, pictures, sounds, etc.).",N/A,N/A,N/A,N/AS,emptyanswer,emptyanswer,emptyanswer,emptyanswer,emptyanswer,emptyanswer,emptyanswer,emptyanswer,emptyanswer,emptyanswer,emptyanswer
3LN3BXKGCZU2TGRSHR9X5OP1KFWWGK,3RYC5T2D73S6LH0ZBIUG1HRYNNWRP8,A3DTN2OMF6DUSI,Approved,Fri Mar 13 23:01:09 EDT 2015,Fri Mar 13 23:01:27 EDT 2015,CombMNZ,Aggregation,Retrieval,Information,operators,emptyanswer,emptyanswer,emptyanswer,emptyanswer,emptyanswer,emptyanswer,emptyanswer,emptyanswer,emptyanswer,emptyanswer,emptyanswer
3LN3BXKGCZU2TGRSHR9X5OP1KFWWGK,3L6L49WXW0WVR1GIGRPPVIB74AP54X,A8HUG07IE2R3,Approved,Sat Mar 14 04:50:36 EDT 2015,Sat Mar 14 04:58:13 EDT 2015,Approach for Rank Aggregation in Information Retrieval,ranking of documents,multiple criteria framework using aggregation mechanisms,Retrieval distinctive features.,CombSUM and CombMNZ operators,emptyanswer,emptyanswer,emptyanswer,emptyanswer,emptyanswer,emptyanswer,emptyanswer,emptyanswer,emptyanswer,emptyanswer,emptyanswer
3LN3BXKGCZU2TGRSHR9X5OP1KFWWGK,3BV8HQ2ZZW06CUWDUB9L0RB7SGC6A7,A610SH5RY1NG1,Approved,Sat Mar 14 06:22:13 EDT 2015,Sat Mar 14 06:22:38 EDT 2015,outranking approach,rank aggregation,information retrieval,evidence,performance improvement,emptyanswer,emptyanswer,emptyanswer,emptyanswer,emptyanswer,emptyanswer,emptyanswer,emptyanswer,emptyanswer,emptyanswer,emptyanswer
3LN3BXKGCZU2TGRSHR9X5OP1KFWWGK,3HOSI13XHZN3VAE4O881WYT5U5IDDU,A2Z9HR2IBD75R9,Approved,Sat Mar 14 09:23:44 EDT 2015,Sat Mar 14 09:24:08 EDT 2015,Outranking,Approach,Rank Aggregation,Information,Retrieval,emptyanswer,emptyanswer,emptyanswer,emptyanswer,emptyanswer,emptyanswer,emptyanswer,emptyanswer,emptyanswer,emptyanswer,emptyanswer
3LN3BXKGCZU2TGRSHR9X5OP1KFWWGK,3YT88D1N08XDROIHN0OCN22JN2M3KX,A3PRX6CU0P34NE,Approved,Sat Mar 14 15:54:32 EDT 2015,Sat Mar 14 16:02:56 EDT 2015,Rank aggregation in information retrieval,Ranking of documents,CombSUM,CombMNZ,Texts,Pictures,Sounds,emptyanswer,emptyanswer,emptyanswer,emptyanswer,emptyanswer,emptyanswer,emptyanswer,emptyanswer,emptyanswer
3LN3BXKGCZU2TGRSHR9X5OP1KFWWGK,3AUQQEL7U5SVQ7DW3HK0NDFT0OCV0J,AH3ER3EJXHRO2,Approved,Sat Mar 14 16:49:53 EDT 2015,Sat Mar 14 16:50:17 EDT 2015,rank aggregation,information retrieval,performance improvement,documents,data fusion problem,emptyanswer,emptyanswer,emptyanswer,emptyanswer,emptyanswer,emptyanswer,emptyanswer,emptyanswer,emptyanswer,emptyanswer,emptyanswer
3LN3BXKGCZU2TGRSHR9X5OP1KFWWGK,33ISQZVXPPLJLQ2COGIFSMT5O6XCCY,AWFQ7OX0UPSM5,Approved,Sat Mar 14 18:44:11 EDT 2015,Sat Mar 14 18:47:24 EDT 2015,Outranking Approach,Rank Aggregation in Information Retrieval,data fusion problem,multiple criteria framework,aggregation mechanisms,CombSUM and CombMNZ operators,emptyanswer,emptyanswer,emptyanswer,emptyanswer,emptyanswer,emptyanswer,emptyanswer,emptyanswer,emptyanswer,emptyanswer
3LN3BXKGCZU2TGRSHR9X5OP1KFWWGK,3TEM0PF1Q5W9WQDACWK6HR9M0II0D1,A1G94QON7A9K0N,Approved,Sat Mar 14 20:24:17 EDT 2015,Sat Mar 14 20:24:50 EDT 2015,retrieval,aggregation method,combsum,ranking,combmnz,emptyanswer,emptyanswer,emptyanswer,emptyanswer,emptyanswer,emptyanswer,emptyanswer,emptyanswer,emptyanswer,emptyanswer,emptyanswer
3LN3BXKGCZU2TGRSHR9X5OP1KFWWGK,3TE3O857307ATAZT9KJ454J5CHTR2I,A3MRB8TFD1IUS6,Approved,Sat Mar 14 20:27:14 EDT 2015,Sat Mar 14 20:28:44 EDT 2015,Outranking Approach,Rank Aggregation,Information Retrieval,CombSUM,CombMNZ,emptyanswer,emptyanswer,emptyanswer,emptyanswer,emptyanswer,emptyanswer,emptyanswer,emptyanswer,emptyanswer,emptyanswer,emptyanswer
3LN3BXKGCZU2TGRSHR9X5OP1KFWWGK,3YMU66OBIN7NJATXCUSZT4B0ZRZGHS,A29ZV4XJB7R1O,Approved,Sat Mar 14 20:19:50 EDT 2015,Sat Mar 14 20:33:08 EDT 2015,Outranking,Approach,Rank Aggregation,Information Retrieval,ranking of documents,emptyanswer,emptyanswer,emptyanswer,emptyanswer,emptyanswer,emptyanswer,emptyanswer,emptyanswer,emptyanswer,emptyanswer,emptyanswer
3LN3BXKGCZU2TGRSHR9X5OP1KFWWGK,36AHBNMV1RB6TL9VK4VF9J36CV5YD8,ATOMPVWZKAE0E,Approved,Sat Mar 14 21:47:58 EDT 2015,Sat Mar 14 21:49:40 EDT 2015,Rank Aggregation,Information Retrieval,data fusion problem,ranking of documents,multiple criteria framework,CombSUM,CombMNZ,emptyanswer,emptyanswer,emptyanswer,emptyanswer,emptyanswer,emptyanswer,emptyanswer,emptyanswer,emptyanswer
3LN3BXKGCZU2TGRSHR9X5OP1KFWWGK,3NVC2EB65QY8BT7YRFP3WAHULIG3YF,A9VLWY4KW6OCB,Approved,Sat Mar 14 21:44:42 EDT 2015,Sat Mar 14 22:07:09 EDT 2015,Outranking,Approach,Rank,Aggregation,Information Retrieval,emptyanswer,emptyanswer,emptyanswer,emptyanswer,emptyanswer,emptyanswer,emptyanswer,emptyanswer,emptyanswer,emptyanswer,emptyanswer
3LN3BXKGCZU2TGRSHR9X5OP1KFWWGK,3QXNC7EIPIUXT00T0GF4VVQW9XD903,ACVJ6IUO9QM4R,Approved,Sat Mar 14 22:33:16 EDT 2015,Sat Mar 14 22:34:05 EDT 2015,Information Retrieval,CombSUM,CombMNZ operators.,Experimental results,aggregation method,emptyanswer,emptyanswer,emptyanswer,emptyanswer,emptyanswer,emptyanswer,emptyanswer,emptyanswer,emptyanswer,emptyanswer,emptyanswer
3LN3BXKGCZU2TGRSHR9X5OP1KFWWGK,3A9AA95ATWLHGU21EBHDYGM2V9B5PK,A1BV5YY1UQCMZY,Approved,Sun Mar 15 00:46:53 EDT 2015,Sun Mar 15 00:47:36 EDT 2015,outranking approach,rank aggregation,information retrieval,combsum,combmnz,data fusion problem,emptyanswer,emptyanswer,emptyanswer,emptyanswer,emptyanswer,emptyanswer,emptyanswer,emptyanswer,emptyanswer,emptyanswer
3LN3BXKGCZU2TGRSHR9X5OP1KFWWGK,33FOTY3KEMKZYNSE8JTVBQAEKAT1CM,A1GK9ZI7T30X9Z,Approved,Sun Mar 15 01:27:32 EDT 2015,Sun Mar 15 01:28:44 EDT 2015,Rank Aggregation,Information Retrieval,Outranking,documents,data fusion problem,framework,CombSUM,CombMNZ,emptyanswer,emptyanswer,emptyanswer,emptyanswer,emptyanswer,emptyanswer,emptyanswer,emptyanswer
