HitId,AssignmentId,WorkerId,Status,AcceptTime,SubmitTime,Answer 1,Answer 2,Answer 3,Answer 4,Answer 5,Answer 6,Answer 7,Answer 8,Answer 9,Answer 10,Answer 11,Answer 12,Answer 13,Answer 14,Answer 15,Answer 16
3M7OI89LVXNRIPWHON0AH359YLB6CJ,3VSOLARPKB8TASZQJ3XNXTO3BEJ39N,AK81F0NOBFJS3,Approved,Mon Mar 02 12:56:04 EST 2015,Mon Mar 02 13:02:39 EST 2015,Charity,Expressive Negotiation,Program Formulation,Quasilinear,Concave,Circular dependency,emptyanswer,emptyanswer,emptyanswer,emptyanswer,emptyanswer,emptyanswer,emptyanswer,emptyanswer,emptyanswer,emptyanswer
3M7OI89LVXNRIPWHON0AH359YLB6CJ,3NAPMVF0ZWE0BRFE06LY0NS5ABZ275,A22R7DT2XQIKXV,Approved,Mon Mar 02 14:58:09 EST 2015,Mon Mar 02 14:58:15 EST 2015,aa,aa,aa,aa,aa,emptyanswer,emptyanswer,emptyanswer,emptyanswer,emptyanswer,emptyanswer,emptyanswer,emptyanswer,emptyanswer,emptyanswer,emptyanswer
3M7OI89LVXNRIPWHON0AH359YLB6CJ,34FNN24DCM8BP8U25YDWB7FEYKM5YX,A2R085B34P2LYS,Approved,Mon Mar 02 22:20:57 EST 2015,Mon Mar 02 22:39:41 EST 2015,Expressive,Negotiation,Donations,Charities,money,optional,optional,optional,optional,optional,optional,optional,optional,optional,optional,optional
3M7OI89LVXNRIPWHON0AH359YLB6CJ,30OG32W0SUAH9SJH9XXOYLNK7TINER,A26M2B8NZVKWTZ,Approved,Mon Mar 02 23:14:20 EST 2015,Mon Mar 02 23:14:51 EST 2015,Expressive,Negotiation,Donations,Charities,mechanism,emptyanswer,emptyanswer,emptyanswer,emptyanswer,emptyanswer,emptyanswer,emptyanswer,emptyanswer,emptyanswer,emptyanswer,emptyanswer
3M7OI89LVXNRIPWHON0AH359YLB6CJ,3YW4XOSQKQKVKH9EUAEV5WWKQGBU1B,A2BA1R9MAHHWJH,Approved,Tue Mar 03 01:04:32 EST 2015,Tue Mar 03 01:14:34 EST 2015,donating money,possible touse,contemplated donation,negotiating material,induce other parties interested in the charity to donate more,negotiation is usually done in terms,where one party promises to pay a certain amount,certain amount,current form,limited negotiation,appreciation for the different charities,limited expressiveness of matching offers causes economic loss,linear program,payment maximization,a greedy approach isoptimal if the bids are concave,we study the mechanism design question
3M7OI89LVXNRIPWHON0AH359YLB6CJ,3MRNMEIQW55MTM2W1P6PFB1A2NVDL2,A2YW509B0UMSEH,Approved,Tue Mar 03 05:06:47 EST 2015,Tue Mar 03 05:08:06 EST 2015,Donations,charity,amount,party,program,emptyanswer,emptyanswer,emptyanswer,emptyanswer,emptyanswer,emptyanswer,emptyanswer,emptyanswer,emptyanswer,emptyanswer,emptyanswer
3M7OI89LVXNRIPWHON0AH359YLB6CJ,3KRVW3HTZNKC1T3ZYR2TAN2Z3VZMSB,AAOGFQY8JCVOD,Approved,Tue Mar 03 07:08:39 EST 2015,Tue Mar 03 07:09:56 EST 2015,donation,charities,matching,bids,payment maximization,benefits,linking charities,emptyanswer,emptyanswer,emptyanswer,emptyanswer,emptyanswer,emptyanswer,emptyanswer,emptyanswer,emptyanswer
3M7OI89LVXNRIPWHON0AH359YLB6CJ,3IAS3U3I0FFND3I4DNXE5PE1T20B2C,A3ODG942FG22PJ,Approved,Tue Mar 03 08:50:45 EST 2015,Tue Mar 03 08:51:03 EST 2015,Expressive,Negotiation,Donations,Charities,touse,na,na,na,na,na,na,na,na,na,na,na
3M7OI89LVXNRIPWHON0AH359YLB6CJ,3R9WASFE2ZF3WVXW7WSOBQFTT9TZFS,A1B5NXRZQYRC4R,Approved,Tue Mar 03 09:11:39 EST 2015,Tue Mar 03 09:12:02 EST 2015,expressive,negotiation,donations,charities,design,emptyanswer,emptyanswer,emptyanswer,emptyanswer,emptyanswer,emptyanswer,emptyanswer,emptyanswer,emptyanswer,emptyanswer,emptyanswer
3M7OI89LVXNRIPWHON0AH359YLB6CJ,3MX2NQ3YC9TMP34S02RUST85WFI5XJ,AQ4PB1PVI9U7V,Approved,Tue Mar 03 09:08:32 EST 2015,Tue Mar 03 09:20:37 EST 2015,touse,expressiveness,program,approach,mechanism,NA,NA,NA,NA,NA,NA,NA,NA,NA,NA,NA
3M7OI89LVXNRIPWHON0AH359YLB6CJ,3F1567XTNW4LHT5SHE9JA1HEL8IQ92,A27I79P03I0ZPO,Approved,Tue Mar 03 11:05:38 EST 2015,Tue Mar 03 11:07:33 EST 2015,Expressive,Negotiation,appreciation,mechanism,Charities,emptyanswer,emptyanswer,emptyanswer,emptyanswer,emptyanswer,emptyanswer,emptyanswer,emptyanswer,emptyanswer,emptyanswer,emptyanswer
3M7OI89LVXNRIPWHON0AH359YLB6CJ,3TXWC2NHNZPXU9K59IYO51WF3XB9SK,A9LA6QK6VCERR,Approved,Wed Mar 04 00:21:02 EST 2015,Wed Mar 04 00:23:28 EST 2015,Expressive Negotiation,contemplated donation as negotiating material,charity matching offers,limited expressiveness of matching,benefits to linking the charities,NP-complete,emptyanswer,emptyanswer,emptyanswer,emptyanswer,emptyanswer,emptyanswer,emptyanswer,emptyanswer,emptyanswer,emptyanswer
3M7OI89LVXNRIPWHON0AH359YLB6CJ,3DI28L7YXADEVLCS4AZQ1EAH4V81EY,A3H35QRODK1C4K,Approved,Wed Mar 04 10:10:50 EST 2015,Wed Mar 04 10:12:37 EST 2015,expressive,negotiation,over,donations,charities,emptyanswer,emptyanswer,emptyanswer,emptyanswer,emptyanswer,emptyanswer,emptyanswer,emptyanswer,emptyanswer,emptyanswer,emptyanswer
3M7OI89LVXNRIPWHON0AH359YLB6CJ,35GMH2SV3EGZRDJTACX1DANPX6LEO1,A3FFZN4FO3Q789,Approved,Wed Mar 04 11:06:54 EST 2015,Wed Mar 04 11:10:21 EST 2015,than,than,than,than,than,emptyanswer,emptyanswer,emptyanswer,emptyanswer,emptyanswer,emptyanswer,emptyanswer,emptyanswer,emptyanswer,emptyanswer,emptyanswer
3M7OI89LVXNRIPWHON0AH359YLB6CJ,3BF51CHDTV9Q86ICYS3W8COKRKFH0E,A2F6ZON8X5EAGL,Approved,Wed Mar 04 15:40:28 EST 2015,Wed Mar 04 15:41:06 EST 2015,Expressive Negotiation over Donations to Charities,money,material,negotiation,mechanism,emptyanswer,emptyanswer,emptyanswer,emptyanswer,emptyanswer,emptyanswer,emptyanswer,emptyanswer,emptyanswer,emptyanswer,emptyanswer
3M7OI89LVXNRIPWHON0AH359YLB6CJ,3M81GAB8A0I45MKPFYNF17C49BLBQ3,A3OTLWGJFB65KD,Approved,Wed Mar 04 19:24:26 EST 2015,Wed Mar 04 19:24:47 EST 2015,nothing,nothing,nothing,nothing,nothing,emptyanswer,emptyanswer,emptyanswer,emptyanswer,emptyanswer,emptyanswer,emptyanswer,emptyanswer,emptyanswer,emptyanswer,emptyanswer
3M7OI89LVXNRIPWHON0AH359YLB6CJ,3CP1TO84PT0LON1VCD6123E9J9R25L,A1W7BQWWGKJ3XF,Approved,Wed Mar 04 20:29:11 EST 2015,Wed Mar 04 20:31:41 EST 2015,Expressive Negotiation,Donations,Charity,matching offers,mechanism design,emptyanswer,emptyanswer,emptyanswer,emptyanswer,emptyanswer,emptyanswer,emptyanswer,emptyanswer,emptyanswer,emptyanswer,emptyanswer
3M7OI89LVXNRIPWHON0AH359YLB6CJ,3X87C8JFV6A3M81RQK9ARWM4DZLSQZ,A3S81UFDOWF2ST,Approved,Wed Mar 04 22:17:25 EST 2015,Wed Mar 04 22:18:06 EST 2015,Expressive Negotiation,onations to Charities,economic loss,donators,benefits,emptyanswer,emptyanswer,emptyanswer,emptyanswer,emptyanswer,emptyanswer,emptyanswer,emptyanswer,emptyanswer,emptyanswer,emptyanswer
3M7OI89LVXNRIPWHON0AH359YLB6CJ,3X08E93BHVH5PSKA4YS9KM9LVAI662,A3LUJSAN4DQ1ZT,Approved,Wed Mar 04 23:08:32 EST 2015,Wed Mar 04 23:09:28 EST 2015,expressive negotiation,charities,surplus,NP-complete,mechanism,mixed-interger,clearing problem,emptyanswer,emptyanswer,emptyanswer,emptyanswer,emptyanswer,emptyanswer,emptyanswer,emptyanswer,emptyanswer
3M7OI89LVXNRIPWHON0AH359YLB6CJ,3LEIZ60CDJYUVL6J4ASW1UTIQF99ZT,A1YLO4LT02D2F0,Approved,Thu Mar 05 03:36:18 EST 2015,Thu Mar 05 03:36:54 EST 2015,it is possible touse the contemplated donation,to induce other parties interested in the charity,negotiation is usually done,cannot be expressed in terms of matching,"this paper, we introduce a bidding language",emptyanswer,emptyanswer,emptyanswer,emptyanswer,emptyanswer,emptyanswer,emptyanswer,emptyanswer,emptyanswer,emptyanswer,emptyanswer
3M7OI89LVXNRIPWHON0AH359YLB6CJ,3B1NLC6UGZVFWRRLV7042DDRKU7GPI,A3I10J1GPDAPQR,Approved,Thu Mar 05 05:22:56 EST 2015,Thu Mar 05 05:28:41 EST 2015,Expressive Negotiation,contemplated donation,different levels of appreciation for the different charities,economic loss,mixed-integer program formulation,emptyanswer,emptyanswer,emptyanswer,emptyanswer,emptyanswer,emptyanswer,emptyanswer,emptyanswer,emptyanswer,emptyanswer,emptyanswer
3M7OI89LVXNRIPWHON0AH359YLB6CJ,3GGAI1SQEVXWUCE315CTVIYHHXJCMN,A1QUDNLO95AKS5,Approved,Thu Mar 05 08:29:58 EST 2015,Thu Mar 05 08:30:45 EST 2015,Expressive Negotiation,Donations,Charities,anex-post efficient mechanism,NP-complete,emptyanswer,emptyanswer,emptyanswer,emptyanswer,emptyanswer,emptyanswer,emptyanswer,emptyanswer,emptyanswer,emptyanswer,emptyanswer
3M7OI89LVXNRIPWHON0AH359YLB6CJ,3M1CVSFP604ZMCFX9KNJ6WSYRXDQA8,ADUJUZANFOWKW,Approved,Thu Mar 05 22:10:17 EST 2015,Thu Mar 05 22:11:18 EST 2015,negotiation,charities,donation,money,bids,emptyanswer,emptyanswer,emptyanswer,emptyanswer,emptyanswer,emptyanswer,emptyanswer,emptyanswer,emptyanswer,emptyanswer,emptyanswer
3M7OI89LVXNRIPWHON0AH359YLB6CJ,33TIN5LC049UQVWE8OQDNNKGKPL9YQ,A3DHYTZ1GPN0T8,Approved,Thu Mar 05 22:52:19 EST 2015,Thu Mar 05 22:52:43 EST 2015,donating money,matching,multiple parties,donator,maximization,emptyanswer,emptyanswer,emptyanswer,emptyanswer,emptyanswer,emptyanswer,emptyanswer,emptyanswer,emptyanswer,emptyanswer,emptyanswer
3M7OI89LVXNRIPWHON0AH359YLB6CJ,32Z9ZLUT1LJBBNAV0D57YDK2PVSOHO,AQXSUU4I4DAH8,Approved,Fri Mar 06 11:45:45 EST 2015,Fri Mar 06 11:46:37 EST 2015,bidding language,Expressive Negotiation,creating circular dependencies,Donations to Charities,linear programming,emptyanswer,emptyanswer,emptyanswer,emptyanswer,emptyanswer,emptyanswer,emptyanswer,emptyanswer,emptyanswer,emptyanswer,emptyanswer
3M7OI89LVXNRIPWHON0AH359YLB6CJ,3PJ71Z61R41X0PLBWZJ49096D7W19A,A1A7P5LC80G47W,Approved,Fri Mar 06 15:38:40 EST 2015,Fri Mar 06 15:39:54 EST 2015,expressive negotiation,donations to charities,contemplated donation,matching offers,clearing problem,emptyanswer,emptyanswer,emptyanswer,emptyanswer,emptyanswer,emptyanswer,emptyanswer,emptyanswer,emptyanswer,emptyanswer,emptyanswer
3M7OI89LVXNRIPWHON0AH359YLB6CJ,354P56DE9K2TGQWCUL04R5598ISS7I,APEB5ERGCYP6D,Approved,Fri Mar 06 23:27:35 EST 2015,Fri Mar 06 23:30:19 EST 2015,possible touse the contemplated donation,other parties interested in the charity to donate,anex-post efficient mechanism,how to make adonation conditional on other donations,the program reduces to a linear program,emptyanswer,emptyanswer,emptyanswer,emptyanswer,emptyanswer,emptyanswer,emptyanswer,emptyanswer,emptyanswer,emptyanswer,emptyanswer
3M7OI89LVXNRIPWHON0AH359YLB6CJ,3MRNMEIQW55MTM2W1P6PFB1A20LLDQ,A37WDQ1VG5XN6Z,Approved,Sat Mar 07 13:40:55 EST 2015,Sat Mar 07 13:41:01 EST 2015,nothing,nothing,nothing,nothing,nothing,emptyanswer,emptyanswer,emptyanswer,emptyanswer,emptyanswer,emptyanswer,emptyanswer,emptyanswer,emptyanswer,emptyanswer,emptyanswer
3M7OI89LVXNRIPWHON0AH359YLB6CJ,37Z929RLG97GEOTJ7O35W1XRXGJSTW,A3G4SXD4N30C3L,Approved,Sat Mar 07 15:14:37 EST 2015,Sat Mar 07 15:15:32 EST 2015,Expressive Negotiation,donations to Charities,matching offers,NP-complete,payment maximization,quasilinear setting,mechanism design question,emptyanswer,emptyanswer,emptyanswer,emptyanswer,emptyanswer,emptyanswer,emptyanswer,emptyanswer,emptyanswer
3M7OI89LVXNRIPWHON0AH359YLB6CJ,3DBQWDE4Y6XHD9QOYW4LURH7UG6N59,A2KELEVTA0306Y,Approved,Sun Mar 08 10:46:16 EDT 2015,Sun Mar 08 10:48:20 EDT 2015,donating,money,cause,possible,touse the,contemplated,donation,negotiating,material,induce,parties,interested,charity,donate,negotiation,bebenefits
3M7OI89LVXNRIPWHON0AH359YLB6CJ,3YHH42UU5BESU212PDIU04HR8DY0L2,A38IE69ORDCEGY,Approved,Sun Mar 08 12:18:51 EDT 2015,Sun Mar 08 12:20:04 EDT 2015,Charitable donation,expressive negotiation,offer matching,circular dependency,concave bids,emptyanswer,emptyanswer,emptyanswer,emptyanswer,emptyanswer,emptyanswer,emptyanswer,emptyanswer,emptyanswer,emptyanswer,emptyanswer
3M7OI89LVXNRIPWHON0AH359YLB6CJ,3HRMW88U16PC0KJNPPJ90HWG8IS0M8,ANB69EQROUTQJ,Approved,Sun Mar 08 13:58:30 EDT 2015,Sun Mar 08 14:00:23 EDT 2015,expressive negotiation,donations to charity,negotiation for additional donations,matching offers,bidding language,linking charities,emptyanswer,emptyanswer,emptyanswer,emptyanswer,emptyanswer,emptyanswer,emptyanswer,emptyanswer,emptyanswer,emptyanswer
3M7OI89LVXNRIPWHON0AH359YLB6CJ,39DD6S19JPABQHX0CL8IT8UTHNSEZX,A2GBY8O6GYSB89,Approved,Sun Mar 08 19:28:59 EDT 2015,Sun Mar 08 19:30:00 EDT 2015,Expressive Negotiation,Donations to Charities,donating money,multiple charities,mechanism design stand point,emptyanswer,emptyanswer,emptyanswer,emptyanswer,emptyanswer,emptyanswer,emptyanswer,emptyanswer,emptyanswer,emptyanswer,emptyanswer
3M7OI89LVXNRIPWHON0AH359YLB6CJ,3CFVK00FWLKN8DNHR2YB95RILHCL6I,A156NFBMKKLDL9,Approved,Sun Mar 08 22:00:55 EDT 2015,Sun Mar 08 22:01:25 EDT 2015,Expressive Negotiation,Donations to Charities,mixed-integer program formulation,concave bids,linear program,emptyanswer,emptyanswer,emptyanswer,emptyanswer,emptyanswer,emptyanswer,emptyanswer,emptyanswer,emptyanswer,emptyanswer,emptyanswer
3M7OI89LVXNRIPWHON0AH359YLB6CJ,3R2PKQ87NW7N7F03TF8F6LWCUDNMI5,A2SZAM3EZER2PH,Approved,Mon Mar 09 06:05:07 EDT 2015,Mon Mar 09 06:05:57 EDT 2015,contemplated donation,party promises,donations to multiple charities,corresponding clearing problem,payment maximization,emptyanswer,emptyanswer,emptyanswer,emptyanswer,emptyanswer,emptyanswer,emptyanswer,emptyanswer,emptyanswer,emptyanswer,emptyanswer
3M7OI89LVXNRIPWHON0AH359YLB6CJ,3NG53N1RLVI03CL3C9OGA0WTWNK8P8,ACYGMRGAZ22U7,Approved,Mon Mar 09 18:01:17 EDT 2015,Mon Mar 09 18:01:26 EDT 2015,Keyword/Keyphrase 1:,Keyword/Keyphrase 1:,Keyword/Keyphrase 1:,Keyword/Keyphrase 1:,Keyword/Keyphrase 1:,emptyanswer,emptyanswer,emptyanswer,emptyanswer,emptyanswer,emptyanswer,emptyanswer,emptyanswer,emptyanswer,emptyanswer,emptyanswer
3M7OI89LVXNRIPWHON0AH359YLB6CJ,3FIJLY1B6U39IRVQKNUMKSDFJR3FP2,A16MCPIUMNIDW,Approved,Mon Mar 09 20:16:02 EDT 2015,Mon Mar 09 20:17:35 EDT 2015,donation,charity,matching,negotiation,clearing problem,quasilinear bid,linear programming,emptyanswer,emptyanswer,emptyanswer,emptyanswer,emptyanswer,emptyanswer,emptyanswer,emptyanswer,emptyanswer
3M7OI89LVXNRIPWHON0AH359YLB6CJ,30LB5CDZNC9CZRI64E938JSPNPNZ07,A37KU3JAZ1SLOC,Approved,Tue Mar 10 04:20:35 EDT 2015,Tue Mar 10 04:51:38 EDT 2015,Negotiations for matching donation offers.,Enticing interested parties to donate more using matching offers.,The affects of donating money to charities in the quasilinear setting.,Introducing a bidding language for expressing very general types of matching offers over multiple charities.,The benefits of linking the charities from a mechanism design stand point.,It is not immediately clear how multiple parties can make matching offers at the same time without creating circular dependencies.,"It is not immediately clear how to make a donation conditional on other donations to multiple charities, when the donator has different levels of appreciation for the different charities.",Anex-post efficient mechanism is impossible even with only one charity and a very restricted class of bids.,Matching offers allow for only limited negotiation.,"In both these cases, the limited expressiveness of matching offers causes economic loss.","We can show that the clearing problem is much easier when bids are quasilinear---for surplus, the problem decomposes across charities, and for payment maximization, a greedy approach isoptimal if the bids are concave (although this latter problem is weakly NP-complete when the bids are not concave).",It may happen that an arrangement that would have made all parties/ donators as well as charities better off cannot be expressed in terms of matching offers and will therefore not  occur.,"In this paper, we introduce a bidding language for expressing very general types of matching offers over multiple charities.","For surplus, the problem decomposes across charities, and for payment maximization, a greedy approach isoptimal if the bids are concave (although this latter problem is weakly NP-complete when the bids are not concave).",The clearing problem for a subclass of concave bids is at least as hard as the decision variant of linear programming.,"In their current form, matching offers allow for only limited negotiation."
3M7OI89LVXNRIPWHON0AH359YLB6CJ,3WMINLGALB2VSB5E42MOMR3HNUYACX,AW36CVMS3526O,Approved,Tue Mar 10 12:39:20 EDT 2015,Tue Mar 10 12:40:04 EDT 2015,Negotiation,Donations,charitable,donators,mechanism,emptyanswer,emptyanswer,emptyanswer,emptyanswer,emptyanswer,emptyanswer,emptyanswer,emptyanswer,emptyanswer,emptyanswer,emptyanswer
3M7OI89LVXNRIPWHON0AH359YLB6CJ,3M23Y66PO26ACQI7BBVCLR5DDFT6SY,A3UY2GVCKC8LSL,Approved,Tue Mar 10 23:51:19 EDT 2015,Tue Mar 10 23:52:10 EDT 2015,circular dependencies,charitable,Donations to Charities,Expressive Negotiation,NP-complete,emptyanswer,emptyanswer,emptyanswer,emptyanswer,emptyanswer,emptyanswer,emptyanswer,emptyanswer,emptyanswer,emptyanswer,emptyanswer
3M7OI89LVXNRIPWHON0AH359YLB6CJ,34YB12FSQYN9BOU83R8CL9JWF4RMGH,ATRHDYWCIYTDJ,Approved,Wed Mar 11 04:38:22 EDT 2015,Wed Mar 11 04:38:35 EDT 2015,possible,contemplated,matching,show,linking,emptyanswer,emptyanswer,emptyanswer,emptyanswer,emptyanswer,emptyanswer,emptyanswer,emptyanswer,emptyanswer,emptyanswer,emptyanswer
3M7OI89LVXNRIPWHON0AH359YLB6CJ,34V1S5K3GS0S7BM825VL4W0NLSO96C,A3CMDYA9USA3MR,Approved,Wed Mar 11 07:47:54 EDT 2015,Wed Mar 11 07:48:09 EDT 2015,donating,usually,contemplated,negotiating,material,emptyanswer,emptyanswer,emptyanswer,emptyanswer,emptyanswer,emptyanswer,emptyanswer,emptyanswer,emptyanswer,emptyanswer,emptyanswer
3M7OI89LVXNRIPWHON0AH359YLB6CJ,36TFCYNS449Y5WON14S3HQBV19WHX5,A3K6BSW10S4YKJ,Approved,Wed Mar 11 09:10:10 EDT 2015,Wed Mar 11 09:11:54 EDT 2015,introduce a bidding language,matching offers over multiple charities,NP-complete,approximate to any ratio even in very restricted settings,clearing problem is much easier when bids are quasilinear,emptyanswer,emptyanswer,emptyanswer,emptyanswer,emptyanswer,emptyanswer,emptyanswer,emptyanswer,emptyanswer,emptyanswer,emptyanswer
3M7OI89LVXNRIPWHON0AH359YLB6CJ,3AZHRG4CU4JBEYBDJ7EU4INA8XY30U,A1JWEYGDFDB100,Approved,Wed Mar 11 11:07:44 EDT 2015,Wed Mar 11 11:09:28 EDT 2015,Expressive Negotiation,Donations to Charities,circular dependencie,corresponding clearing problem,NP-complete,emptyanswer,emptyanswer,emptyanswer,emptyanswer,emptyanswer,emptyanswer,emptyanswer,emptyanswer,emptyanswer,emptyanswer,emptyanswer
3M7OI89LVXNRIPWHON0AH359YLB6CJ,379J5II41OFRLSGWXKH9LTJV2K3LEG,A28IXE702NXWKQ,Approved,Wed Mar 11 13:59:41 EDT 2015,Wed Mar 11 14:01:08 EDT 2015,donating money,negotiating material,adonation conditional,bidding language,bebenefits,emptyanswer,emptyanswer,emptyanswer,emptyanswer,emptyanswer,emptyanswer,emptyanswer,emptyanswer,emptyanswer,emptyanswer,emptyanswer
3M7OI89LVXNRIPWHON0AH359YLB6CJ,3WR9XG3T63AAE5U14K4MT2P3UBB47R,A2E2IQ99W6B7AV,Approved,Wed Mar 11 16:08:09 EDT 2015,Wed Mar 11 16:10:45 EDT 2015,Charity Donation,Expressive negotiation,Linear programming,Bidding language,Conditional donation,emptyanswer,emptyanswer,emptyanswer,emptyanswer,emptyanswer,emptyanswer,emptyanswer,emptyanswer,emptyanswer,emptyanswer,emptyanswer
3M7OI89LVXNRIPWHON0AH359YLB6CJ,3T111IHZ5EPLTUKSUTYJFRRJHFJ9RR,A2KS418T8MPLJH,Approved,Wed Mar 11 16:18:26 EDT 2015,Wed Mar 11 16:19:18 EDT 2015,Expressive Negotiation over Donations to Charities,matching offers allow for only limited negotiation,mixed-integer program formulation of the clearing problem,program reduces to a linear program,may bebenefits to linking the charities from a mechanism design,emptyanswer,emptyanswer,emptyanswer,emptyanswer,emptyanswer,emptyanswer,emptyanswer,emptyanswer,emptyanswer,emptyanswer,emptyanswer
3M7OI89LVXNRIPWHON0AH359YLB6CJ,3IXQG4FA2TXYDN33YWCTFCMF0U3B96,A3HPVFAF1U9WXK,Approved,Thu Mar 12 01:53:14 EDT 2015,Thu Mar 12 01:53:48 EDT 2015,Negotiation,Donations,Charities,bidding language,clearing problem,emptyanswer,emptyanswer,emptyanswer,emptyanswer,emptyanswer,emptyanswer,emptyanswer,emptyanswer,emptyanswer,emptyanswer,emptyanswer
3M7OI89LVXNRIPWHON0AH359YLB6CJ,3CFVK00FWLKN8DNHR2YB95RIMNZ6L3,AM1HY736BY3Z8,Approved,Thu Mar 12 12:27:06 EDT 2015,Thu Mar 12 12:28:48 EDT 2015,Expressive Negotiation over Donations to Charities,"When donating money to a (say, charitable) cause, it is possible touse the contemplated donation as negotiating material to induce other parties interested in the charity to donate more.",it is not immediately clear how multiple parties can make matching offers at the same time without creating circular dependencies.,the limited expressiveness of matching offers causes economic loss: it may happen that an arrangement that would have made all parties (donators as well as charities) better off cannot be expressed in terms of matching offers and will therefore notoccur.,We also show that there may bebenefits to linking the charities from a mechanism design stand point.,emptyanswer,emptyanswer,emptyanswer,emptyanswer,emptyanswer,emptyanswer,emptyanswer,emptyanswer,emptyanswer,emptyanswer,emptyanswer
3M7OI89LVXNRIPWHON0AH359YLB6CJ,31JLPPHS2UTWHF3WLSG5UJJS7153OE,ADVZAZ12Z8N9J,Approved,Thu Mar 12 13:51:11 EDT 2015,Thu Mar 12 14:26:43 EDT 2015,"When donating money to a (say, charitable) cause, it is possible touse the contemplated donation as negotiating material to induce other parties interested in the charity to donate more.",N/A,N/A,N/A,N/A,N/A,emptyanswer,emptyanswer,emptyanswer,emptyanswer,emptyanswer,emptyanswer,emptyanswer,emptyanswer,emptyanswer,emptyanswer
3M7OI89LVXNRIPWHON0AH359YLB6CJ,3NGMS9VZTLHXRE6W6KYH8YZBIRKFFG,AU3WQKISBW5MZ,Approved,Thu Mar 12 14:32:43 EDT 2015,Thu Mar 12 14:32:55 EDT 2015,"When donating money to a (say, charitable) cause, it is possible touse the contemplated donation as negotiating material to induce other parties interested in the charity to donate more. Such negotiation is usually done in terms of matching offers, where one party promises to pay a certain amount if others pay a certain amount. However, in their current form, matching offers allow for only limited negotiation. For one, it is not immediately clear how multiple parties can make matching offers at the same time without creating circular dependencies. Also, it is not immediately clear how to make adonation conditional on other donations to multiple charities, when the donator has different levels of appreciation for the different charities. In both these cases, the limited expressiveness of matching offers causes economic loss: it may happen that an arrangement that would have made all parties (donators as well as charities) better off cannot be expressed in terms of matching offers and will therefore notoccur.In this paper, we introduce a bidding language for expressing very general types of matching offers over multiple charities.","When donating money to a (say, charitable) cause, it is possible touse the contemplated donation as negotiating material to induce other parties interested in the charity to donate more. Such negotiation is usually done in terms of matching offers, where one party promises to pay a certain amount if others pay a certain amount. However, in their current form, matching offers allow for only limited negotiation. For one, it is not immediately clear how multiple parties can make matching offers at the same time without creating circular dependencies. Also, it is not immediately clear how to make adonation conditional on other donations to multiple charities, when the donator has different levels of appreciation for the different charities. In both these cases, the limited expressiveness of matching offers causes economic loss: it may happen that an arrangement that would have made all parties (donators as well as charities) better off cannot be expressed in terms of matching offers and will therefore notoccur.In this paper, we introduce a bidding language for expressing very general types of matching offers over multiple charities.","When donating money to a (say, charitable) cause, it is possible touse the contemplated donation as negotiating material to induce other parties interested in the charity to donate more. Such negotiation is usually done in terms of matching offers, where one party promises to pay a certain amount if others pay a certain amount. However, in their current form, matching offers allow for only limited negotiation. For one, it is not immediately clear how multiple parties can make matching offers at the same time without creating circular dependencies. Also, it is not immediately clear how to make adonation conditional on other donations to multiple charities, when the donator has different levels of appreciation for the different charities. In both these cases, the limited expressiveness of matching offers causes economic loss: it may happen that an arrangement that would have made all parties (donators as well as charities) better off cannot be expressed in terms of matching offers and will therefore notoccur.In this paper, we introduce a bidding language for expressing very general types of matching offers over multiple charities.","When donating money to a (say, charitable) cause, it is possible touse the contemplated donation as negotiating material to induce other parties interested in the charity to donate more. Such negotiation is usually done in terms of matching offers, where one party promises to pay a certain amount if others pay a certain amount. However, in their current form, matching offers allow for only limited negotiation. For one, it is not immediately clear how multiple parties can make matching offers at the same time without creating circular dependencies. Also, it is not immediately clear how to make adonation conditional on other donations to multiple charities, when the donator has different levels of appreciation for the different charities. In both these cases, the limited expressiveness of matching offers causes economic loss: it may happen that an arrangement that would have made all parties (donators as well as charities) better off cannot be expressed in terms of matching offers and will therefore notoccur.In this paper, we introduce a bidding language for expressing very general types of matching offers over multiple charities.","When donating money to a (say, charitable) cause, it is possible touse the contemplated donation as negotiating material to induce other parties interested in the charity to donate more. Such negotiation is usually done in terms of matching offers, where one party promises to pay a certain amount if others pay a certain amount. However, in their current form, matching offers allow for only limited negotiation. For one, it is not immediately clear how multiple parties can make matching offers at the same time without creating circular dependencies. Also, it is not immediately clear how to make adonation conditional on other donations to multiple charities, when the donator has different levels of appreciation for the different charities. In both these cases, the limited expressiveness of matching offers causes economic loss: it may happen that an arrangement that would have made all parties (donators as well as charities) better off cannot be expressed in terms of matching offers and will therefore notoccur.In this paper, we introduce a bidding language for expressing very general types of matching offers over multiple charities.",emptyanswer,emptyanswer,emptyanswer,emptyanswer,emptyanswer,emptyanswer,emptyanswer,emptyanswer,emptyanswer,emptyanswer,emptyanswer
3M7OI89LVXNRIPWHON0AH359YLB6CJ,30MVJZJNHMC4V61FMOPAD05S81EJ95,A2UNRV6PEOEXG0,Approved,Fri Mar 13 13:13:27 EDT 2015,Fri Mar 13 13:14:22 EDT 2015,Expressive Negotiation,Donations to Charities,circular dependencies,matching offers,bids,emptyanswer,emptyanswer,emptyanswer,emptyanswer,emptyanswer,emptyanswer,emptyanswer,emptyanswer,emptyanswer,emptyanswer,emptyanswer
3M7OI89LVXNRIPWHON0AH359YLB6CJ,339ANSOTR51SHR0083VZR8486G2KIP,A330N7LVL2IOVZ,Approved,Fri Mar 13 14:46:06 EDT 2015,Fri Mar 13 14:52:47 EDT 2015,charities,bidding language,clearing problem,concave bids,payment maximization,greedy approach,economic loss,emptyanswer,emptyanswer,emptyanswer,emptyanswer,emptyanswer,emptyanswer,emptyanswer,emptyanswer,emptyanswer
3M7OI89LVXNRIPWHON0AH359YLB6CJ,37UEWGM5HT734PHXQGJQ0L90K7OR12,A3DTN2OMF6DUSI,Approved,Fri Mar 13 22:47:26 EDT 2015,Fri Mar 13 22:48:08 EDT 2015,Expressive Negotiation,Donations to Charities,negotiating material,mechanism,mixed-integer program formulation,emptyanswer,emptyanswer,emptyanswer,emptyanswer,emptyanswer,emptyanswer,emptyanswer,emptyanswer,emptyanswer,emptyanswer,emptyanswer
3M7OI89LVXNRIPWHON0AH359YLB6CJ,36PW28KO4ZVAP9PS0TSJCF3K9EZAEV,A610SH5RY1NG1,Approved,Sat Mar 14 06:14:19 EDT 2015,Sat Mar 14 06:14:39 EDT 2015,expressive negotiation,donations,charities,appreciation,donate,emptyanswer,emptyanswer,emptyanswer,emptyanswer,emptyanswer,emptyanswer,emptyanswer,emptyanswer,emptyanswer,emptyanswer,emptyanswer
3M7OI89LVXNRIPWHON0AH359YLB6CJ,320DUZ38G7LJAGON0UVK5HRFCHYJGR,A2Z9HR2IBD75R9,Approved,Sat Mar 14 09:48:38 EDT 2015,Sat Mar 14 09:49:04 EDT 2015,Expressive Negotiation,Donations,Charities,settings,design,emptyanswer,emptyanswer,emptyanswer,emptyanswer,emptyanswer,emptyanswer,emptyanswer,emptyanswer,emptyanswer,emptyanswer,emptyanswer
3M7OI89LVXNRIPWHON0AH359YLB6CJ,3XCC1ODXDLARLT1EBV951MH8SMNQR9,AL9R6CILUG30X,Approved,Sat Mar 14 13:50:53 EDT 2015,Sat Mar 14 13:53:57 EDT 2015,Negotiation,Donations,Charities,bidding,concave bids,linear programming,quasilinear,anex-post efficient mechanism,emptyanswer,emptyanswer,emptyanswer,emptyanswer,emptyanswer,emptyanswer,emptyanswer,emptyanswer
3M7OI89LVXNRIPWHON0AH359YLB6CJ,35USIKEBNRFDWDQ23FEQMXV7ROUN6T,A1BV5YY1UQCMZY,Approved,Sat Mar 14 16:12:10 EDT 2015,Sat Mar 14 16:13:33 EDT 2015,negotiation,donations,charities,quasiliniear,mechanism design stand point,emptyanswer,emptyanswer,emptyanswer,emptyanswer,emptyanswer,emptyanswer,emptyanswer,emptyanswer,emptyanswer,emptyanswer,emptyanswer
3M7OI89LVXNRIPWHON0AH359YLB6CJ,3GD6L00D3SWC7945L8N9EMFQEN5M1V,A9JNBWXAFAATJ,Approved,Sat Mar 14 16:15:10 EDT 2015,Sat Mar 14 16:17:23 EDT 2015,Expressive negotiation,Matching offers,Quasi-linear bids,Clearing problem,Charitable donations,emptyanswer,emptyanswer,emptyanswer,emptyanswer,emptyanswer,emptyanswer,emptyanswer,emptyanswer,emptyanswer,emptyanswer,emptyanswer
3M7OI89LVXNRIPWHON0AH359YLB6CJ,3JRJSWSMQHKA5OQ7RED9P7PE35T3EG,AH3ER3EJXHRO2,Approved,Sat Mar 14 16:40:28 EDT 2015,Sat Mar 14 16:40:58 EDT 2015,expressive negotiation,donations,charities,money,quasilinear setting,emptyanswer,emptyanswer,emptyanswer,emptyanswer,emptyanswer,emptyanswer,emptyanswer,emptyanswer,emptyanswer,emptyanswer,emptyanswer
3M7OI89LVXNRIPWHON0AH359YLB6CJ,34FNN24DCM8BP8U25YDWB7FEZDQ5YO,AWFQ7OX0UPSM5,Approved,Sat Mar 14 17:03:33 EDT 2015,Sat Mar 14 17:04:35 EDT 2015,Expressive Negotiation,Donations to Charities,matching offers,limited negotiation,economic loss,emptyanswer,emptyanswer,emptyanswer,emptyanswer,emptyanswer,emptyanswer,emptyanswer,emptyanswer,emptyanswer,emptyanswer,emptyanswer
3M7OI89LVXNRIPWHON0AH359YLB6CJ,3D3VGR7TA0EZESVCDKX9OEOXIVT3R5,A1G94QON7A9K0N,Approved,Sat Mar 14 20:28:19 EDT 2015,Sat Mar 14 20:28:52 EDT 2015,donation,np-complete,quasilinear,design,anex-post,emptyanswer,emptyanswer,emptyanswer,emptyanswer,emptyanswer,emptyanswer,emptyanswer,emptyanswer,emptyanswer,emptyanswer,emptyanswer
3M7OI89LVXNRIPWHON0AH359YLB6CJ,3EJJQNKU9R4E802BS5MBS8P710CHRR,A29ZV4XJB7R1O,Approved,Sat Mar 14 20:38:23 EDT 2015,Sat Mar 14 20:48:36 EDT 2015,Expressive,Negotiation,Donations,Charities,donating,emptyanswer,emptyanswer,emptyanswer,emptyanswer,emptyanswer,emptyanswer,emptyanswer,emptyanswer,emptyanswer,emptyanswer,emptyanswer
3M7OI89LVXNRIPWHON0AH359YLB6CJ,35DR22AR5DJJBOHOMJ31DWALJCLX32,A9VLWY4KW6OCB,Approved,Sat Mar 14 21:19:46 EDT 2015,Sat Mar 14 21:28:08 EDT 2015,Expressive,Negotiation,Donations,mechanism,anex-post efficient,emptyanswer,emptyanswer,emptyanswer,emptyanswer,emptyanswer,emptyanswer,emptyanswer,emptyanswer,emptyanswer,emptyanswer,emptyanswer
3M7OI89LVXNRIPWHON0AH359YLB6CJ,3U4J9857OEAUZ4FAJZE91GV95BL7BA,A1GK9ZI7T30X9Z,Approved,Sat Mar 14 22:34:34 EDT 2015,Sat Mar 14 22:37:39 EDT 2015,Expressive Negotiation,donation,charity,negotiate,NP-complete,mixed-integer program formulation,linear program,anex-post efficient mechanism,emptyanswer,emptyanswer,emptyanswer,emptyanswer,emptyanswer,emptyanswer,emptyanswer,emptyanswer
3M7OI89LVXNRIPWHON0AH359YLB6CJ,3TYCR1GOTCIPWN7ST7VM63KDRYDZLI,ACVJ6IUO9QM4R,Approved,Sat Mar 14 22:40:11 EDT 2015,Sat Mar 14 22:40:50 EDT 2015,mechanism design,donations to charity,circular dependencies,economic loss,payment maximization,emptyanswer,emptyanswer,emptyanswer,emptyanswer,emptyanswer,emptyanswer,emptyanswer,emptyanswer,emptyanswer,emptyanswer,emptyanswer
3M7OI89LVXNRIPWHON0AH359YLB6CJ,3TPZPLC3M0BE2FFX0STKJJOIHDIP3C,AZE084MMZVEYT,Approved,Sun Mar 15 00:04:00 EDT 2015,Sun Mar 15 00:04:16 EDT 2015,Expressive,negotiation,donations,charity,benefits,emptyanswer,emptyanswer,emptyanswer,emptyanswer,emptyanswer,emptyanswer,emptyanswer,emptyanswer,emptyanswer,emptyanswer,emptyanswer
3M7OI89LVXNRIPWHON0AH359YLB6CJ,31HQ4X3T3S9SVBLEYF1EAANA4JLSLE,A1YNGE7LM9TQHL,Approved,Sun Mar 15 01:57:05 EDT 2015,Sun Mar 15 01:59:20 EDT 2015,Expressive Negotiation over Donations to Charities,"When donating money to a (say, charitable) cause, it is possible touse the contemplated donation as negotiating material to induce other parties interested in the charity to donate more.","Such negotiation is usually done in terms of matching offers, where one party promises to pay a certain amount if others pay a certain amount.","However, in their current form, matching offers allow for only limited negotiation.","For one, it is not immediately clear how multiple parties can make matching offers at the same time without creating circular dependencies.","Also, it is not immediately clear how to make adonation conditional on other donations to multiple charities, when the donator has different levels of appreciation for the different charities.","In both these cases, the limited expressiveness of matching offers causes economic loss: it may happen that an arrangement that would have made all parties (donators as well as charities) better off cannot be expressed in terms of matching offers and will therefore notoccur.","In this paper, we introduce a bidding language for expressing very general types of matching offers over multiple charities.","We formulate the corresponding clearing problem (deciding how much each bidder pays, and how much each charity receives), and show that it is NP-complete to approximate to any ratio even in very restricted settings.","We givea mixed-integer program formulation of the clearing problem, and show that for concave bids, the program reduces to a linear program.",We then show that the clearing problem for a subclass of concave bids is at least as hard as the decision variant of linear programming.,"Subsequently, we show that the clearing problem is much easier when bids are quasilinear---for surplus, the problem decomposes across charities, and for payment maximization, a greedy approach isoptimal if the bids are concave (although this latter problem is weakly NP-complete when the bids are not concave).","For the quasilinear setting, we study the mechanism design question.",We show that anex-post efficient mechanism is impossible even with only one charity and a very restricted class of bids.,We also show that there may bebenefits to linking the charities from a mechanism design stand point.,emptyanswer
3M7OI89LVXNRIPWHON0AH359YLB6CJ,3Y5140Z9DXFTSIXGLV07NPQ70VKIPA,A3UN57EC5AXY1Z,Approved,Sun Mar 15 02:01:27 EDT 2015,Sun Mar 15 02:03:16 EDT 2015,donations,charitable causes,negotiations,matching offers,economic,donators,economic loss,emptyanswer,emptyanswer,emptyanswer,emptyanswer,emptyanswer,emptyanswer,emptyanswer,emptyanswer,emptyanswer
