HitId,AssignmentId,WorkerId,Status,AcceptTime,SubmitTime,Answer 1,Answer 2,Answer 3,Answer 4,Answer 5,Answer 6,Answer 7,Answer 8,Answer 9,Answer 10,Answer 11,Answer 12,Answer 13,Answer 14,Answer 15,Answer 16
3MA5N0ATTBA7V2NB7IUC3GHURWDWKN,3EFVCAY5L384H1I5HWJWD4AHN5MJ8P,A2YW509B0UMSEH,Approved,Mon Mar 02 13:09:28 EST 2015,Mon Mar 02 13:11:59 EST 2015,E-mail,Internet,Machine Learning,Action-Item Detection,task,emptyanswer,emptyanswer,emptyanswer,emptyanswer,emptyanswer,emptyanswer,emptyanswer,emptyanswer,emptyanswer,emptyanswer,emptyanswer
3MA5N0ATTBA7V2NB7IUC3GHURWDWKN,3XCC1ODXDLARLT1EBV951MH8RT4RQ4,A22R7DT2XQIKXV,Approved,Mon Mar 02 14:11:17 EST 2015,Mon Mar 02 14:11:22 EST 2015,aa,aa,aa,aa,aa,emptyanswer,emptyanswer,emptyanswer,emptyanswer,emptyanswer,emptyanswer,emptyanswer,emptyanswer,emptyanswer,emptyanswer,emptyanswer
3MA5N0ATTBA7V2NB7IUC3GHURWDWKN,32SVAV9L3F87FB9VB9BNTOZNHX43A7,A19PATBI3SQNU0,Approved,Mon Mar 02 14:20:41 EST 2015,Mon Mar 02 14:23:43 EST 2015,automated action-item detection,e-mail,feature sets,inboxes,flag emails,emptyanswer,emptyanswer,emptyanswer,emptyanswer,emptyanswer,emptyanswer,emptyanswer,emptyanswer,emptyanswer,emptyanswer,emptyanswer
3MA5N0ATTBA7V2NB7IUC3GHURWDWKN,3X4JMASXCM8GHTFQY0T0M1LMW3DB0N,A3ODG942FG22PJ,Approved,Mon Mar 02 17:42:40 EST 2015,Mon Mar 02 17:43:04 EST 2015,Representation,Effective,Detection,Learning,n-grams,na,na,na,na,na,na,na,na,na,na,na
3MA5N0ATTBA7V2NB7IUC3GHURWDWKN,36H9ULYP62TDWGSSPAP2NWR3AAQJFZ,A2R085B34P2LYS,Approved,Mon Mar 02 22:29:36 EST 2015,Mon Mar 02 22:43:56 EST 2015,Feature,Representation,Effective,Action,Detection,optional,optional,optional,optional,optional,optional,optional,optional,optional,optional,optional
3MA5N0ATTBA7V2NB7IUC3GHURWDWKN,3NAPMVF0ZWE0BRFE06LY0NS5AC327B,AQ4PB1PVI9U7V,Approved,Tue Mar 03 05:32:32 EST 2015,Tue Mar 03 05:40:58 EST 2015,face,initial,classification,cases,automated,NA,NA,NA,NA,NA,NA,NA,NA,NA,NA,NA
3MA5N0ATTBA7V2NB7IUC3GHURWDWKN,3U84XHCDICCTYF07NFW5KMI24JD4Z2,A1B5NXRZQYRC4R,Approved,Tue Mar 03 06:35:47 EST 2015,Tue Mar 03 06:36:19 EST 2015,Feature,Representation,Effective,Action-Item,Detection,emptyanswer,emptyanswer,emptyanswer,emptyanswer,emptyanswer,emptyanswer,emptyanswer,emptyanswer,emptyanswer,emptyanswer,emptyanswer
3MA5N0ATTBA7V2NB7IUC3GHURWDWKN,3DYGAII7PL769GLZY35GWRHTQCPQPM,A1XRIEYLA7ZJ3B,Approved,Tue Mar 03 07:31:59 EST 2015,Tue Mar 03 07:39:23 EST 2015,Effective Action-Item Detection,ever-growing challenge in managing their inboxes,Information Retrieval and Machine Learning techniques,flag emails that require responses,highlight the specific passage(s) indicating the request(s) for action,action-item detection requires inferring the sender's intent,state of the art classifiers such as SVMs with automated model selection via embedded cross-validation,emptyanswer,emptyanswer,emptyanswer,emptyanswer,emptyanswer,emptyanswer,emptyanswer,emptyanswer,emptyanswer
3MA5N0ATTBA7V2NB7IUC3GHURWDWKN,326O153BMIX8NGS4K3JL2GBQTQ8EDU,A26M2B8NZVKWTZ,Approved,Tue Mar 03 10:55:53 EST 2015,Tue Mar 03 10:56:28 EST 2015,Representation,Effective,Action-Item,Detection,Feature,emptyanswer,emptyanswer,emptyanswer,emptyanswer,emptyanswer,emptyanswer,emptyanswer,emptyanswer,emptyanswer,emptyanswer,emptyanswer
3MA5N0ATTBA7V2NB7IUC3GHURWDWKN,3KMS4QQVK2P870YA7VPEOBRGP0LFKR,A1W7BQWWGKJ3XF,Approved,Tue Mar 03 11:02:01 EST 2015,Tue Mar 03 11:03:52 EST 2015,Feature Representation,Effective,Action-Item Detection,E-mail,workplace,flag emails,highlight,action,cross-validation,emptyanswer,emptyanswer,emptyanswer,emptyanswer,emptyanswer,emptyanswer,emptyanswer
3MA5N0ATTBA7V2NB7IUC3GHURWDWKN,3YT88D1N08XDROIHN0OCN22JMAFK3M,A27I79P03I0ZPO,Approved,Tue Mar 03 11:03:12 EST 2015,Tue Mar 03 11:04:00 EST 2015,Feature,Representation,Effective,Action-Item,art,emptyanswer,emptyanswer,emptyanswer,emptyanswer,emptyanswer,emptyanswer,emptyanswer,emptyanswer,emptyanswer,emptyanswer,emptyanswer
3MA5N0ATTBA7V2NB7IUC3GHURWDWKN,3NAPMVF0ZWE0BRFE06LY0NS5ACI72V,A3S81UFDOWF2ST,Approved,Tue Mar 03 11:39:46 EST 2015,Tue Mar 03 11:41:12 EST 2015,Action-Item Detection,E-mail users,managing inboxes,Information Retrieval and Machine Learning techniques,inferring the sender's intent,emptyanswer,emptyanswer,emptyanswer,emptyanswer,emptyanswer,emptyanswer,emptyanswer,emptyanswer,emptyanswer,emptyanswer,emptyanswer
3MA5N0ATTBA7V2NB7IUC3GHURWDWKN,33NF62TLXJ1OC2K6QLGZ39J8I7CKJ9,A1PXJWCNRYCBS5,Approved,Tue Mar 03 14:28:27 EST 2015,Tue Mar 03 14:32:00 EST 2015,Email users face an ever growing challenge in managing their inboxes,feature representation for effective action item detection,machine learning techniques,n grams are feature sets with chi squared selection,contextual cues for action item location,emptyanswer,emptyanswer,emptyanswer,emptyanswer,emptyanswer,emptyanswer,emptyanswer,emptyanswer,emptyanswer,emptyanswer,emptyanswer
3MA5N0ATTBA7V2NB7IUC3GHURWDWKN,3OLF68YTN902VNPOV4CPUXOKKO3AFJ,A3FG9YWTFFK1AU,Approved,Tue Mar 03 15:47:09 EST 2015,Tue Mar 03 15:50:15 EST 2015,Feature Representation,Action-Item Detection,Effective,E-mail users,Information Retrieval and Machine Learning techniques,emptyanswer,emptyanswer,emptyanswer,emptyanswer,emptyanswer,emptyanswer,emptyanswer,emptyanswer,emptyanswer,emptyanswer,emptyanswer
3MA5N0ATTBA7V2NB7IUC3GHURWDWKN,3WS1NTTKEYB6UAR632FW5RC7B2U0FL,A9HQ3E0F2AGVO,Approved,Tue Mar 03 16:37:22 EST 2015,Tue Mar 03 16:38:33 EST 2015,centrality of email,Information Retrieval and Machine Learning,spam filtering,automated folder assignment,sender's intent,n-grams,emptyanswer,emptyanswer,emptyanswer,emptyanswer,emptyanswer,emptyanswer,emptyanswer,emptyanswer,emptyanswer,emptyanswer
3MA5N0ATTBA7V2NB7IUC3GHURWDWKN,3PMBY0YE272HNSV9CW8OQWSXHVJC9P,A3H35QRODK1C4K,Approved,Wed Mar 04 10:12:55 EST 2015,Wed Mar 04 10:13:19 EST 2015,feature,representation,effective,action-item,detection,emptyanswer,emptyanswer,emptyanswer,emptyanswer,emptyanswer,emptyanswer,emptyanswer,emptyanswer,emptyanswer,emptyanswer,emptyanswer
3MA5N0ATTBA7V2NB7IUC3GHURWDWKN,3M81GAB8A0I45MKPFYNF17C49AQBQ6,A3FFZN4FO3Q789,Approved,Wed Mar 04 11:06:10 EST 2015,Wed Mar 04 11:09:36 EST 2015,replicate,replicate,replicate,replicate,replicate,emptyanswer,emptyanswer,emptyanswer,emptyanswer,emptyanswer,emptyanswer,emptyanswer,emptyanswer,emptyanswer,emptyanswer,emptyanswer
3MA5N0ATTBA7V2NB7IUC3GHURWDWKN,3CPLWGV3MOY0EWS01MH267M9GZ6N9R,A6JKKANO7F4KD,Approved,Wed Mar 04 12:37:29 EST 2015,Wed Mar 04 12:44:40 EST 2015,e-mail management,automated action-item detection,chi-squared feature selection,contextual cues,improve performance up to 10% over unigrams,emptyanswer,emptyanswer,emptyanswer,emptyanswer,emptyanswer,emptyanswer,emptyanswer,emptyanswer,emptyanswer,emptyanswer,emptyanswer
3MA5N0ATTBA7V2NB7IUC3GHURWDWKN,3OSWBBLG1EWHTGJLF89DQ5WX9Z4XDD,A2F6ZON8X5EAGL,Approved,Wed Mar 04 14:53:14 EST 2015,Wed Mar 04 14:54:07 EST 2015,Feature Representation for Effective Action-Item Detection,e-mail,dissemination,assignment,selection,emptyanswer,emptyanswer,emptyanswer,emptyanswer,emptyanswer,emptyanswer,emptyanswer,emptyanswer,emptyanswer,emptyanswer,emptyanswer
3MA5N0ATTBA7V2NB7IUC3GHURWDWKN,3JWH6J9I9SCJ2P7XZ6VYXDHZ40YBNG,A3OTLWGJFB65KD,Approved,Wed Mar 04 19:24:10 EST 2015,Wed Mar 04 19:24:18 EST 2015,nothing,nothing,nothing,nothing,nothing,emptyanswer,emptyanswer,emptyanswer,emptyanswer,emptyanswer,emptyanswer,emptyanswer,emptyanswer,emptyanswer,emptyanswer,emptyanswer
3MA5N0ATTBA7V2NB7IUC3GHURWDWKN,30JNVC0OR9JEWZNBFQXBNIF24PBHQC,A3LUJSAN4DQ1ZT,Approved,Wed Mar 04 23:17:34 EST 2015,Wed Mar 04 23:18:12 EST 2015,feature representation,effective,action-item detection,unigrams,cross-validation,information retrieval,emptyanswer,emptyanswer,emptyanswer,emptyanswer,emptyanswer,emptyanswer,emptyanswer,emptyanswer,emptyanswer,emptyanswer
3MA5N0ATTBA7V2NB7IUC3GHURWDWKN,3UJ1CZ6IZHOETMIT6SL7TLRDH4JS59,A9LA6QK6VCERR,Approved,Thu Mar 05 01:39:34 EST 2015,Thu Mar 05 01:41:09 EST 2015,Effective Action-Item Detection,managing inboxes,SVMs,Information Retrieval and Machine Learning techniques,n-grams,automated model selection via embedded cross-validation,emptyanswer,emptyanswer,emptyanswer,emptyanswer,emptyanswer,emptyanswer,emptyanswer,emptyanswer,emptyanswer,emptyanswer
3MA5N0ATTBA7V2NB7IUC3GHURWDWKN,32XVDSJFPZWJWUM14CNNJ5PV562M2K,A3HPVFAF1U9WXK,Approved,Thu Mar 05 07:27:44 EST 2015,Thu Mar 05 07:28:56 EST 2015,email,action-item detection,automated,classification,responses,flag,emptyanswer,emptyanswer,emptyanswer,emptyanswer,emptyanswer,emptyanswer,emptyanswer,emptyanswer,emptyanswer,emptyanswer
3MA5N0ATTBA7V2NB7IUC3GHURWDWKN,3KXIR214I4F3S4XVY8NRXB8VJFL249,A3I10J1GPDAPQR,Approved,Thu Mar 05 08:26:10 EST 2015,Thu Mar 05 08:27:11 EST 2015,Feature Representation,Effective Action-Item Detection,ever-growing challenge,SVMs with automated model selection,embedded cross-validation,emptyanswer,emptyanswer,emptyanswer,emptyanswer,emptyanswer,emptyanswer,emptyanswer,emptyanswer,emptyanswer,emptyanswer,emptyanswer
3MA5N0ATTBA7V2NB7IUC3GHURWDWKN,3N2BF7Y2VQTNBKPJNXQU69VXUPPHM2,A1QUDNLO95AKS5,Approved,Thu Mar 05 08:53:35 EST 2015,Thu Mar 05 08:54:17 EST 2015,Feature Representation,Effective Action-Item Detection,growing centrality of email,task assignment,embedded cross-validation.,emptyanswer,emptyanswer,emptyanswer,emptyanswer,emptyanswer,emptyanswer,emptyanswer,emptyanswer,emptyanswer,emptyanswer,emptyanswer
3MA5N0ATTBA7V2NB7IUC3GHURWDWKN,3E13VNJ1NNUQBQEE0TPHMT89WREI1T,A1YLO4LT02D2F0,Approved,Thu Mar 05 11:23:02 EST 2015,Thu Mar 05 11:23:51 EST 2015,challenge in managing their inboxes,the workplace for task assignment,other roles beyond information,action-item detection requires inferring,art classifiers such as SVMs,emptyanswer,emptyanswer,emptyanswer,emptyanswer,emptyanswer,emptyanswer,emptyanswer,emptyanswer,emptyanswer,emptyanswer,emptyanswer
3MA5N0ATTBA7V2NB7IUC3GHURWDWKN,3M1CVSFP604ZMCFX9KNJ6WSYRVCQA3,A3DHYTZ1GPN0T8,Approved,Thu Mar 05 13:25:58 EST 2015,Thu Mar 05 13:26:37 EST 2015,E-mail users face,action-item detection,contextual cues,performance by up to 10% over unigrams,SVMs with automated model selection,emptyanswer,emptyanswer,emptyanswer,emptyanswer,emptyanswer,emptyanswer,emptyanswer,emptyanswer,emptyanswer,emptyanswer,emptyanswer
3MA5N0ATTBA7V2NB7IUC3GHURWDWKN,3IFS6Q0HJIIQ5AD8DC41IUVIMSIIS6,ADUJUZANFOWKW,Approved,Thu Mar 05 16:12:53 EST 2015,Thu Mar 05 16:13:46 EST 2015,representation,e-mail,spam,filtering,classification,emptyanswer,emptyanswer,emptyanswer,emptyanswer,emptyanswer,emptyanswer,emptyanswer,emptyanswer,emptyanswer,emptyanswer,emptyanswer
3MA5N0ATTBA7V2NB7IUC3GHURWDWKN,3GS6S824SQWBQS58UXRUKRUKE90NW8,A2KELEVTA0306Y,Approved,Fri Mar 06 11:43:21 EST 2015,Fri Mar 06 11:45:18 EST 2015,E-mail,ever-growing,challenge,managing,inboxes,centrality,workplace,assignment,dissemination,Information,embedded,contextual,classification,automated,cross-validation,selection
3MA5N0ATTBA7V2NB7IUC3GHURWDWKN,3HPZF4IVNMSWOT3HK804PDLOQDNCYF,AQXSUU4I4DAH8,Approved,Fri Mar 06 11:52:13 EST 2015,Fri Mar 06 11:52:58 EST 2015,Effective Action-Item Detection,email in the workplace for task assignment,Feature Representation,contextual cues for action-item,embedded cross-validation,emptyanswer,emptyanswer,emptyanswer,emptyanswer,emptyanswer,emptyanswer,emptyanswer,emptyanswer,emptyanswer,emptyanswer,emptyanswer
3MA5N0ATTBA7V2NB7IUC3GHURWDWKN,3ERET4BTVM8Z6Q7X49PMEF55MD5K95,A3G4SXD4N30C3L,Approved,Fri Mar 06 19:12:19 EST 2015,Fri Mar 06 19:13:13 EST 2015,Feature Representation,Effective Action-Item Detection,Information Retrieval and Machine Learning,automated action-item detection,topic-driven text classification,embedded cross-validation,emptyanswer,emptyanswer,emptyanswer,emptyanswer,emptyanswer,emptyanswer,emptyanswer,emptyanswer,emptyanswer,emptyanswer
3MA5N0ATTBA7V2NB7IUC3GHURWDWKN,3ZAK8W07I4DVDSOWYRAVRRDAL240U5,A37WDQ1VG5XN6Z,Approved,Sat Mar 07 13:27:26 EST 2015,Sat Mar 07 13:28:15 EST 2015,nothing,nothing,nothing,nothing,nothing,emptyanswer,emptyanswer,emptyanswer,emptyanswer,emptyanswer,emptyanswer,emptyanswer,emptyanswer,emptyanswer,emptyanswer,emptyanswer
3MA5N0ATTBA7V2NB7IUC3GHURWDWKN,3K9FOBBF2HIVFYT9QJKSBGD4G4RNLE,A10443E11ZWEHJ,Approved,Sat Mar 07 16:20:14 EST 2015,Sat Mar 07 16:30:07 EST 2015,E-mail users,challenge in managing their inboxes,growing centrality of email in the workplace for task assignment,"action requests,",beyond information dissemination,"automated folder assignment,",spam filtering,Unlike standard topic-driven text classification,Information Retrieval and Machine Learning,automated action-item detection,Unlike standard topic-driven text classification,"location improve performance by up to 10% over unigrams,",inferring the sender's intent,"using enriched feature sets, such as n-grams (up to n=4) with chi-squared feature","selection, and contextual cues for action-item location",pure bag-of-words classification
3MA5N0ATTBA7V2NB7IUC3GHURWDWKN,3IRIK4HM3AJU59TBEP5C6M1VR6SC6J,A1AWEM2XEAVOVQ,Approved,Sat Mar 07 18:19:32 EST 2015,Sat Mar 07 18:25:40 EST 2015,action-item detection,effective action-item detection,e-mail users challenge,automated action-item detection,managing e-mail,e-mail organization,emptyanswer,emptyanswer,emptyanswer,emptyanswer,emptyanswer,emptyanswer,emptyanswer,emptyanswer,emptyanswer,emptyanswer
3MA5N0ATTBA7V2NB7IUC3GHURWDWKN,3VZLGYJEYL9KWHOH7QYAHXF0XSEZX0,A38IE69ORDCEGY,Approved,Sat Mar 07 18:55:10 EST 2015,Sat Mar 07 18:56:58 EST 2015,Action-Item detection,E-mail,Automated action-item detection,text classification,Email optimization,emptyanswer,emptyanswer,emptyanswer,emptyanswer,emptyanswer,emptyanswer,emptyanswer,emptyanswer,emptyanswer,emptyanswer,emptyanswer
3MA5N0ATTBA7V2NB7IUC3GHURWDWKN,39GXDJN2OTDD8WIZYLXFGSLBI9H8VL,A2GBY8O6GYSB89,Approved,Sun Mar 08 14:21:08 EDT 2015,Sun Mar 08 14:22:33 EDT 2015,bilateral market mechanism,Effective Action-Item Detection,growing centrality of email in the workplace,spam filtering,automated action-item detection,emptyanswer,emptyanswer,emptyanswer,emptyanswer,emptyanswer,emptyanswer,emptyanswer,emptyanswer,emptyanswer,emptyanswer,emptyanswer
3MA5N0ATTBA7V2NB7IUC3GHURWDWKN,35GCEFQ6I5N8GJH3N1RMAHQWQYUZ3J,A156NFBMKKLDL9,Approved,Sun Mar 08 14:55:24 EDT 2015,Sun Mar 08 14:56:35 EDT 2015,Feature Representation,Effective Action-Item Detection,action-item location,enriched feature sets,specific passages,emptyanswer,emptyanswer,emptyanswer,emptyanswer,emptyanswer,emptyanswer,emptyanswer,emptyanswer,emptyanswer,emptyanswer,emptyanswer
3MA5N0ATTBA7V2NB7IUC3GHURWDWKN,3TEM0PF1Q5W9WQDACWK6HR9MZ5ED0J,A2E2IQ99W6B7AV,Approved,Mon Mar 09 06:12:26 EDT 2015,Mon Mar 09 06:14:15 EDT 2015,E-mail filtration,Data flagging,Information requests,Performance improvement,Intent inferment,emptyanswer,emptyanswer,emptyanswer,emptyanswer,emptyanswer,emptyanswer,emptyanswer,emptyanswer,emptyanswer,emptyanswer,emptyanswer
3MA5N0ATTBA7V2NB7IUC3GHURWDWKN,3IHR8NYAM70ZKBY106Y3TOGOU12P4W,A2SZAM3EZER2PH,Approved,Mon Mar 09 07:45:02 EDT 2015,Mon Mar 09 07:45:50 EDT 2015,ever-growing challenge,workplace for task assignment,require responses,using enriched feature sets,automated model selection,emptyanswer,emptyanswer,emptyanswer,emptyanswer,emptyanswer,emptyanswer,emptyanswer,emptyanswer,emptyanswer,emptyanswer,emptyanswer
3MA5N0ATTBA7V2NB7IUC3GHURWDWKN,3NGI5ARFTT4ISC1IDOF1VQ9LIHYP1P,A3GSN49YWM9CLD,Approved,Mon Mar 09 10:34:16 EDT 2015,Mon Mar 09 10:35:03 EDT 2015,Retrieval and Machine Learning technique,automated model selection via embedded cross-validation.,SVMs,Machine Learning techniques,Information Retrieval and Machine Learning techniques,emptyanswer,emptyanswer,emptyanswer,emptyanswer,emptyanswer,emptyanswer,emptyanswer,emptyanswer,emptyanswer,emptyanswer,emptyanswer
3MA5N0ATTBA7V2NB7IUC3GHURWDWKN,3M23Y66PO26ACQI7BBVCLR5DDC0S6L,ACYGMRGAZ22U7,Approved,Mon Mar 09 17:51:25 EDT 2015,Mon Mar 09 17:51:31 EDT 2015,Keyword/Keyphrase 1:,Keyword/Keyphrase 1:,Keyword/Keyphrase 1:,Keyword/Keyphrase 1:,Keyword/Keyphrase 1:,emptyanswer,emptyanswer,emptyanswer,emptyanswer,emptyanswer,emptyanswer,emptyanswer,emptyanswer,emptyanswer,emptyanswer,emptyanswer
3MA5N0ATTBA7V2NB7IUC3GHURWDWKN,3L0KT67Y8EFCVASDHUQ44IP6CNYYSY,APEB5ERGCYP6D,Approved,Tue Mar 10 03:01:38 EDT 2015,Tue Mar 10 03:25:19 EDT 2015,E-mail users face an ever-growing challenge,managing their inboxes due to the growing centrality,contextual cues for action-item location improve performance,up to 10% over unigrams,SVMs with automated model selection via embedded cross-validation,emptyanswer,emptyanswer,emptyanswer,emptyanswer,emptyanswer,emptyanswer,emptyanswer,emptyanswer,emptyanswer,emptyanswer,emptyanswer
3MA5N0ATTBA7V2NB7IUC3GHURWDWKN,3ZAK8W07I4DVDSOWYRAVRRDAL8HU0O,A3UY2GVCKC8LSL,Approved,Tue Mar 10 06:46:23 EDT 2015,Tue Mar 10 06:46:58 EDT 2015,Machine Learning,Information Retrieval,SVMs,Effective Action-Item Detection,Feature Representation,emptyanswer,emptyanswer,emptyanswer,emptyanswer,emptyanswer,emptyanswer,emptyanswer,emptyanswer,emptyanswer,emptyanswer,emptyanswer
3MA5N0ATTBA7V2NB7IUC3GHURWDWKN,3DPNQGW4LLERA5GWLAZUNOP7ZYT46Q,A1JWEYGDFDB100,Approved,Tue Mar 10 13:41:03 EDT 2015,Tue Mar 10 13:42:22 EDT 2015,Feature Representation,Effective Action-Item Detection,managing their inboxes,centrality of email,Machine Learning techniques,emptyanswer,emptyanswer,emptyanswer,emptyanswer,emptyanswer,emptyanswer,emptyanswer,emptyanswer,emptyanswer,emptyanswer,emptyanswer
3MA5N0ATTBA7V2NB7IUC3GHURWDWKN,3VJ40NV2QIM1GW1Q07MWCWNQ0X5TO1,AW36CVMS3526O,Approved,Tue Mar 10 14:15:05 EDT 2015,Tue Mar 10 14:16:26 EDT 2015,Representation,assignment,techniques,automated,automated,emptyanswer,emptyanswer,emptyanswer,emptyanswer,emptyanswer,emptyanswer,emptyanswer,emptyanswer,emptyanswer,emptyanswer,emptyanswer
3MA5N0ATTBA7V2NB7IUC3GHURWDWKN,3EJPLAJKEMF7D24L63PKHK2G0U6Z69,ATRHDYWCIYTDJ,Approved,Wed Mar 11 04:41:31 EDT 2015,Wed Mar 11 04:41:44 EDT 2015,challenge,inboxes,growing,assignment,automated,emptyanswer,emptyanswer,emptyanswer,emptyanswer,emptyanswer,emptyanswer,emptyanswer,emptyanswer,emptyanswer,emptyanswer,emptyanswer
3MA5N0ATTBA7V2NB7IUC3GHURWDWKN,3OLF68YTN902VNPOV4CPUXOKK98FAZ,A3CMDYA9USA3MR,Approved,Wed Mar 11 07:19:47 EDT 2015,Wed Mar 11 07:20:02 EDT 2015,face,managing,selection,model,validation,emptyanswer,emptyanswer,emptyanswer,emptyanswer,emptyanswer,emptyanswer,emptyanswer,emptyanswer,emptyanswer,emptyanswer,emptyanswer
3MA5N0ATTBA7V2NB7IUC3GHURWDWKN,3HWRJOOET51EP5BMHTEAXFXQUE2SES,A3K6BSW10S4YKJ,Approved,Wed Mar 11 09:01:05 EDT 2015,Wed Mar 11 09:02:23 EDT 2015,E-mail users,information dissemination,Information Retrieval and Machine Learning techniques,automated action-item detection,improve performance by up to 10%,emptyanswer,emptyanswer,emptyanswer,emptyanswer,emptyanswer,emptyanswer,emptyanswer,emptyanswer,emptyanswer,emptyanswer,emptyanswer
3MA5N0ATTBA7V2NB7IUC3GHURWDWKN,36NEMU28XFC58AK8IWCU7C5K9T3WME,A28IXE702NXWKQ,Approved,Wed Mar 11 15:43:28 EDT 2015,Wed Mar 11 15:46:13 EDT 2015,E-mail users face an ever-growing challenge,inboxes due to the growing centrality,Machine Learning techniques are gaining initial acceptance,action-item location improve performance by up to 10%,both cases state of the art classifiers such as SVMs with automated model selection,emptyanswer,emptyanswer,emptyanswer,emptyanswer,emptyanswer,emptyanswer,emptyanswer,emptyanswer,emptyanswer,emptyanswer,emptyanswer
3MA5N0ATTBA7V2NB7IUC3GHURWDWKN,3PM8NZGV8YFBIPNQKUFXQ43WSWJQX1,A2SDTL2V8VJ25O,Approved,Wed Mar 11 20:49:13 EDT 2015,Wed Mar 11 20:49:52 EDT 2015,Feature,Representation,Effective,Detection,performance,emptyanswer,emptyanswer,emptyanswer,emptyanswer,emptyanswer,emptyanswer,emptyanswer,emptyanswer,emptyanswer,emptyanswer,emptyanswer
3MA5N0ATTBA7V2NB7IUC3GHURWDWKN,3E1QT0TDFP88MQYZZEYW13VHADX8IC,ANB69EQROUTQJ,Approved,Wed Mar 11 23:17:21 EDT 2015,Wed Mar 11 23:18:03 EDT 2015,FEATURE REPRESENTATION,ACTION-ITEM DETECTION,E-MAIL,MANAGE INBOX,INFORMATION RETRIEVAL,emptyanswer,emptyanswer,emptyanswer,emptyanswer,emptyanswer,emptyanswer,emptyanswer,emptyanswer,emptyanswer,emptyanswer,emptyanswer
3MA5N0ATTBA7V2NB7IUC3GHURWDWKN,3X0H8UUIT1N865XD2T8GJL4Q2JXWS5,A2KS418T8MPLJH,Approved,Thu Mar 12 10:40:33 EDT 2015,Thu Mar 12 10:43:14 EDT 2015,E-mail users face an ever-growing challenge in managing their inboxes due to the growing centrality of email in the workplace for task assignment,"Whereas Information Retrieval and Machine  Learning techniques are gaining initial acceptance in spam filtering and automated folder assignment, this paper reports on a new task","Unlike standard topic-driven text classification,",using enriched feature sets,using in both cases state of the art classifiers such as SVMs with automated model selection via embedded cross-validation.,emptyanswer,emptyanswer,emptyanswer,emptyanswer,emptyanswer,emptyanswer,emptyanswer,emptyanswer,emptyanswer,emptyanswer,emptyanswer
3MA5N0ATTBA7V2NB7IUC3GHURWDWKN,3JPSL1DZ5SYEJF25TSV222XTN1QNAD,ADVZAZ12Z8N9J,Approved,Thu Mar 12 13:08:50 EDT 2015,Thu Mar 12 13:20:08 EDT 2015,"E-mail users face an ever-growing challenge in managing their inboxes due to the growing centrality of email in the workplace for task assignment, action requests, and other roles beyond information dissemination.",N/A,N/A,N/A,N/A,emptyanswer,emptyanswer,emptyanswer,emptyanswer,emptyanswer,emptyanswer,emptyanswer,emptyanswer,emptyanswer,emptyanswer,emptyanswer
3MA5N0ATTBA7V2NB7IUC3GHURWDWKN,3DIP6YHAPCRW6LWD3V85GOXPJLR8E7,AM1HY736BY3Z8,Approved,Thu Mar 12 13:44:12 EDT 2015,Thu Mar 12 13:46:04 EDT 2015,Feature Representation for Effective Action-Item Detection,"E-mail users face an ever-growing challenge in managing their inboxes due to the growing centrality of email in the workplace for task assignment, action requests, and other roles beyond information dissemination.","Whereas Information Retrieval and Machine Learning techniques are gaining initial acceptance in spam filtering and automated folder assignment, this paper reports on a new task:","using enriched feature sets, such as n-grams (up to n=4) with chi-squared feature selection,","contextual cues for action-item location improve performance by up to 10% over unigrams, using in both cases state of the art classifiers such as SVMs with automated model selection via embedded cross-validation.",emptyanswer,emptyanswer,emptyanswer,emptyanswer,emptyanswer,emptyanswer,emptyanswer,emptyanswer,emptyanswer,emptyanswer,emptyanswer
3MA5N0ATTBA7V2NB7IUC3GHURWDWKN,3FQ5JJ512LNKVSBR5J8RWG0PSDMKNR,AU3WQKISBW5MZ,Approved,Thu Mar 12 14:26:04 EDT 2015,Thu Mar 12 14:26:44 EDT 2015,"E-mail users face an ever-growing challenge in managing their inboxes due to the growing centrality of email in the workplace for task assignment, action requests, and other roles beyond information dissemination.","Whereas Information Retrieval and Machine Learning techniques are gaining initial acceptance in spam filtering and automated folder assignment, this paper reports on a new task: automated action-item detection, in order to flag emails that require responses, and to highlight the specific passage(s) indicating the request(s) for action.","Unlike standard topic-driven text classification, action-item detection requires inferring the sender's intent, and as such responds less well to pure bag-of-words classification.","However, using enriched feature sets, such as n-grams (up to n=4) with chi-squared feature selection, and contextual cues for action-item location improve performance by up to 10% over unigrams, using in both cases state of the art classifiers such as SVMs with automated model selection via embedded cross-validation.","However, using enriched feature sets, such as n-grams (up to n=4) with chi-squared feature selection, and contextual cues for action-item location improve performance by up to 10% over unigrams, using in both cases state of the art classifiers such as SVMs with automated model selection via embedded cross-validation.",emptyanswer,emptyanswer,emptyanswer,emptyanswer,emptyanswer,emptyanswer,emptyanswer,emptyanswer,emptyanswer,emptyanswer,emptyanswer
3MA5N0ATTBA7V2NB7IUC3GHURWDWKN,3AAPLD8UCCGROFF3WUR6SNQPPFSTHN,AL9R6CILUG30X,Approved,Fri Mar 13 01:37:39 EDT 2015,Fri Mar 13 01:41:13 EDT 2015,E-mail users,spam filtering,Information Retrieval,Machine Learning techniques,topic-driven text classification,action-item detection,automated model selection,emptyanswer,emptyanswer,emptyanswer,emptyanswer,emptyanswer,emptyanswer,emptyanswer,emptyanswer,emptyanswer
3MA5N0ATTBA7V2NB7IUC3GHURWDWKN,3WYGZ5XF3WEHB53WDFPDVAAVFE3SKO,A2UNRV6PEOEXG0,Approved,Fri Mar 13 13:54:52 EDT 2015,Fri Mar 13 13:57:06 EDT 2015,Feature representation,inboxes,Effective Action-Item Detection,n-grams,cross-validation,emptyanswer,emptyanswer,emptyanswer,emptyanswer,emptyanswer,emptyanswer,emptyanswer,emptyanswer,emptyanswer,emptyanswer,emptyanswer
3MA5N0ATTBA7V2NB7IUC3GHURWDWKN,3L2IS5HSFAHYYOG3ZXCT239NU72NUF,A3DTN2OMF6DUSI,Approved,Fri Mar 13 23:16:19 EDT 2015,Fri Mar 13 23:16:27 EDT 2015,Machine,Machine,Machine,Machine,Machine,emptyanswer,emptyanswer,emptyanswer,emptyanswer,emptyanswer,emptyanswer,emptyanswer,emptyanswer,emptyanswer,emptyanswer,emptyanswer
3MA5N0ATTBA7V2NB7IUC3GHURWDWKN,37TD41K0AH8ZS7R8L28F7RXNA79CSE,A8HUG07IE2R3,Approved,Sat Mar 14 03:16:02 EDT 2015,Sat Mar 14 03:30:26 EDT 2015,Representation for Effective Action-Item Detection,"workplace for task assignment, action requests, and other roles beyond information",Retrieval and Machine Learning techniques,bag-of-words classification,improve performance by up to 10% over unigrams,automated model selection via embedded cross-validation,emptyanswer,emptyanswer,emptyanswer,emptyanswer,emptyanswer,emptyanswer,emptyanswer,emptyanswer,emptyanswer,emptyanswer
3MA5N0ATTBA7V2NB7IUC3GHURWDWKN,3EG49X351UBI87465L1ZKZM5T1OX65,A610SH5RY1NG1,Approved,Sat Mar 14 06:38:08 EDT 2015,Sat Mar 14 06:38:36 EDT 2015,Feature Representation,Effective,Action-Item Detection,inboxes,contextual,emptyanswer,emptyanswer,emptyanswer,emptyanswer,emptyanswer,emptyanswer,emptyanswer,emptyanswer,emptyanswer,emptyanswer,emptyanswer
3MA5N0ATTBA7V2NB7IUC3GHURWDWKN,35K3O9HUABC5L060B9EBQGEB6U3FE4,A2Z9HR2IBD75R9,Approved,Sat Mar 14 10:02:18 EDT 2015,Sat Mar 14 10:02:37 EDT 2015,Representation,Effective,Action-Item Detection,embedded,validation,emptyanswer,emptyanswer,emptyanswer,emptyanswer,emptyanswer,emptyanswer,emptyanswer,emptyanswer,emptyanswer,emptyanswer,emptyanswer
3MA5N0ATTBA7V2NB7IUC3GHURWDWKN,3TUI152ZZBM3SO2XD1UQVVZVOO1Q1L,AH3ER3EJXHRO2,Approved,Sat Mar 14 16:14:54 EDT 2015,Sat Mar 14 16:15:23 EDT 2015,action-item detection,feature representation,e-mail,inboxes,workplace,emptyanswer,emptyanswer,emptyanswer,emptyanswer,emptyanswer,emptyanswer,emptyanswer,emptyanswer,emptyanswer,emptyanswer,emptyanswer
3MA5N0ATTBA7V2NB7IUC3GHURWDWKN,3CN4LGXD5XNTTPQ2RTUM6F90ZHT4YG,A1GK9ZI7T30X9Z,Approved,Sat Mar 14 16:35:45 EDT 2015,Sat Mar 14 16:37:28 EDT 2015,Action-Item Detection,inboxes,email,task assignment,action requests,Machine Learning,Information Retrieval,bag-of-words classification,chi-squared feature selection,emptyanswer,emptyanswer,emptyanswer,emptyanswer,emptyanswer,emptyanswer,emptyanswer
3MA5N0ATTBA7V2NB7IUC3GHURWDWKN,3LYA37P8IQMIUJMU2T3I5L0VBU4BK1,ACVJ6IUO9QM4R,Approved,Sat Mar 14 17:28:40 EDT 2015,Sat Mar 14 17:29:26 EDT 2015,Information Retrieval and Machine Learning techniques,Action- Item Detection,"enriched feature sets,",chi-squared feature selection,contextual cues,emptyanswer,emptyanswer,emptyanswer,emptyanswer,emptyanswer,emptyanswer,emptyanswer,emptyanswer,emptyanswer,emptyanswer,emptyanswer
3MA5N0ATTBA7V2NB7IUC3GHURWDWKN,3A4NIXBJ76YPXG89EI5SY1O4CTCLM2,A1HDFKT3ZGK25P,Approved,Sat Mar 14 17:39:11 EDT 2015,Sat Mar 14 17:41:14 EDT 2015,Action-Item Detection,E-mail,managing inboxes,centrality of email,Machine Learning,automated action-item detection,inferring sender's intent,n-grams (up to n=4),chi-squared feature selection,classifiers,automated model selectio,emptyanswer,emptyanswer,emptyanswer,emptyanswer,emptyanswer
3MA5N0ATTBA7V2NB7IUC3GHURWDWKN,3Z9WI9EOZZNSLWPG2LDERW3T68EHKU,A1BV5YY1UQCMZY,Approved,Sat Mar 14 19:52:17 EDT 2015,Sat Mar 14 19:53:05 EDT 2015,representation,effective action-item detection,e-mail,machine learning,unigram,svm,automated model selection,embedded cross-validation,emptyanswer,emptyanswer,emptyanswer,emptyanswer,emptyanswer,emptyanswer,emptyanswer,emptyanswer
3MA5N0ATTBA7V2NB7IUC3GHURWDWKN,36W0OB37HWDNARO22MGOEBR6AHRHZG,A1G94QON7A9K0N,Approved,Sat Mar 14 19:59:20 EDT 2015,Sat Mar 14 19:59:40 EDT 2015,email,detection,feature,n-grams,chi-squared,emptyanswer,emptyanswer,emptyanswer,emptyanswer,emptyanswer,emptyanswer,emptyanswer,emptyanswer,emptyanswer,emptyanswer,emptyanswer
3MA5N0ATTBA7V2NB7IUC3GHURWDWKN,32RIADZISS3WX3ETSN2XOTLZIX7S42,A17JEL4FN1B9TB,Approved,Sat Mar 14 20:23:50 EDT 2015,Sat Mar 14 20:26:04 EDT 2015,Feature,Representation,Effective,Action,Item,Detection,emptyanswer,emptyanswer,emptyanswer,emptyanswer,emptyanswer,emptyanswer,emptyanswer,emptyanswer,emptyanswer,emptyanswer
3MA5N0ATTBA7V2NB7IUC3GHURWDWKN,304SM51WA33GI2Z272CKW7R5SPQSBA,A29ZV4XJB7R1O,Approved,Sat Mar 14 20:39:08 EDT 2015,Sat Mar 14 20:49:08 EDT 2015,Feature,Representation,Effective,Action-Item,Detection,emptyanswer,emptyanswer,emptyanswer,emptyanswer,emptyanswer,emptyanswer,emptyanswer,emptyanswer,emptyanswer,emptyanswer,emptyanswer
