HitId,AssignmentId,WorkerId,Status,AcceptTime,SubmitTime,Answer 1,Answer 2,Answer 3,Answer 4,Answer 5,Answer 6,Answer 7,Answer 8,Answer 9,Answer 10,Answer 11,Answer 12,Answer 13,Answer 14,Answer 15,Answer 16
3MDWE879UG1VQ3698U7RQTQT61J9BQ,3180JW2OT4BLUJZ3JYCT1K0QLGO5JE,A22R7DT2XQIKXV,Approved,Mon Mar 02 14:24:38 EST 2015,Mon Mar 02 14:25:36 EST 2015,aa,aa,aa,aa,aa,emptyanswer,emptyanswer,emptyanswer,emptyanswer,emptyanswer,emptyanswer,emptyanswer,emptyanswer,emptyanswer,emptyanswer,emptyanswer
3MDWE879UG1VQ3698U7RQTQT61J9BQ,3AWETUDC92RN6MZM84Y9ENSL909ZI5,A28O0LXEATB5XE,Approved,Mon Mar 02 15:16:08 EST 2015,Mon Mar 02 15:18:09 EST 2015,automatic techniques,online news,analyze and present news,organizing news stories,event models,standard word based features,emptyanswer,emptyanswer,emptyanswer,emptyanswer,emptyanswer,emptyanswer,emptyanswer,emptyanswer,emptyanswer,emptyanswer
3MDWE879UG1VQ3698U7RQTQT61J9BQ,3M0BCWMB8VV9PJGBR7MLTWUQX8SWBA,A2A4LHPXF2E2GS,Approved,Mon Mar 02 17:51:26 EST 2015,Mon Mar 02 17:57:15 EST 2015,Event Threading,News Topics,present analyzed news,news topics inefficient,event recognition,time-ordering,emptyanswer,emptyanswer,emptyanswer,emptyanswer,emptyanswer,emptyanswer,emptyanswer,emptyanswer,emptyanswer,emptyanswer
3MDWE879UG1VQ3698U7RQTQT61J9BQ,3ON104KXQKVP4KV2CSCYLIOKNGR4WS,A2R085B34P2LYS,Approved,Mon Mar 02 22:41:55 EST 2015,Mon Mar 02 22:49:03 EST 2015,Event,Threading,News,Topics,suggest,emptyanswer,emptyanswer,emptyanswer,emptyanswer,emptyanswer,emptyanswer,emptyanswer,emptyanswer,emptyanswer,emptyanswer,emptyanswer
3MDWE879UG1VQ3698U7RQTQT61J9BQ,34J10VATJFXESUYVL8FWNUGH4XCQIQ,A27I79P03I0ZPO,Approved,Mon Mar 02 23:17:28 EST 2015,Mon Mar 02 23:18:18 EST 2015,Event,Topics,Threading,News,dependencies,emptyanswer,emptyanswer,emptyanswer,emptyanswer,emptyanswer,emptyanswer,emptyanswer,emptyanswer,emptyanswer,emptyanswer,emptyanswer
3MDWE879UG1VQ3698U7RQTQT61J9BQ,3URFVVM165HSFDUM2LNNXQGW3VOUZ0,A1XRIEYLA7ZJ3B,Approved,Tue Mar 03 01:16:58 EST 2015,Tue Mar 03 01:24:09 EST 2015,Event Threading,automatic techniques to analyze and present news,meaningful and efficient manner,capture the rich structure of events,suggest evaluation metrics,temporal locality of stories for event recognition,time-ordering for capturing dependencies,emptyanswer,emptyanswer,emptyanswer,emptyanswer,emptyanswer,emptyanswer,emptyanswer,emptyanswer,emptyanswer
3MDWE879UG1VQ3698U7RQTQT61J9BQ,33TIN5LC049UQVWE8OQDNNKGKHNY91,A26M2B8NZVKWTZ,Approved,Tue Mar 03 06:45:13 EST 2015,Tue Mar 03 06:45:49 EST 2015,Event,News,Topics,threading,models,emptyanswer,emptyanswer,emptyanswer,emptyanswer,emptyanswer,emptyanswer,emptyanswer,emptyanswer,emptyanswer,emptyanswer,emptyanswer
3MDWE879UG1VQ3698U7RQTQT61J9BQ,33CID57104SOBU0Z800D22FYBAB3LZ,AAOGFQY8JCVOD,Approved,Tue Mar 03 07:17:55 EST 2015,Tue Mar 03 07:18:58 EST 2015,online topics,automated techniques,analyze,present,filter,model structure,data sets,identify,emptyanswer,emptyanswer,emptyanswer,emptyanswer,emptyanswer,emptyanswer,emptyanswer,emptyanswer
3MDWE879UG1VQ3698U7RQTQT61J9BQ,3VELCLL3GKI61ZCOZLJWJWVHGUEF1H,A3ODG942FG22PJ,Approved,Tue Mar 03 08:45:06 EST 2015,Tue Mar 03 08:48:01 EST 2015,Event,Threading,News,online,semantics,na,na,na,na,na,na,na,na,na,na,na
3MDWE879UG1VQ3698U7RQTQT61J9BQ,31QTRG6Q2TCFIICLPDMA9DKVPLCPYU,A1B5NXRZQYRC4R,Approved,Tue Mar 03 09:01:13 EST 2015,Tue Mar 03 09:01:34 EST 2015,event,threading,news,topics,heirachy,emptyanswer,emptyanswer,emptyanswer,emptyanswer,emptyanswer,emptyanswer,emptyanswer,emptyanswer,emptyanswer,emptyanswer,emptyanswer
3MDWE879UG1VQ3698U7RQTQT61J9BQ,39RP059MEHSDK7MXN5GYKYSZZ7ZBML,A1PXJWCNRYCBS5,Approved,Tue Mar 03 14:45:47 EST 2015,Tue Mar 03 14:50:07 EST 2015,Event Threading,News topics,increasing need for automatic techniques to analyze and present news to the user in a efficient manner,suggesting evaluation metrics,time ordering for capturing dependencies,emptyanswer,emptyanswer,emptyanswer,emptyanswer,emptyanswer,emptyanswer,emptyanswer,emptyanswer,emptyanswer,emptyanswer,emptyanswer
3MDWE879UG1VQ3698U7RQTQT61J9BQ,3X65QVEQI0MCOUWI1TBEV5JSHNCCLU,A3FG9YWTFFK1AU,Approved,Tue Mar 03 16:41:38 EST 2015,Tue Mar 03 16:58:36 EST 2015,Event Threading,News Topics,online news,understand the topic quickly,evaluation metrics,emptyanswer,emptyanswer,emptyanswer,emptyanswer,emptyanswer,emptyanswer,emptyanswer,emptyanswer,emptyanswer,emptyanswer,emptyanswer
3MDWE879UG1VQ3698U7RQTQT61J9BQ,3483FV8BEEIH7R19HWG6U9S9F2F62E,A9HQ3E0F2AGVO,Approved,Tue Mar 03 17:49:05 EST 2015,Tue Mar 03 17:57:45 EST 2015,online news,flat hierarchy,event threading,evaluation metrics,temporal locality of stories,emptyanswer,emptyanswer,emptyanswer,emptyanswer,emptyanswer,emptyanswer,emptyanswer,emptyanswer,emptyanswer,emptyanswer,emptyanswer
3MDWE879UG1VQ3698U7RQTQT61J9BQ,3JAOYWH7VI3AQWPFP91NTFIKB3A9LD,A9LA6QK6VCERR,Approved,Wed Mar 04 01:45:00 EST 2015,Wed Mar 04 01:46:54 EST 2015,Event Threading,temporal locality of stories,event recognition,time-ordering,news topic,emptyanswer,emptyanswer,emptyanswer,emptyanswer,emptyanswer,emptyanswer,emptyanswer,emptyanswer,emptyanswer,emptyanswer,emptyanswer
3MDWE879UG1VQ3698U7RQTQT61J9BQ,3IJXV6UZ1XIE4VDVYN4WSKQM0MRIR2,A2YW509B0UMSEH,Approved,Wed Mar 04 03:39:21 EST 2015,Wed Mar 04 03:40:47 EST 2015,Threading,online,technique,user,collection,emptyanswer,emptyanswer,emptyanswer,emptyanswer,emptyanswer,emptyanswer,emptyanswer,emptyanswer,emptyanswer,emptyanswer,emptyanswer
3MDWE879UG1VQ3698U7RQTQT61J9BQ,3VFJCI1K4ZY084708Z4T78D6L9FGRO,A3S81UFDOWF2ST,Approved,Wed Mar 04 09:52:14 EST 2015,Wed Mar 04 09:53:32 EST 2015,online news,event models,event threading,locality of stories,time-ordering,emptyanswer,emptyanswer,emptyanswer,emptyanswer,emptyanswer,emptyanswer,emptyanswer,emptyanswer,emptyanswer,emptyanswer,emptyanswer
3MDWE879UG1VQ3698U7RQTQT61J9BQ,39JEC7537U0FKZ8CFXDKIEHU8N5CV8,A3H35QRODK1C4K,Approved,Wed Mar 04 10:56:34 EST 2015,Wed Mar 04 10:56:49 EST 2015,event,threading,news,topics,effectively,emptyanswer,emptyanswer,emptyanswer,emptyanswer,emptyanswer,emptyanswer,emptyanswer,emptyanswer,emptyanswer,emptyanswer,emptyanswer
3MDWE879UG1VQ3698U7RQTQT61J9BQ,3ZDAD0O1T1COA5FI1Y9SV9EJCKDTXB,A3FFZN4FO3Q789,Approved,Wed Mar 04 11:06:58 EST 2015,Wed Mar 04 11:10:29 EST 2015,than,than,than,than,than,emptyanswer,emptyanswer,emptyanswer,emptyanswer,emptyanswer,emptyanswer,emptyanswer,emptyanswer,emptyanswer,emptyanswer,emptyanswer
3MDWE879UG1VQ3698U7RQTQT61J9BQ,3A4NIXBJ76YPXG89EI5SY1O4B3CLML,A37ECOJBARCWZP,Approved,Wed Mar 04 12:08:22 EST 2015,Wed Mar 04 12:10:58 EST 2015,news,event models,event recognition,data sets,news topics,emptyanswer,emptyanswer,emptyanswer,emptyanswer,emptyanswer,emptyanswer,emptyanswer,emptyanswer,emptyanswer,emptyanswer,emptyanswer
3MDWE879UG1VQ3698U7RQTQT61J9BQ,3J2UYBXQQLBABHYV29CSBLZUI6Z06W,A2F6ZON8X5EAGL,Approved,Wed Mar 04 16:00:21 EST 2015,Wed Mar 04 16:00:55 EST 2015,Event Threading within News Topics,VOLUME,collection,problem,among,emptyanswer,emptyanswer,emptyanswer,emptyanswer,emptyanswer,emptyanswer,emptyanswer,emptyanswer,emptyanswer,emptyanswer,emptyanswer
3MDWE879UG1VQ3698U7RQTQT61J9BQ,3GNA64GUZE32G63GEOW2YLCCZFY5QV,A3OTLWGJFB65KD,Approved,Wed Mar 04 19:13:56 EST 2015,Wed Mar 04 19:14:04 EST 2015,nothing,nothing,nothing,nothing,nothing,nothing,emptyanswer,emptyanswer,emptyanswer,emptyanswer,emptyanswer,emptyanswer,emptyanswer,emptyanswer,emptyanswer,emptyanswer
3MDWE879UG1VQ3698U7RQTQT61J9BQ,3PIWWX1FJJ5T1IEO80GN2UJV3MNJJS,A1YLO4LT02D2F0,Approved,Wed Mar 04 23:15:51 EST 2015,Wed Mar 04 23:17:09 EST 2015,"overwhelm, volume, avail","increase, capacity,","topic, story, organize","recognize, experiment,","manual, label, capture",emptyanswer,emptyanswer,emptyanswer,emptyanswer,emptyanswer,emptyanswer,emptyanswer,emptyanswer,emptyanswer,emptyanswer,emptyanswer
3MDWE879UG1VQ3698U7RQTQT61J9BQ,3KV0LJBBH2K00E3MJ22OKDX3HXFRMZ,A3LUJSAN4DQ1ZT,Approved,Wed Mar 04 23:41:57 EST 2015,Wed Mar 04 23:42:45 EST 2015,event threading,news topics,overwhelming volume,manually labeled,effectively identify,temporal locality,emptyanswer,emptyanswer,emptyanswer,emptyanswer,emptyanswer,emptyanswer,emptyanswer,emptyanswer,emptyanswer,emptyanswer
3MDWE879UG1VQ3698U7RQTQT61J9BQ,39ZSFO5CA8V2FYPIKZK19WS6K3MUJ2,A3I10J1GPDAPQR,Approved,Thu Mar 05 06:13:38 EST 2015,Thu Mar 05 06:15:41 EST 2015,Event Threading,automatic techniques,flat hierarchy,semantics,temporal locality,emptyanswer,emptyanswer,emptyanswer,emptyanswer,emptyanswer,emptyanswer,emptyanswer,emptyanswer,emptyanswer,emptyanswer,emptyanswer
3MDWE879UG1VQ3698U7RQTQT61J9BQ,3EKVH9QMEY3GS0GORJOK0F21WSFD2Y,A1QUDNLO95AKS5,Approved,Thu Mar 05 09:01:24 EST 2015,Thu Mar 05 09:37:57 EST 2015,Event Threading,News Topics,novel problem,organizing news stories,standard word based features,emptyanswer,emptyanswer,emptyanswer,emptyanswer,emptyanswer,emptyanswer,emptyanswer,emptyanswer,emptyanswer,emptyanswer,emptyanswer
3MDWE879UG1VQ3698U7RQTQT61J9BQ,33JKGHPFYCTFLGBUQVL7BTSTG2VNMG,ADUJUZANFOWKW,Approved,Thu Mar 05 16:35:39 EST 2015,Thu Mar 05 16:36:38 EST 2015,news,topics,threading,models,techniques,emptyanswer,emptyanswer,emptyanswer,emptyanswer,emptyanswer,emptyanswer,emptyanswer,emptyanswer,emptyanswer,emptyanswer,emptyanswer
3MDWE879UG1VQ3698U7RQTQT61J9BQ,3TUI152ZZBM3SO2XD1UQVVZVN3L1Q9,A1W7BQWWGKJ3XF,Approved,Thu Mar 05 19:51:35 EST 2015,Thu Mar 05 19:52:40 EST 2015,Event Threading,News Topics,automatic techniques,efficient,rich structure,emptyanswer,emptyanswer,emptyanswer,emptyanswer,emptyanswer,emptyanswer,emptyanswer,emptyanswer,emptyanswer,emptyanswer,emptyanswer
3MDWE879UG1VQ3698U7RQTQT61J9BQ,3RRCEFRB7MBXGHXRH1G2Y4BZDNBB41,A3DHYTZ1GPN0T8,Approved,Thu Mar 05 21:36:28 EST 2015,Thu Mar 05 21:37:05 EST 2015,overwhelming,organizing,quickly,focused,experiments,emptyanswer,emptyanswer,emptyanswer,emptyanswer,emptyanswer,emptyanswer,emptyanswer,emptyanswer,emptyanswer,emptyanswer,emptyanswer
3MDWE879UG1VQ3698U7RQTQT61J9BQ,38F71OA9GTV3XOYDS72U3OJKEFSMFZ,ADVZAZ12Z8N9J,Approved,Fri Mar 06 10:33:02 EST 2015,Fri Mar 06 10:38:45 EST 2015,"With the overwhelming volume of online news available today, there is an increasing need for automatic techniques to analyze and present news to the user in a meaningful and efficient manner.",Previous research focused only on organizing news stories by their topics into a flat hierarchy.,We believe viewing a news topic as a flat collection of stories is too restrictive and inefficient for a user to understand the topic quickly.,"In this work, we attempt to capture the rich structure of events and their dependencies in a news topic through our event models.",We call the process of recognizing events and their dependencies event threading.,emptyanswer,emptyanswer,emptyanswer,emptyanswer,emptyanswer,emptyanswer,emptyanswer,emptyanswer,emptyanswer,emptyanswer,emptyanswer
3MDWE879UG1VQ3698U7RQTQT61J9BQ,3DI28L7YXADEVLCS4AZQ1EAH44PE1A,A2KELEVTA0306Y,Approved,Fri Mar 06 11:39:20 EST 2015,Fri Mar 06 11:41:39 EST 2015,overwhelming,volume,news,online,available,increasing,techniques,suggest,approaches,techniques,manually,labeled,data,sets,show,effectively
3MDWE879UG1VQ3698U7RQTQT61J9BQ,3A7Y0R2P2ONUW2JDP4VOT3RAER1XJ7,A3G4SXD4N30C3L,Approved,Fri Mar 06 11:54:40 EST 2015,Fri Mar 06 11:55:46 EST 2015,Event Threading,News Topics,automatic techniques to analyze and present news,flat hierarchy,rich structure of events,standard word based features,temporal locality,time-ordering,emptyanswer,emptyanswer,emptyanswer,emptyanswer,emptyanswer,emptyanswer,emptyanswer,emptyanswer
3MDWE879UG1VQ3698U7RQTQT61J9BQ,3K9FOBBF2HIVFYT9QJKSBGD4G2ZNLI,AQXSUU4I4DAH8,Approved,Fri Mar 06 12:19:00 EST 2015,Fri Mar 06 12:19:44 EST 2015,volume of online news,Event Threading within News Topics,automatic techniques,meaningful and efficient manner,temporal locality of stories,emptyanswer,emptyanswer,emptyanswer,emptyanswer,emptyanswer,emptyanswer,emptyanswer,emptyanswer,emptyanswer,emptyanswer,emptyanswer
3MDWE879UG1VQ3698U7RQTQT61J9BQ,3TMFV4NEP8DQNLI4OV2B2U4PPFZW8T,A1VOWQJOBWOVKG,Approved,Fri Mar 06 19:34:03 EST 2015,Fri Mar 06 19:36:37 EST 2015,Event Threading,News Topics,automatic techniques,modeling the structure,standard word based features,emptyanswer,emptyanswer,emptyanswer,emptyanswer,emptyanswer,emptyanswer,emptyanswer,emptyanswer,emptyanswer,emptyanswer,emptyanswer
3MDWE879UG1VQ3698U7RQTQT61J9BQ,3H0W84IWBK12OQB924E575SU843ERU,AWQK8QA93VLW9,Approved,Sat Mar 07 10:42:38 EST 2015,Sat Mar 07 10:44:32 EST 2015,Event Threading,online news,automatic techniques,efficient,flat hierarchy,event models,evaluation metrics,evaluation metrics,evaluation metrics,capture dependencies,emptyanswer,emptyanswer,emptyanswer,emptyanswer,emptyanswer,emptyanswer
3MDWE879UG1VQ3698U7RQTQT61J9BQ,3URFVVM165HSFDUM2LNNXQGW39NUZR,A37WDQ1VG5XN6Z,Approved,Sat Mar 07 13:32:23 EST 2015,Sat Mar 07 13:32:31 EST 2015,nothing,nothing,nothing,nothing,nothing,emptyanswer,emptyanswer,emptyanswer,emptyanswer,emptyanswer,emptyanswer,emptyanswer,emptyanswer,emptyanswer,emptyanswer,emptyanswer
3MDWE879UG1VQ3698U7RQTQT61J9BQ,3NVC2EB65QY8BT7YRFP3WAHUK20Y3X,AKY7ZFPCHAXMJ,Approved,Sat Mar 07 14:14:25 EST 2015,Sat Mar 07 14:34:25 EST 2015,Event Threading,organizing news stories by their topics into a flat hierarchy = inefficient,evaluation metrics,temporal locality,identify the events and capture dependencies,emptyanswer,emptyanswer,emptyanswer,emptyanswer,emptyanswer,emptyanswer,emptyanswer,emptyanswer,emptyanswer,emptyanswer,emptyanswer
3MDWE879UG1VQ3698U7RQTQT61J9BQ,34X6J5FLPTXAN5I13Q0WZVVHHR7QJ2,APEB5ERGCYP6D,Approved,Sun Mar 08 00:13:33 EST 2015,Sun Mar 08 00:34:53 EST 2015,volume of online news available today,automatic techniques to analyze,efficient manner,temporal locality of stories for event recognition,time-ordering for capturing dependencies,emptyanswer,emptyanswer,emptyanswer,emptyanswer,emptyanswer,emptyanswer,emptyanswer,emptyanswer,emptyanswer,emptyanswer,emptyanswer
3MDWE879UG1VQ3698U7RQTQT61J9BQ,35L9RVQFCOH6OSUSWZHGXJCR7LOUHN,A1JWEYGDFDB100,Approved,Sun Mar 08 09:35:52 EDT 2015,Sun Mar 08 09:37:16 EDT 2015,Event Threading,News Topics,flat hierarchy,events and their dependencies,temporal locality of stories,emptyanswer,emptyanswer,emptyanswer,emptyanswer,emptyanswer,emptyanswer,emptyanswer,emptyanswer,emptyanswer,emptyanswer,emptyanswer
3MDWE879UG1VQ3698U7RQTQT61J9BQ,31T4R4OBOSFD997GXZA4C01RMIV7CY,A38IE69ORDCEGY,Approved,Sun Mar 08 14:47:25 EDT 2015,Sun Mar 08 14:48:50 EDT 2015,News topics,event threading,automatic news analysis,temporal locality of stories,time-ordering,emptyanswer,emptyanswer,emptyanswer,emptyanswer,emptyanswer,emptyanswer,emptyanswer,emptyanswer,emptyanswer,emptyanswer,emptyanswer
3MDWE879UG1VQ3698U7RQTQT61J9BQ,354P56DE9K2TGQWCUL04R5598LJS7F,AUH4A0OGHF2CK,Approved,Sun Mar 08 16:02:11 EDT 2015,Sun Mar 08 16:04:58 EDT 2015,Automatic techniques to analyze and present news,Event Threading for News,Event Modeling,Event Modeling Techniques,Event Threading  - Structuring of events and news,emptyanswer,emptyanswer,emptyanswer,emptyanswer,emptyanswer,emptyanswer,emptyanswer,emptyanswer,emptyanswer,emptyanswer,emptyanswer
3MDWE879UG1VQ3698U7RQTQT61J9BQ,3TVRFO09GKE0RS7DSP719I42IKRLXQ,A156NFBMKKLDL9,Approved,Sun Mar 08 17:19:49 EDT 2015,Sun Mar 08 17:20:31 EDT 2015,Event Threading,News Topics,models effectively identify,temporal locality of stories,capturing dependencies,emptyanswer,emptyanswer,emptyanswer,emptyanswer,emptyanswer,emptyanswer,emptyanswer,emptyanswer,emptyanswer,emptyanswer,emptyanswer
3MDWE879UG1VQ3698U7RQTQT61J9BQ,3OWEPKL089BW0D47MPJISBV3LME7NL,A2GBY8O6GYSB89,Approved,Sun Mar 08 18:29:04 EDT 2015,Sun Mar 08 18:29:52 EDT 2015,Event Threading,News Topics,online news,automatic techniques,recognizing events,emptyanswer,emptyanswer,emptyanswer,emptyanswer,emptyanswer,emptyanswer,emptyanswer,emptyanswer,emptyanswer,emptyanswer,emptyanswer
3MDWE879UG1VQ3698U7RQTQT61J9BQ,3A7Y0R2P2ONUW2JDP4VOT3RAEXZXJH,A2SZAM3EZER2PH,Approved,Mon Mar 09 06:53:33 EDT 2015,Mon Mar 09 06:54:14 EDT 2015,overwhelming,automatic techniques,restrictive and inefficient,novel problem,time-ordering,emptyanswer,emptyanswer,emptyanswer,emptyanswer,emptyanswer,emptyanswer,emptyanswer,emptyanswer,emptyanswer,emptyanswer,emptyanswer
3MDWE879UG1VQ3698U7RQTQT61J9BQ,3IRIK4HM3AJU59TBEP5C6M1VR93C60,A17JEL4FN1B9TB,Approved,Mon Mar 09 12:14:14 EDT 2015,Mon Mar 09 12:15:25 EDT 2015,Event,Threading,News,Topics,online,analyze,present,automatic,emptyanswer,emptyanswer,emptyanswer,emptyanswer,emptyanswer,emptyanswer,emptyanswer,emptyanswer
3MDWE879UG1VQ3698U7RQTQT61J9BQ,3F1567XTNW4LHT5SHE9JA1HELPCQ9U,A2SDTL2V8VJ25O,Approved,Mon Mar 09 12:18:55 EDT 2015,Mon Mar 09 12:20:47 EDT 2015,Threading,Topics,available,analyze,effectively,emptyanswer,emptyanswer,emptyanswer,emptyanswer,emptyanswer,emptyanswer,emptyanswer,emptyanswer,emptyanswer,emptyanswer,emptyanswer
3MDWE879UG1VQ3698U7RQTQT61J9BQ,36W0OB37HWDNARO22MGOEBR695FZHX,A3UY2GVCKC8LSL,Approved,Mon Mar 09 17:47:37 EDT 2015,Mon Mar 09 17:48:15 EDT 2015,Event Threading,News Topics,temporal locality,time-ordering,capturing dependencies,emptyanswer,emptyanswer,emptyanswer,emptyanswer,emptyanswer,emptyanswer,emptyanswer,emptyanswer,emptyanswer,emptyanswer,emptyanswer
3MDWE879UG1VQ3698U7RQTQT61J9BQ,35H6S234SAZ96OKWZFI4SGVLZSS56W,ACYGMRGAZ22U7,Approved,Mon Mar 09 18:01:01 EDT 2015,Mon Mar 09 18:01:09 EDT 2015,Keyword/Keyphrase 1:,Keyword/Keyphrase 1:,Keyword/Keyphrase 1:,Keyword/Keyphrase 1:,Keyword/Keyphrase 1:,Keyword/Keyphrase 1:,emptyanswer,emptyanswer,emptyanswer,emptyanswer,emptyanswer,emptyanswer,emptyanswer,emptyanswer,emptyanswer,emptyanswer
3MDWE879UG1VQ3698U7RQTQT61J9BQ,3JMSRU9HQITUHXSQBOJF82HXTGHEV0,AW36CVMS3526O,Approved,Tue Mar 10 14:34:59 EDT 2015,Tue Mar 10 14:36:31 EDT 2015,Threading,overwhelming,dependencies,effectively,capture,emptyanswer,emptyanswer,emptyanswer,emptyanswer,emptyanswer,emptyanswer,emptyanswer,emptyanswer,emptyanswer,emptyanswer,emptyanswer
3MDWE879UG1VQ3698U7RQTQT61J9BQ,3G2UL9A02DDOTSYFN8X1Q09HQ1U76Q,ATRHDYWCIYTDJ,Approved,Wed Mar 11 04:40:39 EDT 2015,Wed Mar 11 04:41:31 EDT 2015,available,overwhelming,increasing,dependencies,among,emptyanswer,emptyanswer,emptyanswer,emptyanswer,emptyanswer,emptyanswer,emptyanswer,emptyanswer,emptyanswer,emptyanswer,emptyanswer
3MDWE879UG1VQ3698U7RQTQT61J9BQ,3FE2ERCCZX73O48JJQDC7MMTBW0OPB,A3CMDYA9USA3MR,Approved,Wed Mar 11 07:30:04 EDT 2015,Wed Mar 11 07:30:16 EDT 2015,overwhelming,available,increasing,techniques,Besides,emptyanswer,emptyanswer,emptyanswer,emptyanswer,emptyanswer,emptyanswer,emptyanswer,emptyanswer,emptyanswer,emptyanswer,emptyanswer
3MDWE879UG1VQ3698U7RQTQT61J9BQ,3TUI152ZZBM3SO2XD1UQVVZVNHD1QT,A3K6BSW10S4YKJ,Approved,Wed Mar 11 08:52:09 EDT 2015,Wed Mar 11 08:54:53 EDT 2015,automatic techniques to analyze and present news,to capture the rich structure of events and their dependencies in a news topic,event threading,temporal locality of stories for event recognition,time-ordering for capturing dependencies,emptyanswer,emptyanswer,emptyanswer,emptyanswer,emptyanswer,emptyanswer,emptyanswer,emptyanswer,emptyanswer,emptyanswer,emptyanswer
3MDWE879UG1VQ3698U7RQTQT61J9BQ,3SLE99ER0NCDJELG2U6SS0O8EW4BZV,A28IXE702NXWKQ,Approved,Wed Mar 11 16:19:19 EDT 2015,Wed Mar 11 16:20:58 EDT 2015,With the overwhelming volume,"online news available today,",we attempt to capture the rich structure of events,event recognition and time-ordering,capture dependencies among them,emptyanswer,emptyanswer,emptyanswer,emptyanswer,emptyanswer,emptyanswer,emptyanswer,emptyanswer,emptyanswer,emptyanswer,emptyanswer
3MDWE879UG1VQ3698U7RQTQT61J9BQ,3C8HJ7UOP7T925PDTJW16GZ2QVAMZX,A2E2IQ99W6B7AV,Approved,Wed Mar 11 17:40:29 EDT 2015,Wed Mar 11 17:41:47 EDT 2015,Event threading,News topics,Automated techniques,Temporal locality,Structure modeling,emptyanswer,emptyanswer,emptyanswer,emptyanswer,emptyanswer,emptyanswer,emptyanswer,emptyanswer,emptyanswer,emptyanswer,emptyanswer
3MDWE879UG1VQ3698U7RQTQT61J9BQ,3EFVCAY5L384H1I5HWJWD4AHNSKJ8X,ANB69EQROUTQJ,Approved,Wed Mar 11 22:08:09 EDT 2015,Wed Mar 11 22:09:56 EDT 2015,event threading,news topics,online news,event models,threading,temporal locality,emptyanswer,emptyanswer,emptyanswer,emptyanswer,emptyanswer,emptyanswer,emptyanswer,emptyanswer,emptyanswer,emptyanswer
3MDWE879UG1VQ3698U7RQTQT61J9BQ,3TMFV4NEP8DQNLI4OV2B2U4PQPSW87,A3MVLTRGO37TJD,Approved,Thu Mar 12 11:40:05 EDT 2015,Thu Mar 12 11:41:27 EDT 2015,Event Threading within News Topics,"the overwhelming volume of online news available today, there is an increasing need for automatic techniques to analyze and present news to the user in a meaningful and efficient manner.",We believe viewing a news topic as a flat collection of stories is too restrictive and inefficient for a user to understand the topic quickly.,we attempt to capture the rich structure of events and their dependencies in a news topic through our event models,"We formally define the novel problem, suggest evaluation metrics and present a few techniques for solving the problem.",emptyanswer,emptyanswer,emptyanswer,emptyanswer,emptyanswer,emptyanswer,emptyanswer,emptyanswer,emptyanswer,emptyanswer,emptyanswer
3MDWE879UG1VQ3698U7RQTQT61J9BQ,3DPNQGW4LLERA5GWLAZUNOP7015469,A2KS418T8MPLJH,Approved,Thu Mar 12 12:17:27 EDT 2015,Thu Mar 12 12:18:12 EDT 2015,Event Threading within News Topics,"overwhelming volume of online news available today, there is an increasing need for automatic techniques",Previous research focused only on organizing news stories by their topics into a flat hierarchy,we attempt to capture the rich structure of events and their dependencies in a news topic through our event models,Our experiments on a manually labeled data sets show that our models effectively identify the events and capture dependencies among them,emptyanswer,emptyanswer,emptyanswer,emptyanswer,emptyanswer,emptyanswer,emptyanswer,emptyanswer,emptyanswer,emptyanswer,emptyanswer
3MDWE879UG1VQ3698U7RQTQT61J9BQ,3CFJTT4SXTP4MCTGP96QN3ZM0UR7IR,AU3WQKISBW5MZ,Approved,Thu Mar 12 13:02:10 EDT 2015,Thu Mar 12 13:03:22 EDT 2015,"With the overwhelming volume of online news available today, there is an increasing need for automatic techniques to analyze and present news",Previous research focused only on organizing news stories by their topics into a flat hierarchy.,We believe viewing a news topic as a flat collection of stories is too restrictive and inefficient for a user to understand the topic quickly.,we attempt to capture the rich structure of events and their dependencies in a news topic through our event models,"We formally define the novel problem, suggest evaluation metrics and present a few techniques for solving the problem",emptyanswer,emptyanswer,emptyanswer,emptyanswer,emptyanswer,emptyanswer,emptyanswer,emptyanswer,emptyanswer,emptyanswer,emptyanswer
3MDWE879UG1VQ3698U7RQTQT61J9BQ,3T3IWE1XG6M418E6FKE011IQG10TQT,AM1HY736BY3Z8,Approved,Thu Mar 12 13:58:19 EDT 2015,Thu Mar 12 13:59:10 EDT 2015,Event Threading within News Topics,"With the overwhelming volume of online news available today, there is an increasing need for automatic techniques to analyze and present news to the user in a meaningful and efficient manner.",we attempt to capture the rich structure of events and their dependencies in a news topic through our event models.,"We formally define the novel problem, suggest evaluation metrics and present a few techniques for solving the problem.",ur experiments on a manually labeled data sets show that our models effectively identify the events and capture dependencies among them.,emptyanswer,emptyanswer,emptyanswer,emptyanswer,emptyanswer,emptyanswer,emptyanswer,emptyanswer,emptyanswer,emptyanswer,emptyanswer
3MDWE879UG1VQ3698U7RQTQT61J9BQ,3NPI0JQDAO4J1WDRF7ZB1WSGB6HTP7,A3MRB8TFD1IUS6,Approved,Thu Mar 12 15:16:25 EDT 2015,Thu Mar 12 15:18:18 EDT 2015,Event Threading,News Topics,automatic techniques,perspective of modeling,analyze,problem,emptyanswer,emptyanswer,emptyanswer,emptyanswer,emptyanswer,emptyanswer,emptyanswer,emptyanswer,emptyanswer,emptyanswer
3MDWE879UG1VQ3698U7RQTQT61J9BQ,3VE8AYVF8MWOCZW9Y6SBY6IPVOAF84,A2ILFPMIQ65I1U,Approved,Fri Mar 13 08:47:36 EDT 2015,Fri Mar 13 08:51:01 EDT 2015,Information overload is a problem.,Organizing is not enough.,Organizing is inefficient.,We are more in depth with news information and make it easier and fun.,"We call it event threading, linking what happened with similar happenings.","Event threading uses events, locations, and time to weave news together.",emptyanswer,emptyanswer,emptyanswer,emptyanswer,emptyanswer,emptyanswer,emptyanswer,emptyanswer,emptyanswer,emptyanswer
3MDWE879UG1VQ3698U7RQTQT61J9BQ,3OWEPKL089BW0D47MPJISBV3MVQ7NG,A3HPVFAF1U9WXK,Approved,Fri Mar 13 09:01:10 EDT 2015,Fri Mar 13 09:01:55 EDT 2015,News,analyze,topics,event models,dependencies,emptyanswer,emptyanswer,emptyanswer,emptyanswer,emptyanswer,emptyanswer,emptyanswer,emptyanswer,emptyanswer,emptyanswer,emptyanswer
3MDWE879UG1VQ3698U7RQTQT61J9BQ,323Q6SJS8IFH5AX21AMHBJBOY8CHFZ,A3DTN2OMF6DUSI,Approved,Fri Mar 13 23:01:44 EDT 2015,Fri Mar 13 23:02:03 EDT 2015,Event,Threading,evaluation,metrics,dependencies,emptyanswer,emptyanswer,emptyanswer,emptyanswer,emptyanswer,emptyanswer,emptyanswer,emptyanswer,emptyanswer,emptyanswer,emptyanswer
3MDWE879UG1VQ3698U7RQTQT61J9BQ,34S6N1K2ZVI3527YNLPF6WG8V6QHL0,A2JOYXFN8HXXLS,Approved,Sat Mar 14 06:18:10 EDT 2015,Sat Mar 14 06:23:04 EDT 2015,organizing news stories,event threading,automatic techniques to analyze and present news,hierarchy,news,efficient,emptyanswer,emptyanswer,emptyanswer,emptyanswer,emptyanswer,emptyanswer,emptyanswer,emptyanswer,emptyanswer,emptyanswer
3MDWE879UG1VQ3698U7RQTQT61J9BQ,3JNQLM5FT4LZQC4G40M8JSA66NZ2LU,A2Z9HR2IBD75R9,Approved,Sat Mar 14 09:54:14 EDT 2015,Sat Mar 14 09:54:30 EDT 2015,Threading,Topics,problem,capturing,dependencies,emptyanswer,emptyanswer,emptyanswer,emptyanswer,emptyanswer,emptyanswer,emptyanswer,emptyanswer,emptyanswer,emptyanswer,emptyanswer
3MDWE879UG1VQ3698U7RQTQT61J9BQ,30BUDKLTXDUDJ3DB5X1244NYH19E56,A2UNRV6PEOEXG0,Approved,Sat Mar 14 13:40:42 EDT 2015,Sat Mar 14 13:41:21 EDT 2015,event threading,news topics,online news,dependencies,event recognition,emptyanswer,emptyanswer,emptyanswer,emptyanswer,emptyanswer,emptyanswer,emptyanswer,emptyanswer,emptyanswer,emptyanswer,emptyanswer
3MDWE879UG1VQ3698U7RQTQT61J9BQ,3HSYG7LRBJXJNMQO86GB4OJLYOCKKT,ACVJ6IUO9QM4R,Approved,Sat Mar 14 17:25:02 EDT 2015,Sat Mar 14 17:26:17 EDT 2015,Presenting the news in an efficient manner.,large volume of news topics available today,Event threading,formal definition of the novel problem,novel features,emptyanswer,emptyanswer,emptyanswer,emptyanswer,emptyanswer,emptyanswer,emptyanswer,emptyanswer,emptyanswer,emptyanswer,emptyanswer
3MDWE879UG1VQ3698U7RQTQT61J9BQ,34T446B1C0DZRY7WC0PVXLR4FH10CU,AH3ER3EJXHRO2,Approved,Sat Mar 14 19:11:24 EDT 2015,Sat Mar 14 19:11:56 EDT 2015,event threading,news topics,automatic analyzation,hierarchy,event models,emptyanswer,emptyanswer,emptyanswer,emptyanswer,emptyanswer,emptyanswer,emptyanswer,emptyanswer,emptyanswer,emptyanswer,emptyanswer
3MDWE879UG1VQ3698U7RQTQT61J9BQ,3JNQLM5FT4LZQC4G40M8JSA66P5L2N,A29ZV4XJB7R1O,Approved,Sat Mar 14 20:31:58 EDT 2015,Sat Mar 14 20:43:16 EDT 2015,Event,Threading,News,Topics,volume,emptyanswer,emptyanswer,emptyanswer,emptyanswer,emptyanswer,emptyanswer,emptyanswer,emptyanswer,emptyanswer,emptyanswer,emptyanswer
3MDWE879UG1VQ3698U7RQTQT61J9BQ,3ZSY5X72NXAO0HOYWIH1CHM8DMTROS,A1G94QON7A9K0N,Approved,Sat Mar 14 21:02:06 EDT 2015,Sat Mar 14 21:02:24 EDT 2015,online,news,events,topic,stories,emptyanswer,emptyanswer,emptyanswer,emptyanswer,emptyanswer,emptyanswer,emptyanswer,emptyanswer,emptyanswer,emptyanswer,emptyanswer
