HitId,AssignmentId,WorkerId,Status,AcceptTime,SubmitTime,Answer 1,Answer 2,Answer 3,Answer 4,Answer 5,Answer 6,Answer 7,Answer 8,Answer 9,Answer 10,Answer 11,Answer 12,Answer 13,Answer 14,Answer 15,Answer 16
3N7PQ0KLI4O7I4TD1C870OTS96ME3E,35LDD5557A3EDAQRTITRJ1BPMZBMKF,AUVC78LEL0T6L,Approved,Mon Mar 02 12:39:52 EST 2015,Mon Mar 02 12:44:57 EST 2015,Agents,Beliefs,Plausible Behavior,Computation tree logic with knowledge,CLTK with plausibility,emptyanswer,emptyanswer,emptyanswer,emptyanswer,emptyanswer,emptyanswer,emptyanswer,emptyanswer,emptyanswer,emptyanswer,emptyanswer
3N7PQ0KLI4O7I4TD1C870OTS96ME3E,3PWWM24LHSX4B5KXABD4ENO0LV582Y,A22R7DT2XQIKXV,Approved,Mon Mar 02 15:03:55 EST 2015,Mon Mar 02 15:04:06 EST 2015,aa,aa,aa,aa,aa,emptyanswer,emptyanswer,emptyanswer,emptyanswer,emptyanswer,emptyanswer,emptyanswer,emptyanswer,emptyanswer,emptyanswer,emptyanswer
3N7PQ0KLI4O7I4TD1C870OTS96ME3E,3QAPZX2QN4CMTGFUF70PL8II2X002A,A3ODG942FG22PJ,Approved,Mon Mar 02 17:40:57 EST 2015,Mon Mar 02 17:41:16 EST 2015,Agents,Beliefs,Behavior,Temporal,CTLK,na,na,na,na,na,na,na,na,na,na,na
3N7PQ0KLI4O7I4TD1C870OTS96ME3E,3VAR3R6G1P0IIC92X9B1L0R3M0J8OM,A3FG9YWTFFK1AU,Approved,Mon Mar 02 20:08:53 EST 2015,Mon Mar 02 20:14:52 EST 2015,Agents,Beliefs,Plausible behavior,temporal setting,computation tree logic with knowledge,CTLK,KD45 modality,emptyanswer,emptyanswer,emptyanswer,emptyanswer,emptyanswer,emptyanswer,emptyanswer,emptyanswer,emptyanswer
3N7PQ0KLI4O7I4TD1C870OTS96ME3E,3483FV8BEEIH7R19HWG6U9S9F0Z26Q,A26M2B8NZVKWTZ,Approved,Mon Mar 02 21:39:05 EST 2015,Mon Mar 02 21:39:32 EST 2015,Agents,Beliefs,Plausible,Behavior,Temporal,emptyanswer,emptyanswer,emptyanswer,emptyanswer,emptyanswer,emptyanswer,emptyanswer,emptyanswer,emptyanswer,emptyanswer,emptyanswer
3N7PQ0KLI4O7I4TD1C870OTS96ME3E,3K4J6M3CXES89NLJ6OI7CIOWL2XAGA,A2R085B34P2LYS,Approved,Mon Mar 02 22:44:51 EST 2015,Mon Mar 02 22:53:19 EST 2015,Agents,Beliefs,Plausible,Behavior,Temporal,emptyanswer,emptyanswer,emptyanswer,emptyanswer,emptyanswer,emptyanswer,emptyanswer,emptyanswer,emptyanswer,emptyanswer,emptyanswer
3N7PQ0KLI4O7I4TD1C870OTS96ME3E,3EJPLAJKEMF7D24L63PKHK2G0AQZ6P,A1B5NXRZQYRC4R,Approved,Tue Mar 03 09:10:03 EST 2015,Tue Mar 03 09:10:25 EST 2015,agents,beliefs,plausable,behavior,temporal,emptyanswer,emptyanswer,emptyanswer,emptyanswer,emptyanswer,emptyanswer,emptyanswer,emptyanswer,emptyanswer,emptyanswer,emptyanswer
3N7PQ0KLI4O7I4TD1C870OTS96ME3E,3LJ7UR74RHCZHQMOKRLBPZBTU5G4NW,A27I79P03I0ZPO,Approved,Tue Mar 03 10:33:40 EST 2015,Tue Mar 03 10:35:51 EST 2015,Behavior,Temporal,Setting,Agents,Beliefs,emptyanswer,emptyanswer,emptyanswer,emptyanswer,emptyanswer,emptyanswer,emptyanswer,emptyanswer,emptyanswer,emptyanswer,emptyanswer
3N7PQ0KLI4O7I4TD1C870OTS96ME3E,39LOEL67OS4TWNGGEBR9XXTSRAM83S,A1LQZW7ROEUUJ9,Approved,Tue Mar 03 10:57:20 EST 2015,Tue Mar 03 10:59:02 EST 2015,Agents,Beliefs,Plausible Behavior,Temporal Setting,knowledge and belief,CTLK,CTLKP,emptyanswer,emptyanswer,emptyanswer,emptyanswer,emptyanswer,emptyanswer,emptyanswer,emptyanswer,emptyanswer
3N7PQ0KLI4O7I4TD1C870OTS96ME3E,3L6L49WXW0WVR1GIGRPPVIB73LX45P,A9HQ3E0F2AGVO,Approved,Tue Mar 03 17:12:26 EST 2015,Tue Mar 03 17:13:32 EST 2015,real-world problems,CTLK (computation tree logic with knowledge),practical and counterfactual reasoning,CTLKP (CTLK with plausibility),PTIME-complete,emptyanswer,emptyanswer,emptyanswer,emptyanswer,emptyanswer,emptyanswer,emptyanswer,emptyanswer,emptyanswer,emptyanswer,emptyanswer
3N7PQ0KLI4O7I4TD1C870OTS96ME3E,3HUTX6F6VUM7WX7DHS20B9E003RO25,A3S81UFDOWF2ST,Approved,Wed Mar 04 10:10:50 EST 2015,Wed Mar 04 10:11:48 EST 2015,Temporal Setting,"Agents, Beliefs, and Plausible Behavior",CTLKP,KD45,PTIME,emptyanswer,emptyanswer,emptyanswer,emptyanswer,emptyanswer,emptyanswer,emptyanswer,emptyanswer,emptyanswer,emptyanswer,emptyanswer
3N7PQ0KLI4O7I4TD1C870OTS96ME3E,33PPO7FECVEK3LUQGM9CNV9ILLLIDH,A3FFZN4FO3Q789,Approved,Wed Mar 04 10:59:01 EST 2015,Wed Mar 04 11:02:16 EST 2015,preliminary,preliminary,preliminary,preliminary,preliminary,emptyanswer,emptyanswer,emptyanswer,emptyanswer,emptyanswer,emptyanswer,emptyanswer,emptyanswer,emptyanswer,emptyanswer,emptyanswer
3N7PQ0KLI4O7I4TD1C870OTS96ME3E,336YQZE83VDBVR5OMVPLHCS7PDD5MI,A3H35QRODK1C4K,Approved,Wed Mar 04 12:20:04 EST 2015,Wed Mar 04 12:20:24 EST 2015,agents,beliefs,plausible,behavior,temporal,emptyanswer,emptyanswer,emptyanswer,emptyanswer,emptyanswer,emptyanswer,emptyanswer,emptyanswer,emptyanswer,emptyanswer,emptyanswer
3N7PQ0KLI4O7I4TD1C870OTS96ME3E,3MYYFCXHJ36T7Y52XN8GZF2WTWF4GF,A2F6ZON8X5EAGL,Approved,Wed Mar 04 14:54:57 EST 2015,Wed Mar 04 14:55:43 EST 2015,"Agents, Beliefs, and Plausible Behavior in a Temporal Setting",knowledge,problems,reasoning,models,emptyanswer,emptyanswer,emptyanswer,emptyanswer,emptyanswer,emptyanswer,emptyanswer,emptyanswer,emptyanswer,emptyanswer,emptyanswer
3N7PQ0KLI4O7I4TD1C870OTS96ME3E,3M0NZ3JDP1XBUY471KFFPEOG4IKZ5K,A3OTLWGJFB65KD,Approved,Wed Mar 04 19:23:54 EST 2015,Wed Mar 04 19:24:02 EST 2015,nothing,nothing,nothing,nothing,nothing,emptyanswer,emptyanswer,emptyanswer,emptyanswer,emptyanswer,emptyanswer,emptyanswer,emptyanswer,emptyanswer,emptyanswer,emptyanswer
3N7PQ0KLI4O7I4TD1C870OTS96ME3E,3RANCT1ZVFGWXFR6W77KB89TCXCBUV,A3LUJSAN4DQ1ZT,Approved,Wed Mar 04 23:14:25 EST 2015,Wed Mar 04 23:15:08 EST 2015,plausible behavior,temporal setting,real-world problems,CTLKP,KD45,PTIME-complete,emptyanswer,emptyanswer,emptyanswer,emptyanswer,emptyanswer,emptyanswer,emptyanswer,emptyanswer,emptyanswer,emptyanswer
3N7PQ0KLI4O7I4TD1C870OTS96ME3E,36U2A8VAG1YE7RF5CLH2DWYWVF1KYR,A9LA6QK6VCERR,Approved,Thu Mar 05 00:03:26 EST 2015,Thu Mar 05 00:04:49 EST 2015,CTLK,computation tree logic with knowledge,CTLK with plausibility,KD45 modality,PTIME-complet,plausibility update operator,emptyanswer,emptyanswer,emptyanswer,emptyanswer,emptyanswer,emptyanswer,emptyanswer,emptyanswer,emptyanswer,emptyanswer
3N7PQ0KLI4O7I4TD1C870OTS96ME3E,3S4AW7T80BH9TQJ38E5WC774PEN4L9,A1YLO4LT02D2F0,Approved,Thu Mar 05 03:35:15 EST 2015,Thu Mar 05 03:36:17 EST 2015,Logics of knowledge and belief,to be used on real-world problems,no concept for expressing that some course of events,which allows for practical and counterfactual reasoning,We also show that model checking CTLKP,emptyanswer,emptyanswer,emptyanswer,emptyanswer,emptyanswer,emptyanswer,emptyanswer,emptyanswer,emptyanswer,emptyanswer,emptyanswer
3N7PQ0KLI4O7I4TD1C870OTS96ME3E,32M8BPYGATLNF54HICAKTGCFYG0IGW,A1QUDNLO95AKS5,Approved,Thu Mar 05 12:18:14 EST 2015,Thu Mar 05 12:18:35 EST 2015,Agents,Plausible Behavior,Beliefs,natural class of models,Temporal Setting,emptyanswer,emptyanswer,emptyanswer,emptyanswer,emptyanswer,emptyanswer,emptyanswer,emptyanswer,emptyanswer,emptyanswer,emptyanswer
3N7PQ0KLI4O7I4TD1C870OTS96ME3E,34S6N1K2ZVI3527YNLPF6WG8ULUHLX,A1W7BQWWGKJ3XF,Approved,Thu Mar 05 16:10:05 EST 2015,Thu Mar 05 16:10:39 EST 2015,Agents,Beliefs,Plausible Behavior,Temporal Setting,CTLKP (CTLK with plausibility),emptyanswer,emptyanswer,emptyanswer,emptyanswer,emptyanswer,emptyanswer,emptyanswer,emptyanswer,emptyanswer,emptyanswer,emptyanswer
3N7PQ0KLI4O7I4TD1C870OTS96ME3E,3N1FSUEFL5ZQVEVBVX78TUZZG7CD4X,A3I10J1GPDAPQR,Approved,Thu Mar 05 17:14:30 EST 2015,Thu Mar 05 17:16:30 EST 2015,Agents,Beliefs,Plausible Behavior,Temporal Setting,Logics of knowledge and belief,emptyanswer,emptyanswer,emptyanswer,emptyanswer,emptyanswer,emptyanswer,emptyanswer,emptyanswer,emptyanswer,emptyanswer,emptyanswer
3N7PQ0KLI4O7I4TD1C870OTS96ME3E,369J354OFD97ML9GGB1VWDMAPRQG6P,ADUJUZANFOWKW,Approved,Thu Mar 05 19:47:37 EST 2015,Thu Mar 05 19:48:56 EST 2015,CTLK,models,logic,belief,PTIME,emptyanswer,emptyanswer,emptyanswer,emptyanswer,emptyanswer,emptyanswer,emptyanswer,emptyanswer,emptyanswer,emptyanswer,emptyanswer
3N7PQ0KLI4O7I4TD1C870OTS96ME3E,3VSOLARPKB8TASZQJ3XNXTO3BOP39D,A3DHYTZ1GPN0T8,Approved,Thu Mar 05 22:50:36 EST 2015,Thu Mar 05 22:51:05 EST 2015,Logics of knowledge,CTLK,real-world problems,plausibility,PTIME-complete,emptyanswer,emptyanswer,emptyanswer,emptyanswer,emptyanswer,emptyanswer,emptyanswer,emptyanswer,emptyanswer,emptyanswer,emptyanswer
3N7PQ0KLI4O7I4TD1C870OTS96ME3E,3SLE99ER0NCDJELG2U6SS0O8EL2ZBV,ADVZAZ12Z8N9J,Approved,Fri Mar 06 08:08:08 EST 2015,Fri Mar 06 08:16:48 EST 2015,Logics of knowledge and belief are often too static and inflexible to be used on real-world problems.,"In particular, they usually offer no concept for expressing that some course of events is more likely to happen than another.","We address this problem and extend CTLK (computation tree logic with knowledge) with a notion of plausibility, which allows for practical and counterfactual reasoning.",The new logic CTLKP (CTLK with plausibility) includes also a particular notion of belief.,A plausibility update operator is added to this logic in order to change plausibility assumptions dynamically.,emptyanswer,emptyanswer,emptyanswer,emptyanswer,emptyanswer,emptyanswer,emptyanswer,emptyanswer,emptyanswer,emptyanswer,emptyanswer
3N7PQ0KLI4O7I4TD1C870OTS96ME3E,34Q075JO1XCF4VXYW30BGP8DA2A013,AQXSUU4I4DAH8,Approved,Fri Mar 06 10:47:04 EST 2015,Fri Mar 06 10:48:06 EST 2015,natural class of models,static and inflexible,"Agents, Beliefs, and Plausible Behavior",CTLK with plausibility,Temporal Setting,emptyanswer,emptyanswer,emptyanswer,emptyanswer,emptyanswer,emptyanswer,emptyanswer,emptyanswer,emptyanswer,emptyanswer,emptyanswer
3N7PQ0KLI4O7I4TD1C870OTS96ME3E,3LO69W1SU3CP56CN3F7XLW47FQ9GLZ,A2KELEVTA0306Y,Approved,Fri Mar 06 11:37:44 EST 2015,Fri Mar 06 11:39:20 EST 2015,Logics,knowledge,belief,static,inflexible,problems,usually,concept,expressing,plausibility,assumptions,Furthermore,linear,size,models,formulae
3N7PQ0KLI4O7I4TD1C870OTS96ME3E,3PM8NZGV8YFBIPNQKUFXQ43WSMSXQX,A3G4SXD4N30C3L,Approved,Fri Mar 06 11:44:15 EST 2015,Fri Mar 06 11:44:50 EST 2015,"Agents, Beliefs, and Plausible Behavior",Temporal Setting,CTLK (computation tree logic with knowledge),new logic CTLKP (CTLK with plausibility),KD45 modality,CTLKP is PTIME-complete,emptyanswer,emptyanswer,emptyanswer,emptyanswer,emptyanswer,emptyanswer,emptyanswer,emptyanswer,emptyanswer,emptyanswer
3N7PQ0KLI4O7I4TD1C870OTS96ME3E,3KAKFY4PGU1MLTSTNX30AMN6UHN3ID,A3K6BSW10S4YKJ,Approved,Fri Mar 06 13:20:38 EST 2015,Fri Mar 06 13:22:01 EST 2015,CTLK (computation tree logic with knowledge),counterfactual reasoning,CTLKP (CTLK with plausibility),belief is a KD45 modality,model checking CTLKP is PTIME-complete,emptyanswer,emptyanswer,emptyanswer,emptyanswer,emptyanswer,emptyanswer,emptyanswer,emptyanswer,emptyanswer,emptyanswer,emptyanswer
3N7PQ0KLI4O7I4TD1C870OTS96ME3E,3YWRV122CSYDVHTZTVNAK6JS4ZXU81,A28IXE702NXWKQ,Approved,Fri Mar 06 20:34:26 EST 2015,Fri Mar 06 20:35:00 EST 2015,Logics of knowledge,plausibility,properties,CTLK (computation tree logic with knowledge),PTIME-complete,emptyanswer,emptyanswer,emptyanswer,emptyanswer,emptyanswer,emptyanswer,emptyanswer,emptyanswer,emptyanswer,emptyanswer,emptyanswer
3N7PQ0KLI4O7I4TD1C870OTS96ME3E,3A1PQ49WVHGQFV3UUB7WMH7UWM5H1L,A2GBY8O6GYSB89,Approved,Sat Mar 07 12:20:14 EST 2015,Sat Mar 07 12:22:04 EST 2015,Plausible Behavior in a Temporal Setting,real-world problems,practical and counterfactual reasoning,logic CTLKP,plausibility assumptions,emptyanswer,emptyanswer,emptyanswer,emptyanswer,emptyanswer,emptyanswer,emptyanswer,emptyanswer,emptyanswer,emptyanswer,emptyanswer
3N7PQ0KLI4O7I4TD1C870OTS96ME3E,3WETL7AQWT7A95XEGDK6LDJ1PXW53O,A37WDQ1VG5XN6Z,Approved,Sat Mar 07 13:32:11 EST 2015,Sat Mar 07 13:32:23 EST 2015,nothing,nothing,nothing,nothing,nothing,emptyanswer,emptyanswer,emptyanswer,emptyanswer,emptyanswer,emptyanswer,emptyanswer,emptyanswer,emptyanswer,emptyanswer,emptyanswer
3N7PQ0KLI4O7I4TD1C870OTS96ME3E,33OOO72IVHK0774NA2D5HWT9BEWCTN,APEB5ERGCYP6D,Approved,Sat Mar 07 23:57:28 EST 2015,Sun Mar 08 00:07:34 EST 2015,Logics of knowledge and belief,too static and inflexible,no concept for expressing that some course of events,computation tree logic with knowledge,a notion of plausibility,emptyanswer,emptyanswer,emptyanswer,emptyanswer,emptyanswer,emptyanswer,emptyanswer,emptyanswer,emptyanswer,emptyanswer,emptyanswer
3N7PQ0KLI4O7I4TD1C870OTS96ME3E,3S4AW7T80BH9TQJ38E5WC774PPXL4M,A38IE69ORDCEGY,Approved,Sun Mar 08 00:51:39 EST 2015,Sun Mar 08 00:53:39 EST 2015,temporal setting,CTLK,plausibility in computation tree logic,dynamic plausibility assumptions,KD45 modality,emptyanswer,emptyanswer,emptyanswer,emptyanswer,emptyanswer,emptyanswer,emptyanswer,emptyanswer,emptyanswer,emptyanswer,emptyanswer
3N7PQ0KLI4O7I4TD1C870OTS96ME3E,3W92K5RLWUGULEZX0NQC48BKGJEV54,A2YW509B0UMSEH,Approved,Sun Mar 08 13:49:20 EDT 2015,Sun Mar 08 13:52:36 EDT 2015,Agents,Beliefs,Plausible Behavior,eal-world problems,model,emptyanswer,emptyanswer,emptyanswer,emptyanswer,emptyanswer,emptyanswer,emptyanswer,emptyanswer,emptyanswer,emptyanswer,emptyanswer
3N7PQ0KLI4O7I4TD1C870OTS96ME3E,3Y5140Z9DXFTSIXGLV07NPQ7ZHWIPT,A1AWEM2XEAVOVQ,Approved,Sun Mar 08 20:30:42 EDT 2015,Sun Mar 08 20:32:16 EDT 2015,computation tree logic with knowledge,model checking,beliefs,models,agents,emptyanswer,emptyanswer,emptyanswer,emptyanswer,emptyanswer,emptyanswer,emptyanswer,emptyanswer,emptyanswer,emptyanswer,emptyanswer
3N7PQ0KLI4O7I4TD1C870OTS96ME3E,392CY0QWG1Q73PBXNB8JKRFC8MBI4F,A156NFBMKKLDL9,Approved,Sun Mar 08 21:53:07 EDT 2015,Sun Mar 08 21:53:31 EDT 2015,Agents,Beliefs,Plausible Behavior in a Temporal Setting,CTLK with plausibility,plausibility update operator,emptyanswer,emptyanswer,emptyanswer,emptyanswer,emptyanswer,emptyanswer,emptyanswer,emptyanswer,emptyanswer,emptyanswer,emptyanswer
3N7PQ0KLI4O7I4TD1C870OTS96ME3E,3IFS6Q0HJIIQ5AD8DC41IUVIM2TSIB,A12J6O77R7WG93,Approved,Mon Mar 09 02:05:25 EDT 2015,Mon Mar 09 02:08:13 EDT 2015,inflexible,real-world problems,counterfactual reasoning,plausibility update operator,change plausibility assumptions dynamically,natural class of models,time linear,emptyanswer,emptyanswer,emptyanswer,emptyanswer,emptyanswer,emptyanswer,emptyanswer,emptyanswer,emptyanswer
3N7PQ0KLI4O7I4TD1C870OTS96ME3E,3P529IW9KYKJR6GSSV1F3B4VEG4FL4,A2SZAM3EZER2PH,Approved,Mon Mar 09 05:54:29 EDT 2015,Mon Mar 09 05:55:25 EDT 2015,static and inflexible,concept for expressing,CTLK with plausibility,KD45 modality,CTLKP is PTIME-complete,emptyanswer,emptyanswer,emptyanswer,emptyanswer,emptyanswer,emptyanswer,emptyanswer,emptyanswer,emptyanswer,emptyanswer,emptyanswer
3N7PQ0KLI4O7I4TD1C870OTS96ME3E,3NXNZ5RS1AWBBB0DLF0DAA0JGZ8973,A2E2IQ99W6B7AV,Approved,Mon Mar 09 06:47:06 EDT 2015,Mon Mar 09 06:48:21 EDT 2015,Static beliefs,Computer reasoning,Model checking,Plausibility assumptioning,Dynamic systems,emptyanswer,emptyanswer,emptyanswer,emptyanswer,emptyanswer,emptyanswer,emptyanswer,emptyanswer,emptyanswer,emptyanswer,emptyanswer
3N7PQ0KLI4O7I4TD1C870OTS96ME3E,3R6BYFZZP7BER0XH6E43E5ZILQ4XF0,A1PXJWCNRYCBS5,Approved,Mon Mar 09 17:09:58 EDT 2015,Mon Mar 09 17:12:24 EDT 2015,Agents,Beliefs,Plausible Behavior,Temporal Setting,KD45 modality,emptyanswer,emptyanswer,emptyanswer,emptyanswer,emptyanswer,emptyanswer,emptyanswer,emptyanswer,emptyanswer,emptyanswer,emptyanswer
3N7PQ0KLI4O7I4TD1C870OTS96ME3E,3TR2532VIPTHDNZHOHMYTQEQHV56J5,A3UY2GVCKC8LSL,Approved,Tue Mar 10 06:36:34 EDT 2015,Tue Mar 10 06:40:01 EDT 2015,Temporal Setting,real-world problem,computation tree logic with knowledge,CTLKP,PTIME-complete,emptyanswer,emptyanswer,emptyanswer,emptyanswer,emptyanswer,emptyanswer,emptyanswer,emptyanswer,emptyanswer,emptyanswer,emptyanswer
3N7PQ0KLI4O7I4TD1C870OTS96ME3E,3907X2AHF04PHXJEWSFF09JQAPR2P2,AW36CVMS3526O,Approved,Tue Mar 10 14:33:51 EDT 2015,Tue Mar 10 14:34:58 EDT 2015,Behavior,expressing,plausibility,models,formulae,emptyanswer,emptyanswer,emptyanswer,emptyanswer,emptyanswer,emptyanswer,emptyanswer,emptyanswer,emptyanswer,emptyanswer,emptyanswer
3N7PQ0KLI4O7I4TD1C870OTS96ME3E,3CP1TO84PT0LON1VCD6123E9JQX52S,ATRHDYWCIYTDJ,Approved,Wed Mar 11 04:47:03 EDT 2015,Wed Mar 11 04:47:15 EDT 2015,belief,used,particular,checking,respect,emptyanswer,emptyanswer,emptyanswer,emptyanswer,emptyanswer,emptyanswer,emptyanswer,emptyanswer,emptyanswer,emptyanswer,emptyanswer
3N7PQ0KLI4O7I4TD1C870OTS96ME3E,3DR23U6WE5DF45O16TJ07KTCWXETEG,A3CMDYA9USA3MR,Approved,Wed Mar 11 07:42:55 EDT 2015,Wed Mar 11 07:43:12 EDT 2015,knowledge,belief,inflexible,problems,complete,emptyanswer,emptyanswer,emptyanswer,emptyanswer,emptyanswer,emptyanswer,emptyanswer,emptyanswer,emptyanswer,emptyanswer,emptyanswer
3N7PQ0KLI4O7I4TD1C870OTS96ME3E,3VBEN272MKYC9J7DNO4YXII27ULGS1,A1JWEYGDFDB100,Approved,Wed Mar 11 10:55:14 EDT 2015,Wed Mar 11 10:56:21 EDT 2015,Agents,Beliefs,Plausible Behavior,Temporal Setting,computation tree logic with knowledge,emptyanswer,emptyanswer,emptyanswer,emptyanswer,emptyanswer,emptyanswer,emptyanswer,emptyanswer,emptyanswer,emptyanswer,emptyanswer
3N7PQ0KLI4O7I4TD1C870OTS96ME3E,3D4CH1LGEASU44BEEI47GNDCF6J9G6,A2SDTL2V8VJ25O,Approved,Wed Mar 11 20:44:02 EDT 2015,Wed Mar 11 20:44:51 EDT 2015,Agents,Beliefs,Plausible,Temporal,modality,emptyanswer,emptyanswer,emptyanswer,emptyanswer,emptyanswer,emptyanswer,emptyanswer,emptyanswer,emptyanswer,emptyanswer,emptyanswer
3N7PQ0KLI4O7I4TD1C870OTS96ME3E,32Z9ZLUT1LJBBNAV0D57YDK2Q6IOH1,A2KS418T8MPLJH,Approved,Thu Mar 12 11:04:22 EDT 2015,Thu Mar 12 11:08:23 EDT 2015,Logics of knowledge and belief are often too static and inflexible to be used on real-world problems.,"In particular, they usually offer no concept for expressing that some course of events is more likely to happen than another",which allows for practical and counterfactual reasoning.,he new logic CTLKP (CTLK with plausibility) includes also a particular notion of belief.,"Furthermore, we examine some important properties of these concepts",emptyanswer,emptyanswer,emptyanswer,emptyanswer,emptyanswer,emptyanswer,emptyanswer,emptyanswer,emptyanswer,emptyanswer,emptyanswer
3N7PQ0KLI4O7I4TD1C870OTS96ME3E,3ZY8KE4ISJ2JE0IVKFEF2J6BDMEQV4,AM1HY736BY3Z8,Approved,Thu Mar 12 12:43:21 EDT 2015,Thu Mar 12 12:44:06 EDT 2015,"Agents, Beliefs, and Plausible Behavior in a Temporal Setting",Logics of knowledge and belief are often too static and inflexible to be used on real-world problems,they usually offer no concept for expressing that some course of events is more likely to happen than another,The new logic CTLKP (CTLK with plausibility) includes also a particular notion of belief. A plausibility update operator is added to this logic in order to change plausibility assumptions dynamically.,We also show that model checking CTLKP is PTIME-complete and can be done in time linear with respect to the size of models and formulae.,emptyanswer,emptyanswer,emptyanswer,emptyanswer,emptyanswer,emptyanswer,emptyanswer,emptyanswer,emptyanswer,emptyanswer,emptyanswer
3N7PQ0KLI4O7I4TD1C870OTS96ME3E,32EYX73OY08JDM8VS4TABNEXV2AURP,AU3WQKISBW5MZ,Approved,Thu Mar 12 14:35:45 EDT 2015,Thu Mar 12 14:36:04 EDT 2015,"Logics of knowledge and belief are often too static and inflexible to be used on real-world problems. In particular, they usually offer no concept for expressing that some course of events is more likely to happen than another. We address this problem and extend CTLK (computation tree logic with knowledge) with a notion of plausibility, which allows for practical and counterfactual reasoning. The new logic CTLKP (CTLK with plausibility) includes also a particular notion of belief.","Logics of knowledge and belief are often too static and inflexible to be used on real-world problems. In particular, they usually offer no concept for expressing that some course of events is more likely to happen than another. We address this problem and extend CTLK (computation tree logic with knowledge) with a notion of plausibility, which allows for practical and counterfactual reasoning. The new logic CTLKP (CTLK with plausibility) includes also a particular notion of belief.","Logics of knowledge and belief are often too static and inflexible to be used on real-world problems. In particular, they usually offer no concept for expressing that some course of events is more likely to happen than another. We address this problem and extend CTLK (computation tree logic with knowledge) with a notion of plausibility, which allows for practical and counterfactual reasoning. The new logic CTLKP (CTLK with plausibility) includes also a particular notion of belief.","Logics of knowledge and belief are often too static and inflexible to be used on real-world problems. In particular, they usually offer no concept for expressing that some course of events is more likely to happen than another. We address this problem and extend CTLK (computation tree logic with knowledge) with a notion of plausibility, which allows for practical and counterfactual reasoning. The new logic CTLKP (CTLK with plausibility) includes also a particular notion of belief.","Logics of knowledge and belief are often too static and inflexible to be used on real-world problems. In particular, they usually offer no concept for expressing that some course of events is more likely to happen than another. We address this problem and extend CTLK (computation tree logic with knowledge) with a notion of plausibility, which allows for practical and counterfactual reasoning. The new logic CTLKP (CTLK with plausibility) includes also a particular notion of belief.",emptyanswer,emptyanswer,emptyanswer,emptyanswer,emptyanswer,emptyanswer,emptyanswer,emptyanswer,emptyanswer,emptyanswer,emptyanswer
3N7PQ0KLI4O7I4TD1C870OTS96ME3E,3SEPORI8WNY804GOWG6WXP42XG3ZAD,A3MRB8TFD1IUS6,Approved,Thu Mar 12 15:19:55 EDT 2015,Thu Mar 12 15:21:31 EDT 2015,Agents,Beliefs,Plausible Behavior,Temporal Setting,computation tree logic with knowledge,plausiblility,emptyanswer,emptyanswer,emptyanswer,emptyanswer,emptyanswer,emptyanswer,emptyanswer,emptyanswer,emptyanswer,emptyanswer
3N7PQ0KLI4O7I4TD1C870OTS96ME3E,3D4CH1LGEASU44BEEI47GNDCG9S9GM,A1A9GCQVBEMT58,Approved,Fri Mar 13 08:39:19 EDT 2015,Fri Mar 13 08:42:49 EDT 2015,Logics of knowledge,CTLK  or computation tree logic with knowledge,notion of plausibility,practical and counterfactual reasoning,plausibility update operator,plausibility assumptions dynamically,natural class of models,KD45 modality,CTLKP is PTIME,time linear,emptyanswer,emptyanswer,emptyanswer,emptyanswer,emptyanswer,emptyanswer
3N7PQ0KLI4O7I4TD1C870OTS96ME3E,3LBXNTKX0RU5QQ643S4B49D7J00X9G,A3DTN2OMF6DUSI,Approved,Fri Mar 13 23:08:46 EDT 2015,Fri Mar 13 23:09:01 EDT 2015,Agents,Beliefs,Plausible,Behavior,models,emptyanswer,emptyanswer,emptyanswer,emptyanswer,emptyanswer,emptyanswer,emptyanswer,emptyanswer,emptyanswer,emptyanswer,emptyanswer
3N7PQ0KLI4O7I4TD1C870OTS96ME3E,3ZSY5X72NXAO0HOYWIH1CHM8DKSORK,A610SH5RY1NG1,Approved,Sat Mar 14 06:13:06 EDT 2015,Sat Mar 14 06:13:31 EDT 2015,agents,beliefs,plausible behavior,temporal setting,events,emptyanswer,emptyanswer,emptyanswer,emptyanswer,emptyanswer,emptyanswer,emptyanswer,emptyanswer,emptyanswer,emptyanswer,emptyanswer
3N7PQ0KLI4O7I4TD1C870OTS96ME3E,3P59JYT76LJN9PCLD9OZ5JKN00JT2M,A2Z9HR2IBD75R9,Approved,Sat Mar 14 09:49:24 EDT 2015,Sat Mar 14 09:49:51 EDT 2015,Agents,Beliefs,Plausible,Behavior,Temporal Setting,emptyanswer,emptyanswer,emptyanswer,emptyanswer,emptyanswer,emptyanswer,emptyanswer,emptyanswer,emptyanswer,emptyanswer,emptyanswer
3N7PQ0KLI4O7I4TD1C870OTS96ME3E,3LKC68YZ3A2T8D5KVCR7ZGUP502WOS,A8HUG07IE2R3,Approved,Sat Mar 14 10:44:54 EDT 2015,Sat Mar 14 10:48:02 EDT 2015,Logics of knowledge and belief,extend CTLK (computation tree logic with knowledge) with a notion of plausibility,A plausibility update operator,"natural class of models, belief is a KD45 modality",time linear with respect to the size of models and formulae,emptyanswer,emptyanswer,emptyanswer,emptyanswer,emptyanswer,emptyanswer,emptyanswer,emptyanswer,emptyanswer,emptyanswer,emptyanswer
3N7PQ0KLI4O7I4TD1C870OTS96ME3E,3U4J9857OEAUZ4FAJZE91GV95AK7B7,A3HPVFAF1U9WXK,Approved,Sat Mar 14 12:42:58 EDT 2015,Sat Mar 14 12:44:09 EDT 2015,Plausible Behavior,Temporal Setting,Agents,belief,knowledge,emptyanswer,emptyanswer,emptyanswer,emptyanswer,emptyanswer,emptyanswer,emptyanswer,emptyanswer,emptyanswer,emptyanswer,emptyanswer
3N7PQ0KLI4O7I4TD1C870OTS96ME3E,3X31TUMD7XLS1RMKLWMUE901EI5L1I,A2UNRV6PEOEXG0,Approved,Sat Mar 14 13:36:36 EDT 2015,Sat Mar 14 13:37:08 EDT 2015,agents,temporal setting,plausible behavior,logics of knowledge,computation tree logic with knowledge,emptyanswer,emptyanswer,emptyanswer,emptyanswer,emptyanswer,emptyanswer,emptyanswer,emptyanswer,emptyanswer,emptyanswer,emptyanswer
3N7PQ0KLI4O7I4TD1C870OTS96ME3E,3VSOLARPKB8TASZQJ3XNXTO3C8439X,A3MWV912LNFD67,Approved,Sat Mar 14 14:03:49 EDT 2015,Sat Mar 14 14:06:00 EDT 2015,Plausible Behavior,Real World Problems,CTLK (computation tree logic with knowledge),KD45 modality,PTIME-complete,emptyanswer,emptyanswer,emptyanswer,emptyanswer,emptyanswer,emptyanswer,emptyanswer,emptyanswer,emptyanswer,emptyanswer,emptyanswer
3N7PQ0KLI4O7I4TD1C870OTS96ME3E,3LPW2N6LKT1U8ZAXVXG78M913PD5UO,AH3ER3EJXHRO2,Approved,Sat Mar 14 16:12:21 EDT 2015,Sat Mar 14 16:13:02 EDT 2015,belief,knowledge,counterfactual reasoning,plausibility,model checking,emptyanswer,emptyanswer,emptyanswer,emptyanswer,emptyanswer,emptyanswer,emptyanswer,emptyanswer,emptyanswer,emptyanswer,emptyanswer
3N7PQ0KLI4O7I4TD1C870OTS96ME3E,3D8YOU6S9EJQR3AB0GQC0SN1ZKV6UC,A3LV5FJGIHFQ94,Approved,Sat Mar 14 19:20:21 EDT 2015,Sat Mar 14 19:22:16 EDT 2015,logis,CTLK,plausible,belief,operator,concepts,models,emptyanswer,emptyanswer,emptyanswer,emptyanswer,emptyanswer,emptyanswer,emptyanswer,emptyanswer,emptyanswer
3N7PQ0KLI4O7I4TD1C870OTS96ME3E,3OLQQLKKNSOLQ2SWUZ5W5E63Z3NJEI,A1G94QON7A9K0N,Approved,Sat Mar 14 20:13:01 EDT 2015,Sat Mar 14 20:13:32 EDT 2015,static,ctlkp,belief,plausibility,ptime,emptyanswer,emptyanswer,emptyanswer,emptyanswer,emptyanswer,emptyanswer,emptyanswer,emptyanswer,emptyanswer,emptyanswer,emptyanswer
3N7PQ0KLI4O7I4TD1C870OTS96ME3E,3E7TUJ2EGCLRSK1NCS3ZA2AF3M9D9N,A29ZV4XJB7R1O,Approved,Sat Mar 14 20:04:05 EDT 2015,Sat Mar 14 20:28:03 EDT 2015,Agents,Beliefs,Plausible,Temporal Setting,CTLK,emptyanswer,emptyanswer,emptyanswer,emptyanswer,emptyanswer,emptyanswer,emptyanswer,emptyanswer,emptyanswer,emptyanswer,emptyanswer
3N7PQ0KLI4O7I4TD1C870OTS96ME3E,3LKC68YZ3A2T8D5KVCR7ZGUP51AWO2,A9VLWY4KW6OCB,Approved,Sat Mar 14 21:12:25 EDT 2015,Sat Mar 14 21:22:13 EDT 2015,Agents,Beliefs,Plausible,Behavior,Temporal,emptyanswer,emptyanswer,emptyanswer,emptyanswer,emptyanswer,emptyanswer,emptyanswer,emptyanswer,emptyanswer,emptyanswer,emptyanswer
3N7PQ0KLI4O7I4TD1C870OTS96ME3E,3JV9LGBJWTDXBRFKG7NPDD81BDMGOP,ACVJ6IUO9QM4R,Approved,Sat Mar 14 21:25:01 EDT 2015,Sat Mar 14 21:29:19 EDT 2015,Logics of knowledge,Temporal setting,KD45 modality,CTLKP is PTIME-complete,The new logic CTLKP (CTLK with plausibility),emptyanswer,emptyanswer,emptyanswer,emptyanswer,emptyanswer,emptyanswer,emptyanswer,emptyanswer,emptyanswer,emptyanswer,emptyanswer
3N7PQ0KLI4O7I4TD1C870OTS96ME3E,3KXIR214I4F3S4XVY8NRXB8VK3I42L,ATOMPVWZKAE0E,Approved,Sat Mar 14 22:11:14 EDT 2015,Sat Mar 14 22:14:00 EDT 2015,CTLK (computation tree logic with knowledge),plausibility update operator,CTLKP (CTLK with plausibility),KD45 modality,dynamic plausibility assumption,model checking CTLKP,emptyanswer,emptyanswer,emptyanswer,emptyanswer,emptyanswer,emptyanswer,emptyanswer,emptyanswer,emptyanswer,emptyanswer
3N7PQ0KLI4O7I4TD1C870OTS96ME3E,3SNLUL3WO4M8AODINKWEPB5YPG0LUH,AWFQ7OX0UPSM5,Approved,Sat Mar 14 23:25:52 EDT 2015,Sat Mar 14 23:27:01 EDT 2015,Plausible Behavior,Temporal Setting,Logics of knowledge and belief,CTLK (computation tree logic with knowledge),CTLKP (CTLK with plausibility),emptyanswer,emptyanswer,emptyanswer,emptyanswer,emptyanswer,emptyanswer,emptyanswer,emptyanswer,emptyanswer,emptyanswer,emptyanswer
3N7PQ0KLI4O7I4TD1C870OTS96ME3E,3ZPBJO59KP0K7QJ6A4RRNJ83MZYHDY,A1BV5YY1UQCMZY,Approved,Sun Mar 15 00:26:24 EDT 2015,Sun Mar 15 00:27:25 EDT 2015,Agents,beliefs,plausible behavior,temporal setting,ctlkp,ptime-complete,emptyanswer,emptyanswer,emptyanswer,emptyanswer,emptyanswer,emptyanswer,emptyanswer,emptyanswer,emptyanswer,emptyanswer
3N7PQ0KLI4O7I4TD1C870OTS96ME3E,3IRIK4HM3AJU59TBEP5C6M1VSLB6CR,A1YNGE7LM9TQHL,Approved,Sun Mar 15 02:03:29 EDT 2015,Sun Mar 15 02:04:36 EDT 2015,"Agents, Beliefs, and Plausible Behavior in a Temporal Setting",Logics of knowledge and belief are often too static and inflexible to be used on real-world problems.,"In particular, they usually offer no concept for expressing that some course of events is more likely to happen than another.","We address this problem and extend CTLK (computation tree logic with knowledge) with a notion of plausibility, which allows for practical and counterfactual reasoning.",The new logic CTLKP (CTLK with plausibility) includes also a particular notion of belief.,A plausibility update operator is added to this logic in order to change plausibility assumptions dynamically.,"Furthermore, we examine some important properties of these concepts.","In particular, we show that, for a natural class of models, belief is a KD45 modality.",We also show that model checking CTLKP is PTIME-complete and can be done in time linear with respect to the size of models and formulae.,emptyanswer,emptyanswer,emptyanswer,emptyanswer,emptyanswer,emptyanswer,emptyanswer
3N7PQ0KLI4O7I4TD1C870OTS96ME3E,3TDXMTX3CBTLICFB6Z1YHPZQ5QVI65,AHAJG2TJ4P3G2,Approved,Sun Mar 15 02:20:19 EDT 2015,Sun Mar 15 02:23:03 EDT 2015,Logics of knowledge and belief,real-world problems,CTLK (computation tree logic with knowledge),new logic,CTLKP (CTLK with plausibility),KD45 modality,PTIME-complete,emptyanswer,emptyanswer,emptyanswer,emptyanswer,emptyanswer,emptyanswer,emptyanswer,emptyanswer,emptyanswer
