HitId,AssignmentId,WorkerId,Status,AcceptTime,SubmitTime,Answer 1,Answer 2,Answer 3,Answer 4,Answer 5,Answer 6,Answer 7,Answer 8,Answer 9,Answer 10,Answer 11,Answer 12,Answer 13,Answer 14,Answer 15,Answer 16
3NBFJK3IOGHUO7IQQ5INOUCFHDXOG0,39LNWE0K4UV6KN5C2HZ1XVD67HPUI4,A2Y5UD9VD9RKUK,Approved,Mon Mar 02 12:41:31 EST 2015,Mon Mar 02 12:53:07 EST 2015,Game-theoretic approach.,pure strategy Nash equilibria,price of anarchy,payment scheme,implement the social optimum,emptyanswer,emptyanswer,emptyanswer,emptyanswer,emptyanswer,emptyanswer,emptyanswer,emptyanswer,emptyanswer,emptyanswer,emptyanswer
3NBFJK3IOGHUO7IQQ5INOUCFHDXOG0,3JPSL1DZ5SYEJF25TSV222XTMDSANP,A1XRIEYLA7ZJ3B,Approved,Mon Mar 02 13:30:02 EST 2015,Mon Mar 02 13:34:43 EST 2015,Selfish Caching in Distributed Systems,Game-Theoretic Analysis,analyze replication of resources,cost for access to a remote replica,pure strategy Nash equilibria,price of anarchy,lack of coordination,undersupply problems,certain network topologies,better bounds,payment scheme,social optimum,incentive to replicate,emptyanswer,emptyanswer,emptyanswer
3NBFJK3IOGHUO7IQQ5INOUCFHDXOG0,3PMBY0YE272HNSV9CW8OQWSXHSYC9Y,A22R7DT2XQIKXV,Approved,Mon Mar 02 14:02:37 EST 2015,Mon Mar 02 14:03:05 EST 2015,aa,aa,aa,aa,aa,aa,emptyanswer,emptyanswer,emptyanswer,emptyanswer,emptyanswer,emptyanswer,emptyanswer,emptyanswer,emptyanswer,emptyanswer
3NBFJK3IOGHUO7IQQ5INOUCFHDXOG0,3L6L49WXW0WVR1GIGRPPVIB73J754W,A3ODG942FG22PJ,Approved,Mon Mar 02 17:33:08 EST 2015,Mon Mar 02 17:33:32 EST 2015,Selfish,Caching,Systems,Game-Theoretic Analysis,nodes,na,na,na,na,na,na,na,na,na,na,na
3NBFJK3IOGHUO7IQQ5INOUCFHDXOG0,32UTUBMZ7GVWAUG61XHP7UBCQZRVB0,A3FG9YWTFFK1AU,Approved,Mon Mar 02 18:40:53 EST 2015,Mon Mar 02 19:02:15 EST 2015,Selfish Caching,Distributed Systems,Game-Theoretic Analysis,server nodes,replication of resources,emptyanswer,emptyanswer,emptyanswer,emptyanswer,emptyanswer,emptyanswer,emptyanswer,emptyanswer,emptyanswer,emptyanswer,emptyanswer
3NBFJK3IOGHUO7IQQ5INOUCFHDXOG0,31UV0MXWNQBPZ8FX1GRTPJLQ81MI52,A27I79P03I0ZPO,Approved,Mon Mar 02 21:59:29 EST 2015,Mon Mar 02 22:02:35 EST 2015,Game-Theoretic,Caching,Analysis,problems,Distributed,emptyanswer,emptyanswer,emptyanswer,emptyanswer,emptyanswer,emptyanswer,emptyanswer,emptyanswer,emptyanswer,emptyanswer,emptyanswer
3NBFJK3IOGHUO7IQQ5INOUCFHDXOG0,36V4Q8R5ZKZ0ODOM6NDOFNNYL6UQM4,A2R085B34P2LYS,Approved,Mon Mar 02 22:25:07 EST 2015,Mon Mar 02 22:40:44 EST 2015,Selfish,Caching,Distributed,Systems,Game,optional,optional,optional,optional,optional,optional,optional,optional,optional,optional,optional
3NBFJK3IOGHUO7IQQ5INOUCFHDXOG0,3TXWC2NHNZPXU9K59IYO51WF3VA9SF,A26M2B8NZVKWTZ,Approved,Mon Mar 02 23:07:25 EST 2015,Mon Mar 02 23:08:08 EST 2015,Selfish,Game-Theoretic,Analysis,Distributed,Systems,emptyanswer,emptyanswer,emptyanswer,emptyanswer,emptyanswer,emptyanswer,emptyanswer,emptyanswer,emptyanswer,emptyanswer,emptyanswer
3NBFJK3IOGHUO7IQQ5INOUCFHDXOG0,358UUM7WRZ2HFBWZFW0Z1V0DM4Q7R2,A1B5NXRZQYRC4R,Approved,Tue Mar 03 08:55:45 EST 2015,Tue Mar 03 08:56:06 EST 2015,selfish,caching,distributed,systems,analysis,emptyanswer,emptyanswer,emptyanswer,emptyanswer,emptyanswer,emptyanswer,emptyanswer,emptyanswer,emptyanswer,emptyanswer,emptyanswer
3NBFJK3IOGHUO7IQQ5INOUCFHDXOG0,3N8OEVH1FRPL34WI4Q0XIMH316MOO6,A1PXJWCNRYCBS5,Approved,Tue Mar 03 11:24:34 EST 2015,Tue Mar 03 11:26:19 EST 2015,Selfish caching in distributed systems,A game theoretic analysis,we analyze replication of resources by server nodes that act selfishly,nodes incur cost for replicating resources,Nash equilibria,emptyanswer,emptyanswer,emptyanswer,emptyanswer,emptyanswer,emptyanswer,emptyanswer,emptyanswer,emptyanswer,emptyanswer,emptyanswer
3NBFJK3IOGHUO7IQQ5INOUCFHDXOG0,3I33IC7ZWF1IUTDC79XIAEUVBKRA2S,A1W7BQWWGKJ3XF,Approved,Tue Mar 03 12:34:12 EST 2015,Tue Mar 03 12:35:43 EST 2015,Distributed Systems,Game-theory,Selfish Caching,Analysis,replication,cost,strategy,incentive,emptyanswer,emptyanswer,emptyanswer,emptyanswer,emptyanswer,emptyanswer,emptyanswer,emptyanswer
3NBFJK3IOGHUO7IQQ5INOUCFHDXOG0,3ZPBJO59KP0K7QJ6A4RRNJ83L7AHDP,A9LA6QK6VCERR,Approved,Wed Mar 04 00:34:09 EST 2015,Wed Mar 04 00:36:04 EST 2015,Selfish Caching in Distributed Systems,Game-Theoretic Analysis,replication of resources by server nodes,selfish caching problem,Nash equilibria,price of anarchy,emptyanswer,emptyanswer,emptyanswer,emptyanswer,emptyanswer,emptyanswer,emptyanswer,emptyanswer,emptyanswer,emptyanswer
3NBFJK3IOGHUO7IQQ5INOUCFHDXOG0,3QL2OFSM96H2CUZ3D6RT8XNHMKZCNN,A2YW509B0UMSEH,Approved,Wed Mar 04 09:58:33 EST 2015,Wed Mar 04 09:59:31 EST 2015,Selfish Caching,Game-Theoretic Analysis,caching problem,game,server,emptyanswer,emptyanswer,emptyanswer,emptyanswer,emptyanswer,emptyanswer,emptyanswer,emptyanswer,emptyanswer,emptyanswer,emptyanswer
3NBFJK3IOGHUO7IQQ5INOUCFHDXOG0,3NQL1CS15R7SN29HBPV9F59DBBNVYZ,A3FFZN4FO3Q789,Approved,Wed Mar 04 11:04:31 EST 2015,Wed Mar 04 11:07:47 EST 2015,preliminary,preliminary,preliminary,replicate,replicate,emptyanswer,emptyanswer,emptyanswer,emptyanswer,emptyanswer,emptyanswer,emptyanswer,emptyanswer,emptyanswer,emptyanswer,emptyanswer
3NBFJK3IOGHUO7IQQ5INOUCFHDXOG0,3PWWM24LHSX4B5KXABD4ENO0LYS82R,AVQGY7FCU80XP,Approved,Wed Mar 04 11:16:27 EST 2015,Wed Mar 04 11:44:35 EST 2015,selfish caching problem game theory,replication of resources by server nodes,"investigate the price of anarchy, which is the relative cost of the lack of coordination",existence of pure strategy Nash equilibria,price of anarchy can be high due to undersupply problems,emptyanswer,emptyanswer,emptyanswer,emptyanswer,emptyanswer,emptyanswer,emptyanswer,emptyanswer,emptyanswer,emptyanswer,emptyanswer
3NBFJK3IOGHUO7IQQ5INOUCFHDXOG0,3RXCAC0YIROUQZS49QYTGRI1VH0G8L,A3H35QRODK1C4K,Approved,Wed Mar 04 11:59:40 EST 2015,Wed Mar 04 12:00:01 EST 2015,selfish,caching,distributed,systems,analysis,emptyanswer,emptyanswer,emptyanswer,emptyanswer,emptyanswer,emptyanswer,emptyanswer,emptyanswer,emptyanswer,emptyanswer,emptyanswer
3NBFJK3IOGHUO7IQQ5INOUCFHDXOG0,3NL0RFNU0FMY9K1LNETVX7UP0D1K43,A2F6ZON8X5EAGL,Approved,Wed Mar 04 16:25:15 EST 2015,Wed Mar 04 16:25:42 EST 2015,Selfish Caching in Distributed Systems: A Game-Theoretic Analysis,resources,refer,model,bounds,emptyanswer,emptyanswer,emptyanswer,emptyanswer,emptyanswer,emptyanswer,emptyanswer,emptyanswer,emptyanswer,emptyanswer,emptyanswer
3NBFJK3IOGHUO7IQQ5INOUCFHDXOG0,384PI804XS0FYFWS9MFVCQVM0VAS0O,A3OTLWGJFB65KD,Approved,Wed Mar 04 19:33:26 EST 2015,Wed Mar 04 19:33:32 EST 2015,nothing,nothing,nothing,nothing,nothing,emptyanswer,emptyanswer,emptyanswer,emptyanswer,emptyanswer,emptyanswer,emptyanswer,emptyanswer,emptyanswer,emptyanswer,emptyanswer
3NBFJK3IOGHUO7IQQ5INOUCFHDXOG0,3QY5DC2MXRJMAW3M19TGUY0ERUXFU8,A3S81UFDOWF2ST,Approved,Wed Mar 04 22:18:41 EST 2015,Wed Mar 04 22:19:09 EST 2015,Selfish Caching in Distributed Systems,A Game-Theoretic Analysis,server nodes,coordination,network,emptyanswer,emptyanswer,emptyanswer,emptyanswer,emptyanswer,emptyanswer,emptyanswer,emptyanswer,emptyanswer,emptyanswer,emptyanswer
3NBFJK3IOGHUO7IQQ5INOUCFHDXOG0,3DIP6YHAPCRW6LWD3V85GOXPI308EF,A3LUJSAN4DQ1ZT,Approved,Wed Mar 04 23:37:28 EST 2015,Wed Mar 04 23:38:08 EST 2015,selfish caching,distributed systems,game-theoretic analysis,replication,Nash,undersupply,emptyanswer,emptyanswer,emptyanswer,emptyanswer,emptyanswer,emptyanswer,emptyanswer,emptyanswer,emptyanswer,emptyanswer
3NBFJK3IOGHUO7IQQ5INOUCFHDXOG0,3X73LLYYQ1DTT2AJZY5UJOKXZFYHN1,A1QUDNLO95AKS5,Approved,Thu Mar 05 08:26:32 EST 2015,Thu Mar 05 08:27:21 EST 2015,Selfish Caching,Distributed Systems,A Game-Theoretic Analysis,remote replica,pure strategy Nash equilibria,payment scheme,emptyanswer,emptyanswer,emptyanswer,emptyanswer,emptyanswer,emptyanswer,emptyanswer,emptyanswer,emptyanswer,emptyanswer
3NBFJK3IOGHUO7IQQ5INOUCFHDXOG0,32Q90QCQ1SKG1MYECK586T6GD42EKE,A3I10J1GPDAPQR,Approved,Thu Mar 05 09:18:00 EST 2015,Thu Mar 05 09:19:16 EST 2015,Selfish Caching,Distributed Systems,Game-Theoretic Analysis,network topologies,social optimum,emptyanswer,emptyanswer,emptyanswer,emptyanswer,emptyanswer,emptyanswer,emptyanswer,emptyanswer,emptyanswer,emptyanswer,emptyanswer
3NBFJK3IOGHUO7IQQ5INOUCFHDXOG0,39L1G8WVWQQBLNWVFQIUIN6KD9F31C,A3UY2GVCKC8LSL,Approved,Thu Mar 05 10:20:42 EST 2015,Thu Mar 05 10:21:12 EST 2015,selfish caching,distributed system,game-theoretic,analysis,Nash equilibria,emptyanswer,emptyanswer,emptyanswer,emptyanswer,emptyanswer,emptyanswer,emptyanswer,emptyanswer,emptyanswer,emptyanswer,emptyanswer
3NBFJK3IOGHUO7IQQ5INOUCFHDXOG0,39ZSFO5CA8V2FYPIKZK19WS6K31UJH,A1YLO4LT02D2F0,Approved,Thu Mar 05 11:27:25 EST 2015,Thu Mar 05 11:27:57 EST 2015,analyze replication of resources,game-theoretic approach,refer to this as the selfish,nodes incur either cost,case by giving servers,emptyanswer,emptyanswer,emptyanswer,emptyanswer,emptyanswer,emptyanswer,emptyanswer,emptyanswer,emptyanswer,emptyanswer,emptyanswer
3NBFJK3IOGHUO7IQQ5INOUCFHDXOG0,3HMIGG0U4L5UCQD43WKZNRP50HS8YL,ADUJUZANFOWKW,Approved,Thu Mar 05 18:58:34 EST 2015,Thu Mar 05 18:59:10 EST 2015,caching,analysis,strategy,topologies,replica,emptyanswer,emptyanswer,emptyanswer,emptyanswer,emptyanswer,emptyanswer,emptyanswer,emptyanswer,emptyanswer,emptyanswer,emptyanswer
3NBFJK3IOGHUO7IQQ5INOUCFHDXOG0,3PEIJLRY6TSG2MJCW3E3ITLIGKCXWY,A3DHYTZ1GPN0T8,Approved,Thu Mar 05 22:59:55 EST 2015,Thu Mar 05 23:00:25 EST 2015,analyze replication,remote replica,undersupply,payment scheme,social optimum,emptyanswer,emptyanswer,emptyanswer,emptyanswer,emptyanswer,emptyanswer,emptyanswer,emptyanswer,emptyanswer,emptyanswer,emptyanswer
3NBFJK3IOGHUO7IQQ5INOUCFHDXOG0,3PQ8K71NHXJ7ZW8GKOQXGWDTNJYAA0,AQXSUU4I4DAH8,Approved,Fri Mar 06 11:43:09 EST 2015,Fri Mar 06 11:43:48 EST 2015,Game-Theoretic Analysis,selfish caching problem,pure strategy Nash equilibria,Distributed Systems,price of anarchy,emptyanswer,emptyanswer,emptyanswer,emptyanswer,emptyanswer,emptyanswer,emptyanswer,emptyanswer,emptyanswer,emptyanswer,emptyanswer
3NBFJK3IOGHUO7IQQ5INOUCFHDXOG0,31T4R4OBOSFD997GXZA4C01RMEJ7CE,A2KELEVTA0306Y,Approved,Fri Mar 06 12:37:48 EST 2015,Fri Mar 06 12:40:53 EST 2015,analyze,replication,resources,server,nodes,act,selfishly,using,game-theoretic,approach,refer,existence,selfish,caching,problem,model
3NBFJK3IOGHUO7IQQ5INOUCFHDXOG0,3IQ1VMJRYTJTUDYBSICXK129H2G9AM,AZ90ET0O07IVQ,Approved,Fri Mar 06 19:41:05 EST 2015,Fri Mar 06 19:42:11 EST 2015,"We analyze replication of resources by server nodes that act selfishly, using a game-theoretic approach",referred as the selfish caching problem,nodes incur either cost for replicating resources or cost for access to a remote replica,show the existence of pure strategy Nash equilibria and investigate the price of anarchy,The price of anarchy can be high due to undersupply problems,emptyanswer,emptyanswer,emptyanswer,emptyanswer,emptyanswer,emptyanswer,emptyanswer,emptyanswer,emptyanswer,emptyanswer,emptyanswer
3NBFJK3IOGHUO7IQQ5INOUCFHDXOG0,3HOSI13XHZN3VAE4O881WYT5TQBDDS,APEB5ERGCYP6D,Approved,Fri Mar 06 22:15:20 EST 2015,Fri Mar 06 22:28:35 EST 2015,server nodes,game-theoretic,selfish caching problem,replicating resources,remote replica,emptyanswer,emptyanswer,emptyanswer,emptyanswer,emptyanswer,emptyanswer,emptyanswer,emptyanswer,emptyanswer,emptyanswer,emptyanswer
3NBFJK3IOGHUO7IQQ5INOUCFHDXOG0,3N2BF7Y2VQTNBKPJNXQU69VXUXTHMM,AWQK8QA93VLW9,Approved,Sat Mar 07 08:41:54 EST 2015,Sat Mar 07 08:43:11 EST 2015,Selfish Caching,Distributed Systems,Game-Theoretic Analysis,server nodes,Nash equilibria,price of anarchy,emptyanswer,emptyanswer,emptyanswer,emptyanswer,emptyanswer,emptyanswer,emptyanswer,emptyanswer,emptyanswer,emptyanswer
3NBFJK3IOGHUO7IQQ5INOUCFHDXOG0,3PM8NZGV8YFBIPNQKUFXQ43WSOJXQS,A37WDQ1VG5XN6Z,Approved,Sat Mar 07 13:41:16 EST 2015,Sat Mar 07 13:41:24 EST 2015,nothing,nothing,nothing,nothing,nothing,nothing,emptyanswer,emptyanswer,emptyanswer,emptyanswer,emptyanswer,emptyanswer,emptyanswer,emptyanswer,emptyanswer,emptyanswer
3NBFJK3IOGHUO7IQQ5INOUCFHDXOG0,3570Y55XZPI955JMMUWNF463O8QGYA,A1AWEM2XEAVOVQ,Approved,Sat Mar 07 20:28:50 EST 2015,Sat Mar 07 20:31:49 EST 2015,game-theoretic approach,selfish catching,analyze,server nodes,strategy,emptyanswer,emptyanswer,emptyanswer,emptyanswer,emptyanswer,emptyanswer,emptyanswer,emptyanswer,emptyanswer,emptyanswer,emptyanswer
3NBFJK3IOGHUO7IQQ5INOUCFHDXOG0,3PZDLQMM0TK6N8AARNT9G9KJB1IC2U,A38IE69ORDCEGY,Approved,Sat Mar 07 23:38:47 EST 2015,Sat Mar 07 23:40:02 EST 2015,Selfish caching,game theory analysis,distributed systems,lack of coordination costs,network topologies,emptyanswer,emptyanswer,emptyanswer,emptyanswer,emptyanswer,emptyanswer,emptyanswer,emptyanswer,emptyanswer,emptyanswer,emptyanswer
3NBFJK3IOGHUO7IQQ5INOUCFHDXOG0,3KAKFY4PGU1MLTSTNX30AMN6ULP3IN,A3EOFHEPL3L07Y,Approved,Sun Mar 08 12:47:22 EDT 2015,Sun Mar 08 12:50:31 EDT 2015,Selfish Caching in Distributed Systems,selfish caching problem.,Nash equilibria,price of anarchy,Analysis of resource replication using a game-theory,emptyanswer,emptyanswer,emptyanswer,emptyanswer,emptyanswer,emptyanswer,emptyanswer,emptyanswer,emptyanswer,emptyanswer,emptyanswer
3NBFJK3IOGHUO7IQQ5INOUCFHDXOG0,3LJ7UR74RHCZHQMOKRLBPZBTUKFN48,A12J6O77R7WG93,Approved,Sun Mar 08 13:08:21 EDT 2015,Sun Mar 08 13:11:04 EDT 2015,server nodes,game-theoretic approach,selfish caching problem,remote replica,Nash equilibria,"undersupply problems,",network topologies,social optimum,emptyanswer,emptyanswer,emptyanswer,emptyanswer,emptyanswer,emptyanswer,emptyanswer,emptyanswer
3NBFJK3IOGHUO7IQQ5INOUCFHDXOG0,3HRMW88U16PC0KJNPPJ90HWG8IQM0S,ANB69EQROUTQJ,Approved,Sun Mar 08 13:17:41 EDT 2015,Sun Mar 08 13:19:03 EDT 2015,selfish caching,distributed systems,server nodes,price of anarchy,network topologies,emptyanswer,emptyanswer,emptyanswer,emptyanswer,emptyanswer,emptyanswer,emptyanswer,emptyanswer,emptyanswer,emptyanswer,emptyanswer
3NBFJK3IOGHUO7IQQ5INOUCFHDXOG0,3EQHHY4HQSRB3H92BSRQ478AT4RG51,A2GBY8O6GYSB89,Approved,Sun Mar 08 14:36:18 EDT 2015,Sun Mar 08 14:37:26 EDT 2015,Selfish Caching,Distributed Systems,Game-Theoretic Analysis,replication of resources by server nodes,game-theoretic approach,emptyanswer,emptyanswer,emptyanswer,emptyanswer,emptyanswer,emptyanswer,emptyanswer,emptyanswer,emptyanswer,emptyanswer,emptyanswer
3NBFJK3IOGHUO7IQQ5INOUCFHDXOG0,3WT783CTPBG0BLA6AGMKH2NN58NCBQ,A3G4SXD4N30C3L,Approved,Sun Mar 08 15:22:57 EDT 2015,Sun Mar 08 15:23:37 EDT 2015,Selfish Caching,Distributed Systems,Game-Theoretic Analysis,selfish caching problem,pure strategy Nash equilibria,social optimum,emptyanswer,emptyanswer,emptyanswer,emptyanswer,emptyanswer,emptyanswer,emptyanswer,emptyanswer,emptyanswer,emptyanswer
3NBFJK3IOGHUO7IQQ5INOUCFHDXOG0,3F6HPJW4JDZF16GF8ETAS3RM3IU2WP,A156NFBMKKLDL9,Approved,Sun Mar 08 16:58:28 EDT 2015,Sun Mar 08 16:58:54 EDT 2015,Selfish Caching,Distributed Systems,A Game-Theoretic Analysis,pure strategy Nash equilibria,social optimum,emptyanswer,emptyanswer,emptyanswer,emptyanswer,emptyanswer,emptyanswer,emptyanswer,emptyanswer,emptyanswer,emptyanswer,emptyanswer
3NBFJK3IOGHUO7IQQ5INOUCFHDXOG0,3ZAK8W07I4DVDSOWYRAVRRDAL6DU0G,A2SZAM3EZER2PH,Approved,Mon Mar 09 07:17:31 EDT 2015,Mon Mar 09 07:19:50 EDT 2015,We analyze replication,"In our model, In our model, In our model,",to a remote replica,the existence of pure,With a payment schemeWith a payment schemeWith a payment scheme,emptyanswer,emptyanswer,emptyanswer,emptyanswer,emptyanswer,emptyanswer,emptyanswer,emptyanswer,emptyanswer,emptyanswer,emptyanswer
3NBFJK3IOGHUO7IQQ5INOUCFHDXOG0,3LEP4MGT3GZAGDGKACHV1855QA1DBX,ACYGMRGAZ22U7,Approved,Mon Mar 09 17:53:12 EDT 2015,Mon Mar 09 17:53:17 EDT 2015,Keyword/Keyphrase 1:,Keyword/Keyphrase 1:,Keyword/Keyphrase 1:,Keyword/Keyphrase 1:,Keyword/Keyphrase 1:,emptyanswer,emptyanswer,emptyanswer,emptyanswer,emptyanswer,emptyanswer,emptyanswer,emptyanswer,emptyanswer,emptyanswer,emptyanswer
3NBFJK3IOGHUO7IQQ5INOUCFHDXOG0,3M0NZ3JDP1XBUY471KFFPEOG4WT5ZR,A2E2IQ99W6B7AV,Approved,Mon Mar 09 18:48:43 EDT 2015,Mon Mar 09 18:49:22 EDT 2015,Game theory,Server nodes,Resource replication,Selfish caching,Network topologies,emptyanswer,emptyanswer,emptyanswer,emptyanswer,emptyanswer,emptyanswer,emptyanswer,emptyanswer,emptyanswer,emptyanswer,emptyanswer
3NBFJK3IOGHUO7IQQ5INOUCFHDXOG0,30LB5CDZNC9CZRI64E938JSPNQ5Z0R,AW36CVMS3526O,Approved,Tue Mar 10 11:22:26 EDT 2015,Tue Mar 10 11:23:29 EDT 2015,selfishly,game-theoretic,problem,replicating,implement,emptyanswer,emptyanswer,emptyanswer,emptyanswer,emptyanswer,emptyanswer,emptyanswer,emptyanswer,emptyanswer,emptyanswer,emptyanswer
3NBFJK3IOGHUO7IQQ5INOUCFHDXOG0,3FTOP5WARFNMZCD2MS6HKP4Z4SU0J9,A17JEL4FN1B9TB,Approved,Tue Mar 10 12:17:22 EDT 2015,Tue Mar 10 12:18:53 EDT 2015,Selfish,Caching,Distributed,Systems,Game,Theoretic,Analysis,emptyanswer,emptyanswer,emptyanswer,emptyanswer,emptyanswer,emptyanswer,emptyanswer,emptyanswer,emptyanswer
3NBFJK3IOGHUO7IQQ5INOUCFHDXOG0,3KKG4CDWKIXESOIUJH267YG9P0949B,A3K6BSW10S4YKJ,Approved,Wed Mar 11 03:18:01 EDT 2015,Wed Mar 11 03:19:10 EDT 2015,replication of resources by server nodes,a game-theoretic approach,selfish caching problem,price of anarchy can be high due to undersupply problems,giving servers incentive to replicate,emptyanswer,emptyanswer,emptyanswer,emptyanswer,emptyanswer,emptyanswer,emptyanswer,emptyanswer,emptyanswer,emptyanswer,emptyanswer
3NBFJK3IOGHUO7IQQ5INOUCFHDXOG0,39U1BHVTDLQCU784H924OTPF57I3TR,ATRHDYWCIYTDJ,Approved,Wed Mar 11 04:40:13 EDT 2015,Wed Mar 11 04:40:25 EDT 2015,resources,selfishly,approach,caching,servers,emptyanswer,emptyanswer,emptyanswer,emptyanswer,emptyanswer,emptyanswer,emptyanswer,emptyanswer,emptyanswer,emptyanswer,emptyanswer
3NBFJK3IOGHUO7IQQ5INOUCFHDXOG0,36WLNQG78Z9F8JUK67SF7QNQQQFEBC,A3CMDYA9USA3MR,Approved,Wed Mar 11 07:40:15 EDT 2015,Wed Mar 11 07:40:29 EDT 2015,resources,selfishly,theoretic,certain,topologies,emptyanswer,emptyanswer,emptyanswer,emptyanswer,emptyanswer,emptyanswer,emptyanswer,emptyanswer,emptyanswer,emptyanswer,emptyanswer
3NBFJK3IOGHUO7IQQ5INOUCFHDXOG0,3YW4XOSQKQKVKH9EUAEV5WWKQ2KU1S,AL9R6CILUG30X,Approved,Wed Mar 11 10:19:19 EDT 2015,Wed Mar 11 10:22:22 EDT 2015,Distributed System,Nash equilibria,Social optimum,Game,Caching,Game-theoretic approach,emptyanswer,emptyanswer,emptyanswer,emptyanswer,emptyanswer,emptyanswer,emptyanswer,emptyanswer,emptyanswer,emptyanswer
3NBFJK3IOGHUO7IQQ5INOUCFHDXOG0,3OUYGIZWR7XILNG0H5B1HLQBDT0P02,A28IXE702NXWKQ,Approved,Wed Mar 11 16:23:18 EDT 2015,Wed Mar 11 16:25:56 EDT 2015,We analyze replication,resources by server nodes,using a game-theoretic approach,We show the existence of pure strategy Nash equilibria,Nash equilibria and investigate the price of anarchy,emptyanswer,emptyanswer,emptyanswer,emptyanswer,emptyanswer,emptyanswer,emptyanswer,emptyanswer,emptyanswer,emptyanswer,emptyanswer
3NBFJK3IOGHUO7IQQ5INOUCFHDXOG0,39K0FND3AHE81XH5HRG2PN8TIBJMAF,A2UNRV6PEOEXG0,Approved,Thu Mar 12 00:24:24 EDT 2015,Thu Mar 12 00:25:41 EDT 2015,Selfish Caching,Game-Theoretic Analysis,Nash Equilibria,anarchy,undersupply problems,emptyanswer,emptyanswer,emptyanswer,emptyanswer,emptyanswer,emptyanswer,emptyanswer,emptyanswer,emptyanswer,emptyanswer,emptyanswer
3NBFJK3IOGHUO7IQQ5INOUCFHDXOG0,3S0TNUHWKTHREFID70XLA6F4J9U8DI,A1A7P5LC80G47W,Approved,Thu Mar 12 01:04:07 EDT 2015,Thu Mar 12 01:05:12 EDT 2015,selfish caching,distributed systems,game-theoretic analysis,replication of resources,nash equilibria,emptyanswer,emptyanswer,emptyanswer,emptyanswer,emptyanswer,emptyanswer,emptyanswer,emptyanswer,emptyanswer,emptyanswer,emptyanswer
3NBFJK3IOGHUO7IQQ5INOUCFHDXOG0,36PW28KO4ZVAP9PS0TSJCF3K99LEAB,A1JWEYGDFDB100,Approved,Thu Mar 12 10:20:41 EDT 2015,Thu Mar 12 10:21:43 EDT 2015,Selfish Caching,Distributed Systems,Game-Theoretic Analysis,server nodes that act selfishly,price of anarchy,emptyanswer,emptyanswer,emptyanswer,emptyanswer,emptyanswer,emptyanswer,emptyanswer,emptyanswer,emptyanswer,emptyanswer,emptyanswer
3NBFJK3IOGHUO7IQQ5INOUCFHDXOG0,336YQZE83VDBVR5OMVPLHCS7QXBM52,A2KS418T8MPLJH,Approved,Thu Mar 12 10:35:31 EDT 2015,Thu Mar 12 10:37:29 EDT 2015,Selfish Caching in Distributed Systems: A Game-Theoretic Analysis,"We analyze replication of resources by server nodes that act selfishly, using a game-theoretic approach",We refer to this as the selfish caching problem,"In our model, nodes incur either cost for replicating resources or cost for access to a remote replica",which is the relative cost of the lack of coordination.,emptyanswer,emptyanswer,emptyanswer,emptyanswer,emptyanswer,emptyanswer,emptyanswer,emptyanswer,emptyanswer,emptyanswer,emptyanswer
3NBFJK3IOGHUO7IQQ5INOUCFHDXOG0,3DZQRBDBSLEBF7VPS9XEEOTT4R9S33,AU3WQKISBW5MZ,Approved,Thu Mar 12 14:34:29 EDT 2015,Thu Mar 12 14:34:38 EDT 2015,"We analyze replication of resources by server nodes that act selfishly, using a game-theoretic approach. We refer to this as the selfish caching problem. In our model, nodes incur either cost for replicating resources or cost for access to a remote replica. We show the existence of pure strategy Nash equilibria and investigate the price of anarchy, which is the relative cost of the lack of coordination. The price of anarchy can be high due to undersupply problems, but with certain network topologies it has better bounds. With a payment scheme the game can always implement the social optimum in the best case by giving servers incentive to replicate.","We analyze replication of resources by server nodes that act selfishly, using a game-theoretic approach. We refer to this as the selfish caching problem. In our model, nodes incur either cost for replicating resources or cost for access to a remote replica. We show the existence of pure strategy Nash equilibria and investigate the price of anarchy, which is the relative cost of the lack of coordination. The price of anarchy can be high due to undersupply problems, but with certain network topologies it has better bounds. With a payment scheme the game can always implement the social optimum in the best case by giving servers incentive to replicate.","We analyze replication of resources by server nodes that act selfishly, using a game-theoretic approach. We refer to this as the selfish caching problem. In our model, nodes incur either cost for replicating resources or cost for access to a remote replica. We show the existence of pure strategy Nash equilibria and investigate the price of anarchy, which is the relative cost of the lack of coordination. The price of anarchy can be high due to undersupply problems, but with certain network topologies it has better bounds. With a payment scheme the game can always implement the social optimum in the best case by giving servers incentive to replicate.","We analyze replication of resources by server nodes that act selfishly, using a game-theoretic approach. We refer to this as the selfish caching problem. In our model, nodes incur either cost for replicating resources or cost for access to a remote replica. We show the existence of pure strategy Nash equilibria and investigate the price of anarchy, which is the relative cost of the lack of coordination. The price of anarchy can be high due to undersupply problems, but with certain network topologies it has better bounds. With a payment scheme the game can always implement the social optimum in the best case by giving servers incentive to replicate.","We analyze replication of resources by server nodes that act selfishly, using a game-theoretic approach. We refer to this as the selfish caching problem. In our model, nodes incur either cost for replicating resources or cost for access to a remote replica. We show the existence of pure strategy Nash equilibria and investigate the price of anarchy, which is the relative cost of the lack of coordination. The price of anarchy can be high due to undersupply problems, but with certain network topologies it has better bounds. With a payment scheme the game can always implement the social optimum in the best case by giving servers incentive to replicate.",emptyanswer,emptyanswer,emptyanswer,emptyanswer,emptyanswer,emptyanswer,emptyanswer,emptyanswer,emptyanswer,emptyanswer,emptyanswer
3NBFJK3IOGHUO7IQQ5INOUCFHDXOG0,39L1G8WVWQQBLNWVFQIUIN6KERY31W,AM1HY736BY3Z8,Approved,Thu Mar 12 15:01:03 EDT 2015,Thu Mar 12 15:03:42 EDT 2015,Selfish Caching in Distributed Systems: A Game-Theoretic Analysis,"We analyze replication of resources by server nodes that act selfishly, using a game-theoretic approach.","We show the existence of pure strategy Nash equilibria and investigate the price of anarchy, which is the relative cost of the lack of coordination.","The price of anarchy can be high due to undersupply problems, but with certain network topologies it has better bounds.",With a payment scheme the game can always implement the social optimum in the best case by giving servers incentive to replicate.,emptyanswer,emptyanswer,emptyanswer,emptyanswer,emptyanswer,emptyanswer,emptyanswer,emptyanswer,emptyanswer,emptyanswer,emptyanswer
3NBFJK3IOGHUO7IQQ5INOUCFHDXOG0,3S4AW7T80BH9TQJ38E5WC774QXYL44,A3MRB8TFD1IUS6,Approved,Thu Mar 12 15:13:02 EDT 2015,Thu Mar 12 15:15:02 EDT 2015,Selfish Caching in Distributed Systems,Game Theoretic Analysis,problems,Nash equilbria,topologies,payment scheme,emptyanswer,emptyanswer,emptyanswer,emptyanswer,emptyanswer,emptyanswer,emptyanswer,emptyanswer,emptyanswer,emptyanswer
3NBFJK3IOGHUO7IQQ5INOUCFHDXOG0,3OS46CRSLFYQ4IZB560HWEPKDMC6VZ,A2SDTL2V8VJ25O,Approved,Thu Mar 12 18:06:08 EDT 2015,Thu Mar 12 18:06:43 EDT 2015,Selfish,Distributed,Analysis,undersupply,topologies,emptyanswer,emptyanswer,emptyanswer,emptyanswer,emptyanswer,emptyanswer,emptyanswer,emptyanswer,emptyanswer,emptyanswer,emptyanswer
3NBFJK3IOGHUO7IQQ5INOUCFHDXOG0,3SB5N7Y3O33C8AN1EMLENCCJD5Y0G1,A1A9GCQVBEMT58,Approved,Fri Mar 13 09:23:17 EDT 2015,Fri Mar 13 09:28:00 EDT 2015,replication of resources,game-theoretic approach,game-theoretic approach,pure strategy Nash equilibria,price of anarchy,undersupply problems,implement the social optimum,servers incentive to replicate,emptyanswer,emptyanswer,emptyanswer,emptyanswer,emptyanswer,emptyanswer,emptyanswer,emptyanswer
3NBFJK3IOGHUO7IQQ5INOUCFHDXOG0,3EF8EXOTT1UM61YKIBAHYUN9APM1JA,A3HPVFAF1U9WXK,Approved,Fri Mar 13 09:40:58 EDT 2015,Fri Mar 13 09:41:54 EDT 2015,Caching,Selfish,Distributed Systems,game-theoretic approach,Nash equilibria,social optimum,emptyanswer,emptyanswer,emptyanswer,emptyanswer,emptyanswer,emptyanswer,emptyanswer,emptyanswer,emptyanswer,emptyanswer
3NBFJK3IOGHUO7IQQ5INOUCFHDXOG0,36V4Q8R5ZKZ0ODOM6NDOFNNYMWOQMF,A3DTN2OMF6DUSI,Approved,Fri Mar 13 23:24:17 EDT 2015,Fri Mar 13 23:24:22 EDT 2015,model,model,model,model,model,emptyanswer,emptyanswer,emptyanswer,emptyanswer,emptyanswer,emptyanswer,emptyanswer,emptyanswer,emptyanswer,emptyanswer,emptyanswer
3NBFJK3IOGHUO7IQQ5INOUCFHDXOG0,34S9DKFK73OFFX089Y9I5OF0QX1YNG,A610SH5RY1NG1,Approved,Sat Mar 14 06:12:36 EDT 2015,Sat Mar 14 06:13:05 EDT 2015,distributed systems,selfish caching,analysis,game-theoretic,model,emptyanswer,emptyanswer,emptyanswer,emptyanswer,emptyanswer,emptyanswer,emptyanswer,emptyanswer,emptyanswer,emptyanswer,emptyanswer
3NBFJK3IOGHUO7IQQ5INOUCFHDXOG0,3E7TUJ2EGCLRSK1NCS3ZA2AF3K6D9G,A2Z9HR2IBD75R9,Approved,Sat Mar 14 09:45:32 EDT 2015,Sat Mar 14 09:45:55 EDT 2015,Selfish Caching,Distributed Systems,Game-Theoretic Analysis,bounds,payment,emptyanswer,emptyanswer,emptyanswer,emptyanswer,emptyanswer,emptyanswer,emptyanswer,emptyanswer,emptyanswer,emptyanswer,emptyanswer
3NBFJK3IOGHUO7IQQ5INOUCFHDXOG0,3A4NIXBJ76YPXG89EI5SY1O4CTALM0,AH3ER3EJXHRO2,Approved,Sat Mar 14 16:34:56 EDT 2015,Sat Mar 14 16:35:32 EDT 2015,selfish caching,distributed systems,game-theoretic analysis,server nodes,replicating resources,emptyanswer,emptyanswer,emptyanswer,emptyanswer,emptyanswer,emptyanswer,emptyanswer,emptyanswer,emptyanswer,emptyanswer,emptyanswer
3NBFJK3IOGHUO7IQQ5INOUCFHDXOG0,33SA9F9TRXT7WMSV1YOBU40B1YMWEE,A80VSGAD9H8VE,Approved,Sat Mar 14 16:34:57 EDT 2015,Sat Mar 14 16:35:57 EDT 2015,game-theoretic approach,remote replica,Nash equilibria,payment scheme the game,social optimum in the best case,emptyanswer,emptyanswer,emptyanswer,emptyanswer,emptyanswer,emptyanswer,emptyanswer,emptyanswer,emptyanswer,emptyanswer,emptyanswer
3NBFJK3IOGHUO7IQQ5INOUCFHDXOG0,3JC6VJ2SABIATQWZPSZG8LX7WNTA5R,A29ZV4XJB7R1O,Approved,Sat Mar 14 19:57:44 EDT 2015,Sat Mar 14 20:19:47 EDT 2015,Selfish,Distributed Systems,Game-Theoretic,Analysis,replication of resources,emptyanswer,emptyanswer,emptyanswer,emptyanswer,emptyanswer,emptyanswer,emptyanswer,emptyanswer,emptyanswer,emptyanswer,emptyanswer
3NBFJK3IOGHUO7IQQ5INOUCFHDXOG0,3Z4AIRP3C6CN1L39ZFPIP3VOLSZX12,A1G94QON7A9K0N,Approved,Sat Mar 14 20:22:19 EDT 2015,Sat Mar 14 20:22:36 EDT 2015,resources,nodes,nash,price,anarchy,emptyanswer,emptyanswer,emptyanswer,emptyanswer,emptyanswer,emptyanswer,emptyanswer,emptyanswer,emptyanswer,emptyanswer,emptyanswer
3NBFJK3IOGHUO7IQQ5INOUCFHDXOG0,3E4GGUZ1T8QO66MYJ0A74SXRHP02K1,ACVJ6IUO9QM4R,Approved,Sat Mar 14 20:31:08 EDT 2015,Sat Mar 14 20:31:51 EDT 2015,game-theoretic approach,selfish caching problem,cost for replicating resources,Nash equilibria,payment scheme,emptyanswer,emptyanswer,emptyanswer,emptyanswer,emptyanswer,emptyanswer,emptyanswer,emptyanswer,emptyanswer,emptyanswer,emptyanswer
3NBFJK3IOGHUO7IQQ5INOUCFHDXOG0,36DSNE9QZ5X72T5LOD8SAQ0H352JOV,A9VLWY4KW6OCB,Approved,Sat Mar 14 21:15:05 EDT 2015,Sat Mar 14 21:22:29 EDT 2015,Selfish,Caching,Distributed,Systems,Analysis,emptyanswer,emptyanswer,emptyanswer,emptyanswer,emptyanswer,emptyanswer,emptyanswer,emptyanswer,emptyanswer,emptyanswer,emptyanswer
