HitId,AssignmentId,WorkerId,Status,AcceptTime,SubmitTime,Answer 1,Answer 2,Answer 3,Answer 4,Answer 5,Answer 6,Answer 7,Answer 8,Answer 9,Answer 10,Answer 11,Answer 12,Answer 13,Answer 14,Answer 15,Answer 16
3NSCTNUR2YM766Z5ZQUEJ21L2NGA56,3NQL1CS15R7SN29HBPV9F59DB7VVYZ,A221FSWO28B4YF,Approved,Mon Mar 02 12:38:18 EST 2015,Mon Mar 02 12:38:56 EST 2015,decision making theory,joint gains,negotiations,conflict theory,value creation,emptyanswer,emptyanswer,emptyanswer,emptyanswer,emptyanswer,emptyanswer,emptyanswer,emptyanswer,emptyanswer,emptyanswer,emptyanswer
3NSCTNUR2YM766Z5ZQUEJ21L2NGA56,39O5D9O87TRV8Q6TVN7EZJPBHZLC3C,AUVC78LEL0T6L,Approved,Mon Mar 02 12:42:53 EST 2015,Mon Mar 02 12:46:41 EST 2015,Joint Gains,Automated Negotiations,Creating Value,Claiming Value,Tradeoffs,emptyanswer,emptyanswer,emptyanswer,emptyanswer,emptyanswer,emptyanswer,emptyanswer,emptyanswer,emptyanswer,emptyanswer,emptyanswer
3NSCTNUR2YM766Z5ZQUEJ21L2NGA56,3WMOAN2SRBWYB3534NMYYPB67OXNV9,A22R7DT2XQIKXV,Approved,Mon Mar 02 15:08:29 EST 2015,Mon Mar 02 15:08:36 EST 2015,aa,aa,aa,aa,aa,emptyanswer,emptyanswer,emptyanswer,emptyanswer,emptyanswer,emptyanswer,emptyanswer,emptyanswer,emptyanswer,emptyanswer,emptyanswer
3NSCTNUR2YM766Z5ZQUEJ21L2NGA56,3QL2OFSM96H2CUZ3D6RT8XNHMHINCB,A3ODG942FG22PJ,Approved,Mon Mar 02 15:24:22 EST 2015,Mon Mar 02 15:24:50 EST 2015,joint gains,automated,negotiations,decision making theory,claiming value,NA,NA,NA,NA,NA,NA,NA,NA,NA,NA,NA
3NSCTNUR2YM766Z5ZQUEJ21L2NGA56,3N1FSUEFL5ZQVEVBVX78TUZZG02D49,A1W7BQWWGKJ3XF,Approved,Mon Mar 02 16:37:35 EST 2015,Mon Mar 02 16:38:59 EST 2015,Multi-criteria Decision Making Theory,Joint Gains,Automated Negotiations,conflict theory,successful negotiation,tradeoffs,Pareto-optimal values,emptyanswer,emptyanswer,emptyanswer,emptyanswer,emptyanswer,emptyanswer,emptyanswer,emptyanswer,emptyanswer
3NSCTNUR2YM766Z5ZQUEJ21L2NGA56,3D4CH1LGEASU44BEEI47GNDCFKE9GT,A27I79P03I0ZPO,Approved,Mon Mar 02 22:02:47 EST 2015,Mon Mar 02 22:10:43 EST 2015,Joint,Searching,Automated,Multi-criteria,Theory,emptyanswer,emptyanswer,emptyanswer,emptyanswer,emptyanswer,emptyanswer,emptyanswer,emptyanswer,emptyanswer,emptyanswer,emptyanswer
3NSCTNUR2YM766Z5ZQUEJ21L2NGA56,3SNLUL3WO4M8AODINKWEPB5YOMAULB,A2R085B34P2LYS,Approved,Mon Mar 02 22:52:52 EST 2015,Mon Mar 02 23:14:47 EST 2015,for,Joint,Gains,Automated,Negotiations,emptyanswer,emptyanswer,emptyanswer,emptyanswer,emptyanswer,emptyanswer,emptyanswer,emptyanswer,emptyanswer,emptyanswer,emptyanswer
3NSCTNUR2YM766Z5ZQUEJ21L2NGA56,3VP0C6EFSGV7EV52REZQ9I67L62M6P,A26M2B8NZVKWTZ,Approved,Tue Mar 03 06:55:47 EST 2015,Tue Mar 03 07:00:21 EST 2015,Automated,Negotiations,Searching,formulating,optimisation,emptyanswer,emptyanswer,emptyanswer,emptyanswer,emptyanswer,emptyanswer,emptyanswer,emptyanswer,emptyanswer,emptyanswer,emptyanswer
3NSCTNUR2YM766Z5ZQUEJ21L2NGA56,3FTF2T8WLRHQ1Q1ETN8P2QZ099TW96,A1B5NXRZQYRC4R,Approved,Tue Mar 03 09:02:17 EST 2015,Tue Mar 03 09:02:37 EST 2015,searching,joint,gains,automated,negotiations,emptyanswer,emptyanswer,emptyanswer,emptyanswer,emptyanswer,emptyanswer,emptyanswer,emptyanswer,emptyanswer,emptyanswer,emptyanswer
3NSCTNUR2YM766Z5ZQUEJ21L2NGA56,3RXCAC0YIROUQZS49QYTGRI1VFM8GV,A3VOMP0WOJTB4I,Approved,Tue Mar 03 09:08:50 EST 2015,Tue Mar 03 09:17:32 EST 2015,established,paper,separate,attributes,approach,NA,NA,NA,NA,NA,NA,NA,NA,NA,NA,NA
3NSCTNUR2YM766Z5ZQUEJ21L2NGA56,3MMN5BL1WZ38HCIK8C1S2FUNBF9M3S,A1XRIEYLA7ZJ3B,Approved,Tue Mar 03 10:19:09 EST 2015,Tue Mar 03 10:24:20 EST 2015,Joint Gains in Automated Negotiations,Multi-criteria Decision Making Theory,"negotiation should incorporate ""creating value"" as well as ""claiming value.""",identifying attributes,tradeoffs on attributes,searching for values within attributes,several optimisation techniques introduced by operations researchers and conflict theorists,objective calculation of maximum joint gains,use a mediator to protect the negotiating parties,Pareto-optimal frontier,emptyanswer,emptyanswer,emptyanswer,emptyanswer,emptyanswer,emptyanswer
3NSCTNUR2YM766Z5ZQUEJ21L2NGA56,386PBUZZXFWZW82OBLS0I9WN77HJLB,A1KVDU4R0QLM1O,Approved,Tue Mar 03 14:18:56 EST 2015,Tue Mar 03 14:20:33 EST 2015,joint gains,decision making,negotiation,strategy,conflict theory,emptyanswer,emptyanswer,emptyanswer,emptyanswer,emptyanswer,emptyanswer,emptyanswer,emptyanswer,emptyanswer,emptyanswer,emptyanswer
3NSCTNUR2YM766Z5ZQUEJ21L2NGA56,3M23Y66PO26ACQI7BBVCLR5DDV96SA,A3FG9YWTFFK1AU,Approved,Tue Mar 03 16:32:28 EST 2015,Tue Mar 03 16:48:54 EST 2015,Searching,Joint Gains,Automated Negotiations,Multi-criteria Decision Making Theory,mediator,Pareto-optimal frontier,emptyanswer,emptyanswer,emptyanswer,emptyanswer,emptyanswer,emptyanswer,emptyanswer,emptyanswer,emptyanswer,emptyanswer
3NSCTNUR2YM766Z5ZQUEJ21L2NGA56,37Z929RLG97GEOTJ7O35W1XRX4OSTD,A9HQ3E0F2AGVO,Approved,Tue Mar 03 17:48:20 EST 2015,Tue Mar 03 17:50:07 EST 2015,creating value,claiming value,negotiation,tradeoffs,mediator,emptyanswer,emptyanswer,emptyanswer,emptyanswer,emptyanswer,emptyanswer,emptyanswer,emptyanswer,emptyanswer,emptyanswer,emptyanswer
3NSCTNUR2YM766Z5ZQUEJ21L2NGA56,386CSBG1OZLYZA3UJ767QRQCV9T6QU,A2YW509B0UMSEH,Approved,Wed Mar 04 03:21:44 EST 2015,Wed Mar 04 03:32:33 EST 2015,Search,Gain,Theory,information,Decision Making,emptyanswer,emptyanswer,emptyanswer,emptyanswer,emptyanswer,emptyanswer,emptyanswer,emptyanswer,emptyanswer,emptyanswer,emptyanswer
3NSCTNUR2YM766Z5ZQUEJ21L2NGA56,34YB12FSQYN9BOU83R8CL9JWFMHGM1,A3S81UFDOWF2ST,Approved,Wed Mar 04 10:16:00 EST 2015,Wed Mar 04 10:18:10 EST 2015,Joint Gains,Automated Negotiations,Multi-criteria Decision Making,Identifying attributes,Tradeoffs,Searching,emptyanswer,emptyanswer,emptyanswer,emptyanswer,emptyanswer,emptyanswer,emptyanswer,emptyanswer,emptyanswer,emptyanswer
3NSCTNUR2YM766Z5ZQUEJ21L2NGA56,3U5JL4WY5K84TK0SMX8KN12RWLW4XQ,A3FFZN4FO3Q789,Approved,Wed Mar 04 10:59:21 EST 2015,Wed Mar 04 11:02:36 EST 2015,preliminary,preliminary,preliminary,preliminary,preliminary,emptyanswer,emptyanswer,emptyanswer,emptyanswer,emptyanswer,emptyanswer,emptyanswer,emptyanswer,emptyanswer,emptyanswer,emptyanswer
3NSCTNUR2YM766Z5ZQUEJ21L2NGA56,3QILPRALQ5U00R9QWUBO6BRYWTL8NK,A3LUJSAN4DQ1ZT,Approved,Wed Mar 04 11:49:30 EST 2015,Wed Mar 04 11:50:16 EST 2015,joint gains,negotiations,multi-criteria,pareto-optimal,continuous valie,emptyanswer,emptyanswer,emptyanswer,emptyanswer,emptyanswer,emptyanswer,emptyanswer,emptyanswer,emptyanswer,emptyanswer,emptyanswer
3NSCTNUR2YM766Z5ZQUEJ21L2NGA56,33F859I566CRSTLMW80LSTK3INZHBL,A3H35QRODK1C4K,Approved,Wed Mar 04 12:19:15 EST 2015,Wed Mar 04 12:19:30 EST 2015,searching,joint,gains,automated,negotiations,emptyanswer,emptyanswer,emptyanswer,emptyanswer,emptyanswer,emptyanswer,emptyanswer,emptyanswer,emptyanswer,emptyanswer,emptyanswer
3NSCTNUR2YM766Z5ZQUEJ21L2NGA56,3HWRJOOET51EP5BMHTEAXFXQUW7ESJ,A2F6ZON8X5EAGL,Approved,Wed Mar 04 16:08:42 EST 2015,Wed Mar 04 16:09:21 EST 2015,Searching for Joint Gains in Automated Negotiations Based on Multi-criteria Decision Making Theory,conflict,attributes,operations,frontier,emptyanswer,emptyanswer,emptyanswer,emptyanswer,emptyanswer,emptyanswer,emptyanswer,emptyanswer,emptyanswer,emptyanswer,emptyanswer
3NSCTNUR2YM766Z5ZQUEJ21L2NGA56,3ZPBJO59KP0K7QJ6A4RRNJ83L93DHI,A3OTLWGJFB65KD,Approved,Wed Mar 04 19:35:02 EST 2015,Wed Mar 04 19:35:15 EST 2015,nothing,nothing,nothing,nothing,nothing,emptyanswer,emptyanswer,emptyanswer,emptyanswer,emptyanswer,emptyanswer,emptyanswer,emptyanswer,emptyanswer,emptyanswer,emptyanswer
3NSCTNUR2YM766Z5ZQUEJ21L2NGA56,3E337GFOL97FT6F8FSNCYO8WKFHGNX,A3HPVFAF1U9WXK,Approved,Thu Mar 05 07:21:51 EST 2015,Thu Mar 05 07:22:36 EST 2015,Joint Gains,Automated Negotiations,Multi-criteria Decision Making Theory,optimisation techniques,attributes,emptyanswer,emptyanswer,emptyanswer,emptyanswer,emptyanswer,emptyanswer,emptyanswer,emptyanswer,emptyanswer,emptyanswer,emptyanswer
3NSCTNUR2YM766Z5ZQUEJ21L2NGA56,38F71OA9GTV3XOYDS72U3OJKEAAFM0,A1QUDNLO95AKS5,Approved,Thu Mar 05 08:14:33 EST 2015,Thu Mar 05 08:16:57 EST 2015,Searching for Joint Gains in Automated Negotiations Based on Multi-criteria Decision Making Theory,conflict theorists,negotiation,tradeoffs on attributes that are valued differently by different parties,claiming value,identifying attributes that are not of direct conflict between the parties,searching for values within attributes,simple attributes,non-simple attributes,Pareto-optimal values,equilibrium,moving the parties in a series of steps,Pareto-optimal frontier,maximising joint gains,emptyanswer,emptyanswer
3NSCTNUR2YM766Z5ZQUEJ21L2NGA56,35BLDD71I6WSSSJM7BXSTCIFH8JZVS,A3I10J1GPDAPQR,Approved,Thu Mar 05 09:41:21 EST 2015,Thu Mar 05 09:42:23 EST 2015,Joint Gains,Automated Negotiations,Multi-criteria Decision Making Theory,non-simple attributes,Pareto-optimal frontier,emptyanswer,emptyanswer,emptyanswer,emptyanswer,emptyanswer,emptyanswer,emptyanswer,emptyanswer,emptyanswer,emptyanswer,emptyanswer
3NSCTNUR2YM766Z5ZQUEJ21L2NGA56,3K3R2QNK8B2D9MC9YNTOK2E3OYMU9J,A3UY2GVCKC8LSL,Approved,Thu Mar 05 10:11:35 EST 2015,Thu Mar 05 10:12:21 EST 2015,join gains,automated negotation,multi-criteria,decision making theory,claiming value,emptyanswer,emptyanswer,emptyanswer,emptyanswer,emptyanswer,emptyanswer,emptyanswer,emptyanswer,emptyanswer,emptyanswer,emptyanswer
3NSCTNUR2YM766Z5ZQUEJ21L2NGA56,3GNCZX450IMEM0EI978U6R2OMZEPAZ,A1YLO4LT02D2F0,Approved,Thu Mar 05 11:06:07 EST 2015,Thu Mar 05 11:06:52 EST 2015,It is well established by conflict theorists,In this paper we propose an approach for maximising,researchers and conflict theorists,strongly dominates the other simple attributes,moving the parties in a series of steps,emptyanswer,emptyanswer,emptyanswer,emptyanswer,emptyanswer,emptyanswer,emptyanswer,emptyanswer,emptyanswer,emptyanswer,emptyanswer
3NSCTNUR2YM766Z5ZQUEJ21L2NGA56,3HQUKB7LNFD1J6O8W0AHE4N1D32HH5,A3DHYTZ1GPN0T8,Approved,Thu Mar 05 12:49:50 EST 2015,Thu Mar 05 12:50:36 EST 2015,established,identifying,incurring,information,equilibrium,emptyanswer,emptyanswer,emptyanswer,emptyanswer,emptyanswer,emptyanswer,emptyanswer,emptyanswer,emptyanswer,emptyanswer,emptyanswer
3NSCTNUR2YM766Z5ZQUEJ21L2NGA56,3DQQ64TANGKBTDHLAC4MOGZFEJVWPX,ADUJUZANFOWKW,Approved,Thu Mar 05 19:09:14 EST 2015,Thu Mar 05 19:09:56 EST 2015,negotiations,decision,gains,values,attributes,emptyanswer,emptyanswer,emptyanswer,emptyanswer,emptyanswer,emptyanswer,emptyanswer,emptyanswer,emptyanswer,emptyanswer,emptyanswer
3NSCTNUR2YM766Z5ZQUEJ21L2NGA56,3PH3VY7DJLW57HJRXL2OFE1TOL5ZWU,A9LA6QK6VCERR,Approved,Fri Mar 06 01:36:42 EST 2015,Fri Mar 06 01:38:30 EST 2015,Multi-criteria Decision Making Theory,creating value,claiming value,Pareto-optimal frontier,quilibrium strategy for negotiator,conflict theorists,emptyanswer,emptyanswer,emptyanswer,emptyanswer,emptyanswer,emptyanswer,emptyanswer,emptyanswer,emptyanswer,emptyanswer
3NSCTNUR2YM766Z5ZQUEJ21L2NGA56,3SNLUL3WO4M8AODINKWEPB5YOXXLUB,A2KELEVTA0306Y,Approved,Fri Mar 06 07:37:38 EST 2015,Fri Mar 06 07:39:59 EST 2015,established,conflict,successful,negotiation,incorporate,attributes,maximising,automated,multi-criteria,optimisation,theorists,equilibrium,separate,dominates,unnecessary,opponent
3NSCTNUR2YM766Z5ZQUEJ21L2NGA56,323Q6SJS8IFH5AX21AMHBJBOXUXFHP,AQXSUU4I4DAH8,Approved,Fri Mar 06 11:04:04 EST 2015,Fri Mar 06 11:04:45 EST 2015,direct conflict between the parties,oint Gains in Automated Negotiations,tradeoffs on attributes,equilibrium strategy for negotiators,Multi-criteria Decision Making Theory,emptyanswer,emptyanswer,emptyanswer,emptyanswer,emptyanswer,emptyanswer,emptyanswer,emptyanswer,emptyanswer,emptyanswer,emptyanswer
3NSCTNUR2YM766Z5ZQUEJ21L2NGA56,3YJ6NA41JBFPNTHM3DL7ZQ57CSCJPP,A1A7P5LC80G47W,Approved,Fri Mar 06 15:33:43 EST 2015,Fri Mar 06 15:34:50 EST 2015,joint gains,automated negotiations,multi-criteria,decision making theory,conflict theorists,emptyanswer,emptyanswer,emptyanswer,emptyanswer,emptyanswer,emptyanswer,emptyanswer,emptyanswer,emptyanswer,emptyanswer,emptyanswer
3NSCTNUR2YM766Z5ZQUEJ21L2NGA56,30X31N5D63PBZSUA1OCO1W7Z9QPASI,APEB5ERGCYP6D,Approved,Fri Mar 06 22:26:04 EST 2015,Fri Mar 06 22:36:13 EST 2015,creating value,claiming value,tradeoffs on attributes,tradeoffs on attributes,Pareto-optimal frontier,emptyanswer,emptyanswer,emptyanswer,emptyanswer,emptyanswer,emptyanswer,emptyanswer,emptyanswer,emptyanswer,emptyanswer,emptyanswer
3NSCTNUR2YM766Z5ZQUEJ21L2NGA56,3B3WTRP3DB14PA37F3JIEJJB5F629S,ADVZAZ12Z8N9J,Approved,Sat Mar 07 10:10:09 EST 2015,Sat Mar 07 10:22:36 EST 2015,"It is well established by conflict theorists and others that successful negotiation should incorporate ""creating value"" as well as ""claiming value.""","Joint improvements that bring benefits to all parties can be realised by (i) identifying attributes that are not of direct conflict between the parties, (ii) tradeoffs on attributes that are valued differently by different parties, and (iii) searching for values within attributes that could bring more gains to one party while not incurring too much loss on the other party.","In this paper we propose an approach for maximising joint gains in automated negotiations by formulating the negotiation problem as a multi-criteria decision making problem and taking advantage of several optimisation techniques introduced by operations researchers and conflict theorists. We use a mediator to protect the negotiating parties from unnecessary disclosure of information to their opponent, while also allowing an objective calculation of maximum joint gains. We separate out attributes that take a finite set of values (simple attributes) from those with continuous values, and we show that for simple attributes, the mediator can determine the Pareto-optimal values. In addition we show that if none of the simple attributes strongly dominates the other simple attributes, then truth telling is an equilibrium strategy for negotiators during the optimisation of simple attributes. We also describe an approach for improving joint gains on non-simple attributes, by moving the parties in a series of steps, towards the Pareto-optimal frontier.",N/A,N/A,emptyanswer,emptyanswer,emptyanswer,emptyanswer,emptyanswer,emptyanswer,emptyanswer,emptyanswer,emptyanswer,emptyanswer,emptyanswer
3NSCTNUR2YM766Z5ZQUEJ21L2NGA56,3WOKGM4L71F00N4Z25YMSLLL3GBO0B,A3K6BSW10S4YKJ,Approved,Sat Mar 07 11:41:18 EST 2015,Sat Mar 07 11:43:18 EST 2015,creating value,claiming value,maximising joint gains,automated negotiations,multi-criteria decision making problem,use a mediator,emptyanswer,emptyanswer,emptyanswer,emptyanswer,emptyanswer,emptyanswer,emptyanswer,emptyanswer,emptyanswer,emptyanswer
3NSCTNUR2YM766Z5ZQUEJ21L2NGA56,3MD9PLUKKIDFKNAD5KB1JVO2VDVNZT,A37WDQ1VG5XN6Z,Approved,Sat Mar 07 13:39:35 EST 2015,Sat Mar 07 13:39:41 EST 2015,nothing,nothing,nothing,nothing,nothing,emptyanswer,emptyanswer,emptyanswer,emptyanswer,emptyanswer,emptyanswer,emptyanswer,emptyanswer,emptyanswer,emptyanswer,emptyanswer
3NSCTNUR2YM766Z5ZQUEJ21L2NGA56,3SUWZRL0MYC927DPAGB7WA1YCIOE6X,ANB69EQROUTQJ,Approved,Sat Mar 07 21:38:43 EST 2015,Sat Mar 07 21:40:12 EST 2015,automated negotiations,decision making theory,conflict theorists,simple attributes,improving joint gains,non-simple attributes,emptyanswer,emptyanswer,emptyanswer,emptyanswer,emptyanswer,emptyanswer,emptyanswer,emptyanswer,emptyanswer,emptyanswer
3NSCTNUR2YM766Z5ZQUEJ21L2NGA56,3NC5L260MOLRXRJP5NH7VS8P9J7OFO,A38IE69ORDCEGY,Approved,Sun Mar 08 00:04:05 EST 2015,Sun Mar 08 00:08:08 EST 2015,Joint gains,Multi-criteria decision making theory,automated negotiations,simple attribute optimization,Pareto-optimal frontier,emptyanswer,emptyanswer,emptyanswer,emptyanswer,emptyanswer,emptyanswer,emptyanswer,emptyanswer,emptyanswer,emptyanswer,emptyanswer
3NSCTNUR2YM766Z5ZQUEJ21L2NGA56,3IO1LGZLK9WST63YXDP7405C1GN86R,A3G4SXD4N30C3L,Approved,Sun Mar 08 13:01:24 EDT 2015,Sun Mar 08 13:02:06 EDT 2015,joint Gains,Automated Negotiations,Multi-criteria Decision Making Theory,creating value,claiming value,non-simple attributes,Pareto-optimal frontier,emptyanswer,emptyanswer,emptyanswer,emptyanswer,emptyanswer,emptyanswer,emptyanswer,emptyanswer,emptyanswer
3NSCTNUR2YM766Z5ZQUEJ21L2NGA56,3U0SRXB7CD46IWOMV3HOXSM3MY5RN1,A156NFBMKKLDL9,Approved,Sun Mar 08 16:40:10 EDT 2015,Sun Mar 08 16:40:59 EDT 2015,Joint Gains,Automated Negotiations,Multi-criteria Decision Making Theory,creating value as well as claiming value,equilibrium strategy,emptyanswer,emptyanswer,emptyanswer,emptyanswer,emptyanswer,emptyanswer,emptyanswer,emptyanswer,emptyanswer,emptyanswer,emptyanswer
3NSCTNUR2YM766Z5ZQUEJ21L2NGA56,3ERMJ6L4DYRQIVJ7AO4IFW63GW3M7Z,A2GBY8O6GYSB89,Approved,Sun Mar 08 18:23:13 EDT 2015,Sun Mar 08 18:24:34 EDT 2015,Searching for Joint Gains,Automated Negotiations Based,Multi-criteria Decision Making Theory,conflict theorists,optimisation techniques,Pareto-optimal frontier,emptyanswer,emptyanswer,emptyanswer,emptyanswer,emptyanswer,emptyanswer,emptyanswer,emptyanswer,emptyanswer,emptyanswer
3NSCTNUR2YM766Z5ZQUEJ21L2NGA56,37QW5D2ZRGLXG41V4QSA5514J60S8F,A2E2IQ99W6B7AV,Approved,Mon Mar 09 06:05:09 EDT 2015,Mon Mar 09 06:06:36 EDT 2015,Decision making,Negotiation value,Group performance,Attributes,Peer fairness,emptyanswer,emptyanswer,emptyanswer,emptyanswer,emptyanswer,emptyanswer,emptyanswer,emptyanswer,emptyanswer,emptyanswer,emptyanswer
3NSCTNUR2YM766Z5ZQUEJ21L2NGA56,3U5JL4WY5K84TK0SMX8KN12RW0BX4S,A2SZAM3EZER2PH,Approved,Mon Mar 09 07:47:54 EDT 2015,Mon Mar 09 07:48:27 EDT 2015,conflict theorists,tradeoffs on attributes,maximising joint gains,simple attributes,Pareto-optimal frontier,emptyanswer,emptyanswer,emptyanswer,emptyanswer,emptyanswer,emptyanswer,emptyanswer,emptyanswer,emptyanswer,emptyanswer,emptyanswer
3NSCTNUR2YM766Z5ZQUEJ21L2NGA56,3EFVCAY5L384H1I5HWJWD4AHNQ5J8E,A17JEL4FN1B9TB,Approved,Tue Mar 10 12:02:32 EDT 2015,Tue Mar 10 12:03:35 EDT 2015,Searching,Joint,Gains,Automated,Negotiations,Based,Multi-criteria,criteria,Decision,Making,Theory,emptyanswer,emptyanswer,emptyanswer,emptyanswer,emptyanswer
3NSCTNUR2YM766Z5ZQUEJ21L2NGA56,354P56DE9K2TGQWCUL04R5598PCS7G,AW36CVMS3526O,Approved,Tue Mar 10 12:19:09 EDT 2015,Tue Mar 10 12:20:00 EDT 2015,Automated Negotiations,Multi-criteria,creating value,negotiators,Pareto-optimal,emptyanswer,emptyanswer,emptyanswer,emptyanswer,emptyanswer,emptyanswer,emptyanswer,emptyanswer,emptyanswer,emptyanswer,emptyanswer
3NSCTNUR2YM766Z5ZQUEJ21L2NGA56,3RJSC4XJ10TESDYHXQ2NJFLUMSC507,ATRHDYWCIYTDJ,Approved,Wed Mar 11 04:19:18 EDT 2015,Wed Mar 11 04:19:38 EDT 2015,successful,incurring,parties,determine,towards,emptyanswer,emptyanswer,emptyanswer,emptyanswer,emptyanswer,emptyanswer,emptyanswer,emptyanswer,emptyanswer,emptyanswer,emptyanswer
3NSCTNUR2YM766Z5ZQUEJ21L2NGA56,3YJ6NA41JBFPNTHM3DL7ZQ57C2PJPM,AL9R6CILUG30X,Approved,Wed Mar 11 07:16:41 EDT 2015,Wed Mar 11 07:19:32 EDT 2015,Decision Making Theory,creating value in negotiations,claiming value in negotiations,Formulating the negotiation,Maximising joint gains,Optimisation techniques,emptyanswer,emptyanswer,emptyanswer,emptyanswer,emptyanswer,emptyanswer,emptyanswer,emptyanswer,emptyanswer,emptyanswer
3NSCTNUR2YM766Z5ZQUEJ21L2NGA56,3AUQQEL7U5SVQ7DW3HK0NDFTZHL0VI,A3CMDYA9USA3MR,Approved,Wed Mar 11 07:40:41 EDT 2015,Wed Mar 11 07:40:53 EDT 2015,established,theorists,negotiation,optimal,frontier,emptyanswer,emptyanswer,emptyanswer,emptyanswer,emptyanswer,emptyanswer,emptyanswer,emptyanswer,emptyanswer,emptyanswer,emptyanswer
3NSCTNUR2YM766Z5ZQUEJ21L2NGA56,3KJYX6QCM9A2SDEIPPU65IUPYQ2VJV,A28IXE702NXWKQ,Approved,Wed Mar 11 14:15:16 EDT 2015,Wed Mar 11 14:16:18 EDT 2015,established,creating value,claiming value,Joint improvements,Pareto-optimal frontier,emptyanswer,emptyanswer,emptyanswer,emptyanswer,emptyanswer,emptyanswer,emptyanswer,emptyanswer,emptyanswer,emptyanswer,emptyanswer
3NSCTNUR2YM766Z5ZQUEJ21L2NGA56,3SB5N7Y3O33C8AN1EMLENCCJC2E0GA,A2KS418T8MPLJH,Approved,Wed Mar 11 16:32:08 EDT 2015,Wed Mar 11 16:33:12 EDT 2015,"successful negotiation should incorporate ""creating value"" as well as ""claiming value",Joint improvements that bring benefits to all parties can be realised,identifying attributes that are not of direct conflict between the parties,We use a mediator to protect the negotiating parties from unnecessary disclosure of information,We also describe an approach for improving joint gains on non-simple attributes,emptyanswer,emptyanswer,emptyanswer,emptyanswer,emptyanswer,emptyanswer,emptyanswer,emptyanswer,emptyanswer,emptyanswer,emptyanswer
3NSCTNUR2YM766Z5ZQUEJ21L2NGA56,3DOCMVPBTNDL3YWU2W07O8HTL7LNNQ,A2SDTL2V8VJ25O,Approved,Wed Mar 11 20:41:06 EDT 2015,Wed Mar 11 20:41:56 EDT 2015,Joint,Negotiations,Decision,Theory,truth,emptyanswer,emptyanswer,emptyanswer,emptyanswer,emptyanswer,emptyanswer,emptyanswer,emptyanswer,emptyanswer,emptyanswer,emptyanswer
3NSCTNUR2YM766Z5ZQUEJ21L2NGA56,33LKR6A5KEJGK4UPU5OL00AI8P3T1T,A1JWEYGDFDB100,Approved,Thu Mar 12 10:56:34 EDT 2015,Thu Mar 12 10:57:48 EDT 2015,Joint Gains,Automated Negotiations,Multi-criteria,Decision Making Theory,conflict theorists,emptyanswer,emptyanswer,emptyanswer,emptyanswer,emptyanswer,emptyanswer,emptyanswer,emptyanswer,emptyanswer,emptyanswer,emptyanswer
3NSCTNUR2YM766Z5ZQUEJ21L2NGA56,3PJ71Z61R41X0PLBWZJ49096EI4195,AM1HY736BY3Z8,Approved,Thu Mar 12 13:38:14 EDT 2015,Thu Mar 12 13:39:11 EDT 2015,Searching for Joint Gains in Automated Negotiations Based on Multi-criteria Decision Making Theory,"It is well established by conflict theorists and others that successful negotiation should incorporate ""creating value"" as well as ""claiming value.""","Joint improvements that bring benefits to all parties can be realised by (i) identifying attributes that are not of direct conflict between the parties, (ii) tradeoffs on attributes that are valued differently by different parties,",searching for values within attributes that could bring more gains to one party while not incurring too much loss on the other party.,"We separate out attributes that take a finite set of values (simple attributes) from those with continuous values, and we show that for simple attributes, the mediator can determine the Pareto-optimal values.",emptyanswer,emptyanswer,emptyanswer,emptyanswer,emptyanswer,emptyanswer,emptyanswer,emptyanswer,emptyanswer,emptyanswer,emptyanswer
3NSCTNUR2YM766Z5ZQUEJ21L2NGA56,3T3IWE1XG6M418E6FKE011IQG22QTU,AU3WQKISBW5MZ,Approved,Thu Mar 12 14:37:54 EDT 2015,Thu Mar 12 14:38:12 EDT 2015,"Joint improvements that bring benefits to all parties can be realised by (i) identifying attributes that are not of direct conflict between the parties, (ii) tradeoffs on attributes that are valued differently by different parties, and (iii) searching for values within attributes that could bring more gains to one party while not incurring too much loss on the other party. In this paper we propose an approach for maximising joint gains in automated negotiations by formulating the negotiation problem as a multi-criteria decision making problem and taking advantage of several optimisation techniques introduced by operations researchers and conflict theorists. We use a mediator to protect the negotiating parties from unnecessary disclosure of information to their opponent, while also allowing an objective calculation of maximum joint gains.","Joint improvements that bring benefits to all parties can be realised by (i) identifying attributes that are not of direct conflict between the parties, (ii) tradeoffs on attributes that are valued differently by different parties, and (iii) searching for values within attributes that could bring more gains to one party while not incurring too much loss on the other party. In this paper we propose an approach for maximising joint gains in automated negotiations by formulating the negotiation problem as a multi-criteria decision making problem and taking advantage of several optimisation techniques introduced by operations researchers and conflict theorists. We use a mediator to protect the negotiating parties from unnecessary disclosure of information to their opponent, while also allowing an objective calculation of maximum joint gains.","Joint improvements that bring benefits to all parties can be realised by (i) identifying attributes that are not of direct conflict between the parties, (ii) tradeoffs on attributes that are valued differently by different parties, and (iii) searching for values within attributes that could bring more gains to one party while not incurring too much loss on the other party. In this paper we propose an approach for maximising joint gains in automated negotiations by formulating the negotiation problem as a multi-criteria decision making problem and taking advantage of several optimisation techniques introduced by operations researchers and conflict theorists. We use a mediator to protect the negotiating parties from unnecessary disclosure of information to their opponent, while also allowing an objective calculation of maximum joint gains.","Joint improvements that bring benefits to all parties can be realised by (i) identifying attributes that are not of direct conflict between the parties, (ii) tradeoffs on attributes that are valued differently by different parties, and (iii) searching for values within attributes that could bring more gains to one party while not incurring too much loss on the other party. In this paper we propose an approach for maximising joint gains in automated negotiations by formulating the negotiation problem as a multi-criteria decision making problem and taking advantage of several optimisation techniques introduced by operations researchers and conflict theorists. We use a mediator to protect the negotiating parties from unnecessary disclosure of information to their opponent, while also allowing an objective calculation of maximum joint gains.","Joint improvements that bring benefits to all parties can be realised by (i) identifying attributes that are not of direct conflict between the parties, (ii) tradeoffs on attributes that are valued differently by different parties, and (iii) searching for values within attributes that could bring more gains to one party while not incurring too much loss on the other party. In this paper we propose an approach for maximising joint gains in automated negotiations by formulating the negotiation problem as a multi-criteria decision making problem and taking advantage of several optimisation techniques introduced by operations researchers and conflict theorists. We use a mediator to protect the negotiating parties from unnecessary disclosure of information to their opponent, while also allowing an objective calculation of maximum joint gains.",emptyanswer,emptyanswer,emptyanswer,emptyanswer,emptyanswer,emptyanswer,emptyanswer,emptyanswer,emptyanswer,emptyanswer,emptyanswer
3NSCTNUR2YM766Z5ZQUEJ21L2NGA56,3TMFV4NEP8DQNLI4OV2B2U4PQQT8WM,AN5ZBJGP187TI,Approved,Fri Mar 13 04:51:12 EDT 2015,Fri Mar 13 04:54:02 EDT 2015,Joint gains in automated negotiations based on multi-criteria decision making theory,"""Creating value"" as well as ""claiming value""","Identifying attributes, tradeoffs on attributes, searching for values within attributes",Use a mediator to protect the negotiating parties,Separate out attributes that take a finite set of values (simple attributes),Truth telling is an equilibrium strategy for negotiators during the optimisation of simple attributes,emptyanswer,emptyanswer,emptyanswer,emptyanswer,emptyanswer,emptyanswer,emptyanswer,emptyanswer,emptyanswer,emptyanswer
3NSCTNUR2YM766Z5ZQUEJ21L2NGA56,33OOO72IVHK0774NA2D5HWT9CO8TC1,A2UNRV6PEOEXG0,Approved,Fri Mar 13 13:12:16 EDT 2015,Fri Mar 13 13:12:54 EDT 2015,Joint gains,automated negotiations,Multi-criteria Decision Making Theory,conflict theorists,negotation,value,emptyanswer,emptyanswer,emptyanswer,emptyanswer,emptyanswer,emptyanswer,emptyanswer,emptyanswer,emptyanswer,emptyanswer
3NSCTNUR2YM766Z5ZQUEJ21L2NGA56,33FOTY3KEMKZYNSE8JTVBQAEK6N1C8,A3DTN2OMF6DUSI,Approved,Fri Mar 13 22:52:48 EDT 2015,Fri Mar 13 22:53:13 EDT 2015,Searching,Joint Gains,Automated Negotiations,Multi-criteria,Decision Making Theory,emptyanswer,emptyanswer,emptyanswer,emptyanswer,emptyanswer,emptyanswer,emptyanswer,emptyanswer,emptyanswer,emptyanswer,emptyanswer
3NSCTNUR2YM766Z5ZQUEJ21L2NGA56,3DR23U6WE5DF45O16TJ07KTCX21ETZ,A8HUG07IE2R3,Approved,Sat Mar 14 03:30:49 EDT 2015,Sat Mar 14 03:35:01 EDT 2015,Automated Negotiations Based on Multi-criteria Decision Making Theory,identifying attributes that are not of direct conflict between the parties,maximising joint gains in automated negotiations,multi-criteria decision making problem and taking advantage of several optimisation techniques,objective calculation of maximum joint gains,Pareto-optimal frontier,emptyanswer,emptyanswer,emptyanswer,emptyanswer,emptyanswer,emptyanswer,emptyanswer,emptyanswer,emptyanswer,emptyanswer
3NSCTNUR2YM766Z5ZQUEJ21L2NGA56,340UGXU9DY0B6TPC1OYKCK30GC4VU8,A610SH5RY1NG1,Approved,Sat Mar 14 07:22:54 EDT 2015,Sat Mar 14 07:23:08 EDT 2015,Searching,Joint,Automated,Negotiations,Decision,emptyanswer,emptyanswer,emptyanswer,emptyanswer,emptyanswer,emptyanswer,emptyanswer,emptyanswer,emptyanswer,emptyanswer,emptyanswer
3NSCTNUR2YM766Z5ZQUEJ21L2NGA56,3B1NLC6UGZVFWRRLV7042DDRLG0PGT,A2Z9HR2IBD75R9,Approved,Sat Mar 14 09:22:52 EDT 2015,Sat Mar 14 09:23:04 EDT 2015,Searching,attributes,operations,maximising,approach,emptyanswer,emptyanswer,emptyanswer,emptyanswer,emptyanswer,emptyanswer,emptyanswer,emptyanswer,emptyanswer,emptyanswer,emptyanswer
3NSCTNUR2YM766Z5ZQUEJ21L2NGA56,3W8CV64QJ2Y8406PYOMP1NPDVDU9HI,AH3ER3EJXHRO2,Approved,Sat Mar 14 16:26:22 EDT 2015,Sat Mar 14 16:26:44 EDT 2015,joint gains,automated negotiations,multi-criteria,decision making theory,conflict theorists,emptyanswer,emptyanswer,emptyanswer,emptyanswer,emptyanswer,emptyanswer,emptyanswer,emptyanswer,emptyanswer,emptyanswer,emptyanswer
3NSCTNUR2YM766Z5ZQUEJ21L2NGA56,3Z7EFSHGN9D7OOD7FCE26ZEFPOGCXV,AWFQ7OX0UPSM5,Approved,Sat Mar 14 16:32:59 EDT 2015,Sat Mar 14 16:34:15 EDT 2015,Automated Negotiations,Multi-criteria Decision Making Theory,creating value,claiming value,objective calculation of maximum joint gains,emptyanswer,emptyanswer,emptyanswer,emptyanswer,emptyanswer,emptyanswer,emptyanswer,emptyanswer,emptyanswer,emptyanswer,emptyanswer
3NSCTNUR2YM766Z5ZQUEJ21L2NGA56,3D4CH1LGEASU44BEEI47GNDCGEP9GT,A3LV5FJGIHFQ94,Approved,Sat Mar 14 19:46:42 EDT 2015,Sat Mar 14 19:50:30 EDT 2015,Joint,value,automated,negotiations,mediator,calculation,attributes,emptyanswer,emptyanswer,emptyanswer,emptyanswer,emptyanswer,emptyanswer,emptyanswer,emptyanswer,emptyanswer
3NSCTNUR2YM766Z5ZQUEJ21L2NGA56,3VHP9MDGRNJQO2MMFI8G0SE8LKYFCN,A29ZV4XJB7R1O,Approved,Sat Mar 14 20:46:13 EDT 2015,Sat Mar 14 20:56:38 EDT 2015,Searching,Joint,Gains,Automated,Negotiations,emptyanswer,emptyanswer,emptyanswer,emptyanswer,emptyanswer,emptyanswer,emptyanswer,emptyanswer,emptyanswer,emptyanswer,emptyanswer
3NSCTNUR2YM766Z5ZQUEJ21L2NGA56,32ZKVD547FMCYLENHNBJOZJT09VB35,A1G94QON7A9K0N,Approved,Sat Mar 14 21:06:32 EDT 2015,Sat Mar 14 21:06:54 EDT 2015,conflict,negotiation,value,improvements,objective,emptyanswer,emptyanswer,emptyanswer,emptyanswer,emptyanswer,emptyanswer,emptyanswer,emptyanswer,emptyanswer,emptyanswer,emptyanswer
3NSCTNUR2YM766Z5ZQUEJ21L2NGA56,3NC5L260MOLRXRJP5NH7VS8PAYKFON,A1BV5YY1UQCMZY,Approved,Sat Mar 14 21:06:14 EDT 2015,Sat Mar 14 21:35:26 EDT 2015,joint gains,automated negotiations,multi-criteria dicion making theory,trade-offs,equilibrium strategy,negotiators,emptyanswer,emptyanswer,emptyanswer,emptyanswer,emptyanswer,emptyanswer,emptyanswer,emptyanswer,emptyanswer,emptyanswer
3NSCTNUR2YM766Z5ZQUEJ21L2NGA56,3HWRJOOET51EP5BMHTEAXFXQVMASEH,ATOMPVWZKAE0E,Approved,Sat Mar 14 21:37:33 EDT 2015,Sat Mar 14 21:39:07 EDT 2015,Automated Negotiations,Multi-criteria Decision Making Theory,Joint Gains,mediator,Pareto-optimal value,equilibrium strategy,emptyanswer,emptyanswer,emptyanswer,emptyanswer,emptyanswer,emptyanswer,emptyanswer,emptyanswer,emptyanswer,emptyanswer
3NSCTNUR2YM766Z5ZQUEJ21L2NGA56,345LHZDEDXRRUKNTHESETPBHPU53UH,A9VLWY4KW6OCB,Approved,Sat Mar 14 21:44:12 EDT 2015,Sat Mar 14 22:06:26 EDT 2015,Searching,Joint,Gains,Automated,Multi-criteria,emptyanswer,emptyanswer,emptyanswer,emptyanswer,emptyanswer,emptyanswer,emptyanswer,emptyanswer,emptyanswer,emptyanswer,emptyanswer
3NSCTNUR2YM766Z5ZQUEJ21L2NGA56,35GMH2SV3EGZRDJTACX1DANPYX8EO7,ACVJ6IUO9QM4R,Approved,Sat Mar 14 22:15:24 EDT 2015,Sat Mar 14 22:16:57 EDT 2015,strategy for negotiators,conflict theorists,successful negotiation,creating value and claiming value,maximum joint gains,emptyanswer,emptyanswer,emptyanswer,emptyanswer,emptyanswer,emptyanswer,emptyanswer,emptyanswer,emptyanswer,emptyanswer,emptyanswer
