HitId,AssignmentId,WorkerId,Status,AcceptTime,SubmitTime,Answer 1,Answer 2,Answer 3,Answer 4,Answer 5,Answer 6,Answer 7,Answer 8,Answer 9,Answer 10,Answer 11,Answer 12,Answer 13,Answer 14,Answer 15,Answer 16
3ODOP6T3ARJ05K0186IP8SC9Q3T24M,323Q6SJS8IFH5AX21AMHBJBOXHVHFZ,A17JEL4FN1B9TB,Approved,Mon Mar 02 12:45:05 EST 2015,Mon Mar 02 12:46:53 EST 2015,Reputation,Values,Heterogeneous,Agent,Reputation,Models,art,heterogeneity,emptyanswer,emptyanswer,emptyanswer,emptyanswer,emptyanswer,emptyanswer,emptyanswer,emptyanswer
3ODOP6T3ARJ05K0186IP8SC9Q3T24M,3KIBXJ1WD5T2DDB36Y84B50UH0TKOX,A22R7DT2XQIKXV,Approved,Mon Mar 02 14:11:05 EST 2015,Mon Mar 02 14:11:10 EST 2015,aa,aa,aa,aa,aa,emptyanswer,emptyanswer,emptyanswer,emptyanswer,emptyanswer,emptyanswer,emptyanswer,emptyanswer,emptyanswer,emptyanswer,emptyanswer
3ODOP6T3ARJ05K0186IP8SC9Q3T24M,37Z929RLG97GEOTJ7O35W1XRX2QSTB,A3ODG942FG22PJ,Approved,Mon Mar 02 15:31:08 EST 2015,Mon Mar 02 15:31:46 EST 2015,Reputation Values,Heterogeneous,agent,ART Testbed,ontology,NA,NA,NA,NA,NA,NA,NA,NA,NA,NA,NA
3ODOP6T3ARJ05K0186IP8SC9Q3T24M,3OS4RQUCR9E7EXUG1ICLP88Q255BFU,A3FG9YWTFFK1AU,Approved,Mon Mar 02 19:04:21 EST 2015,Mon Mar 02 19:24:25 EST 2015,Exchanging Reputation Values,Heterogeneous Agent,Reputation Models,Experience on ART Testbed,MAS,emptyanswer,emptyanswer,emptyanswer,emptyanswer,emptyanswer,emptyanswer,emptyanswer,emptyanswer,emptyanswer,emptyanswer,emptyanswer
3ODOP6T3ARJ05K0186IP8SC9Q3T24M,31N2WW6R9RP2B2Q3MPXF7PAEED4F3J,A2R085B34P2LYS,Approved,Mon Mar 02 22:13:28 EST 2015,Mon Mar 02 22:24:37 EST 2015,Exchanging,Reputation,Values,Heterogeneous,Agent,optional,optional,optional,optional,optional,optional,optional,optional,optional,optional,optional
3ODOP6T3ARJ05K0186IP8SC9Q3T24M,3HFNH7HEMHD0W3S0VKFT2I31PKKQGY,A26M2B8NZVKWTZ,Approved,Mon Mar 02 23:15:45 EST 2015,Mon Mar 02 23:16:10 EST 2015,Exchanging,Reputation,Heterogeneous,Models,Experience,emptyanswer,emptyanswer,emptyanswer,emptyanswer,emptyanswer,emptyanswer,emptyanswer,emptyanswer,emptyanswer,emptyanswer,emptyanswer
3ODOP6T3ARJ05K0186IP8SC9Q3T24M,35BLDD71I6WSSSJM7BXSTCIFH3HVZC,A1B5NXRZQYRC4R,Approved,Tue Mar 03 09:05:23 EST 2015,Tue Mar 03 09:05:45 EST 2015,exchanging,repuation,values,heterogeneous,agent,emptyanswer,emptyanswer,emptyanswer,emptyanswer,emptyanswer,emptyanswer,emptyanswer,emptyanswer,emptyanswer,emptyanswer,emptyanswer
3ODOP6T3ARJ05K0186IP8SC9Q3T24M,351SEKWQS0G6Z4KH1174FOGZ2SYMDQ,A27I79P03I0ZPO,Approved,Tue Mar 03 10:23:34 EST 2015,Tue Mar 03 10:33:39 EST 2015,Reputation,Values,Exchanging,Heterogeneous,Models,emptyanswer,emptyanswer,emptyanswer,emptyanswer,emptyanswer,emptyanswer,emptyanswer,emptyanswer,emptyanswer,emptyanswer,emptyanswer
3ODOP6T3ARJ05K0186IP8SC9Q3T24M,3UJ1CZ6IZHOETMIT6SL7TLRDH1Y5SV,A9LA6QK6VCERR,Approved,Wed Mar 04 01:43:04 EST 2015,Wed Mar 04 01:44:32 EST 2015,open MAS,Heterogeneous Agent Reputation Models,ART Testbed,ontology,ART reputation model,emptyanswer,emptyanswer,emptyanswer,emptyanswer,emptyanswer,emptyanswer,emptyanswer,emptyanswer,emptyanswer,emptyanswer,emptyanswer
3ODOP6T3ARJ05K0186IP8SC9Q3T24M,34YB12FSQYN9BOU83R8CL9JWFM0GMK,A2YW509B0UMSEH,Approved,Wed Mar 04 03:53:50 EST 2015,Wed Mar 04 03:57:07 EST 2015,Exchange,data,Heterogeneous,agent,ontology,emptyanswer,emptyanswer,emptyanswer,emptyanswer,emptyanswer,emptyanswer,emptyanswer,emptyanswer,emptyanswer,emptyanswer,emptyanswer
3ODOP6T3ARJ05K0186IP8SC9Q3T24M,3E1QT0TDFP88MQYZZEYW13VHAUK8IX,A3LUJSAN4DQ1ZT,Approved,Wed Mar 04 10:02:24 EST 2015,Wed Mar 04 10:04:13 EST 2015,MAS,Inoperability,Heterogeneity,Reputation values,ART testbed,emptyanswer,emptyanswer,emptyanswer,emptyanswer,emptyanswer,emptyanswer,emptyanswer,emptyanswer,emptyanswer,emptyanswer,emptyanswer
3ODOP6T3ARJ05K0186IP8SC9Q3T24M,3AAPLD8UCCGROFF3WUR6SNQPOUTHT5,A3H35QRODK1C4K,Approved,Wed Mar 04 10:50:05 EST 2015,Wed Mar 04 10:50:26 EST 2015,exchanging,reputTION,VALUES,heterogeneous,agent,emptyanswer,emptyanswer,emptyanswer,emptyanswer,emptyanswer,emptyanswer,emptyanswer,emptyanswer,emptyanswer,emptyanswer,emptyanswer
3ODOP6T3ARJ05K0186IP8SC9Q3T24M,36H9ULYP62TDWGSSPAP2NWR3ADOFJZ,A3FFZN4FO3Q789,Approved,Wed Mar 04 10:41:07 EST 2015,Wed Mar 04 10:54:38 EST 2015,and,and,and,and,and,emptyanswer,emptyanswer,emptyanswer,emptyanswer,emptyanswer,emptyanswer,emptyanswer,emptyanswer,emptyanswer,emptyanswer,emptyanswer
3ODOP6T3ARJ05K0186IP8SC9Q3T24M,3WJEQKOXA81B58VGO5X45VKQJGJ1AC,A3UY2GVCKC8LSL,Approved,Wed Mar 04 12:27:21 EST 2015,Wed Mar 04 12:28:11 EST 2015,exchanging reputation values,heterogeneous agent reputation model,experience,ART testbed,ARTMAS,semantic data,ontology,emptyanswer,emptyanswer,emptyanswer,emptyanswer,emptyanswer,emptyanswer,emptyanswer,emptyanswer,emptyanswer
3ODOP6T3ARJ05K0186IP8SC9Q3T24M,3JPSL1DZ5SYEJF25TSV222XTMIYNAI,A2F6ZON8X5EAGL,Approved,Wed Mar 04 15:15:31 EST 2015,Wed Mar 04 15:16:28 EST 2015,Exchanging Reputation Values among Heterogeneous Agent Reputation Models: An Experience on ART Testbed,agents,formation,experiment,reputation modes,emptyanswer,emptyanswer,emptyanswer,emptyanswer,emptyanswer,emptyanswer,emptyanswer,emptyanswer,emptyanswer,emptyanswer,emptyanswer
3ODOP6T3ARJ05K0186IP8SC9Q3T24M,3MTMREQS4VH469BJLTMPYLAKFUHWAX,A3OTLWGJFB65KD,Approved,Wed Mar 04 19:22:59 EST 2015,Wed Mar 04 19:23:05 EST 2015,nothing,nothing,nothing,nothing,nothing,emptyanswer,emptyanswer,emptyanswer,emptyanswer,emptyanswer,emptyanswer,emptyanswer,emptyanswer,emptyanswer,emptyanswer,emptyanswer
3ODOP6T3ARJ05K0186IP8SC9Q3T24M,3NS0A6KXC479AVTRIGY6TBF5UR3ZG7,A1W7BQWWGKJ3XF,Approved,Wed Mar 04 20:33:25 EST 2015,Wed Mar 04 20:34:50 EST 2015,Reputation Values,eterogeneous Agent Reputation Models,ART Testbed,heterogeneous agents,semantic data,emptyanswer,emptyanswer,emptyanswer,emptyanswer,emptyanswer,emptyanswer,emptyanswer,emptyanswer,emptyanswer,emptyanswer,emptyanswer
3ODOP6T3ARJ05K0186IP8SC9Q3T24M,3M23Y66PO26ACQI7BBVCLR5DDZHS6C,A1YLO4LT02D2F0,Approved,Wed Mar 04 23:27:51 EST 2015,Wed Mar 04 23:29:04 EST 2015,In open MAS it is often a problem,The heterogeneity of its components turns the establishment,In this paper we propose the use of an ontology to deal with this issue,experiment this idea by enhancing the ART reputation model,This data is used during interaction among heterogeneous agents,emptyanswer,emptyanswer,emptyanswer,emptyanswer,emptyanswer,emptyanswer,emptyanswer,emptyanswer,emptyanswer,emptyanswer,emptyanswer
3ODOP6T3ARJ05K0186IP8SC9Q3T24M,3ZOTGHDK5IA01WOBB7H62RR4Y05SOX,A3I10J1GPDAPQR,Approved,Thu Mar 05 05:28:41 EST 2015,Thu Mar 05 05:32:25 EST 2015,Exchanging Reputation Values,establishment of interaction,formation of agents' cooperation,ontology,heterogeneous agents,emptyanswer,emptyanswer,emptyanswer,emptyanswer,emptyanswer,emptyanswer,emptyanswer,emptyanswer,emptyanswer,emptyanswer,emptyanswer
3ODOP6T3ARJ05K0186IP8SC9Q3T24M,3DUZQ9U6SMNVRGX8CJ3KXJLCUTEVSE,A3S81UFDOWF2ST,Approved,Thu Mar 05 07:40:24 EST 2015,Thu Mar 05 07:41:09 EST 2015,Exchanging Reputation Values,Agent Reputation Models,interoperability,cooperation,enhancing,emptyanswer,emptyanswer,emptyanswer,emptyanswer,emptyanswer,emptyanswer,emptyanswer,emptyanswer,emptyanswer,emptyanswer,emptyanswer
3ODOP6T3ARJ05K0186IP8SC9Q3T24M,31HQ4X3T3S9SVBLEYF1EAANA3VOSL4,A1QUDNLO95AKS5,Approved,Thu Mar 05 12:16:16 EST 2015,Thu Mar 05 12:16:51 EST 2015,Exchanging Reputation Values,Heterogeneous Agent Reputation Models,Experience on ART Testbed,heterogeneous agents,reputation models,emptyanswer,emptyanswer,emptyanswer,emptyanswer,emptyanswer,emptyanswer,emptyanswer,emptyanswer,emptyanswer,emptyanswer,emptyanswer
3ODOP6T3ARJ05K0186IP8SC9Q3T24M,3EJJQNKU9R4E802BS5MBS8P70C3RHF,A3DHYTZ1GPN0T8,Approved,Thu Mar 05 13:20:35 EST 2015,Thu Mar 05 13:21:08 EST 2015,MAS,experiment,decision,ontology,ART reputation,emptyanswer,emptyanswer,emptyanswer,emptyanswer,emptyanswer,emptyanswer,emptyanswer,emptyanswer,emptyanswer,emptyanswer,emptyanswer
3ODOP6T3ARJ05K0186IP8SC9Q3T24M,3HYA4D452RIDQKUKIPJAOF5M87OF28,ADUJUZANFOWKW,Approved,Thu Mar 05 19:45:38 EST 2015,Thu Mar 05 19:46:01 EST 2015,reputation,values,exchange,MAS,ART,emptyanswer,emptyanswer,emptyanswer,emptyanswer,emptyanswer,emptyanswer,emptyanswer,emptyanswer,emptyanswer,emptyanswer,emptyanswer
3ODOP6T3ARJ05K0186IP8SC9Q3T24M,3IFS6Q0HJIIQ5AD8DC41IUVIMX7IS5,AQXSUU4I4DAH8,Approved,Fri Mar 06 11:16:10 EST 2015,Fri Mar 06 11:22:20 EST 2015,Heterogeneous Agent,Experience on ART Testbed,Exchanging Reputation Value,MAS,Reputation Models,emptyanswer,emptyanswer,emptyanswer,emptyanswer,emptyanswer,emptyanswer,emptyanswer,emptyanswer,emptyanswer,emptyanswer,emptyanswer
3ODOP6T3ARJ05K0186IP8SC9Q3T24M,3YWRV122CSYDVHTZTVNAK6JS4YOU8Q,A3G4SXD4N30C3L,Approved,Fri Mar 06 11:27:21 EST 2015,Fri Mar 06 11:28:13 EST 2015,Exchanging Reputation Values,Heterogeneous Agent Reputation Models,An Experience on ART Testbed,open MAS,heterogeneous agents,exchanging reputation values,emptyanswer,emptyanswer,emptyanswer,emptyanswer,emptyanswer,emptyanswer,emptyanswer,emptyanswer,emptyanswer,emptyanswer
3ODOP6T3ARJ05K0186IP8SC9Q3T24M,3WRFBPLXRANEZU3KKDGSFUJNGGR3N3,A3NDYVCFCYRPT9,Approved,Fri Mar 06 16:07:12 EST 2015,Fri Mar 06 16:13:41 EST 2015,exchanging reputation values,heterogeneous agents,reputation models,open MAS,ART reputation model,interoperability,emptyanswer,emptyanswer,emptyanswer,emptyanswer,emptyanswer,emptyanswer,emptyanswer,emptyanswer,emptyanswer,emptyanswer
3ODOP6T3ARJ05K0186IP8SC9Q3T24M,3VZLGYJEYL9KWHOH7QYAHXF0XRQXZ8,APEB5ERGCYP6D,Approved,Sat Mar 07 07:15:26 EST 2015,Sat Mar 07 07:56:47 EST 2015,problem to achieve agents' interoperability,The heterogeneity of its components turns the establishment,decision about trust other agents is a crucial condition,data is used during interaction,use different reputation models,emptyanswer,emptyanswer,emptyanswer,emptyanswer,emptyanswer,emptyanswer,emptyanswer,emptyanswer,emptyanswer,emptyanswer,emptyanswer
3ODOP6T3ARJ05K0186IP8SC9Q3T24M,304SM51WA33GI2Z272CKW7R5R99BSF,AWQK8QA93VLW9,Approved,Sat Mar 07 10:34:37 EST 2015,Sat Mar 07 10:35:49 EST 2015,Reputation Values,Heterogeneous Agent Reputation Models,ART Testbed,MAS,ART reputation model,heterogeneous agents,emptyanswer,emptyanswer,emptyanswer,emptyanswer,emptyanswer,emptyanswer,emptyanswer,emptyanswer,emptyanswer,emptyanswer
3ODOP6T3ARJ05K0186IP8SC9Q3T24M,3Z4XG4ZF48Q5CLNUY0YX4DIWYI1X8L,A9HQ3E0F2AGVO,Approved,Sat Mar 07 15:26:47 EST 2015,Sat Mar 07 15:27:27 EST 2015,MAS,interoperability,internal models,trust,ART reputation model,emptyanswer,emptyanswer,emptyanswer,emptyanswer,emptyanswer,emptyanswer,emptyanswer,emptyanswer,emptyanswer,emptyanswer,emptyanswer
3ODOP6T3ARJ05K0186IP8SC9Q3T24M,3OF2M9AATGNECHPA87JLR37Y1IUKZP,A16MCPIUMNIDW,Approved,Sat Mar 07 16:24:38 EST 2015,Sat Mar 07 16:26:09 EST 2015,reputation values,reputation models,ART reputation model,ART Testbed,interoperability,ontology,reputation,emptyanswer,emptyanswer,emptyanswer,emptyanswer,emptyanswer,emptyanswer,emptyanswer,emptyanswer,emptyanswer
3ODOP6T3ARJ05K0186IP8SC9Q3T24M,3KAKFY4PGU1MLTSTNX30AMN6UKC3I8,A1AWEM2XEAVOVQ,Approved,Sat Mar 07 19:04:39 EST 2015,Sat Mar 07 19:06:16 EST 2015,ontology,ART reputation model,systemic data,heterogeneous agent reputation models,reputation values,emptyanswer,emptyanswer,emptyanswer,emptyanswer,emptyanswer,emptyanswer,emptyanswer,emptyanswer,emptyanswer,emptyanswer,emptyanswer
3ODOP6T3ARJ05K0186IP8SC9Q3T24M,3180JW2OT4BLUJZ3JYCT1K0QLVCJ5A,A38IE69ORDCEGY,Approved,Sat Mar 07 21:59:24 EST 2015,Sat Mar 07 22:00:40 EST 2015,Reputation values,Heterogeneous agent reputation models,agent cooperation,ontology,ART reputation model,emptyanswer,emptyanswer,emptyanswer,emptyanswer,emptyanswer,emptyanswer,emptyanswer,emptyanswer,emptyanswer,emptyanswer,emptyanswer
3ODOP6T3ARJ05K0186IP8SC9Q3T24M,3OB0CAO74HON51EX60E504I4391YHR,A1JWEYGDFDB100,Approved,Sun Mar 08 11:03:10 EDT 2015,Sun Mar 08 11:04:25 EDT 2015,Reputation Values,Heterogeneous Agent Reputation Models,ART Testbed,open MAS,ART reputation model,emptyanswer,emptyanswer,emptyanswer,emptyanswer,emptyanswer,emptyanswer,emptyanswer,emptyanswer,emptyanswer,emptyanswer,emptyanswer
3ODOP6T3ARJ05K0186IP8SC9Q3T24M,3E7TUJ2EGCLRSK1NCS3ZA2AF28RD9C,ANB69EQROUTQJ,Approved,Sun Mar 08 13:14:20 EDT 2015,Sun Mar 08 13:15:46 EDT 2015,reputation values,reputation models,heterogeneous,ontology,ART reputation model,semantic data,emptyanswer,emptyanswer,emptyanswer,emptyanswer,emptyanswer,emptyanswer,emptyanswer,emptyanswer,emptyanswer,emptyanswer
3ODOP6T3ARJ05K0186IP8SC9Q3T24M,3NC5L260MOLRXRJP5NH7VS8P9KUOFD,A156NFBMKKLDL9,Approved,Sun Mar 08 13:46:44 EDT 2015,Sun Mar 08 13:47:12 EDT 2015,Heterogeneous Agent Reputation Models,ART Testbed,Exchanging Reputation Values,open MAS,data,emptyanswer,emptyanswer,emptyanswer,emptyanswer,emptyanswer,emptyanswer,emptyanswer,emptyanswer,emptyanswer,emptyanswer,emptyanswer
3ODOP6T3ARJ05K0186IP8SC9Q3T24M,3HPZF4IVNMSWOT3HK804PDLOQH3CY3,A2GBY8O6GYSB89,Approved,Sun Mar 08 14:25:40 EDT 2015,Sun Mar 08 14:34:54 EDT 2015,Exchanging Reputation Values,Heterogeneous Agent Reputation Models,ART Testbed,agents' interoperability,enhancing the ART reputation model with semantic data,emptyanswer,emptyanswer,emptyanswer,emptyanswer,emptyanswer,emptyanswer,emptyanswer,emptyanswer,emptyanswer,emptyanswer,emptyanswer
3ODOP6T3ARJ05K0186IP8SC9Q3T24M,39U1BHVTDLQCU784H924OTPF54N3TQ,A2SZAM3EZER2PH,Approved,Mon Mar 09 06:12:56 EDT 2015,Mon Mar 09 06:13:46 EDT 2015,open MAS,interoperability,cooperation,heterogeneous agents,different reputation,emptyanswer,emptyanswer,emptyanswer,emptyanswer,emptyanswer,emptyanswer,emptyanswer,emptyanswer,emptyanswer,emptyanswer,emptyanswer
3ODOP6T3ARJ05K0186IP8SC9Q3T24M,34T446B1C0DZRY7WC0PVXLR4E6SC0A,A2E2IQ99W6B7AV,Approved,Mon Mar 09 17:34:51 EDT 2015,Mon Mar 09 17:36:51 EDT 2015,Reputation values,Cooperation of agents,Ontology,ART model,Differing frameworks,emptyanswer,emptyanswer,emptyanswer,emptyanswer,emptyanswer,emptyanswer,emptyanswer,emptyanswer,emptyanswer,emptyanswer,emptyanswer
3ODOP6T3ARJ05K0186IP8SC9Q3T24M,3WYP994K17Q78CUGAHN13DTEUXWY65,ACYGMRGAZ22U7,Approved,Mon Mar 09 18:04:52 EDT 2015,Mon Mar 09 18:04:57 EDT 2015,Keyword/Keyphrase 1:,Keyword/Keyphrase 1:,Keyword/Keyphrase 1:,Keyword/Keyphrase 1:,Keyword/Keyphrase 1:,emptyanswer,emptyanswer,emptyanswer,emptyanswer,emptyanswer,emptyanswer,emptyanswer,emptyanswer,emptyanswer,emptyanswer,emptyanswer
3ODOP6T3ARJ05K0186IP8SC9Q3T24M,3GGAI1SQEVXWUCE315CTVIYHHBOMCU,AW36CVMS3526O,Approved,Tue Mar 10 13:14:24 EDT 2015,Tue Mar 10 13:15:37 EDT 2015,Exchanging,Heterogeneous,interoperability,enhancing,reputation,emptyanswer,emptyanswer,emptyanswer,emptyanswer,emptyanswer,emptyanswer,emptyanswer,emptyanswer,emptyanswer,emptyanswer,emptyanswer
3ODOP6T3ARJ05K0186IP8SC9Q3T24M,3M68NM076H6YBBIUWMV7VH0HRDNR68,ATRHDYWCIYTDJ,Approved,Wed Mar 11 04:35:57 EDT 2015,Wed Mar 11 04:36:10 EDT 2015,achieve,heterogeneity,establishment,exchanging,reputation,emptyanswer,emptyanswer,emptyanswer,emptyanswer,emptyanswer,emptyanswer,emptyanswer,emptyanswer,emptyanswer,emptyanswer,emptyanswer
3ODOP6T3ARJ05K0186IP8SC9Q3T24M,3QAVNHZ3EM3OVFZKHFFNPAT4H5ULAA,A3CMDYA9USA3MR,Approved,Wed Mar 11 07:39:02 EDT 2015,Wed Mar 11 07:39:18 EDT 2015,interoperability,heterogeneity,turns,interaction,agents,emptyanswer,emptyanswer,emptyanswer,emptyanswer,emptyanswer,emptyanswer,emptyanswer,emptyanswer,emptyanswer,emptyanswer,emptyanswer
3ODOP6T3ARJ05K0186IP8SC9Q3T24M,34V1S5K3GS0S7BM825VL4W0NLSP96D,A3K6BSW10S4YKJ,Approved,Wed Mar 11 08:40:41 EDT 2015,Wed Mar 11 08:42:08 EDT 2015,open MAS,heterogeneity,a non trivial task,propose the use of an ontology to deal with this issue,ART reputation model,emptyanswer,emptyanswer,emptyanswer,emptyanswer,emptyanswer,emptyanswer,emptyanswer,emptyanswer,emptyanswer,emptyanswer,emptyanswer
3ODOP6T3ARJ05K0186IP8SC9Q3T24M,3OLF68YTN902VNPOV4CPUXOKK9LAF7,A28IXE702NXWKQ,Approved,Wed Mar 11 14:40:30 EDT 2015,Wed Mar 11 14:48:49 EDT 2015,MAS it is often,problem to achieve agents,The heterogeneity of its components,We experiment this idea by enhancing,interaction among heterogeneous,emptyanswer,emptyanswer,emptyanswer,emptyanswer,emptyanswer,emptyanswer,emptyanswer,emptyanswer,emptyanswer,emptyanswer,emptyanswer
3ODOP6T3ARJ05K0186IP8SC9Q3T24M,3VAR3R6G1P0IIC92X9B1L0R3NN4O8Y,A3HPVFAF1U9WXK,Approved,Thu Mar 12 01:45:02 EDT 2015,Thu Mar 12 01:45:49 EDT 2015,ART Testbed,heterogeneity,agent,interaction,cooperation,Reputation Values,emptyanswer,emptyanswer,emptyanswer,emptyanswer,emptyanswer,emptyanswer,emptyanswer,emptyanswer,emptyanswer,emptyanswer
3ODOP6T3ARJ05K0186IP8SC9Q3T24M,3U088ZLJVKS85WD1TRPW9FY77RF0WN,A2KS418T8MPLJH,Approved,Thu Mar 12 11:23:39 EDT 2015,Thu Mar 12 11:25:16 EDT 2015,In open MAS it is often a problem to achieve agents' interoperability.,"The heterogeneity of its components turns the establishment of interaction or cooperation among them into a non trivial task,",since agents may use different internal models and the decision about trust other agents is a crucial condition to the formation of agents' cooperation. In this paper we propose the use of an ontology to deal with this issue.,We experiment this idea by enhancing the ART reputation model with semantic data obtained from this ontology.,This data is used during interaction among heterogeneous agents when exchanging reputation values and may be used for agents that use different reputation models.,emptyanswer,emptyanswer,emptyanswer,emptyanswer,emptyanswer,emptyanswer,emptyanswer,emptyanswer,emptyanswer,emptyanswer,emptyanswer
3ODOP6T3ARJ05K0186IP8SC9Q3T24M,3WLEIWSYHOGX4GLQDF7AR0HZP1N2HA,AM1HY736BY3Z8,Approved,Thu Mar 12 11:28:53 EDT 2015,Thu Mar 12 11:29:57 EDT 2015,Exchanging Reputation Values among Heterogeneous Agent Reputation Models: An Experience on ART Testbed,In open MAS it is often a problem to achieve agents' interoperability,the decision about trust other agents is a crucial condition to the formation of agents' cooperation.,we propose the use of an ontology to deal with this issue.,This data is used during interaction among heterogeneous agents when exchanging reputation values and may be used for agents that use different reputation models.,emptyanswer,emptyanswer,emptyanswer,emptyanswer,emptyanswer,emptyanswer,emptyanswer,emptyanswer,emptyanswer,emptyanswer,emptyanswer
3ODOP6T3ARJ05K0186IP8SC9Q3T24M,3N8OEVH1FRPL34WI4Q0XIMH32T2OOX,A3MVLTRGO37TJD,Approved,Thu Mar 12 14:14:26 EDT 2015,Thu Mar 12 14:16:11 EDT 2015,In open MAS it is often a problem to achieve agents' interoperability.,"the establishment of interaction or cooperation among them into a non trivial task, since agents may use different internal models",the decision about trust other agents is a crucial condition to the formation of agents' cooperation,the decision about trust other agents is a crucial condition to the formation of agents' cooperation.enhancing the ART reputation model with semantic data obtained from this ontology,data is used during interaction among heterogeneous agents when exchanging reputation values and may be used for agents that use different reputation models.,emptyanswer,emptyanswer,emptyanswer,emptyanswer,emptyanswer,emptyanswer,emptyanswer,emptyanswer,emptyanswer,emptyanswer,emptyanswer
3ODOP6T3ARJ05K0186IP8SC9Q3T24M,3KXIR214I4F3S4XVY8NRXB8VKX642X,AU3WQKISBW5MZ,Approved,Thu Mar 12 14:29:41 EDT 2015,Thu Mar 12 14:30:10 EDT 2015,"In open MAS it is often a problem to achieve agents' interoperability. The heterogeneity of its components turns the establishment of interaction or cooperation among them into a non trivial task, since agents may use different internal models and the decision about trust other agents is a crucial condition to the formation of agents' cooperation. In this paper we propose the use of an ontology to deal with this issue. We experiment this idea by enhancing the ART reputation model with semantic data obtained from this ontology. This data is used during interaction among heterogeneous agents when exchanging reputation values and may be used for agents that use different reputation models.","In open MAS it is often a problem to achieve agents' interoperability. The heterogeneity of its components turns the establishment of interaction or cooperation among them into a non trivial task, since agents may use different internal models and the decision about trust other agents is a crucial condition to the formation of agents' cooperation. In this paper we propose the use of an ontology to deal with this issue. We experiment this idea by enhancing the ART reputation model with semantic data obtained from this ontology. This data is used during interaction among heterogeneous agents when exchanging reputation values and may be used for agents that use different reputation models.","In open MAS it is often a problem to achieve agents' interoperability. The heterogeneity of its components turns the establishment of interaction or cooperation among them into a non trivial task, since agents may use different internal models and the decision about trust other agents is a crucial condition to the formation of agents' cooperation. In this paper we propose the use of an ontology to deal with this issue. We experiment this idea by enhancing the ART reputation model with semantic data obtained from this ontology. This data is used during interaction among heterogeneous agents when exchanging reputation values and may be used for agents that use different reputation models.","In open MAS it is often a problem to achieve agents' interoperability. The heterogeneity of its components turns the establishment of interaction or cooperation among them into a non trivial task, since agents may use different internal models and the decision about trust other agents is a crucial condition to the formation of agents' cooperation. In this paper we propose the use of an ontology to deal with this issue. We experiment this idea by enhancing the ART reputation model with semantic data obtained from this ontology. This data is used during interaction among heterogeneous agents when exchanging reputation values and may be used for agents that use different reputation models.","In open MAS it is often a problem to achieve agents' interoperability. The heterogeneity of its components turns the establishment of interaction or cooperation among them into a non trivial task, since agents may use different internal models and the decision about trust other agents is a crucial condition to the formation of agents' cooperation. In this paper we propose the use of an ontology to deal with this issue. We experiment this idea by enhancing the ART reputation model with semantic data obtained from this ontology. This data is used during interaction among heterogeneous agents when exchanging reputation values and may be used for agents that use different reputation models.",emptyanswer,emptyanswer,emptyanswer,emptyanswer,emptyanswer,emptyanswer,emptyanswer,emptyanswer,emptyanswer,emptyanswer,emptyanswer
3ODOP6T3ARJ05K0186IP8SC9Q3T24M,3X08E93BHVH5PSKA4YS9KM9LWTF662,ADVZAZ12Z8N9J,Approved,Thu Mar 12 14:58:40 EDT 2015,Thu Mar 12 15:35:25 EDT 2015,In open MAS it is often a problem to achieve agents' interoperability.,N\A,N/A,N/A,N/A,emptyanswer,emptyanswer,emptyanswer,emptyanswer,emptyanswer,emptyanswer,emptyanswer,emptyanswer,emptyanswer,emptyanswer,emptyanswer
3ODOP6T3ARJ05K0186IP8SC9Q3T24M,3JRJSWSMQHKA5OQ7RED9P7PE3033EG,A2UNRV6PEOEXG0,Approved,Thu Mar 12 15:43:53 EDT 2015,Thu Mar 12 15:45:08 EDT 2015,Exchanging Reputation Values,Reputation Models,MAX,MAS,agents,emptyanswer,emptyanswer,emptyanswer,emptyanswer,emptyanswer,emptyanswer,emptyanswer,emptyanswer,emptyanswer,emptyanswer,emptyanswer
3ODOP6T3ARJ05K0186IP8SC9Q3T24M,374TNBHA8BU0IUD0PQ1Z9IA5V4PYQW,A3MRB8TFD1IUS6,Approved,Thu Mar 12 17:57:33 EDT 2015,Thu Mar 12 17:59:18 EDT 2015,Exchanging Reputation Values,Heterogeneous Agent Reputation Models,ART Testbed,Open MAS,heterogeneity,ART Reputation Model,semantic data,emptyanswer,emptyanswer,emptyanswer,emptyanswer,emptyanswer,emptyanswer,emptyanswer,emptyanswer,emptyanswer
3ODOP6T3ARJ05K0186IP8SC9Q3T24M,3018Q3ZVOIPZYDUXMZCJBM23OZTRAL,A2SDTL2V8VJ25O,Approved,Thu Mar 12 20:46:04 EDT 2015,Thu Mar 12 20:46:49 EDT 2015,Exchanging,Heterogeneous,Reputation,ART,values,emptyanswer,emptyanswer,emptyanswer,emptyanswer,emptyanswer,emptyanswer,emptyanswer,emptyanswer,emptyanswer,emptyanswer,emptyanswer
3ODOP6T3ARJ05K0186IP8SC9Q3T24M,3PXX5PX6LXXCI6D8Q2QTB7XZ6D3BA5,AL9R6CILUG30X,Approved,Fri Mar 13 01:55:11 EDT 2015,Fri Mar 13 01:57:56 EDT 2015,Reputation Values,Heterogeneous Agent Reputation Models,ART reputation model,heterogeneous agents,reputation models,agents' cooperation,emptyanswer,emptyanswer,emptyanswer,emptyanswer,emptyanswer,emptyanswer,emptyanswer,emptyanswer,emptyanswer,emptyanswer
3ODOP6T3ARJ05K0186IP8SC9Q3T24M,34S9DKFK73OFFX089Y9I5OF0QVDNYD,A3DTN2OMF6DUSI,Approved,Fri Mar 13 23:16:35 EDT 2015,Fri Mar 13 23:16:42 EDT 2015,Machine,Machine,Machine,Machine,Machine,emptyanswer,emptyanswer,emptyanswer,emptyanswer,emptyanswer,emptyanswer,emptyanswer,emptyanswer,emptyanswer,emptyanswer,emptyanswer
3ODOP6T3ARJ05K0186IP8SC9Q3T24M,3I02618YA05Y19SGFCPL6SEIUM5PUF,A8HUG07IE2R3,Approved,Fri Mar 13 23:22:24 EDT 2015,Fri Mar 13 23:24:47 EDT 2015,Heterogeneous Agent Reputation Models,different internal models and the decision about trust other agents,use of an ontology,enhancing the ART reputation model with semantic data,exchanging reputation values,used for agents that use different reputation models,emptyanswer,emptyanswer,emptyanswer,emptyanswer,emptyanswer,emptyanswer,emptyanswer,emptyanswer,emptyanswer,emptyanswer
3ODOP6T3ARJ05K0186IP8SC9Q3T24M,3RJSC4XJ10TESDYHXQ2NJFLUNZW506,A610SH5RY1NG1,Approved,Sat Mar 14 07:06:13 EDT 2015,Sat Mar 14 07:06:29 EDT 2015,Exchanging,Reputation,Values,Heterogeneous,Reputation,emptyanswer,emptyanswer,emptyanswer,emptyanswer,emptyanswer,emptyanswer,emptyanswer,emptyanswer,emptyanswer,emptyanswer,emptyanswer
3ODOP6T3ARJ05K0186IP8SC9Q3T24M,3Z7EFSHGN9D7OOD7FCE26ZEFPNJXCH,A2Z9HR2IBD75R9,Approved,Sat Mar 14 09:37:04 EDT 2015,Sat Mar 14 09:37:20 EDT 2015,Exchanging,Reputation,Values,Agent,Testbed,emptyanswer,emptyanswer,emptyanswer,emptyanswer,emptyanswer,emptyanswer,emptyanswer,emptyanswer,emptyanswer,emptyanswer,emptyanswer
3ODOP6T3ARJ05K0186IP8SC9Q3T24M,3FQ5JJ512LNKVSBR5J8RWG0PSJGKNX,AH3ER3EJXHRO2,Approved,Sat Mar 14 16:59:40 EDT 2015,Sat Mar 14 17:01:15 EDT 2015,reputation values,heterogenous,agent reputation,models,art testbed,emptyanswer,emptyanswer,emptyanswer,emptyanswer,emptyanswer,emptyanswer,emptyanswer,emptyanswer,emptyanswer,emptyanswer,emptyanswer
3ODOP6T3ARJ05K0186IP8SC9Q3T24M,3LJ7UR74RHCZHQMOKRLBPZBTVXRN4B,AEISWC78MXIR5,Approved,Sat Mar 14 17:23:24 EDT 2015,Sat Mar 14 17:24:45 EDT 2015,Reputation,Exchanging,interaction,Captcha Alert!,ART Testbed,Models,Heterogeneous,emptyanswer,emptyanswer,emptyanswer,emptyanswer,emptyanswer,emptyanswer,emptyanswer,emptyanswer,emptyanswer
3ODOP6T3ARJ05K0186IP8SC9Q3T24M,3HL8HNGX450OQ4FJ3YYPY2D0FYO9FR,AWFQ7OX0UPSM5,Approved,Sat Mar 14 19:19:13 EDT 2015,Sat Mar 14 19:20:02 EDT 2015,Reputation Values,Heterogeneous Agent Reputation Models,establishment of interaction or cooperation,ontology,ART reputation model,emptyanswer,emptyanswer,emptyanswer,emptyanswer,emptyanswer,emptyanswer,emptyanswer,emptyanswer,emptyanswer,emptyanswer,emptyanswer
3ODOP6T3ARJ05K0186IP8SC9Q3T24M,33LK57MYLT4C002IDGSNIPY8JS9ZSK,A1BV5YY1UQCMZY,Approved,Sat Mar 14 20:16:28 EDT 2015,Sat Mar 14 20:17:14 EDT 2015,reputation values,heterogeneous agent reputation models,art testbud,data,reputation values,mas,art,agents,cooperation,emptyanswer,emptyanswer,emptyanswer,emptyanswer,emptyanswer,emptyanswer,emptyanswer
3ODOP6T3ARJ05K0186IP8SC9Q3T24M,3QRYMNZ7FYGJYB1EZSMJX7NLBXITNP,A29ZV4XJB7R1O,Approved,Sat Mar 14 20:33:58 EDT 2015,Sat Mar 14 20:45:21 EDT 2015,Exchanging,Reputation Values,Heterogeneous,Reputation Models,ART,emptyanswer,emptyanswer,emptyanswer,emptyanswer,emptyanswer,emptyanswer,emptyanswer,emptyanswer,emptyanswer,emptyanswer,emptyanswer
3ODOP6T3ARJ05K0186IP8SC9Q3T24M,39U1BHVTDLQCU784H924OTPF6GUT3C,A1G94QON7A9K0N,Approved,Sat Mar 14 21:05:50 EDT 2015,Sat Mar 14 21:06:10 EDT 2015,mas,agents,cooperation,ontology,art,semantic,emptyanswer,emptyanswer,emptyanswer,emptyanswer,emptyanswer,emptyanswer,emptyanswer,emptyanswer,emptyanswer,emptyanswer
3ODOP6T3ARJ05K0186IP8SC9Q3T24M,3RKNTXVS3MXSX7SZBNG63TRTWR9A4X,A9VLWY4KW6OCB,Approved,Sat Mar 14 21:45:12 EDT 2015,Sat Mar 14 22:08:34 EDT 2015,ART,Testbed,Heterogeneous,Models,Reputation,emptyanswer,emptyanswer,emptyanswer,emptyanswer,emptyanswer,emptyanswer,emptyanswer,emptyanswer,emptyanswer,emptyanswer,emptyanswer
3ODOP6T3ARJ05K0186IP8SC9Q3T24M,3DOCMVPBTNDL3YWU2W07O8HTMF4NNQ,ACVJ6IUO9QM4R,Approved,Sat Mar 14 22:30:12 EDT 2015,Sat Mar 14 22:31:41 EDT 2015,heterogeneous agents,different reputation models,internal models,ART reputation model,exchanging reputation values,emptyanswer,emptyanswer,emptyanswer,emptyanswer,emptyanswer,emptyanswer,emptyanswer,emptyanswer,emptyanswer,emptyanswer,emptyanswer
3ODOP6T3ARJ05K0186IP8SC9Q3T24M,3DUZQ9U6SMNVRGX8CJ3KXJLCVHMVSZ,A3UN57EC5AXY1Z,Approved,Sun Mar 15 01:48:15 EDT 2015,Sun Mar 15 01:49:01 EDT 2015,semantic data,data,reputation values,reputation models,heterogeneous agent models,emptyanswer,emptyanswer,emptyanswer,emptyanswer,emptyanswer,emptyanswer,emptyanswer,emptyanswer,emptyanswer,emptyanswer,emptyanswer
3ODOP6T3ARJ05K0186IP8SC9Q3T24M,3SPJ0334212JW79NU0HQCHYJHFCYJW,A1GK9ZI7T30X9Z,Approved,Sun Mar 15 02:02:23 EDT 2015,Sun Mar 15 02:04:09 EDT 2015,Reputation Values,Heterogeneous Agent Reputation Models,ART Testbed,MAS,agent interoperability,ART reputation model,emptyanswer,emptyanswer,emptyanswer,emptyanswer,emptyanswer,emptyanswer,emptyanswer,emptyanswer,emptyanswer,emptyanswer
3ODOP6T3ARJ05K0186IP8SC9Q3T24M,3SKEMFQBZ34ZSLONZHJ8EJAU3P98KR,A1YNGE7LM9TQHL,Approved,Sun Mar 15 02:04:42 EDT 2015,Sun Mar 15 02:05:34 EDT 2015,Exchanging Reputation Values among Heterogeneous Agent Reputation Models: An Experience on ART Testbed,In open MAS it is often a problem to achieve agents' interoperability.,"The heterogeneity of its components turns the establishment of interaction or cooperation among them into a non trivial task, since agents may use different internal models and the decision about trust other agents is a crucial condition to the formation of agents' cooperation.",In this paper we propose the use of an ontology to deal with this issue. We experiment this idea by enhancing the ART reputation model with semantic data obtained from this ontology.,This data is used during interaction among heterogeneous agents when exchanging reputation values and may be used for agents that use different reputation models.,emptyanswer,emptyanswer,emptyanswer,emptyanswer,emptyanswer,emptyanswer,emptyanswer,emptyanswer,emptyanswer,emptyanswer,emptyanswer
