HitId,AssignmentId,WorkerId,Status,AcceptTime,SubmitTime,Answer 1,Answer 2,Answer 3,Answer 4,Answer 5,Answer 6,Answer 7,Answer 8,Answer 9,Answer 10,Answer 11,Answer 12,Answer 13,Answer 14,Answer 15,Answer 16
3OWZNK3RYKOZMIUGNC97LWA3PGGU20,34T446B1C0DZRY7WC0PVXLR4EO7C0P,A22R7DT2XQIKXV,Approved,Mon Mar 02 15:11:14 EST 2015,Mon Mar 02 15:11:19 EST 2015,aa,aa,aa,aa,aa,emptyanswer,emptyanswer,emptyanswer,emptyanswer,emptyanswer,emptyanswer,emptyanswer,emptyanswer,emptyanswer,emptyanswer,emptyanswer
3OWZNK3RYKOZMIUGNC97LWA3PGGU20,3XCC1ODXDLARLT1EBV951MH8RTEQRD,A3ODG942FG22PJ,Approved,Mon Mar 02 17:43:37 EST 2015,Mon Mar 02 17:44:06 EST 2015,Hidden-Action,Multi-Hop,Multi-Hop,networks,action,na,na,na,na,na,na,na,na,na,na,na
3OWZNK3RYKOZMIUGNC97LWA3PGGU20,3DPNQGW4LLERA5GWLAZUNOP7ZEV64Q,A27I79P03I0ZPO,Approved,Mon Mar 02 21:04:10 EST 2015,Mon Mar 02 21:05:44 EST 2015,hidden,multi-hop,networks,information,communicating,emptyanswer,emptyanswer,emptyanswer,emptyanswer,emptyanswer,emptyanswer,emptyanswer,emptyanswer,emptyanswer,emptyanswer,emptyanswer
3OWZNK3RYKOZMIUGNC97LWA3PGGU20,37TRT2X24QQNJZGCK836460IVCXJBG,A2R085B34P2LYS,Approved,Mon Mar 02 22:14:56 EST 2015,Mon Mar 02 22:38:32 EST 2015,Hidden,Action,Multi,Hop,Routing,optional,optional,optional,optional,optional,optional,optional,optional,optional,optional,optional
3OWZNK3RYKOZMIUGNC97LWA3PGGU20,3PS7W85Z8Z1Y99XKYI3EF6S15EO9T4,A26M2B8NZVKWTZ,Approved,Mon Mar 02 23:08:08 EST 2015,Mon Mar 02 23:13:13 EST 2015,Hidden-Action,Multi-Hop,Routing,networks,intermediate,emptyanswer,emptyanswer,emptyanswer,emptyanswer,emptyanswer,emptyanswer,emptyanswer,emptyanswer,emptyanswer,emptyanswer,emptyanswer
3OWZNK3RYKOZMIUGNC97LWA3PGGU20,3DL65MZB8DEYIOMQK7OAIAT88P5CEZ,A2YW509B0UMSEH,Approved,Mon Mar 02 23:38:20 EST 2015,Mon Mar 02 23:39:33 EST 2015,multi-hop networks,action,nodes,communication,packets,transmission,emptyanswer,emptyanswer,emptyanswer,emptyanswer,emptyanswer,emptyanswer,emptyanswer,emptyanswer,emptyanswer,emptyanswer
3OWZNK3RYKOZMIUGNC97LWA3PGGU20,3B1NLC6UGZVFWRRLV7042DDRKPMGPN,A1B5NXRZQYRC4R,Approved,Tue Mar 03 09:11:18 EST 2015,Tue Mar 03 09:11:39 EST 2015,hidden-action,multi-hop,routing,networkds,mechanisms,emptyanswer,emptyanswer,emptyanswer,emptyanswer,emptyanswer,emptyanswer,emptyanswer,emptyanswer,emptyanswer,emptyanswer,emptyanswer
3OWZNK3RYKOZMIUGNC97LWA3PGGU20,3JAOYWH7VI3AQWPFP91NTFIKB2TL96,A1XRIEYLA7ZJ3B,Approved,Tue Mar 03 10:05:28 EST 2015,Tue Mar 03 10:15:56 EST 2015,Multi-Hop Routing,the direct (the endpoints contract with each individual router) and recursive (each router contracts with the next downstream router) cases,per-hop monitoring,appropriate design of contracts,handle scenarios involving both hidden-information and hidden-action,emptyanswer,emptyanswer,emptyanswer,emptyanswer,emptyanswer,emptyanswer,emptyanswer,emptyanswer,emptyanswer,emptyanswer,emptyanswer
3OWZNK3RYKOZMIUGNC97LWA3PGGU20,3BEFOD78W6STZ81O8Q6BCKMTPFHM4P,A1KVDU4R0QLM1O,Approved,Tue Mar 03 14:16:20 EST 2015,Tue Mar 03 14:18:55 EST 2015,routing,hidden-action,networks,multi-hop,endpoints,emptyanswer,emptyanswer,emptyanswer,emptyanswer,emptyanswer,emptyanswer,emptyanswer,emptyanswer,emptyanswer,emptyanswer,emptyanswer
3OWZNK3RYKOZMIUGNC97LWA3PGGU20,33L7PJKHCGXYV4EATQX0FAXQLAI8TU,A9HQ3E0F2AGVO,Approved,Tue Mar 03 17:48:56 EST 2015,Tue Mar 03 17:55:12 EST 2015,multi-hop networks,forwarding packets,hidden-action problem,hidden-information,hidden-action,emptyanswer,emptyanswer,emptyanswer,emptyanswer,emptyanswer,emptyanswer,emptyanswer,emptyanswer,emptyanswer,emptyanswer,emptyanswer
3OWZNK3RYKOZMIUGNC97LWA3PGGU20,3VHP9MDGRNJQO2MMFI8G0SE8KSZCF0,A3FG9YWTFFK1AU,Approved,Tue Mar 03 19:16:00 EST 2015,Tue Mar 03 19:18:08 EST 2015,Hidden-Action,Multi-Hop Routing,individual intermediate nodes,end-to-end transmission,principal-agent model,emptyanswer,emptyanswer,emptyanswer,emptyanswer,emptyanswer,emptyanswer,emptyanswer,emptyanswer,emptyanswer,emptyanswer,emptyanswer
3OWZNK3RYKOZMIUGNC97LWA3PGGU20,3OLF68YTN902VNPOV4CPUXOKKQSAFC,A3S81UFDOWF2ST,Approved,Wed Mar 04 10:03:57 EST 2015,Wed Mar 04 10:04:49 EST 2015,Multi-Hop Routing,Hidden-Action,intermediate nodes,incentives,principal-agent model,emptyanswer,emptyanswer,emptyanswer,emptyanswer,emptyanswer,emptyanswer,emptyanswer,emptyanswer,emptyanswer,emptyanswer,emptyanswer
3OWZNK3RYKOZMIUGNC97LWA3PGGU20,32M8BPYGATLNF54HICAKTGCFYD1GIP,A3FFZN4FO3Q789,Approved,Wed Mar 04 11:01:22 EST 2015,Wed Mar 04 11:04:28 EST 2015,preliminary,preliminary,preliminary,preliminary,preliminary,emptyanswer,emptyanswer,emptyanswer,emptyanswer,emptyanswer,emptyanswer,emptyanswer,emptyanswer,emptyanswer,emptyanswer,emptyanswer
3OWZNK3RYKOZMIUGNC97LWA3PGGU20,3LEP4MGT3GZAGDGKACHV1855QV7BD7,A3H35QRODK1C4K,Approved,Wed Mar 04 12:30:52 EST 2015,Wed Mar 04 12:31:05 EST 2015,hidden,action,multi,hop,routing,emptyanswer,emptyanswer,emptyanswer,emptyanswer,emptyanswer,emptyanswer,emptyanswer,emptyanswer,emptyanswer,emptyanswer,emptyanswer
3OWZNK3RYKOZMIUGNC97LWA3PGGU20,35L9RVQFCOH6OSUSWZHGXJCR79JUHU,A2F6ZON8X5EAGL,Approved,Wed Mar 04 16:11:26 EST 2015,Wed Mar 04 16:11:57 EST 2015,Hidden-Action in Multi-Hop Routing,networks,endpoints,contracts,mechanisms,emptyanswer,emptyanswer,emptyanswer,emptyanswer,emptyanswer,emptyanswer,emptyanswer,emptyanswer,emptyanswer,emptyanswer,emptyanswer
3OWZNK3RYKOZMIUGNC97LWA3PGGU20,3HYA4D452RIDQKUKIPJAOF5M83O2FN,A1W7BQWWGKJ3XF,Approved,Wed Mar 04 16:37:06 EST 2015,Wed Mar 04 16:38:22 EST 2015,Hidden-Action,Multi-Hop Routing,social welfare,hidden-information,nodes,emptyanswer,emptyanswer,emptyanswer,emptyanswer,emptyanswer,emptyanswer,emptyanswer,emptyanswer,emptyanswer,emptyanswer,emptyanswer
3OWZNK3RYKOZMIUGNC97LWA3PGGU20,3FFJ6VRIL1NQ41TW4ALH8OPZRX8I0M,A3OTLWGJFB65KD,Approved,Wed Mar 04 19:35:15 EST 2015,Wed Mar 04 19:35:24 EST 2015,nothing,nothing,nothing,nothing,nothing,emptyanswer,emptyanswer,emptyanswer,emptyanswer,emptyanswer,emptyanswer,emptyanswer,emptyanswer,emptyanswer,emptyanswer,emptyanswer
3OWZNK3RYKOZMIUGNC97LWA3PGGU20,32Z9ZLUT1LJBBNAV0D57YDK2PNJHOS,A3LUJSAN4DQ1ZT,Approved,Wed Mar 04 21:41:17 EST 2015,Wed Mar 04 21:42:34 EST 2015,Hidden-action,Multi-hop routing,Rational,Intermediate nodes,Router,emptyanswer,emptyanswer,emptyanswer,emptyanswer,emptyanswer,emptyanswer,emptyanswer,emptyanswer,emptyanswer,emptyanswer,emptyanswer
3OWZNK3RYKOZMIUGNC97LWA3PGGU20,3CP1TO84PT0LON1VCD6123E9JAB52A,A1YLO4LT02D2F0,Approved,Wed Mar 04 23:52:46 EST 2015,Wed Mar 04 23:58:23 EST 2015,"In multi-hop networks, the actions taken by individual intermediate nodes",the endpoints can observe is whether or not the end-to-end,"the hidden-action problem can be overcome through appropriate design of contracts,",improve the utility of the principal or the social welfare in the system,to handle scenarios involving both hidden-information and hidden-action,emptyanswer,emptyanswer,emptyanswer,emptyanswer,emptyanswer,emptyanswer,emptyanswer,emptyanswer,emptyanswer,emptyanswer,emptyanswer
3OWZNK3RYKOZMIUGNC97LWA3PGGU20,3R08VXYT7CUMN7DLEQA5OU8UEN97WH,A3HPVFAF1U9WXK,Approved,Thu Mar 05 01:30:05 EST 2015,Thu Mar 05 01:31:00 EST 2015,Multi-Hop Routing,actions,nodes,endpoints,router,hidden-information,emptyanswer,emptyanswer,emptyanswer,emptyanswer,emptyanswer,emptyanswer,emptyanswer,emptyanswer,emptyanswer,emptyanswer
3OWZNK3RYKOZMIUGNC97LWA3PGGU20,3GD6L00D3SWC7945L8N9EMFQDZYM1B,A9LA6QK6VCERR,Approved,Thu Mar 05 02:16:56 EST 2015,Thu Mar 05 02:18:21 EST 2015,Hidden-Action,Multi-Hop Routing,individual intermediate nodes action,per-hop monitoring,hidden-information,emptyanswer,emptyanswer,emptyanswer,emptyanswer,emptyanswer,emptyanswer,emptyanswer,emptyanswer,emptyanswer,emptyanswer,emptyanswer
3OWZNK3RYKOZMIUGNC97LWA3PGGU20,30OG32W0SUAH9SJH9XXOYLNK7ZENEZ,A1QUDNLO95AKS5,Approved,Thu Mar 05 12:09:28 EST 2015,Thu Mar 05 12:09:54 EST 2015,Hidden-Action,Multi-Hop Routing,transmission,principal-agent model,handle scenarios,emptyanswer,emptyanswer,emptyanswer,emptyanswer,emptyanswer,emptyanswer,emptyanswer,emptyanswer,emptyanswer,emptyanswer,emptyanswer
3OWZNK3RYKOZMIUGNC97LWA3PGGU20,3LRLIPTPEQ8DB9H2WF3MAAGPSQZKAM,A3I10J1GPDAPQR,Approved,Thu Mar 05 16:13:55 EST 2015,Thu Mar 05 16:15:18 EST 2015,Hidden-Action,Multi-Hop Routing,per-hop monitoring,social welfare,end-to-end transmission,emptyanswer,emptyanswer,emptyanswer,emptyanswer,emptyanswer,emptyanswer,emptyanswer,emptyanswer,emptyanswer,emptyanswer,emptyanswer
3OWZNK3RYKOZMIUGNC97LWA3PGGU20,351SEKWQS0G6Z4KH1174FOGZ2YUMDY,ADUJUZANFOWKW,Approved,Thu Mar 05 16:43:00 EST 2015,Thu Mar 05 16:43:29 EST 2015,routing,netowkrs,nodes,endpoints,mechanism,emptyanswer,emptyanswer,emptyanswer,emptyanswer,emptyanswer,emptyanswer,emptyanswer,emptyanswer,emptyanswer,emptyanswer,emptyanswer
3OWZNK3RYKOZMIUGNC97LWA3PGGU20,3TEM0PF1Q5W9WQDACWK6HR9MZXL0DX,A3DHYTZ1GPN0T8,Approved,Thu Mar 05 22:53:42 EST 2015,Thu Mar 05 22:54:23 EST 2015,multi-hop networks,"incentives to the contrary, rational (i.e., selfish)",hidden-action problem,demonstrate,not necessarily improve,emptyanswer,emptyanswer,emptyanswer,emptyanswer,emptyanswer,emptyanswer,emptyanswer,emptyanswer,emptyanswer,emptyanswer,emptyanswer
3OWZNK3RYKOZMIUGNC97LWA3PGGU20,3AAJC4I4FGRJ1XJSQMJ9QO7LMOOZJP,A156E6TWVB7GP7,Approved,Fri Mar 06 00:48:27 EST 2015,Fri Mar 06 00:49:05 EST 2015,multi-hop networks,endpoints,packets,not necessarily improve,hidden-information,emptyanswer,emptyanswer,emptyanswer,emptyanswer,emptyanswer,emptyanswer,emptyanswer,emptyanswer,emptyanswer,emptyanswer,emptyanswer
3OWZNK3RYKOZMIUGNC97LWA3PGGU20,3I02618YA05Y19SGFCPL6SEIT7IPUX,A2KELEVTA0306Y,Approved,Fri Mar 06 10:24:16 EST 2015,Fri Mar 06 10:26:02 EST 2015,networks,individual,intermediate,typically,hidden,communicating,endpoints,transmission,successful,incentives,contrary,packets,principal,scenarios,mechanisms,monitoring
3OWZNK3RYKOZMIUGNC97LWA3PGGU20,3HMIGG0U4L5UCQD43WKZNRP50MYY8R,AQXSUU4I4DAH8,Approved,Fri Mar 06 11:26:41 EST 2015,Fri Mar 06 11:27:18 EST 2015,communicating endpoints,Hidden-Action,absence of incentives,Multi-Hop Routing,intermediate nodes,emptyanswer,emptyanswer,emptyanswer,emptyanswer,emptyanswer,emptyanswer,emptyanswer,emptyanswer,emptyanswer,emptyanswer,emptyanswer
3OWZNK3RYKOZMIUGNC97LWA3PGGU20,3HYA4D452RIDQKUKIPJAOF5M8DZF2V,AWQK8QA93VLW9,Approved,Sat Mar 07 08:37:12 EST 2015,Sat Mar 07 08:38:36 EST 2015,Multi-Hop Routing,intermediate nodes,endpoints,end-to-end transmission,principal-agent model,hidden-action,hidden-information,emptyanswer,emptyanswer,emptyanswer,emptyanswer,emptyanswer,emptyanswer,emptyanswer,emptyanswer,emptyanswer
3OWZNK3RYKOZMIUGNC97LWA3PGGU20,3XIQGXAUMC71C7IBOV6RQDM1NYSX7V,A28IXE702NXWKQ,Approved,Sat Mar 07 14:02:25 EST 2015,Sat Mar 07 14:04:20 EST 2015,multi-hop networks,contrary,appropriate design,hidden-information,mechanisms,emptyanswer,emptyanswer,emptyanswer,emptyanswer,emptyanswer,emptyanswer,emptyanswer,emptyanswer,emptyanswer,emptyanswer,emptyanswer
3OWZNK3RYKOZMIUGNC97LWA3PGGU20,3I3WADAZ9Q3ZVUQ0ZB4Y9GHCKPPO51,A38IE69ORDCEGY,Approved,Sat Mar 07 22:59:01 EST 2015,Sat Mar 07 23:00:48 EST 2015,Multi-hop routing,hidden actions from intermediate nodes,end-to-end transmission,packet forwarding,design of contracts,emptyanswer,emptyanswer,emptyanswer,emptyanswer,emptyanswer,emptyanswer,emptyanswer,emptyanswer,emptyanswer,emptyanswer,emptyanswer
3OWZNK3RYKOZMIUGNC97LWA3PGGU20,3300DTYQT2G2CPW9PPP52FIPCKMQEU,A3QV0NIFU1WDE4,Approved,Sun Mar 08 05:34:25 EDT 2015,Sun Mar 08 05:37:49 EDT 2015,Hidden-Action in Multi-Hop Routing,Using a principal-agent model,hidden-action problem can be overcome,in both direct and recursive cases,per-hop monitoring,generalize existing mechanisms,involving both hidden-information and hidden-action,emptyanswer,emptyanswer,emptyanswer,emptyanswer,emptyanswer,emptyanswer,emptyanswer,emptyanswer,emptyanswer
3OWZNK3RYKOZMIUGNC97LWA3PGGU20,35USIKEBNRFDWDQ23FEQMXV7QBDN6L,A1JWEYGDFDB100,Approved,Sun Mar 08 07:51:05 EDT 2015,Sun Mar 08 07:52:44 EDT 2015,Hidden-Action,Multi-Hop Routing,communicating endpoints,end-to-end transmission,"rational (i.e., selfish) intermediate nodes",emptyanswer,emptyanswer,emptyanswer,emptyanswer,emptyanswer,emptyanswer,emptyanswer,emptyanswer,emptyanswer,emptyanswer,emptyanswer
3OWZNK3RYKOZMIUGNC97LWA3PGGU20,3M0BCWMB8VV9PJGBR7MLTWUQXO1BWU,ANB69EQROUTQJ,Approved,Sun Mar 08 13:15:53 EDT 2015,Sun Mar 08 13:17:36 EDT 2015,hidden-action,multi-hop routing,intermediate nodes,principal-agent model,per-hop modeling,design of contracts,emptyanswer,emptyanswer,emptyanswer,emptyanswer,emptyanswer,emptyanswer,emptyanswer,emptyanswer,emptyanswer,emptyanswer
3OWZNK3RYKOZMIUGNC97LWA3PGGU20,3DPNQGW4LLERA5GWLAZUNOP7ZUV46K,A3G4SXD4N30C3L,Approved,Sun Mar 08 15:21:11 EDT 2015,Sun Mar 08 15:21:51 EDT 2015,Hidden-Action,Multi-Hop Routing,multi-hop networks,individual intermediate nodes,hidden-information,emptyanswer,emptyanswer,emptyanswer,emptyanswer,emptyanswer,emptyanswer,emptyanswer,emptyanswer,emptyanswer,emptyanswer,emptyanswer
3OWZNK3RYKOZMIUGNC97LWA3PGGU20,3LJ7UR74RHCZHQMOKRLBPZBTUKN4NX,A156NFBMKKLDL9,Approved,Sun Mar 08 17:16:14 EDT 2015,Sun Mar 08 17:17:56 EDT 2015,Hidden-Action,Multi-Hop Routing,multi-hop network,appropriate design of contracts,social welfare,emptyanswer,emptyanswer,emptyanswer,emptyanswer,emptyanswer,emptyanswer,emptyanswer,emptyanswer,emptyanswer,emptyanswer,emptyanswer
3OWZNK3RYKOZMIUGNC97LWA3PGGU20,3TMSXRD2X6Z8CLYJPATWNKHHBCJ1WA,A2GBY8O6GYSB89,Approved,Sun Mar 08 18:56:01 EDT 2015,Sun Mar 08 18:57:28 EDT 2015,Hidden-Action,Multi-Hop Routing,multi-hop networks,individual intermediate nodes,generalize existing mechanisms,hidden-information,hidden-action,emptyanswer,emptyanswer,emptyanswer,emptyanswer,emptyanswer,emptyanswer,emptyanswer,emptyanswer,emptyanswer
3OWZNK3RYKOZMIUGNC97LWA3PGGU20,3EFE17QCRC4Q9F2O7UMGIIU3MPQHSJ,APEB5ERGCYP6D,Approved,Mon Mar 09 06:07:17 EDT 2015,Mon Mar 09 06:09:41 EDT 2015,actions taken by individual intermediate nodes,all the endpoints can observe,typically hidden from the communicating endpoints,generalize existing mechanisms that deal with hidden-information,involving both hidden-information and hidden-action,emptyanswer,emptyanswer,emptyanswer,emptyanswer,emptyanswer,emptyanswer,emptyanswer,emptyanswer,emptyanswer,emptyanswer,emptyanswer
3OWZNK3RYKOZMIUGNC97LWA3PGGU20,392CY0QWG1Q73PBXNB8JKRFC8N84I0,A2SZAM3EZER2PH,Approved,Mon Mar 09 07:33:43 EDT 2015,Mon Mar 09 07:37:55 EDT 2015,communicating endpoints,intermediate nodes,appropriate design of contracts,further demonstrate,hidden-action,emptyanswer,emptyanswer,emptyanswer,emptyanswer,emptyanswer,emptyanswer,emptyanswer,emptyanswer,emptyanswer,emptyanswer,emptyanswer
3OWZNK3RYKOZMIUGNC97LWA3PGGU20,30IQTZXKAK5NUWIR3WLIBYCEFOH0X1,ACYGMRGAZ22U7,Approved,Mon Mar 09 18:00:15 EDT 2015,Mon Mar 09 18:00:21 EDT 2015,Keyword/Keyphrase 1:,Keyword/Keyphrase 1:,Keyword/Keyphrase 1:,Keyword/Keyphrase 1:,Keyword/Keyphrase 1:,emptyanswer,emptyanswer,emptyanswer,emptyanswer,emptyanswer,emptyanswer,emptyanswer,emptyanswer,emptyanswer,emptyanswer,emptyanswer
3OWZNK3RYKOZMIUGNC97LWA3PGGU20,3PXX5PX6LXXCI6D8Q2QTB7XZ59WBAP,A17JEL4FN1B9TB,Approved,Tue Mar 10 12:04:00 EDT 2015,Tue Mar 10 12:05:03 EDT 2015,Hidden,Action,Multi-Hop,Routing,networks,nodes,endpoints,emptyanswer,emptyanswer,emptyanswer,emptyanswer,emptyanswer,emptyanswer,emptyanswer,emptyanswer,emptyanswer
3OWZNK3RYKOZMIUGNC97LWA3PGGU20,304SM51WA33GI2Z272CKW7R5RF3SB2,AW36CVMS3526O,Approved,Tue Mar 10 12:20:00 EDT 2015,Tue Mar 10 12:20:44 EDT 2015,Hidden-Action,Multi-Hop Routing,communicating,transmission,hidden-information,emptyanswer,emptyanswer,emptyanswer,emptyanswer,emptyanswer,emptyanswer,emptyanswer,emptyanswer,emptyanswer,emptyanswer,emptyanswer
3OWZNK3RYKOZMIUGNC97LWA3PGGU20,3FK0YFF9PZFBJ8EC6E8P865JTCEVVJ,A3UY2GVCKC8LSL,Approved,Wed Mar 11 00:01:49 EDT 2015,Wed Mar 11 00:02:55 EDT 2015,multi-hop,downstream router,hidden-information,Hidden-Action,Multi-Hop Routing,emptyanswer,emptyanswer,emptyanswer,emptyanswer,emptyanswer,emptyanswer,emptyanswer,emptyanswer,emptyanswer,emptyanswer,emptyanswer
3OWZNK3RYKOZMIUGNC97LWA3PGGU20,3IAEQB9FMEJ24GEV53DROMIQ0EEWDX,A3K6BSW10S4YKJ,Approved,Wed Mar 11 00:48:41 EDT 2015,Wed Mar 11 00:50:33 EDT 2015,multi-hop networks,Using a principal-agent model,hidden-action problem can be overcome through appropriate design of contracts,per-hop monitoring does not necessarily improve the utility of the principal,to handle scenarios involving both hidden-information and hidden-action,emptyanswer,emptyanswer,emptyanswer,emptyanswer,emptyanswer,emptyanswer,emptyanswer,emptyanswer,emptyanswer,emptyanswer,emptyanswer
3OWZNK3RYKOZMIUGNC97LWA3PGGU20,39K0FND3AHE81XH5HRG2PN8TH9FMA6,ATRHDYWCIYTDJ,Approved,Wed Mar 11 05:01:43 EDT 2015,Wed Mar 11 05:01:54 EDT 2015,taken,intermediate,typically,communicating,welfare,emptyanswer,emptyanswer,emptyanswer,emptyanswer,emptyanswer,emptyanswer,emptyanswer,emptyanswer,emptyanswer,emptyanswer,emptyanswer
3OWZNK3RYKOZMIUGNC97LWA3PGGU20,3VNL7UK1XFI7AJOX1436P2EC8YTTFY,A3CMDYA9USA3MR,Approved,Wed Mar 11 07:43:13 EDT 2015,Wed Mar 11 07:43:26 EDT 2015,individual,intermediate,social,addition,existing,emptyanswer,emptyanswer,emptyanswer,emptyanswer,emptyanswer,emptyanswer,emptyanswer,emptyanswer,emptyanswer,emptyanswer,emptyanswer
3OWZNK3RYKOZMIUGNC97LWA3PGGU20,3LRKMWOKB5GJV1LKJ1DHR7L4KQS2ZL,A2E2IQ99W6B7AV,Approved,Wed Mar 11 16:27:50 EDT 2015,Wed Mar 11 16:30:29 EDT 2015,Hidden actions,Mutli-hop routing,Network nodes,Principal-agent modeling,Social welfare,Existing mechanisms,Downstream routing,Hidden information,Contract design,Incentive absence,emptyanswer,emptyanswer,emptyanswer,emptyanswer,emptyanswer,emptyanswer
3OWZNK3RYKOZMIUGNC97LWA3PGGU20,3FK0YFF9PZFBJ8EC6E8P865JTDOVVV,A2SDTL2V8VJ25O,Approved,Wed Mar 11 20:36:35 EDT 2015,Wed Mar 11 20:37:08 EDT 2015,Hidden,Routing,individual,communicating,mechanisms,emptyanswer,emptyanswer,emptyanswer,emptyanswer,emptyanswer,emptyanswer,emptyanswer,emptyanswer,emptyanswer,emptyanswer,emptyanswer
3OWZNK3RYKOZMIUGNC97LWA3PGGU20,3W92K5RLWUGULEZX0NQC48BKHQP5V4,A2KS418T8MPLJH,Approved,Thu Mar 12 11:44:59 EDT 2015,Thu Mar 12 11:47:14 EDT 2015,"In multi-hop networks, the actions taken by individual intermediate nodes are typically hidden from the communicating endpoints; all the endpoints can observe is whether or not the end-to-end transmission was successful.","Therefore, in the absence of incentives to the contrary, rational (i.e., selfish) intermediate nodes may choose to forward packets at a low priority or simply not forward packets at all","Using a principal-agent model, we show how the hidden-action problem can be overcome through appropriate design of contracts,","We further demonstrate that per-hop monitoring does not necessarily improve the utility of the principal or the social welfare in the system. In addition, we generalize existing mechanisms that deal with hidden-information to handle scenarios involving both hidden-information and hidden-action.",in both the direct (the endpoints contract with each individual router) and recursive (each router contracts with the next downstream router) cases.,emptyanswer,emptyanswer,emptyanswer,emptyanswer,emptyanswer,emptyanswer,emptyanswer,emptyanswer,emptyanswer,emptyanswer,emptyanswer
3OWZNK3RYKOZMIUGNC97LWA3PGGU20,36U2A8VAG1YE7RF5CLH2DWYWWXMKYD,ADVZAZ12Z8N9J,Approved,Thu Mar 12 11:34:00 EDT 2015,Thu Mar 12 12:02:57 EDT 2015,"In multi-hop networks, the actions taken by individual intermediate nodes are typically hidden from the communicating endpoints; all the endpoints can observe is whether or not the end-to-end transmission was successful.",N/A,N/A,N/A,N/A,emptyanswer,emptyanswer,emptyanswer,emptyanswer,emptyanswer,emptyanswer,emptyanswer,emptyanswer,emptyanswer,emptyanswer,emptyanswer
3OWZNK3RYKOZMIUGNC97LWA3PGGU20,3QAPZX2QN4CMTGFUF70PL8II3KO029,AM1HY736BY3Z8,Approved,Thu Mar 12 13:19:33 EDT 2015,Thu Mar 12 13:21:05 EDT 2015,Hidden-Action in Multi-Hop Routing,"In multi-hop networks, the actions taken by individual intermediate nodes are typically hidden from the communicating endpoints; all the endpoints can observe is whether or not the end-to-end transmission was successful.","Using a principal-agent model, we show how the hidden-action problem can be overcome through appropriate design of contracts, in both the direct  and recursive cases.",We further demonstrate that per-hop monitoring does not necessarily improve the utility of the principal or the social welfare in the system.,we generalize existing mechanisms that deal with hidden-information to handle scenarios involving both hidden-information and hidden-action.,emptyanswer,emptyanswer,emptyanswer,emptyanswer,emptyanswer,emptyanswer,emptyanswer,emptyanswer,emptyanswer,emptyanswer,emptyanswer
3OWZNK3RYKOZMIUGNC97LWA3PGGU20,3EF8EXOTT1UM61YKIBAHYUN9ANHJ1J,AU3WQKISBW5MZ,Approved,Thu Mar 12 13:57:09 EDT 2015,Thu Mar 12 13:58:21 EDT 2015,"In multi-hop networks, the actions taken by individual intermediate nodes are typically hidden from the communicating endpoints",all the endpoints can observe is whether or not the end-to-end transmission was successful,"Therefore, in the absence of incentives to the contrary, rational (i.e., selfish) intermediate nodes may choose to forward packets","Using a principal-agent model, we show how the hidden-action problem can be overcome through appropriate design of contracts",in both the direct (the endpoints contract with each individual router) and recursive (each router contracts with the next downstream router) cases,emptyanswer,emptyanswer,emptyanswer,emptyanswer,emptyanswer,emptyanswer,emptyanswer,emptyanswer,emptyanswer,emptyanswer,emptyanswer
3OWZNK3RYKOZMIUGNC97LWA3PGGU20,3R2UR8A0IAF8XDAA5HNT1Z8WEX5OX0,A1A9GCQVBEMT58,Approved,Fri Mar 13 05:54:39 EDT 2015,Fri Mar 13 06:00:19 EDT 2015,individual intermediate nodes,end-to-end transmission,rational  intermediate nodes,low priority or simply not forward packets,principal-agent model,hidden-action problem,direct and recursive,per-hop monitoring,social welfare in the system,generalize existing mechanisms,hidden-information and hidden-action,emptyanswer,emptyanswer,emptyanswer,emptyanswer,emptyanswer
3OWZNK3RYKOZMIUGNC97LWA3PGGU20,3O6CYIULED0OLIPHRY3GYMMENIXUW2,A2UNRV6PEOEXG0,Approved,Fri Mar 13 13:49:16 EDT 2015,Fri Mar 13 13:50:03 EDT 2015,Hidden-Action,Multi-hope routing,rational intermediate nodes,social welfare system,multi-hop network,emptyanswer,emptyanswer,emptyanswer,emptyanswer,emptyanswer,emptyanswer,emptyanswer,emptyanswer,emptyanswer,emptyanswer,emptyanswer
3OWZNK3RYKOZMIUGNC97LWA3PGGU20,3U0SRXB7CD46IWOMV3HOXSM3N7QRN5,A610SH5RY1NG1,Approved,Fri Mar 13 14:08:06 EDT 2015,Fri Mar 13 14:08:22 EDT 2015,routing,nodes,communicating,router,transmission,emptyanswer,emptyanswer,emptyanswer,emptyanswer,emptyanswer,emptyanswer,emptyanswer,emptyanswer,emptyanswer,emptyanswer,emptyanswer
3OWZNK3RYKOZMIUGNC97LWA3PGGU20,3QL2OFSM96H2CUZ3D6RT8XNHN6OCNL,A330N7LVL2IOVZ,Approved,Fri Mar 13 14:27:14 EDT 2015,Fri Mar 13 14:28:53 EDT 2015,end-to-end transmission,packets,principal-agent model,hidden-action problem,design of contracts,emptyanswer,emptyanswer,emptyanswer,emptyanswer,emptyanswer,emptyanswer,emptyanswer,emptyanswer,emptyanswer,emptyanswer,emptyanswer
3OWZNK3RYKOZMIUGNC97LWA3PGGU20,3CP1TO84PT0LON1VCD6123E9KVD52J,A3DTN2OMF6DUSI,Approved,Fri Mar 13 22:46:54 EDT 2015,Fri Mar 13 22:47:25 EDT 2015,Hidden-Action,Multi-Hop Routing,nodes,rational,information,emptyanswer,emptyanswer,emptyanswer,emptyanswer,emptyanswer,emptyanswer,emptyanswer,emptyanswer,emptyanswer,emptyanswer,emptyanswer
3OWZNK3RYKOZMIUGNC97LWA3PGGU20,3X08E93BHVH5PSKA4YS9KM9LWXB666,A2Z9HR2IBD75R9,Approved,Sat Mar 14 09:49:05 EDT 2015,Sat Mar 14 09:49:23 EDT 2015,Hidden-Action,Multi-Hop Routing,problem,scenarios,hidden,emptyanswer,emptyanswer,emptyanswer,emptyanswer,emptyanswer,emptyanswer,emptyanswer,emptyanswer,emptyanswer,emptyanswer,emptyanswer
3OWZNK3RYKOZMIUGNC97LWA3PGGU20,33LKR6A5KEJGK4UPU5OL00AI8V11TB,A1BV5YY1UQCMZY,Approved,Sat Mar 14 16:30:11 EDT 2015,Sat Mar 14 16:30:47 EDT 2015,multi-hop routing,nodes,hidden,communication endpoints,principal-agent model,emptyanswer,emptyanswer,emptyanswer,emptyanswer,emptyanswer,emptyanswer,emptyanswer,emptyanswer,emptyanswer,emptyanswer,emptyanswer
3OWZNK3RYKOZMIUGNC97LWA3PGGU20,3KB8R4ZV1E6DSXQBC2I37T824DKGB0,A1HDFKT3ZGK25P,Approved,Sat Mar 14 16:41:08 EDT 2015,Sat Mar 14 16:42:58 EDT 2015,multi-hop networks,intermediate nodes,hidden actions,end-to-end transmission,priority,per-hop monitoring,endpoints,packet forwarding priotization,emptyanswer,emptyanswer,emptyanswer,emptyanswer,emptyanswer,emptyanswer,emptyanswer,emptyanswer
3OWZNK3RYKOZMIUGNC97LWA3PGGU20,3ERET4BTVM8Z6Q7X49PMEF55NUZK9Y,AH3ER3EJXHRO2,Approved,Sat Mar 14 16:55:21 EDT 2015,Sat Mar 14 16:55:43 EDT 2015,hidden-action,multi-hop routing,networks,intermediate nodes,communicating endpoints,emptyanswer,emptyanswer,emptyanswer,emptyanswer,emptyanswer,emptyanswer,emptyanswer,emptyanswer,emptyanswer,emptyanswer,emptyanswer
3OWZNK3RYKOZMIUGNC97LWA3PGGU20,3M0NZ3JDP1XBUY471KFFPEOG57V5ZG,A16DELN8V1CH9R,Approved,Sat Mar 14 17:26:16 EDT 2015,Sat Mar 14 17:28:02 EDT 2015,multi-hop networks,principal-agent model,end-to-end transmission,hidden-action problem,per-hop monitoring,hidden-information,emptyanswer,emptyanswer,emptyanswer,emptyanswer,emptyanswer,emptyanswer,emptyanswer,emptyanswer,emptyanswer,emptyanswer
3OWZNK3RYKOZMIUGNC97LWA3PGGU20,317HQ483I7RTPXL35GNFJ0LC0FVINO,A3LV5FJGIHFQ94,Approved,Sat Mar 14 18:53:10 EDT 2015,Sat Mar 14 18:55:07 EDT 2015,networking,nodes,endpoints,router,contracts,communication,emptyanswer,emptyanswer,emptyanswer,emptyanswer,emptyanswer,emptyanswer,emptyanswer,emptyanswer,emptyanswer,emptyanswer
3OWZNK3RYKOZMIUGNC97LWA3PGGU20,3AMW0RGHOD1L6J87IBDZSXMOMTRNP6,AWFQ7OX0UPSM5,Approved,Sat Mar 14 19:10:51 EDT 2015,Sat Mar 14 19:11:39 EDT 2015,Hidden-Action,Multi-Hop Routing,individual intermediate nodes,communicating endpoints,principal-agent model,emptyanswer,emptyanswer,emptyanswer,emptyanswer,emptyanswer,emptyanswer,emptyanswer,emptyanswer,emptyanswer,emptyanswer,emptyanswer
3OWZNK3RYKOZMIUGNC97LWA3PGGU20,3JRJSWSMQHKA5OQ7RED9P7PE35Z3EM,A1GK9ZI7T30X9Z,Approved,Sat Mar 14 19:11:46 EDT 2015,Sat Mar 14 19:15:41 EDT 2015,Multi-Hop Routing,Hidden-Action,intermediate nodes,endpoints,packets,principal-agent model,router,per-hop monitoring,hidden-information,emptyanswer,emptyanswer,emptyanswer,emptyanswer,emptyanswer,emptyanswer,emptyanswer
3OWZNK3RYKOZMIUGNC97LWA3PGGU20,3ZQIG0FLQEFOYXEHWODLU8OX1U4WV1,A8HUG07IE2R3,Approved,Sat Mar 14 20:54:22 EDT 2015,Sat Mar 14 20:56:17 EDT 2015,Hidden-Action in Multi-Hop Routing,individual intermediate nodes are typically hidden,show how the hidden-action problem can be overcome through appropriate design of contracts,per-hop monitoring does not necessarily improve the utility of the principal or the social welfare,handle scenarios involving both hidden-information and hidden-action,emptyanswer,emptyanswer,emptyanswer,emptyanswer,emptyanswer,emptyanswer,emptyanswer,emptyanswer,emptyanswer,emptyanswer,emptyanswer
3OWZNK3RYKOZMIUGNC97LWA3PGGU20,34MAJL3QP4MSDMTE281WGLDNQHC43Q,A29ZV4XJB7R1O,Approved,Sat Mar 14 20:52:23 EDT 2015,Sat Mar 14 21:13:04 EDT 2015,Multi-Hop,Routing,Hidden-Action,endpoints,nodes,emptyanswer,emptyanswer,emptyanswer,emptyanswer,emptyanswer,emptyanswer,emptyanswer,emptyanswer,emptyanswer,emptyanswer,emptyanswer
3OWZNK3RYKOZMIUGNC97LWA3PGGU20,3QFUFYSY9YENTY97M32YHU2KT7KF4D,A9VLWY4KW6OCB,Approved,Sat Mar 14 21:11:40 EDT 2015,Sat Mar 14 21:19:10 EDT 2015,Multi-Hop,Routing,Hidden-Action,networks,nodes,emptyanswer,emptyanswer,emptyanswer,emptyanswer,emptyanswer,emptyanswer,emptyanswer,emptyanswer,emptyanswer,emptyanswer,emptyanswer
3OWZNK3RYKOZMIUGNC97LWA3PGGU20,3S0TNUHWKTHREFID70XLA6F4JG38D5,ATOMPVWZKAE0E,Approved,Sat Mar 14 21:59:51 EDT 2015,Sat Mar 14 22:02:56 EDT 2015,Multi-Hop Routing,end-to-end transmission,principal-agent model,rational intermediate nodes,hidden-action,direct contract,recursive contract,hidden-information mechanism,emptyanswer,emptyanswer,emptyanswer,emptyanswer,emptyanswer,emptyanswer,emptyanswer,emptyanswer
