HitId,AssignmentId,WorkerId,Status,AcceptTime,SubmitTime,Answer 1,Answer 2,Answer 3,Answer 4,Answer 5,Answer 6,Answer 7,Answer 8,Answer 9,Answer 10,Answer 11,Answer 12,Answer 13,Answer 14,Answer 15,Answer 16
3OYHVNTV5SXZQTE9GW32MM48OUEOK3,3PWWM24LHSX4B5KXABD4ENO0LV528S,A22R7DT2XQIKXV,Approved,Mon Mar 02 14:58:25 EST 2015,Mon Mar 02 14:58:30 EST 2015,aa,aa,aa,aa,aa,emptyanswer,emptyanswer,emptyanswer,emptyanswer,emptyanswer,emptyanswer,emptyanswer,emptyanswer,emptyanswer,emptyanswer,emptyanswer
3OYHVNTV5SXZQTE9GW32MM48OUEOK3,3RYC5T2D73S6LH0ZBIUG1HRYMXOPRH,A3ODG942FG22PJ,Approved,Mon Mar 02 16:32:50 EST 2015,Mon Mar 02 16:33:14 EST 2015,Multi-Agent,System,Building,Dynamic,Ontologies,na,na,na,na,na,na,na,na,na,na,na
3OYHVNTV5SXZQTE9GW32MM48OUEOK3,3HUTX6F6VUM7WX7DHS20B9E000DO2L,A1W7BQWWGKJ3XF,Approved,Mon Mar 02 16:41:01 EST 2015,Mon Mar 02 16:42:09 EST 2015,Multi-Agent System,Dynamic Ontologies,Ontology Learning,Dynamo,adaptive multi-agent architecture.,multi-criteria approach,solution,emptyanswer,emptyanswer,emptyanswer,emptyanswer,emptyanswer,emptyanswer,emptyanswer,emptyanswer,emptyanswer
3OYHVNTV5SXZQTE9GW32MM48OUEOK3,3BXQMRHWKZXSG6V3NWXTPOKNORMMUR,A3FG9YWTFFK1AU,Approved,Mon Mar 02 18:23:23 EST 2015,Mon Mar 02 18:42:24 EST 2015,Multi-Agent System,Building,Dynamic Ontologies,Dynamo,multi-criteria approach,ontology building solution,emptyanswer,emptyanswer,emptyanswer,emptyanswer,emptyanswer,emptyanswer,emptyanswer,emptyanswer,emptyanswer,emptyanswer
3OYHVNTV5SXZQTE9GW32MM48OUEOK3,31EUONYN2V2GTO5F52MBDEBBXYLVOF,A27I79P03I0ZPO,Approved,Mon Mar 02 21:12:27 EST 2015,Mon Mar 02 21:13:27 EST 2015,Dynamic,Multi-Agent,System,Building,Ontologies,emptyanswer,emptyanswer,emptyanswer,emptyanswer,emptyanswer,emptyanswer,emptyanswer,emptyanswer,emptyanswer,emptyanswer,emptyanswer
3OYHVNTV5SXZQTE9GW32MM48OUEOK3,3KMS4QQVK2P870YA7VPEOBRGPZRFKV,A2R085B34P2LYS,Approved,Mon Mar 02 22:40:55 EST 2015,Mon Mar 02 22:47:23 EST 2015,Multi,Agent,System,Building,Dynamic,emptyanswer,emptyanswer,emptyanswer,emptyanswer,emptyanswer,emptyanswer,emptyanswer,emptyanswer,emptyanswer,emptyanswer,emptyanswer
3OYHVNTV5SXZQTE9GW32MM48OUEOK3,3DL65MZB8DEYIOMQK7OAIAT88QLCEH,A1B5NXRZQYRC4R,Approved,Tue Mar 03 06:26:32 EST 2015,Tue Mar 03 06:26:59 EST 2015,Multi-Agent,System,Building,Dynamic,Ontologies,emptyanswer,emptyanswer,emptyanswer,emptyanswer,emptyanswer,emptyanswer,emptyanswer,emptyanswer,emptyanswer,emptyanswer,emptyanswer
3OYHVNTV5SXZQTE9GW32MM48OUEOK3,3N2BF7Y2VQTNBKPJNXQU69VXUKIHML,AAOGFQY8JCVOD,Approved,Tue Mar 03 07:06:21 EST 2015,Tue Mar 03 07:08:38 EST 2015,Ontology,Dynamo,multi-agent,architecture,centralized algorithm,improved,multi-critieria approach,emptyanswer,emptyanswer,emptyanswer,emptyanswer,emptyanswer,emptyanswer,emptyanswer,emptyanswer,emptyanswer
3OYHVNTV5SXZQTE9GW32MM48OUEOK3,3GU1KF0O4I0J5AJAFL8Q12MU4CWBP3,A180J6JI4SB56X,Approved,Tue Mar 03 09:20:39 EST 2015,Tue Mar 03 09:22:21 EST 2015,Multi-Agent System,Building Dynamic,Dynamic Ontologies,Ontology Learning,Dynamo,multi-agent architecture,adaptive multi-agent architecture,clustering algorithm,distributed hierarchical clustering algorithm,distributed hierarchical,building solution,complete ontology building solution,Ontologies building,multi-criteria approach,complete ontology,Ontologies
3OYHVNTV5SXZQTE9GW32MM48OUEOK3,38YMOXR4MUY3J7ZGVG5DIG8YJ8Q6WA,A26M2B8NZVKWTZ,Approved,Tue Mar 03 10:25:26 EST 2015,Tue Mar 03 10:35:09 EST 2015,System,Multi-Agent,Ontologies,multi-criteria,perspectives,emptyanswer,emptyanswer,emptyanswer,emptyanswer,emptyanswer,emptyanswer,emptyanswer,emptyanswer,emptyanswer,emptyanswer,emptyanswer
3OYHVNTV5SXZQTE9GW32MM48OUEOK3,3VBEN272MKYC9J7DNO4YXII2791SGN,A3S81UFDOWF2ST,Approved,Tue Mar 03 12:21:38 EST 2015,Tue Mar 03 12:26:39 EST 2015,Multi-Agent System,Dynamic Ontologies,time-consuming,Dynamo,Hierarchical clustering algorithm,emptyanswer,emptyanswer,emptyanswer,emptyanswer,emptyanswer,emptyanswer,emptyanswer,emptyanswer,emptyanswer,emptyanswer,emptyanswer
3OYHVNTV5SXZQTE9GW32MM48OUEOK3,3DUZQ9U6SMNVRGX8CJ3KXJLCUP4SVT,A9HQ3E0F2AGVO,Approved,Tue Mar 03 17:48:50 EST 2015,Tue Mar 03 17:54:13 EST 2015,Ontologies building from text,Ontology Learning,Dynamo,multi-agent architecture,distributed hierarchical clustering algorithm,emptyanswer,emptyanswer,emptyanswer,emptyanswer,emptyanswer,emptyanswer,emptyanswer,emptyanswer,emptyanswer,emptyanswer,emptyanswer
3OYHVNTV5SXZQTE9GW32MM48OUEOK3,3GDTJDAPVUAUI9OQKTWOTW2YR288MF,A21HRAFQT4OILB,Approved,Tue Mar 03 23:37:01 EST 2015,Tue Mar 03 23:38:29 EST 2015,multi-agent system,dynamic ontologies,ontology building,ontology,ontology building solution,emptyanswer,emptyanswer,emptyanswer,emptyanswer,emptyanswer,emptyanswer,emptyanswer,emptyanswer,emptyanswer,emptyanswer,emptyanswer
3OYHVNTV5SXZQTE9GW32MM48OUEOK3,3XCC1ODXDLARLT1EBV951MH8RW9RQF,A2YW509B0UMSEH,Approved,Wed Mar 04 04:33:35 EST 2015,Wed Mar 04 04:45:38 EST 2015,Multi-Agent,Ontology,text,Learning,system,emptyanswer,emptyanswer,emptyanswer,emptyanswer,emptyanswer,emptyanswer,emptyanswer,emptyanswer,emptyanswer,emptyanswer,emptyanswer
3OYHVNTV5SXZQTE9GW32MM48OUEOK3,345LHZDEDXRRUKNTHESETPBHO3CU3W,A3A6FIAZ2W81,Approved,Wed Mar 04 09:09:59 EST 2015,Wed Mar 04 09:12:08 EST 2015,ontologies,Ontology Leaning,Dynamo,algorithm,ontology building solution,hierarchical clustering algorithm,emptyanswer,emptyanswer,emptyanswer,emptyanswer,emptyanswer,emptyanswer,emptyanswer,emptyanswer,emptyanswer,emptyanswer
3OYHVNTV5SXZQTE9GW32MM48OUEOK3,3E13VNJ1NNUQBQEE0TPHMT89WOI1IA,A3FFZN4FO3Q789,Approved,Wed Mar 04 10:54:15 EST 2015,Wed Mar 04 11:00:18 EST 2015,preliminary,preliminary,preliminary,preliminary,preliminary,emptyanswer,emptyanswer,emptyanswer,emptyanswer,emptyanswer,emptyanswer,emptyanswer,emptyanswer,emptyanswer,emptyanswer,emptyanswer
3OYHVNTV5SXZQTE9GW32MM48OUEOK3,30LSNF239UUX0BWAJXPVRCIEOU22IY,A3H35QRODK1C4K,Approved,Wed Mar 04 12:18:11 EST 2015,Wed Mar 04 12:18:33 EST 2015,multi-agent,system,building,dynamic,ontologies,emptyanswer,emptyanswer,emptyanswer,emptyanswer,emptyanswer,emptyanswer,emptyanswer,emptyanswer,emptyanswer,emptyanswer,emptyanswer
3OYHVNTV5SXZQTE9GW32MM48OUEOK3,3YHH42UU5BESU212PDIU04HR81OL0P,A2F6ZON8X5EAGL,Approved,Wed Mar 04 15:59:16 EST 2015,Wed Mar 04 15:59:42 EST 2015,A Multi-Agent System for Building Dynamic Ontologies,ontologies,time,approach,solution,emptyanswer,emptyanswer,emptyanswer,emptyanswer,emptyanswer,emptyanswer,emptyanswer,emptyanswer,emptyanswer,emptyanswer,emptyanswer
3OYHVNTV5SXZQTE9GW32MM48OUEOK3,3EKVH9QMEY3GS0GORJOK0F21WQLD20,A3OTLWGJFB65KD,Approved,Wed Mar 04 19:33:18 EST 2015,Wed Mar 04 19:33:26 EST 2015,nothing,nothing,nothing,nothing,nothing,emptyanswer,emptyanswer,emptyanswer,emptyanswer,emptyanswer,emptyanswer,emptyanswer,emptyanswer,emptyanswer,emptyanswer,emptyanswer
3OYHVNTV5SXZQTE9GW32MM48OUEOK3,3HMIGG0U4L5UCQD43WKZNRP50FZY8E,A3LUJSAN4DQ1ZT,Approved,Wed Mar 04 23:00:41 EST 2015,Wed Mar 04 23:01:10 EST 2015,ontologies,multi-agent,dynamic,learning,dynamo,multi-criteria,emptyanswer,emptyanswer,emptyanswer,emptyanswer,emptyanswer,emptyanswer,emptyanswer,emptyanswer,emptyanswer,emptyanswer
3OYHVNTV5SXZQTE9GW32MM48OUEOK3,3AAPLD8UCCGROFF3WUR6SNQPOWITHA,A9LA6QK6VCERR,Approved,Thu Mar 05 00:31:55 EST 2015,Thu Mar 05 00:33:18 EST 2015,Multi-Agent System,Building Dynamic Ontologies,Ontologies building from text,Dynamo,hierarchical clustering algorithm,emptyanswer,emptyanswer,emptyanswer,emptyanswer,emptyanswer,emptyanswer,emptyanswer,emptyanswer,emptyanswer,emptyanswer,emptyanswer
3OYHVNTV5SXZQTE9GW32MM48OUEOK3,36AHBNMV1RB6TL9VK4VF9J36B7BDYG,A3I10J1GPDAPQR,Approved,Thu Mar 05 09:36:43 EST 2015,Thu Mar 05 09:37:51 EST 2015,Multi-Agent System,Building Dynamic Ontologies,multi-criteria approach,complete ontology building solution,distributed hierarchical clustering algorithm,emptyanswer,emptyanswer,emptyanswer,emptyanswer,emptyanswer,emptyanswer,emptyanswer,emptyanswer,emptyanswer,emptyanswer,emptyanswer
3OYHVNTV5SXZQTE9GW32MM48OUEOK3,3HYA4D452RIDQKUKIPJAOF5M8502F3,A1YLO4LT02D2F0,Approved,Thu Mar 05 11:04:04 EST 2015,Thu Mar 05 11:04:56 EST 2015,Ontologies building from text,system named Dynamo is designed,original approach based,distributed hierarchical clustering algorithm,system and add as perspectives,emptyanswer,emptyanswer,emptyanswer,emptyanswer,emptyanswer,emptyanswer,emptyanswer,emptyanswer,emptyanswer,emptyanswer,emptyanswer
3OYHVNTV5SXZQTE9GW32MM48OUEOK3,35BLDD71I6WSSSJM7BXSTCIFH8NVZS,A1QUDNLO95AKS5,Approved,Thu Mar 05 11:46:11 EST 2015,Thu Mar 05 11:46:38 EST 2015,Multi-Agent System,Building Dynamic Ontologies,time-consuming task,multi-criteria approach,building solution,emptyanswer,emptyanswer,emptyanswer,emptyanswer,emptyanswer,emptyanswer,emptyanswer,emptyanswer,emptyanswer,emptyanswer,emptyanswer
3OYHVNTV5SXZQTE9GW32MM48OUEOK3,3RXCAC0YIROUQZS49QYTGRI1VLQG8J,ADUJUZANFOWKW,Approved,Thu Mar 05 17:36:56 EST 2015,Thu Mar 05 17:38:43 EST 2015,system,ontologies,dynamic,algorithm,building,emptyanswer,emptyanswer,emptyanswer,emptyanswer,emptyanswer,emptyanswer,emptyanswer,emptyanswer,emptyanswer,emptyanswer,emptyanswer
3OYHVNTV5SXZQTE9GW32MM48OUEOK3,3RKNTXVS3MXSX7SZBNG63TRTV5R4A0,A3DHYTZ1GPN0T8,Approved,Thu Mar 05 21:47:43 EST 2015,Thu Mar 05 21:49:48 EST 2015,Ontologies,multi-agent architecture,hierarchical clustering algorithm,modifications,ontology,emptyanswer,emptyanswer,emptyanswer,emptyanswer,emptyanswer,emptyanswer,emptyanswer,emptyanswer,emptyanswer,emptyanswer,emptyanswer
3OYHVNTV5SXZQTE9GW32MM48OUEOK3,33ISQZVXPPLJLQ2COGIFSMT5NM2CCY,A156E6TWVB7GP7,Approved,Thu Mar 05 22:30:58 EST 2015,Thu Mar 05 22:31:52 EST 2015,Ontologies building,Dynamo,adaptive mult-agent,conventional centralized algorithm,building solution,emptyanswer,emptyanswer,emptyanswer,emptyanswer,emptyanswer,emptyanswer,emptyanswer,emptyanswer,emptyanswer,emptyanswer,emptyanswer
3OYHVNTV5SXZQTE9GW32MM48OUEOK3,3TS1AR6UQQDKCLRQO105K6MUJR4F7Q,AQXSUU4I4DAH8,Approved,Fri Mar 06 11:29:50 EST 2015,Fri Mar 06 11:30:25 EST 2015,Multi-Agent System,Dynamo is designed along this domain,Building Dynamic Ontologies,adaptive multi-agent architecture,perspectives the modifications,emptyanswer,emptyanswer,emptyanswer,emptyanswer,emptyanswer,emptyanswer,emptyanswer,emptyanswer,emptyanswer,emptyanswer,emptyanswer
3OYHVNTV5SXZQTE9GW32MM48OUEOK3,32SCWG5HIH3DZY2FJURIQM02QMCP69,A14TK50KH724N6,Approved,Fri Mar 06 12:21:16 EST 2015,Fri Mar 06 12:22:19 EST 2015,Multi-Agent System,Dynamic Ontologies,Ontology Learning,adaptive multi-agent architecture,distributed hierarchical clustering algorithm,multi-criteria approach,ontology building solution,emptyanswer,emptyanswer,emptyanswer,emptyanswer,emptyanswer,emptyanswer,emptyanswer,emptyanswer,emptyanswer
3OYHVNTV5SXZQTE9GW32MM48OUEOK3,31T4R4OBOSFD997GXZA4C01RMGK7CJ,A2KELEVTA0306Y,Approved,Sat Mar 07 05:19:25 EST 2015,Sat Mar 07 05:21:47 EST 2015,Ontologies,building,text,time-consuming,task,justifies,growth,Ontology,Learning,system,named,Dynamo,designed,along,domain,approach
3OYHVNTV5SXZQTE9GW32MM48OUEOK3,39GXDJN2OTDD8WIZYLXFGSLBI7IV85,AWQK8QA93VLW9,Approved,Sat Mar 07 10:56:25 EST 2015,Sat Mar 07 11:03:13 EST 2015,Multi-Agent System,Dynamic Ontologies,Ontology Learning,Dynamo,multi-agent architecture,hierarchical clustering algorithm,centralized algorithm,emptyanswer,emptyanswer,emptyanswer,emptyanswer,emptyanswer,emptyanswer,emptyanswer,emptyanswer,emptyanswer
3OYHVNTV5SXZQTE9GW32MM48OUEOK3,3WETL7AQWT7A95XEGDK6LDJ1PXP53H,ADVZAZ12Z8N9J,Approved,Sat Mar 07 11:17:12 EST 2015,Sat Mar 07 11:29:08 EST 2015,Ontologies building from text is still a time-consuming task which justifies the growth of Ontology Learning.,N/A,N/A,N/A,N/A,emptyanswer,emptyanswer,emptyanswer,emptyanswer,emptyanswer,emptyanswer,emptyanswer,emptyanswer,emptyanswer,emptyanswer,emptyanswer
3OYHVNTV5SXZQTE9GW32MM48OUEOK3,354P56DE9K2TGQWCUL04R5598JK7SR,A2GBY8O6GYSB89,Approved,Sat Mar 07 11:42:29 EST 2015,Sat Mar 07 11:43:34 EST 2015,Multi-Agent System,Building Dynamic Ontologies,Ontologies building from text,an adaptive multi-agent architecture,distributed hierarchical clustering algorithm,emptyanswer,emptyanswer,emptyanswer,emptyanswer,emptyanswer,emptyanswer,emptyanswer,emptyanswer,emptyanswer,emptyanswer,emptyanswer
3OYHVNTV5SXZQTE9GW32MM48OUEOK3,3H7Z272LX76VIJ5M6YXKF5IZGK9PLV,A38IE69ORDCEGY,Approved,Sat Mar 07 20:33:14 EST 2015,Sat Mar 07 20:34:17 EST 2015,Multi-agent system,Dynamic ontologies,ontology learning,Dynamo,multi-agent architecture,emptyanswer,emptyanswer,emptyanswer,emptyanswer,emptyanswer,emptyanswer,emptyanswer,emptyanswer,emptyanswer,emptyanswer,emptyanswer
3OYHVNTV5SXZQTE9GW32MM48OUEOK3,3X31TUMD7XLS1RMKLWMUE901D4KL14,APEB5ERGCYP6D,Approved,Sun Mar 08 00:13:17 EST 2015,Sun Mar 08 00:15:25 EST 2015,building from text is still a time-consuming task,justifies the growth of Ontology Learning,system named Dynamo is designed along this domain,an original approach based on an adaptive multi-agent architecture,improved using a multi-criteria approach,emptyanswer,emptyanswer,emptyanswer,emptyanswer,emptyanswer,emptyanswer,emptyanswer,emptyanswer,emptyanswer,emptyanswer,emptyanswer
3OYHVNTV5SXZQTE9GW32MM48OUEOK3,3S4AW7T80BH9TQJ38E5WC774PP54LD,A3QV0NIFU1WDE4,Approved,Sun Mar 08 05:19:05 EDT 2015,Sun Mar 08 05:22:07 EDT 2015,Multi-Agent System,Building Dynamic Ontologies,time-consuming task,Dynamo,based on an adaptive multi-agent architecture,distributed hierarchical clustering algorithm,using a multi-criteria approach,discuss the limits of our system,reach a complete ontology building solution,emptyanswer,emptyanswer,emptyanswer,emptyanswer,emptyanswer,emptyanswer,emptyanswer
3OYHVNTV5SXZQTE9GW32MM48OUEOK3,3B837J3LDOV3Y9GR3ZYAWMW99XZSR0,A1JWEYGDFDB100,Approved,Sun Mar 08 08:02:10 EDT 2015,Sun Mar 08 08:03:30 EDT 2015,Multi-Agent System,Dynamic Ontologies,Dynamo,conventional centralized algorithm,ontology building solution,emptyanswer,emptyanswer,emptyanswer,emptyanswer,emptyanswer,emptyanswer,emptyanswer,emptyanswer,emptyanswer,emptyanswer,emptyanswer
3OYHVNTV5SXZQTE9GW32MM48OUEOK3,3RSDURM96ALBLRNVGZ6ZF1LRBTEEYW,A3G4SXD4N30C3L,Approved,Sun Mar 08 13:14:14 EDT 2015,Sun Mar 08 13:14:42 EDT 2015,Multi-Agent System,Building Dynamic Ontologies,time-consuming task,Ontology Learning,Dynamo,multi-criteria approach,emptyanswer,emptyanswer,emptyanswer,emptyanswer,emptyanswer,emptyanswer,emptyanswer,emptyanswer,emptyanswer,emptyanswer
3OYHVNTV5SXZQTE9GW32MM48OUEOK3,3AWETUDC92RN6MZM84Y9ENSL9GQIZ1,A156NFBMKKLDL9,Approved,Sun Mar 08 13:59:00 EDT 2015,Sun Mar 08 13:59:38 EDT 2015,Multi-Agent System,Building Dynamic Ontologies,Dynamo,multi-criteria approach,conventional centralized algorithm,emptyanswer,emptyanswer,emptyanswer,emptyanswer,emptyanswer,emptyanswer,emptyanswer,emptyanswer,emptyanswer,emptyanswer,emptyanswer
3OYHVNTV5SXZQTE9GW32MM48OUEOK3,3SLE99ER0NCDJELG2U6SS0O8EQ7ZBA,ANB69EQROUTQJ,Approved,Sun Mar 08 14:59:07 EDT 2015,Sun Mar 08 15:00:19 EDT 2015,multi-agent system,dynamic ontologies,ontology learning,dynamo,adaptive multi-agent architecture,hierarchal clustering,algorithm,emptyanswer,emptyanswer,emptyanswer,emptyanswer,emptyanswer,emptyanswer,emptyanswer,emptyanswer,emptyanswer
3OYHVNTV5SXZQTE9GW32MM48OUEOK3,3JV9LGBJWTDXBRFKG7NPDD81A09GOL,A3GSN49YWM9CLD,Approved,Mon Mar 09 05:43:12 EDT 2015,Mon Mar 09 05:44:24 EDT 2015,Ontologies,conventional centralized algorithm,Ontology Learning.,Dynamo,multi-agent architecture.,emptyanswer,emptyanswer,emptyanswer,emptyanswer,emptyanswer,emptyanswer,emptyanswer,emptyanswer,emptyanswer,emptyanswer,emptyanswer
3OYHVNTV5SXZQTE9GW32MM48OUEOK3,3X65QVEQI0MCOUWI1TBEV5JSH3CCLQ,A2SZAM3EZER2PH,Approved,Mon Mar 09 05:55:25 EDT 2015,Mon Mar 09 05:56:14 EDT 2015,Ontologies building,Ontology Learning,multi-agent architecture,hierarchical clustering,perspectives the modifications,emptyanswer,emptyanswer,emptyanswer,emptyanswer,emptyanswer,emptyanswer,emptyanswer,emptyanswer,emptyanswer,emptyanswer,emptyanswer
3OYHVNTV5SXZQTE9GW32MM48OUEOK3,3QAPZX2QN4CMTGFUF70PL8II2FG02Q,ACYGMRGAZ22U7,Approved,Mon Mar 09 17:48:41 EDT 2015,Mon Mar 09 17:48:47 EDT 2015,Keyword/Keyphrase 1:,Keyword/Keyphrase 1:,Keyword/Keyphrase 1:,Keyword/Keyphrase 1:,Keyword/Keyphrase 1:,emptyanswer,emptyanswer,emptyanswer,emptyanswer,emptyanswer,emptyanswer,emptyanswer,emptyanswer,emptyanswer,emptyanswer,emptyanswer
3OYHVNTV5SXZQTE9GW32MM48OUEOK3,38YMOXR4MUY3J7ZGVG5DIG8YJQI6W2,A2TZF8C4RUNPMX,Approved,Mon Mar 09 22:29:42 EDT 2015,Mon Mar 09 22:31:45 EDT 2015,Dynamic Ontologies,Ontology Learning,clustering algorithm,Dynamo,multi-agent architecture,emptyanswer,emptyanswer,emptyanswer,emptyanswer,emptyanswer,emptyanswer,emptyanswer,emptyanswer,emptyanswer,emptyanswer,emptyanswer
3OYHVNTV5SXZQTE9GW32MM48OUEOK3,3FTOP5WARFNMZCD2MS6HKP4Z4SR0J6,A5UZTMO507YXX,Approved,Tue Mar 10 10:55:17 EDT 2015,Tue Mar 10 10:56:01 EDT 2015,Multi-agent,Dynamic Ontologies,Ontology Learning,Dynamo,distributed hierarchical clustering algorithm,emptyanswer,emptyanswer,emptyanswer,emptyanswer,emptyanswer,emptyanswer,emptyanswer,emptyanswer,emptyanswer,emptyanswer,emptyanswer
3OYHVNTV5SXZQTE9GW32MM48OUEOK3,308XBLVESI34HNZPSDCF6XM95DKRBD,AW36CVMS3526O,Approved,Tue Mar 10 12:06:01 EDT 2015,Tue Mar 10 12:08:09 EDT 2015,Building,Ontologies,Dynamo,algorithm,solution,emptyanswer,emptyanswer,emptyanswer,emptyanswer,emptyanswer,emptyanswer,emptyanswer,emptyanswer,emptyanswer,emptyanswer,emptyanswer
3OYHVNTV5SXZQTE9GW32MM48OUEOK3,3VELCLL3GKI61ZCOZLJWJWVHGEKF1R,A3UY2GVCKC8LSL,Approved,Wed Mar 11 00:07:10 EDT 2015,Wed Mar 11 00:07:48 EDT 2015,adaptive multi-agent architecture,Dynamo,Ontology Learning,Ontologies,Multi-Agent System,emptyanswer,emptyanswer,emptyanswer,emptyanswer,emptyanswer,emptyanswer,emptyanswer,emptyanswer,emptyanswer,emptyanswer,emptyanswer
3OYHVNTV5SXZQTE9GW32MM48OUEOK3,3Y4W8Q93LZJPPREQFT8V2KZCT5EVDO,A3K6BSW10S4YKJ,Approved,Wed Mar 11 01:14:12 EDT 2015,Wed Mar 11 01:15:10 EDT 2015,a time-consuming task,Ontology Learning,system named Dynamo,adaptive multi-agent architecture,the modifications required to reach a complete ontology building solution,emptyanswer,emptyanswer,emptyanswer,emptyanswer,emptyanswer,emptyanswer,emptyanswer,emptyanswer,emptyanswer,emptyanswer,emptyanswer
3OYHVNTV5SXZQTE9GW32MM48OUEOK3,3YZ8UPK3VTLF7KJCA73FMSFBUY3CUQ,ATRHDYWCIYTDJ,Approved,Wed Mar 11 04:45:54 EDT 2015,Wed Mar 11 04:46:20 EDT 2015,building,consuming,results,discuss,complete,emptyanswer,emptyanswer,emptyanswer,emptyanswer,emptyanswer,emptyanswer,emptyanswer,emptyanswer,emptyanswer,emptyanswer,emptyanswer
3OYHVNTV5SXZQTE9GW32MM48OUEOK3,3PZDLQMM0TK6N8AARNT9G9KJB8OC2E,A3CMDYA9USA3MR,Approved,Wed Mar 11 07:21:48 EDT 2015,Wed Mar 11 07:22:00 EDT 2015,Ontologies,consuming,growth,system,Dynamo,emptyanswer,emptyanswer,emptyanswer,emptyanswer,emptyanswer,emptyanswer,emptyanswer,emptyanswer,emptyanswer,emptyanswer,emptyanswer
3OYHVNTV5SXZQTE9GW32MM48OUEOK3,3IKZ72A5B4F9F6JD48HUG38KJGKNF4,A2SDTL2V8VJ25O,Approved,Wed Mar 11 14:34:53 EDT 2015,Wed Mar 11 14:36:03 EDT 2015,Multi-Agent,Dynamic,Ontologies,discuss,modifications,emptyanswer,emptyanswer,emptyanswer,emptyanswer,emptyanswer,emptyanswer,emptyanswer,emptyanswer,emptyanswer,emptyanswer,emptyanswer
3OYHVNTV5SXZQTE9GW32MM48OUEOK3,3IX2EGZR7BIAZ6X1G5PW4L5MDKQJRR,A28IXE702NXWKQ,Approved,Wed Mar 11 14:49:49 EDT 2015,Wed Mar 11 14:50:50 EDT 2015,Ontologies building from text is still a time-consuming task,justifies the growth of Ontology Learning,Our system named Dynamo,distributed hierarchical clustering algorithm,improved using a multi-criteria approach,emptyanswer,emptyanswer,emptyanswer,emptyanswer,emptyanswer,emptyanswer,emptyanswer,emptyanswer,emptyanswer,emptyanswer,emptyanswer
3OYHVNTV5SXZQTE9GW32MM48OUEOK3,37C0GNLMHF24A1ZPEL0NQSJDCDK6D7,A2E2IQ99W6B7AV,Approved,Wed Mar 11 16:57:57 EDT 2015,Wed Mar 11 16:59:11 EDT 2015,Multi-agent system,Dynamic ontology,Clustering algorithm,Centralization,Multiple criteria,emptyanswer,emptyanswer,emptyanswer,emptyanswer,emptyanswer,emptyanswer,emptyanswer,emptyanswer,emptyanswer,emptyanswer,emptyanswer
3OYHVNTV5SXZQTE9GW32MM48OUEOK3,3IUZPWIU1O6AIMK5XKZESZDGLPSKWK,A2UNRV6PEOEXG0,Approved,Thu Mar 12 00:31:19 EDT 2015,Thu Mar 12 00:31:59 EDT 2015,Building Dynamic Ontologies,Multi-agent System,Ontology Learning,Dynamo,ontology building solution,emptyanswer,emptyanswer,emptyanswer,emptyanswer,emptyanswer,emptyanswer,emptyanswer,emptyanswer,emptyanswer,emptyanswer,emptyanswer
3OYHVNTV5SXZQTE9GW32MM48OUEOK3,3WYGZ5XF3WEHB53WDFPDVAAVFCOKSX,A3HPVFAF1U9WXK,Approved,Thu Mar 12 09:56:59 EDT 2015,Thu Mar 12 09:57:41 EDT 2015,Multi-Agent System,Dynamic Ontologies,Ontology Learning,Dynamo,hierarchical clustering algorithm,emptyanswer,emptyanswer,emptyanswer,emptyanswer,emptyanswer,emptyanswer,emptyanswer,emptyanswer,emptyanswer,emptyanswer,emptyanswer
3OYHVNTV5SXZQTE9GW32MM48OUEOK3,3S96KQ6I9M3ACZA1AY8G12BRXM7DT4,A2KS418T8MPLJH,Approved,Thu Mar 12 11:53:13 EDT 2015,Thu Mar 12 11:54:16 EDT 2015,Ontologies building from text is still a time-consuming task which justifies the growth of Ontology Learning.,Our system named Dynamo is designed along this domain but following an original approach based on an adaptive multi-agent architecture.,"In this paper we present a distributed hierarchical clustering algorithm, core of our approach.",It is evaluated and compared to a more conventional centralized algorithm. We also present how it has been improved using a multi-criteria approach.,"With those results in mind, we discuss the limits of our system and add as perspectives the modifications required to reach a complete ontology building solution.",emptyanswer,emptyanswer,emptyanswer,emptyanswer,emptyanswer,emptyanswer,emptyanswer,emptyanswer,emptyanswer,emptyanswer,emptyanswer
3OYHVNTV5SXZQTE9GW32MM48OUEOK3,3CFVK00FWLKN8DNHR2YB95RIMN06L4,AM1HY736BY3Z8,Approved,Thu Mar 12 13:01:26 EDT 2015,Thu Mar 12 13:02:57 EDT 2015,A Multi-Agent System for Building Dynamic Ontologies,Ontologies building from text is still a time-consuming task which justifies the growth of Ontology Learning.,Our system named Dynamo is designed along this domain but following an original approach based on an adaptive multi-agent architecture.,We also present how it has been improved using a multi-criteria approach,we discuss the limits of our system and add as perspectives the modifications required to reach a complete ontology building solution.,emptyanswer,emptyanswer,emptyanswer,emptyanswer,emptyanswer,emptyanswer,emptyanswer,emptyanswer,emptyanswer,emptyanswer,emptyanswer
3OYHVNTV5SXZQTE9GW32MM48OUEOK3,3Q8GYXHFEP1YM5TX96V7EGNVWKEC5J,AU3WQKISBW5MZ,Approved,Thu Mar 12 14:33:18 EDT 2015,Thu Mar 12 14:33:29 EDT 2015,"Ontologies building from text is still a time-consuming task which justifies the growth of Ontology Learning. Our system named Dynamo is designed along this domain but following an original approach based on an adaptive multi-agent architecture. In this paper we present a distributed hierarchical clustering algorithm, core of our approach. It is evaluated and compared to a more conventional centralized algorithm. We also present how it has been improved using a multi-criteria approach. With those results in mind, we discuss the limits of our system and add as perspectives the modifications required to reach a complete ontology building solution.","Ontologies building from text is still a time-consuming task which justifies the growth of Ontology Learning. Our system named Dynamo is designed along this domain but following an original approach based on an adaptive multi-agent architecture. In this paper we present a distributed hierarchical clustering algorithm, core of our approach. It is evaluated and compared to a more conventional centralized algorithm. We also present how it has been improved using a multi-criteria approach. With those results in mind, we discuss the limits of our system and add as perspectives the modifications required to reach a complete ontology building solution.","Ontologies building from text is still a time-consuming task which justifies the growth of Ontology Learning. Our system named Dynamo is designed along this domain but following an original approach based on an adaptive multi-agent architecture. In this paper we present a distributed hierarchical clustering algorithm, core of our approach. It is evaluated and compared to a more conventional centralized algorithm. We also present how it has been improved using a multi-criteria approach. With those results in mind, we discuss the limits of our system and add as perspectives the modifications required to reach a complete ontology building solution.","Ontologies building from text is still a time-consuming task which justifies the growth of Ontology Learning. Our system named Dynamo is designed along this domain but following an original approach based on an adaptive multi-agent architecture. In this paper we present a distributed hierarchical clustering algorithm, core of our approach. It is evaluated and compared to a more conventional centralized algorithm. We also present how it has been improved using a multi-criteria approach. With those results in mind, we discuss the limits of our system and add as perspectives the modifications required to reach a complete ontology building solution.","Ontologies building from text is still a time-consuming task which justifies the growth of Ontology Learning. Our system named Dynamo is designed along this domain but following an original approach based on an adaptive multi-agent architecture. In this paper we present a distributed hierarchical clustering algorithm, core of our approach. It is evaluated and compared to a more conventional centralized algorithm. We also present how it has been improved using a multi-criteria approach. With those results in mind, we discuss the limits of our system and add as perspectives the modifications required to reach a complete ontology building solution.",emptyanswer,emptyanswer,emptyanswer,emptyanswer,emptyanswer,emptyanswer,emptyanswer,emptyanswer,emptyanswer,emptyanswer,emptyanswer
3OYHVNTV5SXZQTE9GW32MM48OUEOK3,39L1G8WVWQQBLNWVFQIUIN6KERZ13V,AL9R6CILUG30X,Approved,Thu Mar 12 15:52:35 EDT 2015,Thu Mar 12 15:54:50 EDT 2015,Building Ontologies,Dynamo,Ontology Learning,multi-agent architecture,multi-criteria approach,hierarchical clustering algorithm,emptyanswer,emptyanswer,emptyanswer,emptyanswer,emptyanswer,emptyanswer,emptyanswer,emptyanswer,emptyanswer,emptyanswer
3OYHVNTV5SXZQTE9GW32MM48OUEOK3,3T111IHZ5EPLTUKSUTYJFRRJIH6R91,A3MRB8TFD1IUS6,Approved,Thu Mar 12 18:14:16 EDT 2015,Thu Mar 12 18:15:26 EDT 2015,Multi Agent System,Building Dynamic Ontologies,Ontology Learning,Dynamo,adaptive,centralized algorithm,emptyanswer,emptyanswer,emptyanswer,emptyanswer,emptyanswer,emptyanswer,emptyanswer,emptyanswer,emptyanswer,emptyanswer
3OYHVNTV5SXZQTE9GW32MM48OUEOK3,3CTOC39K37P0HNDM7RRQZ4EMDBRJ7U,A330N7LVL2IOVZ,Approved,Fri Mar 13 14:14:35 EDT 2015,Fri Mar 13 14:15:40 EDT 2015,distributed hierarchical clustering algorithm,centralized algorithm,multi-criteria approach,ontology,ontology building solution,emptyanswer,emptyanswer,emptyanswer,emptyanswer,emptyanswer,emptyanswer,emptyanswer,emptyanswer,emptyanswer,emptyanswer,emptyanswer
3OYHVNTV5SXZQTE9GW32MM48OUEOK3,3TMFV4NEP8DQNLI4OV2B2U4PQR7W8Q,A102EZC832BFBR,Approved,Fri Mar 13 14:50:14 EDT 2015,Fri Mar 13 14:52:36 EDT 2015,Ontologies building from text is still a time-consuming task,Our system named Dynamo is designed along this domain,"a distributed hierarchical clustering algorithm, core of our approach",evaluated and compared to a more conventional centralized algorithm.,been improved using a multi-criteria approach.,emptyanswer,emptyanswer,emptyanswer,emptyanswer,emptyanswer,emptyanswer,emptyanswer,emptyanswer,emptyanswer,emptyanswer,emptyanswer
3OYHVNTV5SXZQTE9GW32MM48OUEOK3,3ERMJ6L4DYRQIVJ7AO4IFW63H6VM7C,A3DTN2OMF6DUSI,Approved,Fri Mar 13 23:22:02 EDT 2015,Fri Mar 13 23:22:09 EDT 2015,model,model,model,model,model,emptyanswer,emptyanswer,emptyanswer,emptyanswer,emptyanswer,emptyanswer,emptyanswer,emptyanswer,emptyanswer,emptyanswer,emptyanswer
3OYHVNTV5SXZQTE9GW32MM48OUEOK3,3JRJSWSMQHKA5OQ7RED9P7PE34B3EW,A610SH5RY1NG1,Approved,Sat Mar 14 06:37:21 EDT 2015,Sat Mar 14 06:37:43 EDT 2015,Multi-Agent System,Dynamic Ontologies,Ontologies,Dynamo,domain,emptyanswer,emptyanswer,emptyanswer,emptyanswer,emptyanswer,emptyanswer,emptyanswer,emptyanswer,emptyanswer,emptyanswer,emptyanswer
3OYHVNTV5SXZQTE9GW32MM48OUEOK3,3KIBXJ1WD5T2DDB36Y84B50UISQOKJ,A2Z9HR2IBD75R9,Approved,Sat Mar 14 09:57:28 EDT 2015,Sat Mar 14 09:57:41 EDT 2015,Multi-Agent System,Building Dynamic Ontologies,results,limits,perspectives,emptyanswer,emptyanswer,emptyanswer,emptyanswer,emptyanswer,emptyanswer,emptyanswer,emptyanswer,emptyanswer,emptyanswer,emptyanswer
3OYHVNTV5SXZQTE9GW32MM48OUEOK3,3WJ1OXY92AFTG8F1NQ6JK57YYCMA8J,AH3ER3EJXHRO2,Approved,Sat Mar 14 16:37:11 EDT 2015,Sat Mar 14 16:37:46 EDT 2015,multi-agent system,dynamic ontologies,text,Dynamo,architecture,emptyanswer,emptyanswer,emptyanswer,emptyanswer,emptyanswer,emptyanswer,emptyanswer,emptyanswer,emptyanswer,emptyanswer,emptyanswer
3OYHVNTV5SXZQTE9GW32MM48OUEOK3,3TYCR1GOTCIPWN7ST7VM63KDRXRZLU,A1GK9ZI7T30X9Z,Approved,Sat Mar 14 16:37:28 EDT 2015,Sat Mar 14 16:39:15 EDT 2015,Multi-Agent System,Dynamic Ontologies,Ontology Learning,Dynamo,adaptive multi-agent architecture,ontology building solution,emptyanswer,emptyanswer,emptyanswer,emptyanswer,emptyanswer,emptyanswer,emptyanswer,emptyanswer,emptyanswer,emptyanswer
3OYHVNTV5SXZQTE9GW32MM48OUEOK3,3URFVVM165HSFDUM2LNNXQGW4ONUZM,ACVJ6IUO9QM4R,Approved,Sat Mar 14 17:21:25 EDT 2015,Sat Mar 14 17:22:16 EDT 2015,Dynamic Ontologies,Ontologies building from text,conventional centralized algorithm,multi-criteria approach,limits of our system,emptyanswer,emptyanswer,emptyanswer,emptyanswer,emptyanswer,emptyanswer,emptyanswer,emptyanswer,emptyanswer,emptyanswer,emptyanswer
3OYHVNTV5SXZQTE9GW32MM48OUEOK3,3PZDLQMM0TK6N8AARNT9G9KJCGQC2X,A17JEL4FN1B9TB,Approved,Sat Mar 14 20:30:41 EDT 2015,Sat Mar 14 20:31:23 EDT 2015,Multi,Agent,System,Building,Dynamic,Ontologies,emptyanswer,emptyanswer,emptyanswer,emptyanswer,emptyanswer,emptyanswer,emptyanswer,emptyanswer,emptyanswer,emptyanswer
