HitId,AssignmentId,WorkerId,Status,AcceptTime,SubmitTime,Answer 1,Answer 2,Answer 3,Answer 4,Answer 5,Answer 6,Answer 7,Answer 8,Answer 9,Answer 10,Answer 11,Answer 12,Answer 13,Answer 14,Answer 15,Answer 16
3P4ZBJFX2U2WFGVX673FN3PPJ0WWFL,3BF51CHDTV9Q86ICYS3W8COKRF7H0W,A1XRIEYLA7ZJ3B,Approved,Mon Mar 02 13:03:18 EST 2015,Mon Mar 02 13:08:45 EST 2015,Asynchronous Messaging Middleware,ad-hoc Networking,mobile environments,frequent disconnections,fluctuating bandwidth,synchronous communication paradigms,asynchronous communication,Message oriented middleware,mobile computing systems,EMMA (Epidemic Messaging Middleware for Ad hoc networks),adaptation of Java Message Service (JMS),design challenges,research roadmap,emptyanswer,emptyanswer,emptyanswer
3P4ZBJFX2U2WFGVX673FN3PPJ0WWFL,3QECW5O0KH0F8MV8VSQX3QNZJIHT59,A22R7DT2XQIKXV,Approved,Mon Mar 02 15:11:25 EST 2015,Mon Mar 02 15:11:30 EST 2015,aa,aa,aa,aa,aa,emptyanswer,emptyanswer,emptyanswer,emptyanswer,emptyanswer,emptyanswer,emptyanswer,emptyanswer,emptyanswer,emptyanswer,emptyanswer
3P4ZBJFX2U2WFGVX673FN3PPJ0WWFL,3YZ8UPK3VTLF7KJCA73FMSFBUDGUCF,A3ODG942FG22PJ,Approved,Mon Mar 02 17:26:55 EST 2015,Mon Mar 02 17:27:13 EST 2015,Adapting,Asynchronous,Messaging,Middleware,Networking,na,na,na,na,na,na,na,na,na,na,na
3P4ZBJFX2U2WFGVX673FN3PPJ0WWFL,3GGAI1SQEVXWUCE315CTVIYHHRSCMK,A26M2B8NZVKWTZ,Approved,Mon Mar 02 21:56:17 EST 2015,Mon Mar 02 21:57:27 EST 2015,Networking,Messaging,Middleware,Adapting,Asynchronous,emptyanswer,emptyanswer,emptyanswer,emptyanswer,emptyanswer,emptyanswer,emptyanswer,emptyanswer,emptyanswer,emptyanswer,emptyanswer
3P4ZBJFX2U2WFGVX673FN3PPJ0WWFL,3PH3VY7DJLW57HJRXL2OFE1TOBTWZV,A2R085B34P2LYS,Approved,Mon Mar 02 22:39:55 EST 2015,Mon Mar 02 22:46:17 EST 2015,Adapting,Asynchronous,Messaging,Middleware,Networking,optional,optional,optional,optional,optional,optional,optional,optional,optional,optional,optional
3P4ZBJFX2U2WFGVX673FN3PPJ0WWFL,3RXCAC0YIROUQZS49QYTGRI1VEY8G5,A27I79P03I0ZPO,Approved,Mon Mar 02 23:29:18 EST 2015,Mon Mar 02 23:30:55 EST 2015,Messaging,Asynchronous,Adapting,ad-hoc,mobile,emptyanswer,emptyanswer,emptyanswer,emptyanswer,emptyanswer,emptyanswer,emptyanswer,emptyanswer,emptyanswer,emptyanswer,emptyanswer
3P4ZBJFX2U2WFGVX673FN3PPJ0WWFL,3SNVL38CI4R14OE0GTZDG56DSNHCK1,A1B5NXRZQYRC4R,Approved,Tue Mar 03 06:30:00 EST 2015,Tue Mar 03 06:30:32 EST 2015,Adapting,Asynchronous,Messaging,Middleware,ad-hoc Networking,emptyanswer,emptyanswer,emptyanswer,emptyanswer,emptyanswer,emptyanswer,emptyanswer,emptyanswer,emptyanswer,emptyanswer,emptyanswer
3P4ZBJFX2U2WFGVX673FN3PPJ0WWFL,3YDGXNSEOZTEEJZKEPWS72LY5AF486,A180J6JI4SB56X,Approved,Tue Mar 03 09:24:26 EST 2015,Tue Mar 03 09:26:31 EST 2015,Adapting Asynchronous,Messaging Middleware,ad-hoc Networking,ad-hoc,frequent disconnections,synchronous communication paradigms,standard middleware,asynchronous communication,asynchronous paradigm,middleware,mobile computing systems,Epidemic Messaging Middleware for Ad hoc networks,EMMA Epidemic Messaging Middleware for Ad hoc networks,Java Message Service,JMS,EMMA
3P4ZBJFX2U2WFGVX673FN3PPJ0WWFL,3QXNC7EIPIUXT00T0GF4VVQW84W90Z,A31EWGHHCQ2XMZ,Approved,Tue Mar 03 15:19:00 EST 2015,Tue Mar 03 15:19:56 EST 2015,"characteristics of mobile environments, with the possibility of frequent disconnections and fluctuating bandwidth, have forced a rethink of traditional middleware.",the synchronous communication paradigms often employed in standard middleware do not appear to be particularly suited to ad hoc environments,asynchronous communication seems to be a generally more suitable paradigm for such environments.,"we present our experience in designing, implementing and evaluating EMMA (Epidemic Messaging Middleware for Ad hoc networks), an adaptation of Java Message Service (JMS) for mobile ad hoc environments.","We discuss in detail the design challenges and some possible solutions, showing a concrete example of the feasibility and suitability of the application of the asynchronous paradigm in this setting and outlining a research roadmap for the coming years.",emptyanswer,emptyanswer,emptyanswer,emptyanswer,emptyanswer,emptyanswer,emptyanswer,emptyanswer,emptyanswer,emptyanswer,emptyanswer
3P4ZBJFX2U2WFGVX673FN3PPJ0WWFL,3FE7TXL1LIMAH9KTW5U40E90F2L2QZ,A16SR2HQIWRFD6,Approved,Tue Mar 03 15:42:12 EST 2015,Tue Mar 03 15:43:18 EST 2015,mobile,communication,message,networks,service,emptyanswer,emptyanswer,emptyanswer,emptyanswer,emptyanswer,emptyanswer,emptyanswer,emptyanswer,emptyanswer,emptyanswer,emptyanswer
3P4ZBJFX2U2WFGVX673FN3PPJ0WWFL,3JV9LGBJWTDXBRFKG7NPDD81ALDOG3,A1W7BQWWGKJ3XF,Approved,Tue Mar 03 18:06:18 EST 2015,Tue Mar 03 18:07:46 EST 2015,adaptation,Asynchronous Messaging Middleware,ad-hoc Networking,fluctuating bandwidth,mobile environments,emptyanswer,emptyanswer,emptyanswer,emptyanswer,emptyanswer,emptyanswer,emptyanswer,emptyanswer,emptyanswer,emptyanswer,emptyanswer
3P4ZBJFX2U2WFGVX673FN3PPJ0WWFL,36TFCYNS449Y5WON14S3HQBV1QXHX4,A2YW509B0UMSEH,Approved,Wed Mar 04 04:16:54 EST 2015,Wed Mar 04 04:27:28 EST 2015,Message,middleware,mobile,Network,text,emptyanswer,emptyanswer,emptyanswer,emptyanswer,emptyanswer,emptyanswer,emptyanswer,emptyanswer,emptyanswer,emptyanswer,emptyanswer
3P4ZBJFX2U2WFGVX673FN3PPJ0WWFL,3VW6495TLJZ9RW4MG0ITM4D7TSPYYB,A3FFZN4FO3Q789,Approved,Wed Mar 04 11:05:30 EST 2015,Wed Mar 04 11:08:34 EST 2015,replicate,replicate,replicate,replicate,replicate,emptyanswer,emptyanswer,emptyanswer,emptyanswer,emptyanswer,emptyanswer,emptyanswer,emptyanswer,emptyanswer,emptyanswer,emptyanswer
3P4ZBJFX2U2WFGVX673FN3PPJ0WWFL,36PW28KO4ZVAP9PS0TSJCF3K8POAE5,A3H35QRODK1C4K,Approved,Wed Mar 04 12:33:34 EST 2015,Wed Mar 04 12:33:53 EST 2015,adapting,asynchronous,messaging,middleware,networking,emptyanswer,emptyanswer,emptyanswer,emptyanswer,emptyanswer,emptyanswer,emptyanswer,emptyanswer,emptyanswer,emptyanswer,emptyanswer
3P4ZBJFX2U2WFGVX673FN3PPJ0WWFL,33F859I566CRSTLMW80LSTK3IODBHV,A2F6ZON8X5EAGL,Approved,Wed Mar 04 15:59:42 EST 2015,Wed Mar 04 16:00:10 EST 2015,Adapting Asynchronous Messaging Middleware to ad-hoc Networking,mobile,bandwidth,systems,coming,emptyanswer,emptyanswer,emptyanswer,emptyanswer,emptyanswer,emptyanswer,emptyanswer,emptyanswer,emptyanswer,emptyanswer,emptyanswer
3P4ZBJFX2U2WFGVX673FN3PPJ0WWFL,337RC3OW0518N32ISA6JLX7H2XDLVT,A3OTLWGJFB65KD,Approved,Wed Mar 04 19:16:11 EST 2015,Wed Mar 04 19:16:17 EST 2015,nothing,nothing,nothing,nothing,nothing,emptyanswer,emptyanswer,emptyanswer,emptyanswer,emptyanswer,emptyanswer,emptyanswer,emptyanswer,emptyanswer,emptyanswer,emptyanswer
3P4ZBJFX2U2WFGVX673FN3PPJ0WWFL,3Z2R0DQ0JHDLK6UONEZ46XKMW2Z2EV,A3S81UFDOWF2ST,Approved,Wed Mar 04 22:26:02 EST 2015,Wed Mar 04 22:26:25 EST 2015,Adapting Asynchronous Messaging Middleware,ad-hoc Networking,mobile environments,disconnections,fluctuating bandwidth,emptyanswer,emptyanswer,emptyanswer,emptyanswer,emptyanswer,emptyanswer,emptyanswer,emptyanswer,emptyanswer,emptyanswer,emptyanswer
3P4ZBJFX2U2WFGVX673FN3PPJ0WWFL,3ZSANO2JCF66VJBIC4YGFXIQ6YNFS5,A3LUJSAN4DQ1ZT,Approved,Wed Mar 04 23:44:24 EST 2015,Wed Mar 04 23:45:18 EST 2015,asynchronous,middleware,ad-hoc networking,EMMA,JMS,design challenges,emptyanswer,emptyanswer,emptyanswer,emptyanswer,emptyanswer,emptyanswer,emptyanswer,emptyanswer,emptyanswer,emptyanswer
3P4ZBJFX2U2WFGVX673FN3PPJ0WWFL,308XBLVESI34HNZPSDCF6XM95YIBR1,A9LA6QK6VCERR,Approved,Thu Mar 05 00:39:10 EST 2015,Thu Mar 05 00:40:45 EST 2015,Asynchronous Messaging Middleware,ad-hoc Networking,synchronous communication paradigms,Message oriented middleware,Epidemic Messaging Middleware for Ad hoc networks,EMMA,JMS,Java Message Service,emptyanswer,emptyanswer,emptyanswer,emptyanswer,emptyanswer,emptyanswer,emptyanswer,emptyanswer
3P4ZBJFX2U2WFGVX673FN3PPJ0WWFL,3GD6L00D3SWC7945L8N9EMFQDZ3M1G,A1YLO4LT02D2F0,Approved,Thu Mar 05 03:48:30 EST 2015,Thu Mar 05 03:51:29 EST 2015,characteristics of mobile environments,frequent disconnections and fluctuating,forced a rethink of traditional,"particular, the synchronous communication",the application of the asynchronous paradigm,emptyanswer,emptyanswer,emptyanswer,emptyanswer,emptyanswer,emptyanswer,emptyanswer,emptyanswer,emptyanswer,emptyanswer,emptyanswer
3P4ZBJFX2U2WFGVX673FN3PPJ0WWFL,3ZAK8W07I4DVDSOWYRAVRRDALUYU0D,A1QUDNLO95AKS5,Approved,Thu Mar 05 12:10:27 EST 2015,Thu Mar 05 12:10:50 EST 2015,Adapting,Asynchronous Messaging Middleware,ad-hoc Networking,environments,EMMA (Epidemic Messaging Middleware for Ad hoc networks),emptyanswer,emptyanswer,emptyanswer,emptyanswer,emptyanswer,emptyanswer,emptyanswer,emptyanswer,emptyanswer,emptyanswer,emptyanswer
3P4ZBJFX2U2WFGVX673FN3PPJ0WWFL,3SKEMFQBZ34ZSLONZHJ8EJAU22Y8K5,A3I10J1GPDAPQR,Approved,Thu Mar 05 15:54:34 EST 2015,Thu Mar 05 15:56:44 EST 2015,Asynchronous Messaging Middleware,ad-hoc Networking,asynchronous paradigm,EMMA,Java Message Service,emptyanswer,emptyanswer,emptyanswer,emptyanswer,emptyanswer,emptyanswer,emptyanswer,emptyanswer,emptyanswer,emptyanswer,emptyanswer
3P4ZBJFX2U2WFGVX673FN3PPJ0WWFL,3YMTUJH0DSFXC3R8HN7NYYHLJUK4TT,A3FG9YWTFFK1AU,Approved,Thu Mar 05 19:15:49 EST 2015,Thu Mar 05 19:17:22 EST 2015,Adapting,Asynchronous Messaging Middleware,ad-hoc Networking,mobile environments,EMMA (Epidemic Messaging Middleware for Ad hoc networks),Java Message Service (JMS),emptyanswer,emptyanswer,emptyanswer,emptyanswer,emptyanswer,emptyanswer,emptyanswer,emptyanswer,emptyanswer,emptyanswer
3P4ZBJFX2U2WFGVX673FN3PPJ0WWFL,31HQ4X3T3S9SVBLEYF1EAANA3XKLSX,ADUJUZANFOWKW,Approved,Thu Mar 05 20:46:23 EST 2015,Thu Mar 05 20:47:00 EST 2015,networking,messaging,middleware,EMMA,communication,emptyanswer,emptyanswer,emptyanswer,emptyanswer,emptyanswer,emptyanswer,emptyanswer,emptyanswer,emptyanswer,emptyanswer,emptyanswer
3P4ZBJFX2U2WFGVX673FN3PPJ0WWFL,3FTF2T8WLRHQ1Q1ETN8P2QZ09HO9WU,A3DHYTZ1GPN0T8,Approved,Thu Mar 05 23:06:36 EST 2015,Thu Mar 05 23:07:10 EST 2015,characteristics,communication,distributed systems,Epidemic Messaging Middleware for Ad hoc networks,Java Message Service,emptyanswer,emptyanswer,emptyanswer,emptyanswer,emptyanswer,emptyanswer,emptyanswer,emptyanswer,emptyanswer,emptyanswer,emptyanswer
3P4ZBJFX2U2WFGVX673FN3PPJ0WWFL,3Q5ZZ9ZEVOEWA23KSUF2CURC5EJ854,A156E6TWVB7GP7,Approved,Fri Mar 06 00:30:11 EST 2015,Fri Mar 06 00:31:18 EST 2015,mobile environment,paradigm,designing,implementing,Epidemic Messaging Middleware,emptyanswer,emptyanswer,emptyanswer,emptyanswer,emptyanswer,emptyanswer,emptyanswer,emptyanswer,emptyanswer,emptyanswer,emptyanswer
3P4ZBJFX2U2WFGVX673FN3PPJ0WWFL,3634BBTX0OTH158M7S42BVC3X5UIFZ,AQXSUU4I4DAH8,Approved,Fri Mar 06 04:24:28 EST 2015,Fri Mar 06 04:24:59 EST 2015,traditional middleware,Adapting Asynchronous Messaging Middleware,asynchronous paradigm of communication,Adapting Asynchronous Messaging Middleware,Java Message Service,emptyanswer,emptyanswer,emptyanswer,emptyanswer,emptyanswer,emptyanswer,emptyanswer,emptyanswer,emptyanswer,emptyanswer,emptyanswer
3P4ZBJFX2U2WFGVX673FN3PPJ0WWFL,3GM6G9ZBKNWDGTGENR7JKSYL5O3MTA,A3G4SXD4N30C3L,Approved,Fri Mar 06 11:04:23 EST 2015,Fri Mar 06 11:06:00 EST 2015,Adapting Asynchronous Messaging Middleware,ad-hoc Networking,mobile environments,synchronous communication paradigms,EMMA (Epidemic Messaging Middleware for Ad hoc networks),Java Message Service (JMS),asynchronous paradigm,emptyanswer,emptyanswer,emptyanswer,emptyanswer,emptyanswer,emptyanswer,emptyanswer,emptyanswer,emptyanswer
3P4ZBJFX2U2WFGVX673FN3PPJ0WWFL,3HMIGG0U4L5UCQD43WKZNRP50NJ8YO,APEB5ERGCYP6D,Approved,Fri Mar 06 22:11:16 EST 2015,Fri Mar 06 22:15:19 EST 2015,Frequent Disconnections,Fluctuating Bandwidth,Standard Middleware,Asynchronous Communication,Traditional Middleware,emptyanswer,emptyanswer,emptyanswer,emptyanswer,emptyanswer,emptyanswer,emptyanswer,emptyanswer,emptyanswer,emptyanswer,emptyanswer
3P4ZBJFX2U2WFGVX673FN3PPJ0WWFL,3P59JYT76LJN9PCLD9OZ5JKNZMZT29,A3EOFHEPL3L07Y,Approved,Sat Mar 07 05:52:48 EST 2015,Sat Mar 07 05:55:10 EST 2015,asycnhronous messaging,synchronous communication paradigm,EMMA,Epidemic Messaging Middleware for Ad hoc networks,EMMA,Messaging Middleware,emptyanswer,emptyanswer,emptyanswer,emptyanswer,emptyanswer,emptyanswer,emptyanswer,emptyanswer,emptyanswer,emptyanswer
3P4ZBJFX2U2WFGVX673FN3PPJ0WWFL,3OE22WJIGINJ1LTVFP4A6X4SY66UQ1,A9HQ3E0F2AGVO,Approved,Sat Mar 07 15:28:37 EST 2015,Sat Mar 07 15:29:22 EST 2015,mobile environments,disconnection,fluctuating bandwidth,middleware,Java Message Service (JMS),emptyanswer,emptyanswer,emptyanswer,emptyanswer,emptyanswer,emptyanswer,emptyanswer,emptyanswer,emptyanswer,emptyanswer,emptyanswer
3P4ZBJFX2U2WFGVX673FN3PPJ0WWFL,3907X2AHF04PHXJEWSFF09JQAK6P2U,A1AWEM2XEAVOVQ,Approved,Sat Mar 07 18:53:51 EST 2015,Sat Mar 07 18:56:29 EST 2015,Epidemic Messaging Middleware for Ad hoc networks,mobile ad hoc environments,asynchronous messaging middleware,mobile environments,middleware,emptyanswer,emptyanswer,emptyanswer,emptyanswer,emptyanswer,emptyanswer,emptyanswer,emptyanswer,emptyanswer,emptyanswer,emptyanswer
3P4ZBJFX2U2WFGVX673FN3PPJ0WWFL,30ZX6P7VF8UTVMGG1FAV3DXE1M7J2X,A1JWEYGDFDB100,Approved,Sun Mar 08 08:11:20 EDT 2015,Sun Mar 08 08:12:27 EDT 2015,Asynchronous Messaging Middleware,ad-hoc Networking,mobile environments,EMMA,Java Message Service,emptyanswer,emptyanswer,emptyanswer,emptyanswer,emptyanswer,emptyanswer,emptyanswer,emptyanswer,emptyanswer,emptyanswer,emptyanswer
3P4ZBJFX2U2WFGVX673FN3PPJ0WWFL,3OWEPKL089BW0D47MPJISBV3LM3N7Q,A38IE69ORDCEGY,Approved,Sun Mar 08 12:11:20 EDT 2015,Sun Mar 08 12:13:50 EDT 2015,Asynchronous messaging middleware,ad-hoc network,mobile environment,EMMA,Java message service,emptyanswer,emptyanswer,emptyanswer,emptyanswer,emptyanswer,emptyanswer,emptyanswer,emptyanswer,emptyanswer,emptyanswer,emptyanswer
3P4ZBJFX2U2WFGVX673FN3PPJ0WWFL,3X31TUMD7XLS1RMKLWMUE901D57L1T,A156NFBMKKLDL9,Approved,Sun Mar 08 13:54:55 EDT 2015,Sun Mar 08 13:55:27 EDT 2015,Adapting Asynchronous Messaging Middleware,ad-hoc Networking,"designing, implementing and evaluating EMMA",design challenges,feasibility and suitability,emptyanswer,emptyanswer,emptyanswer,emptyanswer,emptyanswer,emptyanswer,emptyanswer,emptyanswer,emptyanswer,emptyanswer,emptyanswer
3P4ZBJFX2U2WFGVX673FN3PPJ0WWFL,3P529IW9KYKJR6GSSV1F3B4VEFRLFV,AUH4A0OGHF2CK,Approved,Sun Mar 08 14:43:03 EDT 2015,Sun Mar 08 14:45:13 EDT 2015,Asynchronous Messaging Middleware and ad-hoc Networking,EMMA - Asynchronous Messaging Middleware to ad-hoc Networking,JMS for EMMA [Java Message Service for Asynchronous Messaging Middleware to ad-hoc Networking],Message oriented middleware for traditional systems,asynchronous communication,emptyanswer,emptyanswer,emptyanswer,emptyanswer,emptyanswer,emptyanswer,emptyanswer,emptyanswer,emptyanswer,emptyanswer,emptyanswer
3P4ZBJFX2U2WFGVX673FN3PPJ0WWFL,3X1FV8S5JXQS1BOHHJ9385296S0VGU,A2GBY8O6GYSB89,Approved,Sun Mar 08 19:02:31 EDT 2015,Sun Mar 08 19:03:30 EDT 2015,Adapting Asynchronous Messaging Middleware,ad-hoc Networking,mobile environments,fluctuating bandwidth,EMMA (Epidemic Messaging Middleware for Ad hoc networks),Java Message Service (JMS),emptyanswer,emptyanswer,emptyanswer,emptyanswer,emptyanswer,emptyanswer,emptyanswer,emptyanswer,emptyanswer,emptyanswer
3P4ZBJFX2U2WFGVX673FN3PPJ0WWFL,3ERET4BTVM8Z6Q7X49PMEF55MI59K4,A2SZAM3EZER2PH,Approved,Mon Mar 09 06:02:48 EDT 2015,Mon Mar 09 06:03:40 EDT 2015,mobile environments,fluctuating bandwidth,synchronous,asynchronous communication,design challenges,emptyanswer,emptyanswer,emptyanswer,emptyanswer,emptyanswer,emptyanswer,emptyanswer,emptyanswer,emptyanswer,emptyanswer,emptyanswer
3P4ZBJFX2U2WFGVX673FN3PPJ0WWFL,3ZAK8W07I4DVDSOWYRAVRRDAL6MU0P,A2EEL9YYUHL5SK,Approved,Mon Mar 09 11:16:56 EDT 2015,Mon Mar 09 11:18:15 EDT 2015,Adapting Asynchronous Messaging Middleware,ad-hoc Networking,mobile environments,EMMA (Epidemic Messaging Middleware for Ad hoc networks),feasibility and suitability of the application of the asynchronous paradigm,emptyanswer,emptyanswer,emptyanswer,emptyanswer,emptyanswer,emptyanswer,emptyanswer,emptyanswer,emptyanswer,emptyanswer,emptyanswer
3P4ZBJFX2U2WFGVX673FN3PPJ0WWFL,352YTHGROVC77U0DHTQYKFEX8AD4HR,A3UY2GVCKC8LSL,Approved,Mon Mar 09 17:49:03 EDT 2015,Mon Mar 09 17:49:37 EDT 2015,Adapting,Asynchronous Messaging Middleware,ad-hoc Networking,JMS,backbone network,emptyanswer,emptyanswer,emptyanswer,emptyanswer,emptyanswer,emptyanswer,emptyanswer,emptyanswer,emptyanswer,emptyanswer,emptyanswer
3P4ZBJFX2U2WFGVX673FN3PPJ0WWFL,3EJJQNKU9R4E802BS5MBS8P70OXHRN,ACYGMRGAZ22U7,Approved,Mon Mar 09 17:53:05 EDT 2015,Mon Mar 09 17:53:11 EDT 2015,Keyword/Keyphrase 1:,Keyword/Keyphrase 1:,Keyword/Keyphrase 1:,Keyword/Keyphrase 1:,Keyword/Keyphrase 1:,emptyanswer,emptyanswer,emptyanswer,emptyanswer,emptyanswer,emptyanswer,emptyanswer,emptyanswer,emptyanswer,emptyanswer,emptyanswer
3P4ZBJFX2U2WFGVX673FN3PPJ0WWFL,3PJUZCGDJ6FFBP5WVKSJOAWERLU899,AW36CVMS3526O,Approved,Tue Mar 10 12:16:38 EDT 2015,Tue Mar 10 12:17:14 EDT 2015,Asynchronous,ad-hoc Networking,asynchronous,implementing,roadmap,emptyanswer,emptyanswer,emptyanswer,emptyanswer,emptyanswer,emptyanswer,emptyanswer,emptyanswer,emptyanswer,emptyanswer,emptyanswer
3P4ZBJFX2U2WFGVX673FN3PPJ0WWFL,3M1CVSFP604ZMCFX9KNJ6WSYRABAQG,ATRHDYWCIYTDJ,Approved,Wed Mar 11 04:23:09 EDT 2015,Wed Mar 11 04:23:22 EDT 2015,environments,frequent,disconnections,bandwidth,rethink,emptyanswer,emptyanswer,emptyanswer,emptyanswer,emptyanswer,emptyanswer,emptyanswer,emptyanswer,emptyanswer,emptyanswer,emptyanswer
3P4ZBJFX2U2WFGVX673FN3PPJ0WWFL,3FTYUGLFSUK8RXZB92QIYM5DGIS5D9,A3CMDYA9USA3MR,Approved,Wed Mar 11 07:25:23 EDT 2015,Wed Mar 11 07:25:38 EDT 2015,mobile,environments,frequent,fluctuating,forced,emptyanswer,emptyanswer,emptyanswer,emptyanswer,emptyanswer,emptyanswer,emptyanswer,emptyanswer,emptyanswer,emptyanswer,emptyanswer
3P4ZBJFX2U2WFGVX673FN3PPJ0WWFL,3ITXP059PWIM0LXEVUP1UVAIZMYSJD,A3K6BSW10S4YKJ,Approved,Wed Mar 11 09:02:24 EDT 2015,Wed Mar 11 09:03:17 EDT 2015,mobile environments,traditional middleware,synchronous communication paradigms,ad hoc environments,Message oriented middleware for traditional systems,emptyanswer,emptyanswer,emptyanswer,emptyanswer,emptyanswer,emptyanswer,emptyanswer,emptyanswer,emptyanswer,emptyanswer,emptyanswer
3P4ZBJFX2U2WFGVX673FN3PPJ0WWFL,30H4UDGLT2HFO1N76AYZFIXOGWWMP5,A28IXE702NXWKQ,Approved,Wed Mar 11 14:32:41 EDT 2015,Wed Mar 11 14:33:40 EDT 2015,The characteristics of mobile environments,possibility of frequent disconnections and fluctuating bandwidth,have forced a rethink of traditional middleware,implementing and evaluating EMMA,showing a concrete example of the feasibility and suitability of the application,emptyanswer,emptyanswer,emptyanswer,emptyanswer,emptyanswer,emptyanswer,emptyanswer,emptyanswer,emptyanswer,emptyanswer,emptyanswer
3P4ZBJFX2U2WFGVX673FN3PPJ0WWFL,3LPW2N6LKT1U8ZAXVXG78M912IZ5UV,AL9R6CILUG30X,Approved,Wed Mar 11 14:45:32 EDT 2015,Wed Mar 11 14:56:25 EDT 2015,Synchronous communication paradigms,Ad-hoc environments,Standard middleware,Epidemic Messaging Middleware for Ad hoc networks (EMMA),Java Message Service (JMS),Asynchronous communication,Mobile computing systems,emptyanswer,emptyanswer,emptyanswer,emptyanswer,emptyanswer,emptyanswer,emptyanswer,emptyanswer,emptyanswer
3P4ZBJFX2U2WFGVX673FN3PPJ0WWFL,3M0BCWMB8VV9PJGBR7MLTWUQXU0WBQ,A2E2IQ99W6B7AV,Approved,Wed Mar 11 16:05:13 EDT 2015,Wed Mar 11 16:06:29 EDT 2015,Ad-hoc networking,Asynchronous messaging,Middleware,Traditional systems,Communication,emptyanswer,emptyanswer,emptyanswer,emptyanswer,emptyanswer,emptyanswer,emptyanswer,emptyanswer,emptyanswer,emptyanswer,emptyanswer
3P4ZBJFX2U2WFGVX673FN3PPJ0WWFL,3XCC1ODXDLARLT1EBV951MH8RFUQR1,A2SDTL2V8VJ25O,Approved,Wed Mar 11 20:23:43 EDT 2015,Wed Mar 11 20:24:21 EDT 2015,Adapting,Asynchronous,Middleware,Networking,feasibility,emptyanswer,emptyanswer,emptyanswer,emptyanswer,emptyanswer,emptyanswer,emptyanswer,emptyanswer,emptyanswer,emptyanswer,emptyanswer
3P4ZBJFX2U2WFGVX673FN3PPJ0WWFL,308XBLVESI34HNZPSDCF6XM96GVBRF,A3HPVFAF1U9WXK,Approved,Thu Mar 12 09:51:54 EDT 2015,Thu Mar 12 09:52:44 EDT 2015,Asynchronous Messaging,Middleware,Networking,Adapting,EMMA,mobile ad hoc environments,emptyanswer,emptyanswer,emptyanswer,emptyanswer,emptyanswer,emptyanswer,emptyanswer,emptyanswer,emptyanswer,emptyanswer
3P4ZBJFX2U2WFGVX673FN3PPJ0WWFL,3R6P78PK7KADOJKSCO9O7NEOAEOTGV,A2KS418T8MPLJH,Approved,Thu Mar 12 12:15:21 EDT 2015,Thu Mar 12 12:16:36 EDT 2015,Adapting Asynchronous Messaging Middleware to ad-hoc Networking,A wireless ad hoc network (WANET) is a decentralized type of wireless network,Message oriented middleware for traditional systems has been developed and used to provide an asynchronous paradigm of communication for distributed systems,Epidemic Messaging Middleware for Ad hoc network,asynchronous paradigm in this setting and outlining a research roadmap for the coming years,emptyanswer,emptyanswer,emptyanswer,emptyanswer,emptyanswer,emptyanswer,emptyanswer,emptyanswer,emptyanswer,emptyanswer,emptyanswer
3P4ZBJFX2U2WFGVX673FN3PPJ0WWFL,3VW04L3ZLT5VRMO268APKCZPQ08XXA,AM1HY736BY3Z8,Approved,Thu Mar 12 12:51:52 EDT 2015,Thu Mar 12 12:53:15 EDT 2015,Adapting Asynchronous Messaging Middleware to ad-hoc Networking,"The characteristics of mobile environments, with the possibility of frequent disconnections and fluctuating bandwidth, have forced a rethink of traditional middleware.","the synchronous communication paradigms often employed in standard middleware do not appear to be particularly suited to ad hoc environments, in which not even the intermittent availability of a backbone network can be assumed.","we present our experience in designing, implementing and evaluating EMMA (Epidemic Messaging Middleware for Ad hoc networks), an adaptation of Java Message Service (JMS) for mobile ad hoc environments",outlining a research roadmap for the coming years.,emptyanswer,emptyanswer,emptyanswer,emptyanswer,emptyanswer,emptyanswer,emptyanswer,emptyanswer,emptyanswer,emptyanswer,emptyanswer
3P4ZBJFX2U2WFGVX673FN3PPJ0WWFL,39O5D9O87TRV8Q6TVN7EZJPBIONC3T,AU3WQKISBW5MZ,Approved,Thu Mar 12 14:32:31 EDT 2015,Thu Mar 12 14:32:42 EDT 2015,"The characteristics of mobile environments, with the possibility of frequent disconnections and fluctuating bandwidth, have forced a rethink of traditional middleware. In particular, the synchronous communication paradigms often employed in standard middleware do not appear to be particularly suited to ad hoc environments, in which not even the intermittent availability of a backbone network can be assumed. Instead, asynchronous communication seems to be a generally more suitable paradigm for such environments. Message oriented middleware for traditional systems has been developed and used to provide an asynchronous paradigm of communication for distributed systems, and, recently, also for some specific mobile computing systems.","The characteristics of mobile environments, with the possibility of frequent disconnections and fluctuating bandwidth, have forced a rethink of traditional middleware. In particular, the synchronous communication paradigms often employed in standard middleware do not appear to be particularly suited to ad hoc environments, in which not even the intermittent availability of a backbone network can be assumed. Instead, asynchronous communication seems to be a generally more suitable paradigm for such environments. Message oriented middleware for traditional systems has been developed and used to provide an asynchronous paradigm of communication for distributed systems, and, recently, also for some specific mobile computing systems.","The characteristics of mobile environments, with the possibility of frequent disconnections and fluctuating bandwidth, have forced a rethink of traditional middleware. In particular, the synchronous communication paradigms often employed in standard middleware do not appear to be particularly suited to ad hoc environments, in which not even the intermittent availability of a backbone network can be assumed. Instead, asynchronous communication seems to be a generally more suitable paradigm for such environments. Message oriented middleware for traditional systems has been developed and used to provide an asynchronous paradigm of communication for distributed systems, and, recently, also for some specific mobile computing systems.","The characteristics of mobile environments, with the possibility of frequent disconnections and fluctuating bandwidth, have forced a rethink of traditional middleware. In particular, the synchronous communication paradigms often employed in standard middleware do not appear to be particularly suited to ad hoc environments, in which not even the intermittent availability of a backbone network can be assumed. Instead, asynchronous communication seems to be a generally more suitable paradigm for such environments. Message oriented middleware for traditional systems has been developed and used to provide an asynchronous paradigm of communication for distributed systems, and, recently, also for some specific mobile computing systems.","The characteristics of mobile environments, with the possibility of frequent disconnections and fluctuating bandwidth, have forced a rethink of traditional middleware. In particular, the synchronous communication paradigms often employed in standard middleware do not appear to be particularly suited to ad hoc environments, in which not even the intermittent availability of a backbone network can be assumed. Instead, asynchronous communication seems to be a generally more suitable paradigm for such environments. Message oriented middleware for traditional systems has been developed and used to provide an asynchronous paradigm of communication for distributed systems, and, recently, also for some specific mobile computing systems.",emptyanswer,emptyanswer,emptyanswer,emptyanswer,emptyanswer,emptyanswer,emptyanswer,emptyanswer,emptyanswer,emptyanswer,emptyanswer
3P4ZBJFX2U2WFGVX673FN3PPJ0WWFL,35USIKEBNRFDWDQ23FEQMXV7RJ96NH,ADVZAZ12Z8N9J,Approved,Thu Mar 12 17:24:52 EDT 2015,Thu Mar 12 17:27:38 EDT 2015,"The characteristics of mobile environments, with the possibility of frequent disconnections and fluctuating bandwidth, have forced a rethink of traditional middleware.",N/A,N/A,N/A,N/A,emptyanswer,emptyanswer,emptyanswer,emptyanswer,emptyanswer,emptyanswer,emptyanswer,emptyanswer,emptyanswer,emptyanswer,emptyanswer
3P4ZBJFX2U2WFGVX673FN3PPJ0WWFL,3AWETUDC92RN6MZM84Y9ENSLAP6IZ0,A1A9GCQVBEMT58,Approved,Fri Mar 13 06:55:36 EDT 2015,Fri Mar 13 06:59:10 EDT 2015,synchronous communication paradigms,standard middleware,ad hoc environments,asynchronous communication,Epidemic Messaging Middleware for Ad hoc networks,Java Message Service,feasibility and suitability,asynchronous paradigm,emptyanswer,emptyanswer,emptyanswer,emptyanswer,emptyanswer,emptyanswer,emptyanswer,emptyanswer
3P4ZBJFX2U2WFGVX673FN3PPJ0WWFL,3RGU30DZTA7J2QK9BXTFIMBC80LMJ7,A330N7LVL2IOVZ,Approved,Fri Mar 13 13:23:53 EDT 2015,Fri Mar 13 13:25:58 EDT 2015,Mobile environments,Middleware,Asynchronous communication,mobile ad hoc environments,traditional systems,emptyanswer,emptyanswer,emptyanswer,emptyanswer,emptyanswer,emptyanswer,emptyanswer,emptyanswer,emptyanswer,emptyanswer,emptyanswer
3P4ZBJFX2U2WFGVX673FN3PPJ0WWFL,3XUHV3NRVKXP3D4DVY98P7KB9DS5HW,A2UNRV6PEOEXG0,Approved,Fri Mar 13 13:42:30 EDT 2015,Fri Mar 13 13:49:15 EDT 2015,Middleware,Asynchronous,mobile environments,EMMA,Java messaging,emptyanswer,emptyanswer,emptyanswer,emptyanswer,emptyanswer,emptyanswer,emptyanswer,emptyanswer,emptyanswer,emptyanswer,emptyanswer
3P4ZBJFX2U2WFGVX673FN3PPJ0WWFL,369J354OFD97ML9GGB1VWDMAQ9VG6V,A3DTN2OMF6DUSI,Approved,Fri Mar 13 22:58:10 EDT 2015,Fri Mar 13 22:58:31 EDT 2015,Adapting,Asynchronous,Messaging,Middleware,Networking,emptyanswer,emptyanswer,emptyanswer,emptyanswer,emptyanswer,emptyanswer,emptyanswer,emptyanswer,emptyanswer,emptyanswer,emptyanswer
3P4ZBJFX2U2WFGVX673FN3PPJ0WWFL,3HYA4D452RIDQKUKIPJAOF5M9RR2F3,A610SH5RY1NG1,Approved,Sat Mar 14 06:39:24 EDT 2015,Sat Mar 14 06:39:45 EDT 2015,Asynchronous Messaging,ad-hoc Networking,asynchronous,communication,paradigm,emptyanswer,emptyanswer,emptyanswer,emptyanswer,emptyanswer,emptyanswer,emptyanswer,emptyanswer,emptyanswer,emptyanswer,emptyanswer
3P4ZBJFX2U2WFGVX673FN3PPJ0WWFL,3CFVK00FWLKN8DNHR2YB95RIMSUL6N,A8HUG07IE2R3,Approved,Sat Mar 14 08:56:17 EDT 2015,Sat Mar 14 09:00:25 EDT 2015,characteristics of mobile environments,asynchronous communication,Message oriented middleware for traditional systems,feasibility and suitability of the application of the asynchronous paradigm,outlining a research roadmap,emptyanswer,emptyanswer,emptyanswer,emptyanswer,emptyanswer,emptyanswer,emptyanswer,emptyanswer,emptyanswer,emptyanswer,emptyanswer
3P4ZBJFX2U2WFGVX673FN3PPJ0WWFL,3BGYGHDBBXJTPQI8UU434WBX0N8225,A2Z9HR2IBD75R9,Approved,Sat Mar 14 09:51:46 EDT 2015,Sat Mar 14 09:52:11 EDT 2015,Adapting,Asynchronous,Messaging,Middleware,Networking,emptyanswer,emptyanswer,emptyanswer,emptyanswer,emptyanswer,emptyanswer,emptyanswer,emptyanswer,emptyanswer,emptyanswer,emptyanswer
3P4ZBJFX2U2WFGVX673FN3PPJ0WWFL,3COPXFW7XBBKYDN4LYLJ055KSYGPKX,ANNZZ5JTTXD6O,Approved,Sat Mar 14 16:35:08 EDT 2015,Sat Mar 14 16:37:36 EDT 2015,"mobile environments, with the possibility of frequent disconnections and fluctuating bandwidth",the synchronous communication paradigms often employed in standard middleware do not appear to be particularly suited to ad hoc environments,"we present our experience in designing, implementing and evaluating EMMA (Epidemic Messaging Middleware for Ad hoc networks)","We discuss in detail the design challenges and some possible solutions,",Adapting Asynchronous Messaging Middleware to ad-hoc Networking,emptyanswer,emptyanswer,emptyanswer,emptyanswer,emptyanswer,emptyanswer,emptyanswer,emptyanswer,emptyanswer,emptyanswer,emptyanswer
3P4ZBJFX2U2WFGVX673FN3PPJ0WWFL,3137ONMDKG4BZ02VMTKT81EN7AYGE1,AH3ER3EJXHRO2,Approved,Sat Mar 14 17:14:43 EDT 2015,Sat Mar 14 17:15:20 EDT 2015,asynchronous messaging middleware,ad-hoc networking,mobile environments,communication paradigms,EMMA,emptyanswer,emptyanswer,emptyanswer,emptyanswer,emptyanswer,emptyanswer,emptyanswer,emptyanswer,emptyanswer,emptyanswer,emptyanswer
3P4ZBJFX2U2WFGVX673FN3PPJ0WWFL,3IOEN3P9S7IAI6JDYSGSPQI4ONT163,A1HDFKT3ZGK25P,Approved,Sat Mar 14 17:31:02 EDT 2015,Sat Mar 14 17:32:45 EDT 2015,Adapt,Asynchronous Messaging Middleware,ad-hoc Networking,fluctuating bandwidth,rethink,synchronous communication paradigms,asynchronous communication,Message oriented,EMMA (Epidemic Messaging Middleware for Ad hoc networks),Java Message Service (JMS),emptyanswer,emptyanswer,emptyanswer,emptyanswer,emptyanswer,emptyanswer
3P4ZBJFX2U2WFGVX673FN3PPJ0WWFL,3BWI6RSP7G8S67RUTQGZ2O1U87J7ET,AWFQ7OX0UPSM5,Approved,Sat Mar 14 18:47:25 EDT 2015,Sat Mar 14 18:51:11 EDT 2015,Asynchronous Messaging Middleware,ad-hoc Networking,mobile environments,frequent disconnections and fluctuating bandwidth,traditional middleware,emptyanswer,emptyanswer,emptyanswer,emptyanswer,emptyanswer,emptyanswer,emptyanswer,emptyanswer,emptyanswer,emptyanswer,emptyanswer
3P4ZBJFX2U2WFGVX673FN3PPJ0WWFL,3E47SOBEYQVAYTOCGQE13PR01CKICB,A1G94QON7A9K0N,Approved,Sat Mar 14 20:01:19 EDT 2015,Sat Mar 14 20:01:38 EDT 2015,mobile,bandwidth,middleware,emma,java,emptyanswer,emptyanswer,emptyanswer,emptyanswer,emptyanswer,emptyanswer,emptyanswer,emptyanswer,emptyanswer,emptyanswer,emptyanswer
3P4ZBJFX2U2WFGVX673FN3PPJ0WWFL,308XBLVESI34HNZPSDCF6XM96N7BR5,A29ZV4XJB7R1O,Approved,Sat Mar 14 20:37:18 EDT 2015,Sat Mar 14 20:47:29 EDT 2015,Adapting,Asynchronous,Messaging,Middleware,ad-hoc,emptyanswer,emptyanswer,emptyanswer,emptyanswer,emptyanswer,emptyanswer,emptyanswer,emptyanswer,emptyanswer,emptyanswer,emptyanswer
3P4ZBJFX2U2WFGVX673FN3PPJ0WWFL,36WLNQG78Z9F8JUK67SF7QNQRYPEB3,A2I4DDHMIT7HX,Approved,Sat Mar 14 22:04:52 EDT 2015,Sat Mar 14 22:06:05 EDT 2015,ad-hoc networking,mobile environments,middleware,asynchronous communication,ad hoc environments,distributed systems,mobile computing,Java Message Service,emptyanswer,emptyanswer,emptyanswer,emptyanswer,emptyanswer,emptyanswer,emptyanswer,emptyanswer
3P4ZBJFX2U2WFGVX673FN3PPJ0WWFL,3ZV9H2YQQD64MOCYCE7FBDWEAAH3WH,A9VLWY4KW6OCB,Approved,Sat Mar 14 22:05:36 EDT 2015,Sat Mar 14 22:17:04 EDT 2015,Adapting,Asynchronous,Messaging,Middleware,ad-hoc,emptyanswer,emptyanswer,emptyanswer,emptyanswer,emptyanswer,emptyanswer,emptyanswer,emptyanswer,emptyanswer,emptyanswer,emptyanswer
