HitId,AssignmentId,WorkerId,Status,AcceptTime,SubmitTime,Answer 1,Answer 2,Answer 3,Answer 4,Answer 5,Answer 6,Answer 7,Answer 8,Answer 9,Answer 10,Answer 11,Answer 12,Answer 13,Answer 14,Answer 15,Answer 16
3R868ACW4RB6NBWXSET44SJJ1H0GZU,3EICBYG644V6T48IY8Z1FQ60DW8CJP,A1W7BQWWGKJ3XF,Approved,Mon Mar 02 13:19:34 EST 2015,Mon Mar 02 13:26:37 EST 2015,Unlimited Supply Auctions,single-round,sealed-bid,optimal auction,competitive framework,limited-supply auction,competitive ratio,understanding,prices,n/a,n/a,n/a,n/a,n/a,n/a,n/a
3R868ACW4RB6NBWXSET44SJJ1H0GZU,39O5D9O87TRV8Q6TVN7EZJPBH0RC3K,A22R7DT2XQIKXV,Approved,Mon Mar 02 15:11:30 EST 2015,Mon Mar 02 15:11:39 EST 2015,aa,aa,aa,aa,aa,emptyanswer,emptyanswer,emptyanswer,emptyanswer,emptyanswer,emptyanswer,emptyanswer,emptyanswer,emptyanswer,emptyanswer,emptyanswer
3R868ACW4RB6NBWXSET44SJJ1H0GZU,3TUI152ZZBM3SO2XD1UQVVZVNVF1QN,A28O0LXEATB5XE,Approved,Mon Mar 02 15:44:42 EST 2015,Mon Mar 02 15:47:07 EST 2015,Optimal Limited Auctions,Unlimited Supply Auctions,competitive framework,single-price sale,competitive ratio,emptyanswer,emptyanswer,emptyanswer,emptyanswer,emptyanswer,emptyanswer,emptyanswer,emptyanswer,emptyanswer,emptyanswer,emptyanswer
3R868ACW4RB6NBWXSET44SJJ1H0GZU,3R8YZBNQ9HHH3AHZ2HBZW5Q8QHN7QY,A3FG9YWTFFK1AU,Approved,Mon Mar 02 18:59:49 EST 2015,Mon Mar 02 19:20:22 EST 2015,Optimal Limited,Unlimited Supply,Auctions,competitive framework,optimal competitive auction,emptyanswer,emptyanswer,emptyanswer,emptyanswer,emptyanswer,emptyanswer,emptyanswer,emptyanswer,emptyanswer,emptyanswer,emptyanswer
3R868ACW4RB6NBWXSET44SJJ1H0GZU,3ATPCQ38J898VE6J0U4DJIV0QYJYAS,A26M2B8NZVKWTZ,Approved,Mon Mar 02 21:04:53 EST 2015,Mon Mar 02 21:06:40 EST 2015,auction,supply,competitive,bidders,supply,emptyanswer,emptyanswer,emptyanswer,emptyanswer,emptyanswer,emptyanswer,emptyanswer,emptyanswer,emptyanswer,emptyanswer,emptyanswer
3R868ACW4RB6NBWXSET44SJJ1H0GZU,3KJYX6QCM9A2SDEIPPU65IUPY4EJVN,A2A4LHPXF2E2GS,Approved,Mon Mar 02 22:06:30 EST 2015,Mon Mar 02 22:15:52 EST 2015,Optimal Limited To Unlimited Supply Auctions,sealed-bid auctions of one unit,optimal single-price sale of least two items,optimal auction for three items,auction independent of competitive framework used,auction with a competitive ratio of 3.25,offers prices higher than bid values,emptyanswer,emptyanswer,emptyanswer,emptyanswer,emptyanswer,emptyanswer,emptyanswer,emptyanswer,emptyanswer
3R868ACW4RB6NBWXSET44SJJ1H0GZU,32SVAV9L3F87FB9VB9BNTOZNHXSA32,A2R085B34P2LYS,Approved,Mon Mar 02 22:39:35 EST 2015,Mon Mar 02 22:45:52 EST 2015,Optimal,Limited,Unlimited,Supply,Auctions,optional,optional,optional,optional,optional,optional,optional,optional,optional,optional,optional
3R868ACW4RB6NBWXSET44SJJ1H0GZU,3PQMUDRV7R51BWAC80ANESPVDNZIIJ,AXJJYIFR3JVRJ,Approved,Tue Mar 03 00:54:25 EST 2015,Tue Mar 03 00:56:35 EST 2015,supply auctions,optimal auction,single-round,sealed-bid,schema,competitive ratio,emptyanswer,emptyanswer,emptyanswer,emptyanswer,emptyanswer,emptyanswer,emptyanswer,emptyanswer,emptyanswer,emptyanswer
3R868ACW4RB6NBWXSET44SJJ1H0GZU,3PMBY0YE272HNSV9CW8OQWSXHT5C97,A1B5NXRZQYRC4R,Approved,Tue Mar 03 06:25:37 EST 2015,Tue Mar 03 06:26:32 EST 2015,Optimal Limited,Unlimited,Supply,Auctions,desire,emptyanswer,emptyanswer,emptyanswer,emptyanswer,emptyanswer,emptyanswer,emptyanswer,emptyanswer,emptyanswer,emptyanswer,emptyanswer
3R868ACW4RB6NBWXSET44SJJ1H0GZU,3300DTYQT2G2CPW9PPP52FIPC5RQE5,A3ODG942FG22PJ,Approved,Tue Mar 03 08:50:27 EST 2015,Tue Mar 03 08:50:45 EST 2015,Optimal,Unlimited,Supply,Auctions,sealed-bid,na,na,na,na,na,na,na,na,na,na,na
3R868ACW4RB6NBWXSET44SJJ1H0GZU,3ND9UOO81K1L2S2NIKBF7ZQV93DLWV,A27I79P03I0ZPO,Approved,Tue Mar 03 10:02:17 EST 2015,Tue Mar 03 10:03:41 EST 2015,Supply,Auctions,Optimal,investigate,prices,emptyanswer,emptyanswer,emptyanswer,emptyanswer,emptyanswer,emptyanswer,emptyanswer,emptyanswer,emptyanswer,emptyanswer,emptyanswer
3R868ACW4RB6NBWXSET44SJJ1H0GZU,3S06PH7KSR393FYS8FO6VWSW4IHD1P,A9LA6QK6VCERR,Approved,Wed Mar 04 01:12:00 EST 2015,Wed Mar 04 01:14:09 EST 2015,Unlimited Supply Auctions,profit of an auction,optimal single-price sale,schema,converting a given limited-supply auction into an unlimited supply auction,optimal competitive auction,emptyanswer,emptyanswer,emptyanswer,emptyanswer,emptyanswer,emptyanswer,emptyanswer,emptyanswer,emptyanswer,emptyanswer
3R868ACW4RB6NBWXSET44SJJ1H0GZU,3A4NIXBJ76YPXG89EI5SY1O4B37LMG,A3FFZN4FO3Q789,Approved,Wed Mar 04 11:06:02 EST 2015,Wed Mar 04 11:09:07 EST 2015,replicate,replicate,replicate,replicate,replicate,emptyanswer,emptyanswer,emptyanswer,emptyanswer,emptyanswer,emptyanswer,emptyanswer,emptyanswer,emptyanswer,emptyanswer,emptyanswer
3R868ACW4RB6NBWXSET44SJJ1H0GZU,3A1COHJ8NJU8QVNFTWGB1RU2AHE8HD,A17JEL4FN1B9TB,Approved,Wed Mar 04 12:10:54 EST 2015,Wed Mar 04 12:11:31 EST 2015,Optimal,Limited,Unlimited,Supply,Auctions,emptyanswer,emptyanswer,emptyanswer,emptyanswer,emptyanswer,emptyanswer,emptyanswer,emptyanswer,emptyanswer,emptyanswer,emptyanswer
3R868ACW4RB6NBWXSET44SJJ1H0GZU,3RRCEFRB7MBXGHXRH1G2Y4BZDIE4BN,A3H35QRODK1C4K,Approved,Wed Mar 04 12:36:10 EST 2015,Wed Mar 04 12:36:31 EST 2015,optimal,limited,unlimited,supplyauctions,prices,emptyanswer,emptyanswer,emptyanswer,emptyanswer,emptyanswer,emptyanswer,emptyanswer,emptyanswer,emptyanswer,emptyanswer,emptyanswer
3R868ACW4RB6NBWXSET44SJJ1H0GZU,3COPXFW7XBBKYDN4LYLJ055KR9WPKY,A2F6ZON8X5EAGL,Approved,Wed Mar 04 16:03:35 EST 2015,Wed Mar 04 16:04:07 EST 2015,From Optimal Limited To Unlimited Supply Auctions,investigate,indentical,auction,values,emptyanswer,emptyanswer,emptyanswer,emptyanswer,emptyanswer,emptyanswer,emptyanswer,emptyanswer,emptyanswer,emptyanswer,emptyanswer
3R868ACW4RB6NBWXSET44SJJ1H0GZU,3NC5L260MOLRXRJP5NH7VS8P98NOFI,A3LUJSAN4DQ1ZT,Approved,Wed Mar 04 17:19:10 EST 2015,Wed Mar 04 17:20:12 EST 2015,Supply auctions,Single-round,Framework,Single-bid,Limited-supply,emptyanswer,emptyanswer,emptyanswer,emptyanswer,emptyanswer,emptyanswer,emptyanswer,emptyanswer,emptyanswer,emptyanswer,emptyanswer
3R868ACW4RB6NBWXSET44SJJ1H0GZU,3DUZQ9U6SMNVRGX8CJ3KXJLCURLSVE,A3OTLWGJFB65KD,Approved,Wed Mar 04 19:22:44 EST 2015,Wed Mar 04 19:22:51 EST 2015,nothing,nothing,nothing,nothing,nothing,emptyanswer,emptyanswer,emptyanswer,emptyanswer,emptyanswer,emptyanswer,emptyanswer,emptyanswer,emptyanswer,emptyanswer,emptyanswer
3R868ACW4RB6NBWXSET44SJJ1H0GZU,323Q6SJS8IFH5AX21AMHBJBOXNKHF0,A1YLO4LT02D2F0,Approved,Thu Mar 05 02:31:52 EST 2015,Thu Mar 05 02:32:32 EST 2015,investigate the class of single-round,"In this paper, we first derive an optimal auction",We adopt the worst-case competitive framework,compares the profit,we propose a schema for converting a given limited-supply auction,emptyanswer,emptyanswer,emptyanswer,emptyanswer,emptyanswer,emptyanswer,emptyanswer,emptyanswer,emptyanswer,emptyanswer,emptyanswer
3R868ACW4RB6NBWXSET44SJJ1H0GZU,39N5ACM9HEM0HH4DH1UUAWR4GHEP92,A3I10J1GPDAPQR,Approved,Thu Mar 05 05:43:27 EST 2015,Thu Mar 05 05:46:03 EST 2015,Optimal Limited,Unlimited Supply Auctions,sealed-bid auctions,optimal competitive auction,bid values,emptyanswer,emptyanswer,emptyanswer,emptyanswer,emptyanswer,emptyanswer,emptyanswer,emptyanswer,emptyanswer,emptyanswer,emptyanswer
3R868ACW4RB6NBWXSET44SJJ1H0GZU,3K4J6M3CXES89NLJ6OI7CIOWL8JGAE,A3S81UFDOWF2ST,Approved,Thu Mar 05 07:49:44 EST 2015,Thu Mar 05 07:50:44 EST 2015,Optimal Limited Auctions,Unlimited Supply Auctions,sealed-bid auctions,Single round Auctions,higher than all bid values,emptyanswer,emptyanswer,emptyanswer,emptyanswer,emptyanswer,emptyanswer,emptyanswer,emptyanswer,emptyanswer,emptyanswer,emptyanswer
3R868ACW4RB6NBWXSET44SJJ1H0GZU,3SNVL38CI4R14OE0GTZDG56DSSQKCS,A2YW509B0UMSEH,Approved,Thu Mar 05 09:38:53 EST 2015,Thu Mar 05 09:39:56 EST 2015,Auction,bid,compare,price,sale,emptyanswer,emptyanswer,emptyanswer,emptyanswer,emptyanswer,emptyanswer,emptyanswer,emptyanswer,emptyanswer,emptyanswer,emptyanswer
3R868ACW4RB6NBWXSET44SJJ1H0GZU,3L2IS5HSFAHYYOG3ZXCT239NTN9UNO,A1QUDNLO95AKS5,Approved,Thu Mar 05 12:14:09 EST 2015,Thu Mar 05 12:14:38 EST 2015,Optimal Limited,Unlimited Supply Auctions,bid values,competitive ratio,framework,emptyanswer,emptyanswer,emptyanswer,emptyanswer,emptyanswer,emptyanswer,emptyanswer,emptyanswer,emptyanswer,emptyanswer,emptyanswer
3R868ACW4RB6NBWXSET44SJJ1H0GZU,3GS6S824SQWBQS58UXRUKRUKE46WND,A2SDTL2V8VJ25O,Approved,Thu Mar 05 15:56:31 EST 2015,Thu Mar 05 15:57:33 EST 2015,Optimal,Limited,Unlimited,investigate,auction,emptyanswer,emptyanswer,emptyanswer,emptyanswer,emptyanswer,emptyanswer,emptyanswer,emptyanswer,emptyanswer,emptyanswer,emptyanswer
3R868ACW4RB6NBWXSET44SJJ1H0GZU,36NEMU28XFC58AK8IWCU7C5K9E0MW7,ADUJUZANFOWKW,Approved,Thu Mar 05 16:46:18 EST 2015,Thu Mar 05 16:47:04 EST 2015,auction,bidders,framework,profit,competition,emptyanswer,emptyanswer,emptyanswer,emptyanswer,emptyanswer,emptyanswer,emptyanswer,emptyanswer,emptyanswer,emptyanswer,emptyanswer
3R868ACW4RB6NBWXSET44SJJ1H0GZU,3QAVNHZ3EM3OVFZKHFFNPAT4HRMALZ,A3DHYTZ1GPN0T8,Approved,Thu Mar 05 21:41:33 EST 2015,Thu Mar 05 21:42:02 EST 2015,investigate,single-price sale,independent,auction,understanding,emptyanswer,emptyanswer,emptyanswer,emptyanswer,emptyanswer,emptyanswer,emptyanswer,emptyanswer,emptyanswer,emptyanswer,emptyanswer
3R868ACW4RB6NBWXSET44SJJ1H0GZU,31N2WW6R9RP2B2Q3MPXF7PAEEOW3FL,ADVZAZ12Z8N9J,Approved,Fri Mar 06 08:16:49 EST 2015,Fri Mar 06 08:22:31 EST 2015,"We investigate the class of single-round, sealed-bid auctions for a set of identical items to bidders who each desire one unit.","We adopt the worst-case competitive framework defined by [9, 5] that compares the profit of an auction to that of an optimal single-price sale of least two items.","In this paper, we first derive an optimal auction for three items, answering an open question from [8]. Second, we show that the form of this auction is independent of the competitive framework used.","Third, we propose a schema for converting a given limited-supply auction into an unlimited supply auction.","Applying this technique to our optimal auction for three items, we achieve an auction with a competitive ratio of 3.25, which improves upon the previously best-known competitive ratio of 3.39 from [7].",emptyanswer,emptyanswer,emptyanswer,emptyanswer,emptyanswer,emptyanswer,emptyanswer,emptyanswer,emptyanswer,emptyanswer,emptyanswer
3R868ACW4RB6NBWXSET44SJJ1H0GZU,3X3OR7WPZZZACR65KHV9TJN9R7WL8O,AQXSUU4I4DAH8,Approved,Fri Mar 06 11:33:24 EST 2015,Fri Mar 06 11:35:40 EST 2015,ratio of 3.25,investigate the class of single-round,Optimal Limited To Unlimited Supply Auctions,set of identical items,open question,emptyanswer,emptyanswer,emptyanswer,emptyanswer,emptyanswer,emptyanswer,emptyanswer,emptyanswer,emptyanswer,emptyanswer,emptyanswer
3R868ACW4RB6NBWXSET44SJJ1H0GZU,31Q0U3WYDPETM6XIH2LKV4I0IJT17N,A2KELEVTA0306Y,Approved,Sat Mar 07 04:53:51 EST 2015,Sat Mar 07 04:56:52 EST 2015,investigate,class,single-round,sealed-bid,auctions,identical,items,bidders,desire,unit,adopt,worst-case,competitive,framework,defined,compares
3R868ACW4RB6NBWXSET44SJJ1H0GZU,3N2BF7Y2VQTNBKPJNXQU69VXUXWMHU,A3K6BSW10S4YKJ,Approved,Sat Mar 07 11:12:59 EST 2015,Sat Mar 07 11:15:04 EST 2015,"single-round, sealed-bid auctions","adopt the worst-case competitive framework defined by [9, 5]",optimal single-price sale of least two items,independent of the competitive framework used,proposed a schema,achieve an auction with a competitive ratio of 3.25,emptyanswer,emptyanswer,emptyanswer,emptyanswer,emptyanswer,emptyanswer,emptyanswer,emptyanswer,emptyanswer,emptyanswer
3R868ACW4RB6NBWXSET44SJJ1H0GZU,3Z4AIRP3C6CN1L39ZFPIP3VOKCP1XZ,A2GBY8O6GYSB89,Approved,Sat Mar 07 12:22:10 EST 2015,Sat Mar 07 12:24:52 EST 2015,Unlimited Supply Auctions,"single-round, sealed-bid auctions",converting a given limited-supply auction,unlimited supply auction,a competitive ratio,emptyanswer,emptyanswer,emptyanswer,emptyanswer,emptyanswer,emptyanswer,emptyanswer,emptyanswer,emptyanswer,emptyanswer,emptyanswer
3R868ACW4RB6NBWXSET44SJJ1H0GZU,31HQ4X3T3S9SVBLEYF1EAANA33USLQ,A37WDQ1VG5XN6Z,Approved,Sat Mar 07 13:40:06 EST 2015,Sat Mar 07 13:40:13 EST 2015,nothing,nothing,nothing,nothing,nothing,emptyanswer,emptyanswer,emptyanswer,emptyanswer,emptyanswer,emptyanswer,emptyanswer,emptyanswer,emptyanswer,emptyanswer,emptyanswer
3R868ACW4RB6NBWXSET44SJJ1H0GZU,3VE8AYVF8MWOCZW9Y6SBY6IPUD5F8C,A9HQ3E0F2AGVO,Approved,Sat Mar 07 15:43:18 EST 2015,Sat Mar 07 15:44:05 EST 2015,single-round,sealed-bid auctions,identical items,worst-case competitive framework,optimal single-price sale,emptyanswer,emptyanswer,emptyanswer,emptyanswer,emptyanswer,emptyanswer,emptyanswer,emptyanswer,emptyanswer,emptyanswer,emptyanswer
3R868ACW4RB6NBWXSET44SJJ1H0GZU,3SEPORI8WNY804GOWG6WXP42W74AZ6,A38IE69ORDCEGY,Approved,Sat Mar 07 17:58:23 EST 2015,Sat Mar 07 18:00:47 EST 2015,unlimited supply auction,limited supply auction,competitive ratio,auction optimization,sealed-bid auction,emptyanswer,emptyanswer,emptyanswer,emptyanswer,emptyanswer,emptyanswer,emptyanswer,emptyanswer,emptyanswer,emptyanswer,emptyanswer
3R868ACW4RB6NBWXSET44SJJ1H0GZU,39KFRKBFINUXXI0KAD9VKDF5FU3YO1,A3G4SXD4N30C3L,Approved,Sat Mar 07 18:08:09 EST 2015,Sat Mar 07 18:08:45 EST 2015,Optimal Limited,Unlimited Supply Auctions,single-round,sealed-bid auctions,worst-case competitive framework,optimal single-price sale,emptyanswer,emptyanswer,emptyanswer,emptyanswer,emptyanswer,emptyanswer,emptyanswer,emptyanswer,emptyanswer,emptyanswer
3R868ACW4RB6NBWXSET44SJJ1H0GZU,3MRNMEIQW55MTM2W1P6PFB1A21CLDJ,ANB69EQROUTQJ,Approved,Sat Mar 07 21:34:07 EST 2015,Sat Mar 07 21:38:29 EST 2015,limited supply auctions,unlimited supply auctions,optimal auction,competitive framework,competitive ratio,profit of an auction,single-price sale,emptyanswer,emptyanswer,emptyanswer,emptyanswer,emptyanswer,emptyanswer,emptyanswer,emptyanswer,emptyanswer
3R868ACW4RB6NBWXSET44SJJ1H0GZU,3PS7W85Z8Z1Y99XKYI3EF6S15U7T93,A1JWEYGDFDB100,Approved,Sun Mar 08 07:21:19 EDT 2015,Sun Mar 08 07:22:16 EDT 2015,optimal,limited,auction,same product,sealed bids,competitive rounds,emptyanswer,emptyanswer,emptyanswer,emptyanswer,emptyanswer,emptyanswer,emptyanswer,emptyanswer,emptyanswer,emptyanswer
3R868ACW4RB6NBWXSET44SJJ1H0GZU,3ATTHHXXWANY1RZ77MAOH2CA1GVIX7,A16MCPIUMNIDW,Approved,Sun Mar 08 15:52:07 EDT 2015,Sun Mar 08 15:53:22 EDT 2015,auction,single-round,sealed-bid,optimal auction,3.39,3.25,competitive ratio,emptyanswer,emptyanswer,emptyanswer,emptyanswer,emptyanswer,emptyanswer,emptyanswer,emptyanswer,emptyanswer
3R868ACW4RB6NBWXSET44SJJ1H0GZU,3570Y55XZPI955JMMUWNF463OAJYGP,A156NFBMKKLDL9,Approved,Sun Mar 08 22:04:43 EDT 2015,Sun Mar 08 22:05:07 EDT 2015,Optimal Limited,Unlimited Supply Auctions,independent of the competitive framework,limited-supply auction,competitive ratio,emptyanswer,emptyanswer,emptyanswer,emptyanswer,emptyanswer,emptyanswer,emptyanswer,emptyanswer,emptyanswer,emptyanswer,emptyanswer
3R868ACW4RB6NBWXSET44SJJ1H0GZU,3483FV8BEEIH7R19HWG6U9S9FIH268,A2SZAM3EZER2PH,Approved,Mon Mar 09 07:31:51 EDT 2015,Mon Mar 09 07:33:42 EDT 2015,We investigate the class,We adopt the worst-case,the competitive framework,the nature of the optimal,occasionally offers prices,emptyanswer,emptyanswer,emptyanswer,emptyanswer,emptyanswer,emptyanswer,emptyanswer,emptyanswer,emptyanswer,emptyanswer,emptyanswer
3R868ACW4RB6NBWXSET44SJJ1H0GZU,3X3OR7WPZZZACR65KHV9TJN9RDD8L4,A2E2IQ99W6B7AV,Approved,Mon Mar 09 14:44:53 EDT 2015,Mon Mar 09 14:46:19 EDT 2015,Supply auctions,Sealed bidding,Worst-case frameworking,Optimization,Item supplying,emptyanswer,emptyanswer,emptyanswer,emptyanswer,emptyanswer,emptyanswer,emptyanswer,emptyanswer,emptyanswer,emptyanswer,emptyanswer
3R868ACW4RB6NBWXSET44SJJ1H0GZU,3IX2EGZR7BIAZ6X1G5PW4L5MDG0RJ1,ACYGMRGAZ22U7,Approved,Mon Mar 09 17:47:46 EDT 2015,Mon Mar 09 17:47:52 EDT 2015,Keyword/Keyphrase 1:,Keyword/Keyphrase 1:,Keyword/Keyphrase 1:,Keyword/Keyphrase 1:,Keyword/Keyphrase 1:,emptyanswer,emptyanswer,emptyanswer,emptyanswer,emptyanswer,emptyanswer,emptyanswer,emptyanswer,emptyanswer,emptyanswer,emptyanswer
3R868ACW4RB6NBWXSET44SJJ1H0GZU,3OWEPKL089BW0D47MPJISBV3LPIN7B,APEB5ERGCYP6D,Approved,Tue Mar 10 03:01:11 EDT 2015,Tue Mar 10 03:05:00 EDT 2015,investigate the class of single-round,sealed-bid auctions for a set of identical items,the worst-case competitive framework,compares the profit of an auction,extend our understanding of the nature of the optimal competitive auction,emptyanswer,emptyanswer,emptyanswer,emptyanswer,emptyanswer,emptyanswer,emptyanswer,emptyanswer,emptyanswer,emptyanswer,emptyanswer
3R868ACW4RB6NBWXSET44SJJ1H0GZU,3UJ1CZ6IZHOETMIT6SL7TLRDHJM5SJ,AW36CVMS3526O,Approved,Tue Mar 10 13:51:51 EDT 2015,Tue Mar 10 13:53:36 EDT 2015,Supply,bidders,framework,Applying,values,emptyanswer,emptyanswer,emptyanswer,emptyanswer,emptyanswer,emptyanswer,emptyanswer,emptyanswer,emptyanswer,emptyanswer,emptyanswer
3R868ACW4RB6NBWXSET44SJJ1H0GZU,3GA6AFUKOONMPYH9HFLFAAMRUDBH3J,A3UY2GVCKC8LSL,Approved,Wed Mar 11 00:08:29 EDT 2015,Wed Mar 11 00:09:06 EDT 2015,bid values,competitive ratio of 3.39,ratio of 3.25,Unlimited Supply Auctions,Optimal Limited,emptyanswer,emptyanswer,emptyanswer,emptyanswer,emptyanswer,emptyanswer,emptyanswer,emptyanswer,emptyanswer,emptyanswer,emptyanswer
3R868ACW4RB6NBWXSET44SJJ1H0GZU,3UXUOQ9OKEWPGUAIDLED65B3MKL7AH,ATRHDYWCIYTDJ,Approved,Wed Mar 11 05:02:07 EDT 2015,Wed Mar 11 05:02:24 EDT 2015,identical,unit,higher,prices,values,emptyanswer,emptyanswer,emptyanswer,emptyanswer,emptyanswer,emptyanswer,emptyanswer,emptyanswer,emptyanswer,emptyanswer,emptyanswer
3R868ACW4RB6NBWXSET44SJJ1H0GZU,30IQTZXKAK5NUWIR3WLIBYCEFST0XL,A3CMDYA9USA3MR,Approved,Wed Mar 11 07:42:30 EDT 2015,Wed Mar 11 07:42:43 EDT 2015,investigate,auctions,bidders,values,prices,emptyanswer,emptyanswer,emptyanswer,emptyanswer,emptyanswer,emptyanswer,emptyanswer,emptyanswer,emptyanswer,emptyanswer,emptyanswer
3R868ACW4RB6NBWXSET44SJJ1H0GZU,3ND9UOO81K1L2S2NIKBF7ZQV9O0WLZ,AL9R6CILUG30X,Approved,Wed Mar 11 10:22:23 EDT 2015,Wed Mar 11 10:26:08 EDT 2015,Single-round auctions,Sealed-bid auctions,Auctions,Competitive framework,Bidders,single-price sale,Converting a limited - supply auction,Unlimited supply auction,emptyanswer,emptyanswer,emptyanswer,emptyanswer,emptyanswer,emptyanswer,emptyanswer,emptyanswer
3R868ACW4RB6NBWXSET44SJJ1H0GZU,3TR2532VIPTHDNZHOHMYTQEQHXDJ6U,A28IXE702NXWKQ,Approved,Wed Mar 11 15:03:18 EDT 2015,Wed Mar 11 15:04:43 EDT 2015,investigate the class of single-round,sealed-bid auctions for a set of identical,We adopt the worst-case competitive framework defined,we achieve an auction with a competitive ratio of 3.25,best-known competitive ratio of 3.39 from,emptyanswer,emptyanswer,emptyanswer,emptyanswer,emptyanswer,emptyanswer,emptyanswer,emptyanswer,emptyanswer,emptyanswer,emptyanswer
3R868ACW4RB6NBWXSET44SJJ1H0GZU,3MB8LZR5BFSU7S86T6SCJOW0NINLKR,A2UNRV6PEOEXG0,Approved,Thu Mar 12 00:17:25 EDT 2015,Thu Mar 12 00:18:41 EDT 2015,Unlimited supply auction,limited supply auctions,optimal auction,auction,bidders,emptyanswer,emptyanswer,emptyanswer,emptyanswer,emptyanswer,emptyanswer,emptyanswer,emptyanswer,emptyanswer,emptyanswer,emptyanswer
3R868ACW4RB6NBWXSET44SJJ1H0GZU,36DSNE9QZ5X72T5LOD8SAQ0H3YKJOZ,A3HPVFAF1U9WXK,Approved,Thu Mar 12 09:55:27 EDT 2015,Thu Mar 12 09:56:10 EDT 2015,bidders,worst-case competitive framework,auction,optimal,schema,emptyanswer,emptyanswer,emptyanswer,emptyanswer,emptyanswer,emptyanswer,emptyanswer,emptyanswer,emptyanswer,emptyanswer,emptyanswer
3R868ACW4RB6NBWXSET44SJJ1H0GZU,34FNN24DCM8BP8U25YDWB7FEZ7PY54,A2KS418T8MPLJH,Approved,Thu Mar 12 11:11:06 EDT 2015,Thu Mar 12 11:13:12 EDT 2015,From Optimal Limited To Unlimited Supply Auctions,"We investigate the class of single-round, sealed-bid auctions for a set of identical items to bidders who each desire one unit","In this paper, we first derive an optimal auction for three items, answering an open question","Second, we show that the form of this auction is independent of the competitive framework used",we generalize a result from [8] and extend our understanding of the nature of the optimal competitive auction by showing that the optimal competitive auction occasionally,emptyanswer,emptyanswer,emptyanswer,emptyanswer,emptyanswer,emptyanswer,emptyanswer,emptyanswer,emptyanswer,emptyanswer,emptyanswer
3R868ACW4RB6NBWXSET44SJJ1H0GZU,3R9WASFE2ZF3WVXW7WSOBQFTUV9ZFH,AM1HY736BY3Z8,Approved,Thu Mar 12 11:56:06 EDT 2015,Thu Mar 12 11:57:12 EDT 2015,From Optimal Limited To Unlimited Supply Auctions,"We investigate the class of single-round, sealed-bid auctions for a set of identical items to bidders who each desire one unit.","we first derive an optimal auction for three items, answering an open question from [8].",we show that the form of this auction is independent of the competitive framework used.,we propose a schema for converting a given limited-supply auction into an unlimited supply auction.,emptyanswer,emptyanswer,emptyanswer,emptyanswer,emptyanswer,emptyanswer,emptyanswer,emptyanswer,emptyanswer,emptyanswer,emptyanswer
3R868ACW4RB6NBWXSET44SJJ1H0GZU,3VA45EW49NM07CPHYO2M6Q4V9IS1ON,AU3WQKISBW5MZ,Approved,Thu Mar 12 14:32:10 EDT 2015,Thu Mar 12 14:32:30 EDT 2015,"We investigate the class of single-round, sealed-bid auctions for a set of identical items to bidders who each desire one unit. We adopt the worst-case competitive framework defined by [9, 5] that compares the profit of an auction to that of an optimal single-price sale of least two items. In this paper, we first derive an optimal auction for three items, answering an open question from [8]. Second, we show that the form of this auction is independent of the competitive framework used. Third, we propose a schema for converting a given limited-supply auction into an unlimited supply auction. Applying this technique to our optimal auction for three items, we achieve an auction with a competitive ratio of 3.25, which improves upon the previously best-known competitive ratio of 3.39 from [7]. Finally, we generalize a result from [8] and extend our understanding of the nature of the optimal competitive auction by showing that the optimal competitive auction occasionally offers prices that are higher than all bid values.","We investigate the class of single-round, sealed-bid auctions for a set of identical items to bidders who each desire one unit. We adopt the worst-case competitive framework defined by [9, 5] that compares the profit of an auction to that of an optimal single-price sale of least two items. In this paper, we first derive an optimal auction for three items, answering an open question from [8]. Second, we show that the form of this auction is independent of the competitive framework used. Third, we propose a schema for converting a given limited-supply auction into an unlimited supply auction. Applying this technique to our optimal auction for three items, we achieve an auction with a competitive ratio of 3.25, which improves upon the previously best-known competitive ratio of 3.39 from [7]. Finally, we generalize a result from [8] and extend our understanding of the nature of the optimal competitive auction by showing that the optimal competitive auction occasionally offers prices that are higher than all bid values.","We investigate the class of single-round, sealed-bid auctions for a set of identical items to bidders who each desire one unit. We adopt the worst-case competitive framework defined by [9, 5] that compares the profit of an auction to that of an optimal single-price sale of least two items. In this paper, we first derive an optimal auction for three items, answering an open question from [8]. Second, we show that the form of this auction is independent of the competitive framework used. Third, we propose a schema for converting a given limited-supply auction into an unlimited supply auction. Applying this technique to our optimal auction for three items, we achieve an auction with a competitive ratio of 3.25, which improves upon the previously best-known competitive ratio of 3.39 from [7]. Finally, we generalize a result from [8] and extend our understanding of the nature of the optimal competitive auction by showing that the optimal competitive auction occasionally offers prices that are higher than all bid values.","We investigate the class of single-round, sealed-bid auctions for a set of identical items to bidders who each desire one unit. We adopt the worst-case competitive framework defined by [9, 5] that compares the profit of an auction to that of an optimal single-price sale of least two items. In this paper, we first derive an optimal auction for three items, answering an open question from [8]. Second, we show that the form of this auction is independent of the competitive framework used. Third, we propose a schema for converting a given limited-supply auction into an unlimited supply auction. Applying this technique to our optimal auction for three items, we achieve an auction with a competitive ratio of 3.25, which improves upon the previously best-known competitive ratio of 3.39 from [7]. Finally, we generalize a result from [8] and extend our understanding of the nature of the optimal competitive auction by showing that the optimal competitive auction occasionally offers prices that are higher than all bid values.","We investigate the class of single-round, sealed-bid auctions for a set of identical items to bidders who each desire one unit. We adopt the worst-case competitive framework defined by [9, 5] that compares the profit of an auction to that of an optimal single-price sale of least two items. In this paper, we first derive an optimal auction for three items, answering an open question from [8]. Second, we show that the form of this auction is independent of the competitive framework used. Third, we propose a schema for converting a given limited-supply auction into an unlimited supply auction. Applying this technique to our optimal auction for three items, we achieve an auction with a competitive ratio of 3.25, which improves upon the previously best-known competitive ratio of 3.39 from [7]. Finally, we generalize a result from [8] and extend our understanding of the nature of the optimal competitive auction by showing that the optimal competitive auction occasionally offers prices that are higher than all bid values.",emptyanswer,emptyanswer,emptyanswer,emptyanswer,emptyanswer,emptyanswer,emptyanswer,emptyanswer,emptyanswer,emptyanswer,emptyanswer
3R868ACW4RB6NBWXSET44SJJ1H0GZU,3ERMJ6L4DYRQIVJ7AO4IFW63H6W7MY,A3DTN2OMF6DUSI,Approved,Fri Mar 13 23:23:43 EDT 2015,Fri Mar 13 23:23:54 EDT 2015,model,model,model,model,model,emptyanswer,emptyanswer,emptyanswer,emptyanswer,emptyanswer,emptyanswer,emptyanswer,emptyanswer,emptyanswer,emptyanswer,emptyanswer
3R868ACW4RB6NBWXSET44SJJ1H0GZU,32Z9ZLUT1LJBBNAV0D57YDK2QBTHOF,A610SH5RY1NG1,Approved,Sat Mar 14 06:11:08 EDT 2015,Sat Mar 14 06:11:33 EDT 2015,unlimited supply,auctions,optimal,framework,ratio,emptyanswer,emptyanswer,emptyanswer,emptyanswer,emptyanswer,emptyanswer,emptyanswer,emptyanswer,emptyanswer,emptyanswer,emptyanswer
3R868ACW4RB6NBWXSET44SJJ1H0GZU,3RJSC4XJ10TESDYHXQ2NJFLUNZF50P,A2Z9HR2IBD75R9,Approved,Sat Mar 14 09:52:51 EDT 2015,Sat Mar 14 09:53:10 EDT 2015,Optimal,Limited,Unlimited,Auctions,competitive,emptyanswer,emptyanswer,emptyanswer,emptyanswer,emptyanswer,emptyanswer,emptyanswer,emptyanswer,emptyanswer,emptyanswer,emptyanswer
3R868ACW4RB6NBWXSET44SJJ1H0GZU,39JEC7537U0FKZ8CFXDKIEHU9D8VCB,AH3ER3EJXHRO2,Approved,Sat Mar 14 16:42:48 EDT 2015,Sat Mar 14 16:43:13 EDT 2015,optimal,limited,unlimited,supply auctions,bidders,emptyanswer,emptyanswer,emptyanswer,emptyanswer,emptyanswer,emptyanswer,emptyanswer,emptyanswer,emptyanswer,emptyanswer,emptyanswer
3R868ACW4RB6NBWXSET44SJJ1H0GZU,33IZTU6J810NV523CY42L4IXBR5XSD,A1GK9ZI7T30X9Z,Approved,Sat Mar 14 17:58:27 EDT 2015,Sat Mar 14 18:00:15 EDT 2015,auctions,sealed-bid auctions,single-round,competitive framework,profit,unlimited supply auction,emptyanswer,emptyanswer,emptyanswer,emptyanswer,emptyanswer,emptyanswer,emptyanswer,emptyanswer,emptyanswer,emptyanswer
3R868ACW4RB6NBWXSET44SJJ1H0GZU,3DL65MZB8DEYIOMQK7OAIAT89JECEX,A1G94QON7A9K0N,Approved,Sat Mar 14 20:05:54 EDT 2015,Sat Mar 14 20:06:18 EDT 2015,auction,bidders,schema,supply,ratio,emptyanswer,emptyanswer,emptyanswer,emptyanswer,emptyanswer,emptyanswer,emptyanswer,emptyanswer,emptyanswer,emptyanswer,emptyanswer
3R868ACW4RB6NBWXSET44SJJ1H0GZU,358UUM7WRZ2HFBWZFW0Z1V0DNXF7RE,A1BV5YY1UQCMZY,Approved,Sat Mar 14 20:24:48 EDT 2015,Sat Mar 14 20:25:46 EDT 2015,optimal limited,unilimited supply actions,optimal auction,competitive ratio,bid values,competitive framework,schema,emptyanswer,emptyanswer,emptyanswer,emptyanswer,emptyanswer,emptyanswer,emptyanswer,emptyanswer,emptyanswer
3R868ACW4RB6NBWXSET44SJJ1H0GZU,3TYCR1GOTCIPWN7ST7VM63KDRY6LZX,A29ZV4XJB7R1O,Approved,Sat Mar 14 20:50:53 EDT 2015,Sat Mar 14 21:06:27 EDT 2015,Optimal,Limited,Unlimited,Supply,Auctions,emptyanswer,emptyanswer,emptyanswer,emptyanswer,emptyanswer,emptyanswer,emptyanswer,emptyanswer,emptyanswer,emptyanswer,emptyanswer
3R868ACW4RB6NBWXSET44SJJ1H0GZU,3Z4AIRP3C6CN1L39ZFPIP3VOLS8X1B,A9VLWY4KW6OCB,Approved,Sat Mar 14 21:26:55 EDT 2015,Sat Mar 14 21:44:38 EDT 2015,Optimal,Limited,Supply,Auctions,competitive,emptyanswer,emptyanswer,emptyanswer,emptyanswer,emptyanswer,emptyanswer,emptyanswer,emptyanswer,emptyanswer,emptyanswer,emptyanswer
3R868ACW4RB6NBWXSET44SJJ1H0GZU,3RSDURM96ALBLRNVGZ6ZF1LRC78EYJ,ACVJ6IUO9QM4R,Approved,Sat Mar 14 22:32:45 EDT 2015,Sat Mar 14 22:33:16 EDT 2015,sealed bid auctions,unlimited supply auctions,online auctions,single round auctions,profit comparison,emptyanswer,emptyanswer,emptyanswer,emptyanswer,emptyanswer,emptyanswer,emptyanswer,emptyanswer,emptyanswer,emptyanswer,emptyanswer
3R868ACW4RB6NBWXSET44SJJ1H0GZU,39ZSFO5CA8V2FYPIKZK19WS6LRVJUD,AWFQ7OX0UPSM5,Approved,Sat Mar 14 23:42:34 EDT 2015,Sat Mar 14 23:47:11 EDT 2015,Optimal Limited To Unlimited Supply Auctions,"single-round, sealed-bid auctions",worst-case competitive framework,converting a given limited-supply auction into an unlimited supply auction,competitive ratio of 3.25,emptyanswer,emptyanswer,emptyanswer,emptyanswer,emptyanswer,emptyanswer,emptyanswer,emptyanswer,emptyanswer,emptyanswer,emptyanswer
3R868ACW4RB6NBWXSET44SJJ1H0GZU,3T3IWE1XG6M418E6FKE011IQG8LQTP,A3UN57EC5AXY1Z,Approved,Sun Mar 15 01:50:06 EDT 2015,Sun Mar 15 01:51:34 EDT 2015,unlimited supply auctions,competitive framework,optimal competitive auction,sealed-bid auctions,bid values,emptyanswer,emptyanswer,emptyanswer,emptyanswer,emptyanswer,emptyanswer,emptyanswer,emptyanswer,emptyanswer,emptyanswer,emptyanswer
3R868ACW4RB6NBWXSET44SJJ1H0GZU,3U088ZLJVKS85WD1TRPW9FY77Y7W0P,A1YNGE7LM9TQHL,Approved,Sun Mar 15 02:24:13 EDT 2015,Sun Mar 15 02:25:28 EDT 2015,From Optimal Limited To Unlimited Supply Auctions,"We investigate the class of single-round, sealed-bid auctions for a set of identical items to bidders who each desire one unit.","We adopt the worst-case competitive framework defined by [9, 5] that compares the profit of an auction to that of an optimal single-price sale of least two items.","In this paper, we first derive an optimal auction for three items, answering an open question from [8].","Second, we show that the form of this auction is independent of the competitive framework used.","Third, we propose a schema for converting a given limited-supply auction into an unlimited supply auction.","Applying this technique to our optimal auction for three items, we achieve an auction with a competitive ratio of 3.25, which improves upon the previously best-known competitive ratio of 3.39 from [7].","Finally, we generalize a result from [8] and extend our understanding of the nature of the optimal competitive auction by showing that the optimal competitive auction occasionally offers prices that are higher than all bid values.",emptyanswer,emptyanswer,emptyanswer,emptyanswer,emptyanswer,emptyanswer,emptyanswer,emptyanswer
3R868ACW4RB6NBWXSET44SJJ1H0GZU,3HYA4D452RIDQKUKIPJAOF5M9T22FI,ATOMPVWZKAE0E,Approved,Sun Mar 15 02:39:48 EDT 2015,Sun Mar 15 02:41:57 EDT 2015,worst-case competitive framework,limited-supply auction,unlimited supply auction,competitive ratio,optimal competitive auction pricing,emptyanswer,emptyanswer,emptyanswer,emptyanswer,emptyanswer,emptyanswer,emptyanswer,emptyanswer,emptyanswer,emptyanswer,emptyanswer
3R868ACW4RB6NBWXSET44SJJ1H0GZU,358UUM7WRZ2HFBWZFW0Z1V0DNXYR7H,AHAJG2TJ4P3G2,Approved,Sun Mar 15 02:40:29 EDT 2015,Sun Mar 15 02:42:17 EDT 2015,Unlimited Supply Auctions,sealed-bid auctions,bidders,worst-case competitive framework,mited-supply auction into an unlimited supply auction,optimal auction,emptyanswer,emptyanswer,emptyanswer,emptyanswer,emptyanswer,emptyanswer,emptyanswer,emptyanswer,emptyanswer,emptyanswer
