HitId,AssignmentId,WorkerId,Status,AcceptTime,SubmitTime,Answer 1,Answer 2,Answer 3,Answer 4,Answer 5,Answer 6,Answer 7,Answer 8,Answer 9,Answer 10,Answer 11,Answer 12,Answer 13,Answer 14,Answer 15,Answer 16
3RQVKZ7ZRJIXO7IKA4GWB4WJH5J276,3UXUOQ9OKEWPGUAIDLED65B3MZRA7K,A22R7DT2XQIKXV,Approved,Mon Mar 02 14:59:10 EST 2015,Mon Mar 02 14:59:14 EST 2015,aa,aa,aa,aa,aa,emptyanswer,emptyanswer,emptyanswer,emptyanswer,emptyanswer,emptyanswer,emptyanswer,emptyanswer,emptyanswer,emptyanswer,emptyanswer
3RQVKZ7ZRJIXO7IKA4GWB4WJH5J276,3R6BYFZZP7BER0XH6E43E5ZIL8LFXZ,A28O0LXEATB5XE,Approved,Mon Mar 02 15:55:33 EST 2015,Mon Mar 02 15:58:08 EST 2015,eBay,no dominant bidding strategy,multiple auctions,efficiency of the system,limit the revenue potential,options-based extension,eBay's proxy-bidding system,options-based scheme,emptyanswer,emptyanswer,emptyanswer,emptyanswer,emptyanswer,emptyanswer,emptyanswer,emptyanswer
3RQVKZ7ZRJIXO7IKA4GWB4WJH5J276,3X0H8UUIT1N865XD2T8GJL4Q1WBSW4,A3ODG942FG22PJ,Approved,Mon Mar 02 16:36:35 EST 2015,Mon Mar 02 16:37:00 EST 2015,Sequential,Auction,ebay,Empirical,bids,na,na,na,na,na,na,na,na,na,na,na
3RQVKZ7ZRJIXO7IKA4GWB4WJH5J276,36NEMU28XFC58AK8IWCU7C5K979MW2,A27I79P03I0ZPO,Approved,Mon Mar 02 21:22:57 EST 2015,Mon Mar 02 21:24:01 EST 2015,Sequential,Auction,Problem,Empirical,Analysis,emptyanswer,emptyanswer,emptyanswer,emptyanswer,emptyanswer,emptyanswer,emptyanswer,emptyanswer,emptyanswer,emptyanswer,emptyanswer
3RQVKZ7ZRJIXO7IKA4GWB4WJH5J276,3SLE99ER0NCDJELG2U6SS0O8EAAZBH,A2R085B34P2LYS,Approved,Mon Mar 02 22:13:16 EST 2015,Mon Mar 02 22:21:34 EST 2015,Sequential,Auction,Problem,eBay,Empirical,optional,optional,optional,optional,optional,optional,optional,optional,optional,optional,optional
3RQVKZ7ZRJIXO7IKA4GWB4WJH5J276,3HHRAGRYX84IWHSC21HFLWME668O9Y,A1XRIEYLA7ZJ3B,Approved,Mon Mar 02 23:56:45 EST 2015,Tue Mar 03 00:00:56 EST 2015,Sequential Auction Problem on eBay,Empirical Analysis and a Solution,no dominant bidding strategy,misqueues in strategic behavior,limit the revenue potential,novel options-based extension to eBay's proxy-bidding,commoditized markets,emptyanswer,emptyanswer,emptyanswer,emptyanswer,emptyanswer,emptyanswer,emptyanswer,emptyanswer,emptyanswer
3RQVKZ7ZRJIXO7IKA4GWB4WJH5J276,3JWH6J9I9SCJ2P7XZ6VYXDHZ4XNBNZ,A26M2B8NZVKWTZ,Approved,Tue Mar 03 06:54:09 EST 2015,Tue Mar 03 06:54:53 EST 2015,Sequential,Analysis,Empirical,eBay,Problem,emptyanswer,emptyanswer,emptyanswer,emptyanswer,emptyanswer,emptyanswer,emptyanswer,emptyanswer,emptyanswer,emptyanswer,emptyanswer
3RQVKZ7ZRJIXO7IKA4GWB4WJH5J276,351SEKWQS0G6Z4KH1174FOGZ2SVMDN,A1B5NXRZQYRC4R,Approved,Tue Mar 03 09:14:52 EST 2015,Tue Mar 03 09:15:06 EST 2015,sequential,auction,problem,ebay,empirical,emptyanswer,emptyanswer,emptyanswer,emptyanswer,emptyanswer,emptyanswer,emptyanswer,emptyanswer,emptyanswer,emptyanswer,emptyanswer
3RQVKZ7ZRJIXO7IKA4GWB4WJH5J276,3WSELTNVR31CES7PQOHEB13LBX9ATP,A2SJC9VRBGNC58,Approved,Tue Mar 03 14:09:44 EST 2015,Tue Mar 03 14:13:25 EST 2015,eBay dominant bidding strategy,strategic issue for buyers,proxy-bidding system,empirical analysis of eBay,market effects of the options-based scheme,emptyanswer,emptyanswer,emptyanswer,emptyanswer,emptyanswer,emptyanswer,emptyanswer,emptyanswer,emptyanswer,emptyanswer,emptyanswer
3RQVKZ7ZRJIXO7IKA4GWB4WJH5J276,3X3OR7WPZZZACR65KHV9TJN9RWML8S,A1PXJWCNRYCBS5,Approved,Tue Mar 03 14:20:50 EST 2015,Tue Mar 03 14:22:07 EST 2015,Empirical Analysis,Bidders on ebay have no dominant bidding strategy,ebay auction problem,some bidders win auctions at prices higher than those of other available auctions,some never win despite placing bids in losing efforts that are greater,emptyanswer,emptyanswer,emptyanswer,emptyanswer,emptyanswer,emptyanswer,emptyanswer,emptyanswer,emptyanswer,emptyanswer,emptyanswer
3RQVKZ7ZRJIXO7IKA4GWB4WJH5J276,30LB5CDZNC9CZRI64E938JSPN7MZ06,A9HQ3E0F2AGVO,Approved,Tue Mar 03 16:31:20 EST 2015,Tue Mar 03 16:32:30 EST 2015,multiple auctions,bidding strategy,strategic behavior,efficiency,revenue potential,computer simulations,emptyanswer,emptyanswer,emptyanswer,emptyanswer,emptyanswer,emptyanswer,emptyanswer,emptyanswer,emptyanswer,emptyanswer
3RQVKZ7ZRJIXO7IKA4GWB4WJH5J276,3G2UL9A02DDOTSYFN8X1Q09HQI176V,A1W7BQWWGKJ3XF,Approved,Tue Mar 03 18:07:51 EST 2015,Tue Mar 03 18:08:48 EST 2015,Sequential Auction Problem,eBay,Analysis,increasing seller revenue,multiple auctions,options-based extension,proxy-bidding,emptyanswer,emptyanswer,emptyanswer,emptyanswer,emptyanswer,emptyanswer,emptyanswer,emptyanswer,emptyanswer
3RQVKZ7ZRJIXO7IKA4GWB4WJH5J276,3DOCMVPBTNDL3YWU2W07O8HTLNWNNX,A3FG9YWTFFK1AU,Approved,Tue Mar 03 18:48:45 EST 2015,Tue Mar 03 18:58:40 EST 2015,Sequential Auction Problem,eBay,Empirical Analysis,Solution,Bidders,options-based extension,seller,revenue,emptyanswer,emptyanswer,emptyanswer,emptyanswer,emptyanswer,emptyanswer,emptyanswer,emptyanswer
3RQVKZ7ZRJIXO7IKA4GWB4WJH5J276,3H7XDTSHKCQ5G0OM7TEZU7LNDN2WGD,A9LA6QK6VCERR,Approved,Wed Mar 04 00:36:04 EST 2015,Wed Mar 04 00:38:22 EST 2015,Sequential Auction Problem,Sequential Auction eBay,eBay proxy bid,increasing seller revenue on eBay,eBay dominant bidding strategy,emptyanswer,emptyanswer,emptyanswer,emptyanswer,emptyanswer,emptyanswer,emptyanswer,emptyanswer,emptyanswer,emptyanswer,emptyanswer
3RQVKZ7ZRJIXO7IKA4GWB4WJH5J276,31T4R4OBOSFD997GXZA4C01RM477CI,A3HPVFAF1U9WXK,Approved,Wed Mar 04 01:34:07 EST 2015,Wed Mar 04 01:34:59 EST 2015,Sequential Auction Problem,eBay,Empirical Analysis,bidding strategy,computer simulations,options-based scheme,emptyanswer,emptyanswer,emptyanswer,emptyanswer,emptyanswer,emptyanswer,emptyanswer,emptyanswer,emptyanswer,emptyanswer
3RQVKZ7ZRJIXO7IKA4GWB4WJH5J276,3G5W44VEU7HEL0U5IFVW6WRSQHOKG2,A3FFZN4FO3Q789,Approved,Wed Mar 04 10:37:08 EST 2015,Wed Mar 04 10:50:44 EST 2015,market,market,market,market,market,emptyanswer,emptyanswer,emptyanswer,emptyanswer,emptyanswer,emptyanswer,emptyanswer,emptyanswer,emptyanswer,emptyanswer,emptyanswer
3RQVKZ7ZRJIXO7IKA4GWB4WJH5J276,3AAPLD8UCCGROFF3WUR6SNQPOUUHT6,A3H35QRODK1C4K,Approved,Wed Mar 04 10:56:04 EST 2015,Wed Mar 04 10:56:34 EST 2015,sequential,auction,problem,ebay,empirical,emptyanswer,emptyanswer,emptyanswer,emptyanswer,emptyanswer,emptyanswer,emptyanswer,emptyanswer,emptyanswer,emptyanswer,emptyanswer
3RQVKZ7ZRJIXO7IKA4GWB4WJH5J276,3R9WASFE2ZF3WVXW7WSOBQFTTCIFZ3,A2F6ZON8X5EAGL,Approved,Wed Mar 04 15:01:43 EST 2015,Wed Mar 04 15:02:44 EST 2015,The Sequential Auction Problem on eBay: An Empirical Analysis and a Solution,auctions,lcd monitor,auctions,hamper,emptyanswer,emptyanswer,emptyanswer,emptyanswer,emptyanswer,emptyanswer,emptyanswer,emptyanswer,emptyanswer,emptyanswer,emptyanswer
3RQVKZ7ZRJIXO7IKA4GWB4WJH5J276,3B3WTRP3DB14PA37F3JIEJJB553295,A3OTLWGJFB65KD,Approved,Wed Mar 04 19:11:00 EST 2015,Wed Mar 04 19:11:09 EST 2015,nothing,nothing,nothing,nothing,nothing,emptyanswer,emptyanswer,emptyanswer,emptyanswer,emptyanswer,emptyanswer,emptyanswer,emptyanswer,emptyanswer,emptyanswer,emptyanswer
3RQVKZ7ZRJIXO7IKA4GWB4WJH5J276,3G0WWMR1UVJ66V9MIOSOS2CYQ1LQNV,A3LUJSAN4DQ1ZT,Approved,Wed Mar 04 23:20:03 EST 2015,Wed Mar 04 23:21:07 EST 2015,Sequential auction problem,eBay,empirical analysis,solution,options-based,commoditized,simulations,efficiency,emptyanswer,emptyanswer,emptyanswer,emptyanswer,emptyanswer,emptyanswer,emptyanswer,emptyanswer
3RQVKZ7ZRJIXO7IKA4GWB4WJH5J276,3RUIQRXJBBN5RYQOE64DYO9FB00LL1,A3S81UFDOWF2ST,Approved,Wed Mar 04 23:38:52 EST 2015,Wed Mar 04 23:39:30 EST 2015,The Sequential Auction Problem on eBay,Empirical Analysis and a Solution,dominant bidding strategy,multiple auctions,bidders,emptyanswer,emptyanswer,emptyanswer,emptyanswer,emptyanswer,emptyanswer,emptyanswer,emptyanswer,emptyanswer,emptyanswer,emptyanswer
3RQVKZ7ZRJIXO7IKA4GWB4WJH5J276,3UXUOQ9OKEWPGUAIDLED65B3M4A7AA,A1YLO4LT02D2F0,Approved,Thu Mar 05 02:19:08 EST 2015,Thu Mar 05 02:22:41 EST 2015,Bidders on eBay have no dominant bidding strategy,"As seen through an analysis of 1,956 auctions",prices higher than those of other available auctions,empirical analysis of eBay provides a basis for computer,the market effects of the options-based scheme,emptyanswer,emptyanswer,emptyanswer,emptyanswer,emptyanswer,emptyanswer,emptyanswer,emptyanswer,emptyanswer,emptyanswer,emptyanswer
3RQVKZ7ZRJIXO7IKA4GWB4WJH5J276,3IXQG4FA2TXYDN33YWCTFCMFZD29B4,A3I10J1GPDAPQR,Approved,Thu Mar 05 06:06:17 EST 2015,Thu Mar 05 06:08:12 EST 2015,Sequential Auction Problem,multiple auctions,misqueues,revenue potential,proxy-bidding system,emptyanswer,emptyanswer,emptyanswer,emptyanswer,emptyanswer,emptyanswer,emptyanswer,emptyanswer,emptyanswer,emptyanswer,emptyanswer
3RQVKZ7ZRJIXO7IKA4GWB4WJH5J276,3P59JYT76LJN9PCLD9OZ5JKNZE32T6,A1QUDNLO95AKS5,Approved,Thu Mar 05 09:01:26 EST 2015,Thu Mar 05 09:54:00 EST 2015,Sequential Auction Problem,eBay,Empirical Analysis,Solution,LCD,emptyanswer,emptyanswer,emptyanswer,emptyanswer,emptyanswer,emptyanswer,emptyanswer,emptyanswer,emptyanswer,emptyanswer,emptyanswer
3RQVKZ7ZRJIXO7IKA4GWB4WJH5J276,3GGAI1SQEVXWUCE315CTVIYHHYFCML,ADUJUZANFOWKW,Approved,Thu Mar 05 16:11:07 EST 2015,Thu Mar 05 16:11:39 EST 2015,auction,eBay,bidding,strategy,buyers,emptyanswer,emptyanswer,emptyanswer,emptyanswer,emptyanswer,emptyanswer,emptyanswer,emptyanswer,emptyanswer,emptyanswer,emptyanswer
3RQVKZ7ZRJIXO7IKA4GWB4WJH5J276,3NLZY2D53POGIV616BC9FA89L9DLQM,A3DHYTZ1GPN0T8,Approved,Thu Mar 05 22:14:30 EST 2015,Thu Mar 05 22:14:53 EST 2015,Bidders,dominant,misqueues,demonstrates,eBay,emptyanswer,emptyanswer,emptyanswer,emptyanswer,emptyanswer,emptyanswer,emptyanswer,emptyanswer,emptyanswer,emptyanswer,emptyanswer
3RQVKZ7ZRJIXO7IKA4GWB4WJH5J276,33SA9F9TRXT7WMSV1YOBU40B0GIEWR,A2YW509B0UMSEH,Approved,Fri Mar 06 09:17:34 EST 2015,Fri Mar 06 09:18:26 EST 2015,Auction,Problem,eBay,Bidder,eBay,Problem,emptyanswer,emptyanswer,emptyanswer,emptyanswer,emptyanswer,emptyanswer,emptyanswer,emptyanswer,emptyanswer,emptyanswer
3RQVKZ7ZRJIXO7IKA4GWB4WJH5J276,3W8CV64QJ2Y8406PYOMP1NPDUW7H94,AQXSUU4I4DAH8,Approved,Fri Mar 06 11:59:11 EST 2015,Fri Mar 06 11:59:41 EST 2015,no dominant bidding strategy,Sequential Auction Problem on eBay,"1,956 auctions",Empirical Analysis and a Solution,computer simulations,emptyanswer,emptyanswer,emptyanswer,emptyanswer,emptyanswer,emptyanswer,emptyanswer,emptyanswer,emptyanswer,emptyanswer,emptyanswer
3RQVKZ7ZRJIXO7IKA4GWB4WJH5J276,3OE22WJIGINJ1LTVFP4A6X4SY4GUQ7,A14TK50KH724N6,Approved,Fri Mar 06 12:22:20 EST 2015,Fri Mar 06 12:23:30 EST 2015,Sequential Auction Problem,eBay,bidding strategy,multiple auctions,strategic behavior,bidding efficiency,options-based scheme,emptyanswer,emptyanswer,emptyanswer,emptyanswer,emptyanswer,emptyanswer,emptyanswer,emptyanswer,emptyanswer
3RQVKZ7ZRJIXO7IKA4GWB4WJH5J276,37U1UTWH9VLLFP1IP1S5FVW8XZER8D,A156E6TWVB7GP7,Approved,Fri Mar 06 18:27:53 EST 2015,Fri Mar 06 18:28:34 EST 2015,Bidders,eBay,never win,efforts greater,options-based extension,increasing,emptyanswer,emptyanswer,emptyanswer,emptyanswer,emptyanswer,emptyanswer,emptyanswer,emptyanswer,emptyanswer,emptyanswer
3RQVKZ7ZRJIXO7IKA4GWB4WJH5J276,3VW04L3ZLT5VRMO268APKCZPPR1XXK,A2GBY8O6GYSB89,Approved,Sat Mar 07 11:39:51 EST 2015,Sat Mar 07 11:41:50 EST 2015,Sequential Auction Problem on eBay,dominant bidding strategy,Bidders on eBay,novel options-based extension to eBay's proxy-bidding system,the options-based scheme provides greater efficiency than eBay,emptyanswer,emptyanswer,emptyanswer,emptyanswer,emptyanswer,emptyanswer,emptyanswer,emptyanswer,emptyanswer,emptyanswer,emptyanswer
3RQVKZ7ZRJIXO7IKA4GWB4WJH5J276,3TK8OJTYM1KYEOHGK2ZQ2EG17HOPVP,A37WDQ1VG5XN6Z,Approved,Sat Mar 07 13:10:09 EST 2015,Sat Mar 07 13:10:16 EST 2015,nothing,nothing,nothing,nothing,nothing,emptyanswer,emptyanswer,emptyanswer,emptyanswer,emptyanswer,emptyanswer,emptyanswer,emptyanswer,emptyanswer,emptyanswer,emptyanswer
3RQVKZ7ZRJIXO7IKA4GWB4WJH5J276,3S06PH7KSR393FYS8FO6VWSW4UGD1C,A3G4SXD4N30C3L,Approved,Sat Mar 07 13:32:24 EST 2015,Sat Mar 07 13:33:08 EST 2015,Sequential Auction Problem on eBay,Empirical Analysis,dominant bidding strategy,misqueues in strategic behavior,commoditized markets,options-based scheme,emptyanswer,emptyanswer,emptyanswer,emptyanswer,emptyanswer,emptyanswer,emptyanswer,emptyanswer,emptyanswer,emptyanswer
3RQVKZ7ZRJIXO7IKA4GWB4WJH5J276,3PM8NZGV8YFBIPNQKUFXQ43WSQ4XQH,A38IE69ORDCEGY,Approved,Sun Mar 08 11:37:46 EDT 2015,Sun Mar 08 11:39:30 EDT 2015,eBay,sequential auction problem,revenue limitations,options-based scheme,proxy-bidding system,emptyanswer,emptyanswer,emptyanswer,emptyanswer,emptyanswer,emptyanswer,emptyanswer,emptyanswer,emptyanswer,emptyanswer,emptyanswer
3RQVKZ7ZRJIXO7IKA4GWB4WJH5J276,3KGTPGBS6XK292RADEE9AF6PI2CU2B,A3EOFHEPL3L07Y,Approved,Sun Mar 08 12:58:16 EDT 2015,Sun Mar 08 12:59:22 EDT 2015,Sequential Auction Problem on eBay,Sequential Auction Problem on eBay: An Empirical Analysis and a Solution,eBay auctions,eBay's proxy-bidding system,options-based scheme provides greater efficiency than eBay,emptyanswer,emptyanswer,emptyanswer,emptyanswer,emptyanswer,emptyanswer,emptyanswer,emptyanswer,emptyanswer,emptyanswer,emptyanswer
3RQVKZ7ZRJIXO7IKA4GWB4WJH5J276,3QECW5O0KH0F8MV8VSQX3QNZJYZ5TZ,ANB69EQROUTQJ,Approved,Sun Mar 08 14:00:33 EDT 2015,Sun Mar 08 14:02:28 EDT 2015,ebay,sequential auction problem,bidding strategy,misqueues in strategic behavior,options-based extension,market effects,emptyanswer,emptyanswer,emptyanswer,emptyanswer,emptyanswer,emptyanswer,emptyanswer,emptyanswer,emptyanswer,emptyanswer
3RQVKZ7ZRJIXO7IKA4GWB4WJH5J276,3K3R2QNK8B2D9MC9YNTOK2E3O8PU96,A2EEL9YYUHL5SK,Approved,Sun Mar 08 15:02:49 EDT 2015,Sun Mar 08 15:04:46 EDT 2015,The Sequential Auction Problem on eBay,no dominant bidding strategy when faced with multiple auctions,These misqueues in strategic behavior hamper the efficiency of the system,proposes a novel options-based extension to eBay's proxy-bidding system that resolves this strategic issue for buyers in commoditized markets,"the options-based scheme provides greater efficiency than eBay, while also increasing seller revenue",emptyanswer,emptyanswer,emptyanswer,emptyanswer,emptyanswer,emptyanswer,emptyanswer,emptyanswer,emptyanswer,emptyanswer,emptyanswer
3RQVKZ7ZRJIXO7IKA4GWB4WJH5J276,3BEFOD78W6STZ81O8Q6BCKMTPUAM4C,A16MCPIUMNIDW,Approved,Sun Mar 08 15:51:02 EDT 2015,Sun Mar 08 15:52:06 EDT 2015,eBay,auction,sequential auction,strategic behavior,options-based,extension,revenue,emptyanswer,emptyanswer,emptyanswer,emptyanswer,emptyanswer,emptyanswer,emptyanswer,emptyanswer,emptyanswer
3RQVKZ7ZRJIXO7IKA4GWB4WJH5J276,3MYYFCXHJ36T7Y52XN8GZF2WT81G41,A156NFBMKKLDL9,Approved,Sun Mar 08 17:52:15 EDT 2015,Sun Mar 08 17:55:05 EDT 2015,Sequential Auction Problem on eBay,Empirical Analysis and a Solution,revenue potential,market effects of the options-based scheme,greater efficiency than eBay,emptyanswer,emptyanswer,emptyanswer,emptyanswer,emptyanswer,emptyanswer,emptyanswer,emptyanswer,emptyanswer,emptyanswer,emptyanswer
3RQVKZ7ZRJIXO7IKA4GWB4WJH5J276,3D3VGR7TA0EZESVCDKX9OEOXHHI3R1,A1AWEM2XEAVOVQ,Approved,Sun Mar 08 18:36:56 EDT 2015,Sun Mar 08 18:39:32 EDT 2015,eBay,options-based extension,bidding,options-based scheme,sequential auction problem,auctions,emptyanswer,emptyanswer,emptyanswer,emptyanswer,emptyanswer,emptyanswer,emptyanswer,emptyanswer,emptyanswer,emptyanswer
3RQVKZ7ZRJIXO7IKA4GWB4WJH5J276,3NC5L260MOLRXRJP5NH7VS8P9L6OFR,A2E2IQ99W6B7AV,Approved,Mon Mar 09 04:45:39 EDT 2015,Mon Mar 09 04:47:37 EDT 2015,Online auctioning,Bidding patterns,Data analysis,Auction strategy,Sequential buying,emptyanswer,emptyanswer,emptyanswer,emptyanswer,emptyanswer,emptyanswer,emptyanswer,emptyanswer,emptyanswer,emptyanswer,emptyanswer
3RQVKZ7ZRJIXO7IKA4GWB4WJH5J276,3EWIJTFFVO6EOWRA8RVQN9R7ZINE0N,A2SZAM3EZER2PH,Approved,Mon Mar 09 09:10:12 EDT 2015,Mon Mar 09 09:10:49 EDT 2015,Bidders on eBay,auctions on eBay,misqueues in strategic behavior,commoditized markets,greater efficiency,emptyanswer,emptyanswer,emptyanswer,emptyanswer,emptyanswer,emptyanswer,emptyanswer,emptyanswer,emptyanswer,emptyanswer,emptyanswer
3RQVKZ7ZRJIXO7IKA4GWB4WJH5J276,3LQ8PUHQFLR1F1ZS2IS2EGOGDSXHI2,A12J6O77R7WG93,Approved,Mon Mar 09 09:10:38 EDT 2015,Mon Mar 09 09:12:33 EDT 2015,dominant bidding strategy,multiple auctions,Dell E193FP LCD monitor,misqueues,revenue potential,novel options-based extension,emptyanswer,emptyanswer,emptyanswer,emptyanswer,emptyanswer,emptyanswer,emptyanswer,emptyanswer,emptyanswer,emptyanswer
3RQVKZ7ZRJIXO7IKA4GWB4WJH5J276,3J4Q2Z4UTY2WTPI0APJBOLPPJQ8QWV,ACYGMRGAZ22U7,Approved,Mon Mar 09 18:06:34 EDT 2015,Mon Mar 09 18:06:41 EDT 2015,Keyword/Keyphrase 1:,Keyword/Keyphrase 1:,Keyword/Keyphrase 1:,Keyword/Keyphrase 1:,Keyword/Keyphrase 1:,emptyanswer,emptyanswer,emptyanswer,emptyanswer,emptyanswer,emptyanswer,emptyanswer,emptyanswer,emptyanswer,emptyanswer,emptyanswer
3RQVKZ7ZRJIXO7IKA4GWB4WJH5J276,3137ONMDKG4BZ02VMTKT81EN60UGEC,APEB5ERGCYP6D,Approved,Tue Mar 10 01:25:48 EDT 2015,Tue Mar 10 02:10:51 EDT 2015,Bidders on eBay have no dominant bidding,paper proposes a novel options-based extension to eBay's proxy-bidding system,multiple auctions each offering an item,buyers in commoditized markets,provides greater efficiency than eBay,emptyanswer,emptyanswer,emptyanswer,emptyanswer,emptyanswer,emptyanswer,emptyanswer,emptyanswer,emptyanswer,emptyanswer,emptyanswer
3RQVKZ7ZRJIXO7IKA4GWB4WJH5J276,3DH6GAKTYYO9WMERCMKC0BM9Z3QZYY,AW36CVMS3526O,Approved,Tue Mar 10 13:59:41 EDT 2015,Tue Mar 10 14:00:37 EDT 2015,Empirical,strategy,bidders,demonstrates,revenue,emptyanswer,emptyanswer,emptyanswer,emptyanswer,emptyanswer,emptyanswer,emptyanswer,emptyanswer,emptyanswer,emptyanswer,emptyanswer
3RQVKZ7ZRJIXO7IKA4GWB4WJH5J276,3JAOYWH7VI3AQWPFP91NTFIKBMTL9A,A3UY2GVCKC8LSL,Approved,Tue Mar 10 23:59:08 EDT 2015,Wed Mar 11 00:00:01 EDT 2015,proxy-bidding,Dell E193FP,eBay,Sequential Auction Problem,Empirical Analysis,emptyanswer,emptyanswer,emptyanswer,emptyanswer,emptyanswer,emptyanswer,emptyanswer,emptyanswer,emptyanswer,emptyanswer,emptyanswer
3RQVKZ7ZRJIXO7IKA4GWB4WJH5J276,386CSBG1OZLYZA3UJ767QRQCVRBQ6W,A3K6BSW10S4YKJ,Approved,Wed Mar 11 00:51:44 EDT 2015,Wed Mar 11 00:53:04 EDT 2015,Bidders on eBay,Dell E193FP LCD monitor,hamper the efficiency of the system,eBay's proxy-bidding system,increasing seller revenue,emptyanswer,emptyanswer,emptyanswer,emptyanswer,emptyanswer,emptyanswer,emptyanswer,emptyanswer,emptyanswer,emptyanswer,emptyanswer
3RQVKZ7ZRJIXO7IKA4GWB4WJH5J276,3X08E93BHVH5PSKA4YS9KM9LVQ966P,ATRHDYWCIYTDJ,Approved,Wed Mar 11 04:35:29 EDT 2015,Wed Mar 11 04:35:44 EDT 2015,strategy,multiple,item,through,revenue,emptyanswer,emptyanswer,emptyanswer,emptyanswer,emptyanswer,emptyanswer,emptyanswer,emptyanswer,emptyanswer,emptyanswer,emptyanswer
3RQVKZ7ZRJIXO7IKA4GWB4WJH5J276,3JRJSWSMQHKA5OQ7RED9P7PE2Y2E3L,A3CMDYA9USA3MR,Approved,Wed Mar 11 07:36:24 EDT 2015,Wed Mar 11 07:36:36 EDT 2015,dominant,strategy,options,investigate,greater,emptyanswer,emptyanswer,emptyanswer,emptyanswer,emptyanswer,emptyanswer,emptyanswer,emptyanswer,emptyanswer,emptyanswer,emptyanswer
3RQVKZ7ZRJIXO7IKA4GWB4WJH5J276,3P4RDNWND55X67UIQIVNQT4VQO0IJF,A1JWEYGDFDB100,Approved,Wed Mar 11 11:21:25 EDT 2015,Wed Mar 11 11:22:51 EDT 2015,Sequential Auction Problem,eBay,dominant bidding strategy,misqueues in strategic behavior,revenue potential for sellers,emptyanswer,emptyanswer,emptyanswer,emptyanswer,emptyanswer,emptyanswer,emptyanswer,emptyanswer,emptyanswer,emptyanswer,emptyanswer
3RQVKZ7ZRJIXO7IKA4GWB4WJH5J276,352YTHGROVC77U0DHTQYKFEX8E24HO,AL9R6CILUG30X,Approved,Wed Mar 11 14:31:40 EDT 2015,Wed Mar 11 14:34:30 EDT 2015,Bidding strategy,Sequential Auction,eBay,Options-based scheme,Strategic behavior of the bidders,Bidders,commoditized markets,Multiple auctions,emptyanswer,emptyanswer,emptyanswer,emptyanswer,emptyanswer,emptyanswer,emptyanswer,emptyanswer
3RQVKZ7ZRJIXO7IKA4GWB4WJH5J276,3OB0CAO74HON51EX60E504I43F4HYP,A28IXE702NXWKQ,Approved,Wed Mar 11 15:24:46 EDT 2015,Wed Mar 11 15:25:43 EDT 2015,Bidders on eBay,dominant bidding strategy,"As seen through an analysis of 1,956 auctions",An empirical analysis of eBay provides a basis for computer simulations,and demonstrates that the options-based scheme provides greater efficiency than eBay,emptyanswer,emptyanswer,emptyanswer,emptyanswer,emptyanswer,emptyanswer,emptyanswer,emptyanswer,emptyanswer,emptyanswer,emptyanswer
3RQVKZ7ZRJIXO7IKA4GWB4WJH5J276,3IAEQB9FMEJ24GEV53DROMIQ0FLDWN,A2SDTL2V8VJ25O,Approved,Wed Mar 11 20:20:58 EDT 2015,Wed Mar 11 20:21:30 EDT 2015,Sequential,Problem,Analysis,Solution,strategy,emptyanswer,emptyanswer,emptyanswer,emptyanswer,emptyanswer,emptyanswer,emptyanswer,emptyanswer,emptyanswer,emptyanswer,emptyanswer
3RQVKZ7ZRJIXO7IKA4GWB4WJH5J276,3BC8WZX3V3VRXUGEOAY56CRDO21RRB,A2KS418T8MPLJH,Approved,Thu Mar 12 12:00:13 EDT 2015,Thu Mar 12 12:01:43 EDT 2015,Bidders on eBay have no dominant bidding strategy when faced with multiple auctions each offering an item of interest.,This paper proposes a novel options-based extension to eBay's proxy-bidding system that resolves this strategic issue for buyers in commoditized markets.,"As seen through an analysis of 1,956 auctions on eBay for a Dell E193FP LCD monitor, some bidders win auctions at prices higher than those of other available auctions, while others never win an auction despite placing bids in losing efforts that are greater than the closing prices of other available auctions.","These misqueues in strategic behavior hamper the efficiency of the system, and in so doing limit the revenue potential for sellers.","An empirical analysis of eBay provides a basis for computer simulations that investigate the market effects of the options-based scheme, and demonstrates that the options-based scheme provides greater efficiency than eBay, while also increasing seller revenue.",emptyanswer,emptyanswer,emptyanswer,emptyanswer,emptyanswer,emptyanswer,emptyanswer,emptyanswer,emptyanswer,emptyanswer,emptyanswer
3RQVKZ7ZRJIXO7IKA4GWB4WJH5J276,3G2UL9A02DDOTSYFN8X1Q09HR3U67U,AM1HY736BY3Z8,Approved,Thu Mar 12 12:18:41 EDT 2015,Thu Mar 12 12:19:50 EDT 2015,The Sequential Auction Problem on eBay: An Empirical Analysis and a Solution,Bidders on eBay have no dominant bidding strategy when faced with multiple auctions each offering an item of interest.,These misqueues in strategic behavior hamper the efficiency of the system.,This paper proposes a novel options-based extension to eBay's proxy-bidding system that resolves this strategic issue for buyers in commoditized markets.,"demonstrates that the options-based scheme provides greater efficiency than eBay, while also increasing seller revenue.",emptyanswer,emptyanswer,emptyanswer,emptyanswer,emptyanswer,emptyanswer,emptyanswer,emptyanswer,emptyanswer,emptyanswer,emptyanswer
3RQVKZ7ZRJIXO7IKA4GWB4WJH5J276,3QILPRALQ5U00R9QWUBO6BRYXDQN89,AUH4A0OGHF2CK,Approved,Thu Mar 12 13:08:33 EDT 2015,Thu Mar 12 13:10:46 EDT 2015,An Empirical Analysis and a Solution for Sequential Auction Problem on eBay,Analysis of Sequential Auction Problem on eBay,novel options for Sequential Auction Problem on eBay,Solutions for proxy-bidding system in eBay,A study of solution for  proxy-bidding system in eBay,emptyanswer,emptyanswer,emptyanswer,emptyanswer,emptyanswer,emptyanswer,emptyanswer,emptyanswer,emptyanswer,emptyanswer,emptyanswer
3RQVKZ7ZRJIXO7IKA4GWB4WJH5J276,3NGI5ARFTT4ISC1IDOF1VQ9LJMN1P1,A3MVLTRGO37TJD,Approved,Thu Mar 12 13:18:50 EDT 2015,Thu Mar 12 13:22:36 EDT 2015,Bidders on eBay have no dominant bidding strategy,Bidders on eBay have no dominant bidding strategy,"misqueues in strategic behavior hamper the efficiency of the system, and  limit the revenue potential for sellers",a novel options-based extension to eBay's proxy-bidding system that resolves this strategic issue for buyers in commoditized markets,empirical analysis of eBay demonstrates that the options-based scheme provides greater efficiency than eBay,emptyanswer,emptyanswer,emptyanswer,emptyanswer,emptyanswer,emptyanswer,emptyanswer,emptyanswer,emptyanswer,emptyanswer,emptyanswer
3RQVKZ7ZRJIXO7IKA4GWB4WJH5J276,3U5JL4WY5K84TK0SMX8KN12RX56X4Y,AU3WQKISBW5MZ,Approved,Thu Mar 12 14:13:14 EDT 2015,Thu Mar 12 14:14:02 EDT 2015,Bidders on eBay have no dominant bidding strategy when faced with multiple auctions each offering an item of interest.,"As seen through an analysis of 1,956 auctions on eBay for a Dell E193FP LCD monitor, some bidders win auctions at prices higher than those of other available auctions, while others never win an auction despite placing bids in losing efforts that are greater than the closing prices of other available auctions.","These misqueues in strategic behavior hamper the efficiency of the system, and in so doing limit the revenue potential for sellers.",This paper proposes a novel options-based extension to eBay's proxy-bidding system that resolves this strategic issue for buyers in commoditized markets.,"This paper proposes a novel options-based extension to eBay's proxy-bidding system that resolves this strategic issue for buyers in commoditized markets. An empirical analysis of eBay provides a basis for computer simulations that investigate the market effects of the options-based scheme, and demonstrates that the options-based scheme provides greater efficiency than eBay, while also increasing seller revenue.",emptyanswer,emptyanswer,emptyanswer,emptyanswer,emptyanswer,emptyanswer,emptyanswer,emptyanswer,emptyanswer,emptyanswer,emptyanswer
3RQVKZ7ZRJIXO7IKA4GWB4WJH5J276,3B1NLC6UGZVFWRRLV7042DDRLCBGPN,A2QXX0EHO2CZHV,Approved,Thu Mar 12 16:11:20 EDT 2015,Thu Mar 12 16:50:43 EDT 2015,eBay bidders have no dominant bidding strategy when faced with multiple offers of items of interest,"an analysis of 1,956 auctions on eBay for a Dell E193FP LCD monitor was made",the analysis shows that some bidders win auctions at prices higher than those of other available auctions,the analysis also shows that some bidders never win an auction even though they placed higher bids than other available  auctions,The seller's revenue potential is limited due to this inefficiencies in bidding,novel options-based extension to eBay's proxy-bidding system that resolves this strategic issue for buyers in commoditized markets are proposed,an empirical analysis of eBay provides a basis for computer simulations that investigate the market effects of the options-based scheme,this also demonstrates that the options-based scheme provides greater efficiency than eBay,seller revenue is also increased,emptyanswer,emptyanswer,emptyanswer,emptyanswer,emptyanswer,emptyanswer,emptyanswer
3RQVKZ7ZRJIXO7IKA4GWB4WJH5J276,3IO1LGZLK9WST63YXDP7405C2OG861,ADVZAZ12Z8N9J,Approved,Thu Mar 12 21:11:01 EDT 2015,Thu Mar 12 21:40:42 EDT 2015,"Bidders on eBay have no dominant bidding strategy when faced with multiple auctions each offering an item of interest. As seen through an analysis of 1,956 auctions on eBay for a Dell E193FP LCD monitor, some bidders win auctions at prices higher than those of other available auctions, while others never win an auction despite placing bids in losing efforts that are greater than the closing prices of other available auctions.",N/A,N/A,N/A,N/A,emptyanswer,emptyanswer,emptyanswer,emptyanswer,emptyanswer,emptyanswer,emptyanswer,emptyanswer,emptyanswer,emptyanswer,emptyanswer
3RQVKZ7ZRJIXO7IKA4GWB4WJH5J276,3TU5ZICBRD0L3OMICM35A5M32QN8QV,A2UNRV6PEOEXG0,Approved,Fri Mar 13 12:48:28 EDT 2015,Fri Mar 13 12:49:13 EDT 2015,eBay,Auction,Sequential Auction,bidders,efficiency,emptyanswer,emptyanswer,emptyanswer,emptyanswer,emptyanswer,emptyanswer,emptyanswer,emptyanswer,emptyanswer,emptyanswer,emptyanswer
3RQVKZ7ZRJIXO7IKA4GWB4WJH5J276,3A7Y0R2P2ONUW2JDP4VOT3RAF5BXJA,A3DTN2OMF6DUSI,Approved,Fri Mar 13 22:57:46 EDT 2015,Fri Mar 13 22:58:10 EDT 2015,Sequential,Auction Problem,eBay,Empirical,Analysis,emptyanswer,emptyanswer,emptyanswer,emptyanswer,emptyanswer,emptyanswer,emptyanswer,emptyanswer,emptyanswer,emptyanswer,emptyanswer
3RQVKZ7ZRJIXO7IKA4GWB4WJH5J276,3DZQRBDBSLEBF7VPS9XEEOTT4UBS3B,A8HUG07IE2R3,Approved,Sat Mar 14 00:46:23 EDT 2015,Sat Mar 14 00:49:38 EDT 2015,no dominant bidding strategy,auctions on eBay for a Dell E193FP LCD monitor,misqueues in strategic behavior hamper the efficiency of the system,novel options-based extension to eBay's proxy-bidding system that resolves this strategic issue for buyer,options-based scheme provides greater efficiency than eBay,increasing seller revenue,emptyanswer,emptyanswer,emptyanswer,emptyanswer,emptyanswer,emptyanswer,emptyanswer,emptyanswer,emptyanswer,emptyanswer
3RQVKZ7ZRJIXO7IKA4GWB4WJH5J276,3WYP994K17Q78CUGAHN13DTEV7H6YJ,A610SH5RY1NG1,Approved,Sat Mar 14 06:33:01 EDT 2015,Sat Mar 14 06:33:22 EDT 2015,eBay,Empirical Analysis,Auction,bidding,analysis,emptyanswer,emptyanswer,emptyanswer,emptyanswer,emptyanswer,emptyanswer,emptyanswer,emptyanswer,emptyanswer,emptyanswer,emptyanswer
3RQVKZ7ZRJIXO7IKA4GWB4WJH5J276,3PZDLQMM0TK6N8AARNT9G9KJCEIC2L,A2Z9HR2IBD75R9,Approved,Sat Mar 14 09:34:55 EDT 2015,Sat Mar 14 09:35:11 EDT 2015,Sequential Auction Problem,eBay,Analysis,Solution,greater,emptyanswer,emptyanswer,emptyanswer,emptyanswer,emptyanswer,emptyanswer,emptyanswer,emptyanswer,emptyanswer,emptyanswer,emptyanswer
3RQVKZ7ZRJIXO7IKA4GWB4WJH5J276,3PXX5PX6LXXCI6D8Q2QTB7XZ6I7ABI,ACVJ6IUO9QM4R,Approved,Sat Mar 14 16:37:38 EDT 2015,Sat Mar 14 16:40:54 EDT 2015,eBay,analysis,empirical analysis of eBay,computer simulations,bidding strategy,multiple auctions,bidders win auctions,options-based extension to eBay's proxy-bidding system,investigate the market effects,emptyanswer,options based scheme,emptyanswer,emptyanswer,emptyanswer,emptyanswer,emptyanswer
3RQVKZ7ZRJIXO7IKA4GWB4WJH5J276,3300DTYQT2G2CPW9PPP52FIPDX6QE5,A3HEJEVDXYX2K9,Approved,Sat Mar 14 16:47:32 EDT 2015,Sat Mar 14 16:48:28 EDT 2015,Sequential Auction Problem,eBay,Empirical Analysis,increasing seller revenue,eBay's proxy-bidding system,emptyanswer,emptyanswer,emptyanswer,emptyanswer,emptyanswer,emptyanswer,emptyanswer,emptyanswer,emptyanswer,emptyanswer,emptyanswer
3RQVKZ7ZRJIXO7IKA4GWB4WJH5J276,3DEL4X4EL6KKRRECB4WR3Q6YSC2XYS,ATOMPVWZKAE0E,Approved,Sat Mar 14 18:30:29 EDT 2015,Sat Mar 14 18:33:43 EDT 2015,Sequential Auction,eBay Analysis,Bidder,bidding strategy,misqueue,strategic behavior,system efficiency,revenue potential,options-based extension,proxy-bidding system,commoditized market,computer simulation,options-based scheme,seller revenue,emptyanswer,emptyanswer
