HitId,AssignmentId,WorkerId,Status,AcceptTime,SubmitTime,Answer 1,Answer 2,Answer 3,Answer 4,Answer 5,Answer 6,Answer 7,Answer 8,Answer 9,Answer 10,Answer 11,Answer 12,Answer 13,Answer 14,Answer 15,Answer 16
3S8APUMBJWI4RDXMBG7J0PC49ZFFBP,3G5W44VEU7HEL0U5IFVW6WRSQE4KGC,A22R7DT2XQIKXV,Approved,Mon Mar 02 14:57:07 EST 2015,Mon Mar 02 14:57:12 EST 2015,aa,aa,aa,aa,aa,emptyanswer,emptyanswer,emptyanswer,emptyanswer,emptyanswer,emptyanswer,emptyanswer,emptyanswer,emptyanswer,emptyanswer,emptyanswer
3S8APUMBJWI4RDXMBG7J0PC49ZFFBP,3MTMREQS4VH469BJLTMPYLAKFQ4AWQ,A3ODG942FG22PJ,Approved,Mon Mar 02 16:32:23 EST 2015,Mon Mar 02 16:32:49 EST 2015,Locations,Search Engine,Queries,matching,disambiguation,na,na,na,na,na,na,na,na,na,na,na
3S8APUMBJWI4RDXMBG7J0PC49ZFFBP,3E337GFOL97FT6F8FSNCYO8WK9DNGO,A3SJXQIIQLBI6C,Approved,Mon Mar 02 16:33:06 EST 2015,Mon Mar 02 16:34:57 EST 2015,Search Engine Queries,CLEF,place references,detection,ontology,emptyanswer,emptyanswer,emptyanswer,emptyanswer,emptyanswer,emptyanswer,emptyanswer,emptyanswer,emptyanswer,emptyanswer,emptyanswer
3S8APUMBJWI4RDXMBG7J0PC49ZFFBP,3L4D84MILZRXACJYK0D2QH3GQPQJHK,A3FG9YWTFFK1AU,Approved,Mon Mar 02 18:43:29 EST 2015,Mon Mar 02 19:03:30 EST 2015,Handling Locations,Search Engine Queries,geographical information retrieval,Evaluation experiments,CLEF campaigns,emptyanswer,emptyanswer,emptyanswer,emptyanswer,emptyanswer,emptyanswer,emptyanswer,emptyanswer,emptyanswer,emptyanswer,emptyanswer
3S8APUMBJWI4RDXMBG7J0PC49ZFFBP,3CPLWGV3MOY0EWS01MH267M9GWYN9D,A27I79P03I0ZPO,Approved,Mon Mar 02 21:28:43 EST 2015,Mon Mar 02 21:29:55 EST 2015,Handling,Locations,Search,Engine,queries,emptyanswer,emptyanswer,emptyanswer,emptyanswer,emptyanswer,emptyanswer,emptyanswer,emptyanswer,emptyanswer,emptyanswer,emptyanswer
3S8APUMBJWI4RDXMBG7J0PC49ZFFBP,3E4GGUZ1T8QO66MYJ0A74SXRGVMK2G,A2R085B34P2LYS,Approved,Mon Mar 02 22:24:56 EST 2015,Mon Mar 02 22:40:30 EST 2015,Handling,Locations,Search,Engine,Queries,optional,optional,optional,optional,optional,optional,optional,optional,optional,optional,optional
3S8APUMBJWI4RDXMBG7J0PC49ZFFBP,3UXUOQ9OKEWPGUAIDLED65B3M0W7AO,A26M2B8NZVKWTZ,Approved,Tue Mar 03 06:48:39 EST 2015,Tue Mar 03 06:49:28 EST 2015,Search,Engine,Queries,Handling,Locations,emptyanswer,emptyanswer,emptyanswer,emptyanswer,emptyanswer,emptyanswer,emptyanswer,emptyanswer,emptyanswer,emptyanswer,emptyanswer
3S8APUMBJWI4RDXMBG7J0PC49ZFFBP,3RXPCZQMQPACFZ8JA5PE1HVTH9H1G5,A1B5NXRZQYRC4R,Approved,Tue Mar 03 09:09:20 EST 2015,Tue Mar 03 09:09:36 EST 2015,handling,locations,search,engine,queries,emptyanswer,emptyanswer,emptyanswer,emptyanswer,emptyanswer,emptyanswer,emptyanswer,emptyanswer,emptyanswer,emptyanswer,emptyanswer
3S8APUMBJWI4RDXMBG7J0PC49ZFFBP,3B1NLC6UGZVFWRRLV7042DDRKP5GP6,A9HQ3E0F2AGVO,Approved,Tue Mar 03 16:26:34 EST 2015,Tue Mar 03 16:27:38 EST 2015,geographical information retrieval,Search Engine Queries,place references,disambiguation,detection,Evaluation experiments,emptyanswer,emptyanswer,emptyanswer,emptyanswer,emptyanswer,emptyanswer,emptyanswer,emptyanswer,emptyanswer,emptyanswer
3S8APUMBJWI4RDXMBG7J0PC49ZFFBP,3VNL7UK1XFI7AJOX1436P2EC8ECFTZ,A1W7BQWWGKJ3XF,Approved,Tue Mar 03 22:42:03 EST 2015,Tue Mar 03 22:43:14 EST 2015,Search Engine Queries,Locations,simple,geographical information,disambiguation,ontology,effectiveness,emptyanswer,emptyanswer,emptyanswer,emptyanswer,emptyanswer,emptyanswer,emptyanswer,emptyanswer,emptyanswer
3S8APUMBJWI4RDXMBG7J0PC49ZFFBP,3PQ8K71NHXJ7ZW8GKOQXGWDTN9EAAW,A2YW509B0UMSEH,Approved,Tue Mar 03 22:42:44 EST 2015,Tue Mar 03 22:56:12 EST 2015,Query,Search Engine Queries,Location,information retrieval,ontology,emptyanswer,emptyanswer,emptyanswer,emptyanswer,emptyanswer,emptyanswer,emptyanswer,emptyanswer,emptyanswer,emptyanswer,emptyanswer
3S8APUMBJWI4RDXMBG7J0PC49ZFFBP,3FTOP5WARFNMZCD2MS6HKP4Z4BXJ0X,A3H35QRODK1C4K,Approved,Wed Mar 04 10:13:20 EST 2015,Wed Mar 04 10:13:34 EST 2015,handling,location,search,engine,queries,emptyanswer,emptyanswer,emptyanswer,emptyanswer,emptyanswer,emptyanswer,emptyanswer,emptyanswer,emptyanswer,emptyanswer,emptyanswer
3S8APUMBJWI4RDXMBG7J0PC49ZFFBP,3JMSRU9HQITUHXSQBOJF82HXTZIEV3,A3FFZN4FO3Q789,Approved,Wed Mar 04 11:07:55 EST 2015,Wed Mar 04 11:11:26 EST 2015,fairness,fairness,fairness,fairness,fairness,emptyanswer,emptyanswer,emptyanswer,emptyanswer,emptyanswer,emptyanswer,emptyanswer,emptyanswer,emptyanswer,emptyanswer,emptyanswer
3S8APUMBJWI4RDXMBG7J0PC49ZFFBP,3QIYRE09Y3GIPRP5X929R14QINF1NT,A3LUJSAN4DQ1ZT,Approved,Wed Mar 04 11:42:02 EST 2015,Wed Mar 04 11:42:57 EST 2015,handling,locations,CLEF,search engine,effectiveness,emptyanswer,emptyanswer,emptyanswer,emptyanswer,emptyanswer,emptyanswer,emptyanswer,emptyanswer,emptyanswer,emptyanswer,emptyanswer
3S8APUMBJWI4RDXMBG7J0PC49ZFFBP,3U84XHCDICCTYF07NFW5KMI24L04ZT,A17JEL4FN1B9TB,Approved,Wed Mar 04 12:14:03 EST 2015,Wed Mar 04 12:15:48 EST 2015,Handling,Locations,Search,Engine,Queries,geographical,information,retrieval,emptyanswer,emptyanswer,emptyanswer,emptyanswer,emptyanswer,emptyanswer,emptyanswer,emptyanswer
3S8APUMBJWI4RDXMBG7J0PC49ZFFBP,3K772S5NP8APZWX66Z2BT1QOLLRHE2,A2F6ZON8X5EAGL,Approved,Wed Mar 04 16:24:46 EST 2015,Wed Mar 04 16:25:14 EST 2015,Handling Locations in Search Engine Queries,SIMPLE,important,propose,approaches,emptyanswer,emptyanswer,emptyanswer,emptyanswer,emptyanswer,emptyanswer,emptyanswer,emptyanswer,emptyanswer,emptyanswer,emptyanswer
3S8APUMBJWI4RDXMBG7J0PC49ZFFBP,3YT88D1N08XDROIHN0OCN22JMDH3KD,A3OTLWGJFB65KD,Approved,Wed Mar 04 19:30:39 EST 2015,Wed Mar 04 19:30:46 EST 2015,John Legend,John Legend,John Legend,John Legend,John Legend,emptyanswer,emptyanswer,emptyanswer,emptyanswer,emptyanswer,emptyanswer,emptyanswer,emptyanswer,emptyanswer,emptyanswer,emptyanswer
3S8APUMBJWI4RDXMBG7J0PC49ZFFBP,3IAEQB9FMEJ24GEV53DROMIQ0Y1DW5,A3S81UFDOWF2ST,Approved,Wed Mar 04 23:32:41 EST 2015,Wed Mar 04 23:33:21 EST 2015,Search Engine Queries,CLEF,Evaluation experiments,ontology,information retrieval,emptyanswer,emptyanswer,emptyanswer,emptyanswer,emptyanswer,emptyanswer,emptyanswer,emptyanswer,emptyanswer,emptyanswer,emptyanswer
3S8APUMBJWI4RDXMBG7J0PC49ZFFBP,3Z4XG4ZF48Q5CLNUY0YX4DIWYAI8XX,A1QUDNLO95AKS5,Approved,Thu Mar 05 08:55:45 EST 2015,Thu Mar 05 08:56:49 EST 2015,Handling Locations,Search Engine Queries,ontology,CLEF campaigns,search engine queries,emptyanswer,emptyanswer,emptyanswer,emptyanswer,emptyanswer,emptyanswer,emptyanswer,emptyanswer,emptyanswer,emptyanswer,emptyanswer
3S8APUMBJWI4RDXMBG7J0PC49ZFFBP,3FE2ERCCZX73O48JJQDC7MMTBGFOPU,A3I10J1GPDAPQR,Approved,Thu Mar 05 09:35:03 EST 2015,Thu Mar 05 09:36:43 EST 2015,Handling Locations,Search Engine Queries,Evaluation experiments,CLEF campaigns,proposed approaches,emptyanswer,emptyanswer,emptyanswer,emptyanswer,emptyanswer,emptyanswer,emptyanswer,emptyanswer,emptyanswer,emptyanswer,emptyanswer
3S8APUMBJWI4RDXMBG7J0PC49ZFFBP,3UNH76FOCS49XFF8XXUIS9Q0KL4MY8,A3UY2GVCKC8LSL,Approved,Thu Mar 05 10:18:14 EST 2015,Thu Mar 05 10:18:46 EST 2015,handling locations,search engine,querie,disambiguation,clef,emptyanswer,emptyanswer,emptyanswer,emptyanswer,emptyanswer,emptyanswer,emptyanswer,emptyanswer,emptyanswer,emptyanswer,emptyanswer
3S8APUMBJWI4RDXMBG7J0PC49ZFFBP,3TPZPLC3M0BE2FFX0STKJJOIGPN3PI,A1YLO4LT02D2F0,Approved,Thu Mar 05 11:16:05 EST 2015,Thu Mar 05 11:16:52 EST 2015,paper proposes simple techniques,important aspect of geographical information,address not only the detection,propose to use information from documents,the effectiveness of the proposed,emptyanswer,emptyanswer,emptyanswer,emptyanswer,emptyanswer,emptyanswer,emptyanswer,emptyanswer,emptyanswer,emptyanswer,emptyanswer
3S8APUMBJWI4RDXMBG7J0PC49ZFFBP,3I2PTA7R3TT5YPOJLB080AVUW8KKQS,ADUJUZANFOWKW,Approved,Thu Mar 05 16:00:48 EST 2015,Thu Mar 05 16:01:34 EST 2015,references,search,information,retrieval,CLEF,emptyanswer,emptyanswer,emptyanswer,emptyanswer,emptyanswer,emptyanswer,emptyanswer,emptyanswer,emptyanswer,emptyanswer,emptyanswer
3S8APUMBJWI4RDXMBG7J0PC49ZFFBP,39ZSFO5CA8V2FYPIKZK19WS6K4EUJW,A14TK50KH724N6,Approved,Thu Mar 05 19:10:09 EST 2015,Thu Mar 05 19:11:32 EST 2015,Search Engine,Search Engine Queriers,place references,geographical information retrieval,CLEF campaigns,effectiveness,emptyanswer,emptyanswer,emptyanswer,emptyanswer,emptyanswer,emptyanswer,emptyanswer,emptyanswer,emptyanswer,emptyanswer
3S8APUMBJWI4RDXMBG7J0PC49ZFFBP,3UNH76FOCS49XFF8XXUIS9Q0KNKMYS,A3DHYTZ1GPN0T8,Approved,Thu Mar 05 22:11:00 EST 2015,Thu Mar 05 22:11:35 EST 2015,paper,engine queries,geographical information retrieval.,CLEF,Evaluation experiments,emptyanswer,emptyanswer,emptyanswer,emptyanswer,emptyanswer,emptyanswer,emptyanswer,emptyanswer,emptyanswer,emptyanswer,emptyanswer
3S8APUMBJWI4RDXMBG7J0PC49ZFFBP,378XPAWRUCCM5EREWCIAXU1C0OUAIP,A9LA6QK6VCERR,Approved,Fri Mar 06 00:53:34 EST 2015,Fri Mar 06 00:55:48 EST 2015,Search Engine Queries,handling place references,geographical information retrieval,disambiguation of place references,CLEF campaigns,logs from real search engine queries,emptyanswer,emptyanswer,emptyanswer,emptyanswer,emptyanswer,emptyanswer,emptyanswer,emptyanswer,emptyanswer,emptyanswer
3S8APUMBJWI4RDXMBG7J0PC49ZFFBP,3SB5N7Y3O33C8AN1EMLENCCJCPQ0GW,A156E6TWVB7GP7,Approved,Fri Mar 06 00:57:41 EST 2015,Fri Mar 06 00:58:32 EST 2015,techniques,search engine,ontology,geographic scopes,documents,emptyanswer,emptyanswer,emptyanswer,emptyanswer,emptyanswer,emptyanswer,emptyanswer,emptyanswer,emptyanswer,emptyanswer,emptyanswer
3S8APUMBJWI4RDXMBG7J0PC49ZFFBP,3M1CVSFP604ZMCFX9KNJ6WSYRZYAQH,AQXSUU4I4DAH8,Approved,Fri Mar 06 04:26:46 EST 2015,Fri Mar 06 04:30:07 EST 2015,Handling Locations,geographical information retrieval,Search Engine Queries,CLEF,geographic scopes,emptyanswer,emptyanswer,emptyanswer,emptyanswer,emptyanswer,emptyanswer,emptyanswer,emptyanswer,emptyanswer,emptyanswer,emptyanswer
3S8APUMBJWI4RDXMBG7J0PC49ZFFBP,3Z2R0DQ0JHDLK6UONEZ46XKMWA1E2P,A2KELEVTA0306Y,Approved,Fri Mar 06 11:16:59 EST 2015,Fri Mar 06 11:18:52 EST 2015,paper,proposes,simple,techniques,handling,place,references,search,engine,queries,important,geographical,retrieval,disambiguation,concepts,effectiveness
3S8APUMBJWI4RDXMBG7J0PC49ZFFBP,3IHR8NYAM70ZKBY106Y3TOGOUXI4PJ,AWQK8QA93VLW9,Approved,Sat Mar 07 08:43:11 EST 2015,Sat Mar 07 08:44:26 EST 2015,Search Engine Queries,geographical information retrieval,detection,disambiguation,ontology,locations,CLEF campaigns,emptyanswer,emptyanswer,emptyanswer,emptyanswer,emptyanswer,emptyanswer,emptyanswer,emptyanswer,emptyanswer
3S8APUMBJWI4RDXMBG7J0PC49ZFFBP,3UN61F00HWO2S7IGR3L23BMHVB5R57,A2GBY8O6GYSB89,Approved,Sat Mar 07 11:27:56 EST 2015,Sat Mar 07 11:29:22 EST 2015,Locations in Search Engine Queries,simple techniques for handling place references,search engine queries,geographical information retrieval,disambiguation of place references,emptyanswer,emptyanswer,emptyanswer,emptyanswer,emptyanswer,emptyanswer,emptyanswer,emptyanswer,emptyanswer,emptyanswer,emptyanswer
3S8APUMBJWI4RDXMBG7J0PC49ZFFBP,3IFS6Q0HJIIQ5AD8DC41IUVIM17ISD,A38IE69ORDCEGY,Approved,Sun Mar 08 01:12:46 EST 2015,Sun Mar 08 01:14:32 EST 2015,Search engine queries,place references,geographic scopes,CLEF campaigns,disambiguation of location references,emptyanswer,emptyanswer,emptyanswer,emptyanswer,emptyanswer,emptyanswer,emptyanswer,emptyanswer,emptyanswer,emptyanswer,emptyanswer
3S8APUMBJWI4RDXMBG7J0PC49ZFFBP,3Y4W8Q93LZJPPREQFT8V2KZCT03DVL,A1JWEYGDFDB100,Approved,Sun Mar 08 07:52:51 EDT 2015,Sun Mar 08 07:54:02 EDT 2015,Handling Locations,Search Engine Queries,geographical information retrieval,topics from CLEF campaigns and logs,real search engine queries,emptyanswer,emptyanswer,emptyanswer,emptyanswer,emptyanswer,emptyanswer,emptyanswer,emptyanswer,emptyanswer,emptyanswer,emptyanswer
3S8APUMBJWI4RDXMBG7J0PC49ZFFBP,37Q970SNZE7F54HA55JVQVEW5ZI1SQ,A3G4SXD4N30C3L,Approved,Sun Mar 08 15:32:55 EDT 2015,Sun Mar 08 15:33:41 EDT 2015,handling Locations,Search Engine Queries,geographical information retrieval,CLEF campaigns,Evaluation experiments,emptyanswer,emptyanswer,emptyanswer,emptyanswer,emptyanswer,emptyanswer,emptyanswer,emptyanswer,emptyanswer,emptyanswer,emptyanswer
3S8APUMBJWI4RDXMBG7J0PC49ZFFBP,31Q0U3WYDPETM6XIH2LKV4I0IL8176,A156NFBMKKLDL9,Approved,Sun Mar 08 17:12:23 EDT 2015,Sun Mar 08 17:12:54 EDT 2015,Handling Locations,Search Engine Queries,geographical information retrieval,"disambiguation of place references,",concepts at an ontology,emptyanswer,emptyanswer,emptyanswer,emptyanswer,emptyanswer,emptyanswer,emptyanswer,emptyanswer,emptyanswer,emptyanswer,emptyanswer
3S8APUMBJWI4RDXMBG7J0PC49ZFFBP,3F6KKYWMNB0CHM5HD2M4S35Z7YPDNU,A2E2IQ99W6B7AV,Approved,Mon Mar 09 06:19:19 EDT 2015,Mon Mar 09 06:20:28 EDT 2015,Search Engine Queries,Geographical data,Location detection,Data matching,System effectiveness,emptyanswer,emptyanswer,emptyanswer,emptyanswer,emptyanswer,emptyanswer,emptyanswer,emptyanswer,emptyanswer,emptyanswer,emptyanswer
3S8APUMBJWI4RDXMBG7J0PC49ZFFBP,3HPZF4IVNMSWOT3HK804PDLOQJMYCC,A2SZAM3EZER2PH,Approved,Mon Mar 09 07:26:00 EDT 2015,Mon Mar 09 07:27:23 EDT 2015,This paper proposes,geographical information retrieval,information from documents,matching the query,the proposed approaches.,emptyanswer,emptyanswer,emptyanswer,emptyanswer,emptyanswer,emptyanswer,emptyanswer,emptyanswer,emptyanswer,emptyanswer,emptyanswer
3S8APUMBJWI4RDXMBG7J0PC49ZFFBP,308Q0PEVB8C80VH9464A1ZQSUF59IK,A1PXJWCNRYCBS5,Approved,Mon Mar 09 17:13:38 EDT 2015,Mon Mar 09 17:15:00 EDT 2015,Locations in Search Engine Queries,Important aspect of geographical information retrieval,CLEF campaigns,disambiguation of place references,exploting geographic scopes,emptyanswer,emptyanswer,emptyanswer,emptyanswer,emptyanswer,emptyanswer,emptyanswer,emptyanswer,emptyanswer,emptyanswer,emptyanswer
3S8APUMBJWI4RDXMBG7J0PC49ZFFBP,3R2PKQ87NW7N7F03TF8F6LWCUEEMIY,ACYGMRGAZ22U7,Approved,Mon Mar 09 18:04:58 EDT 2015,Mon Mar 09 18:05:04 EDT 2015,Keyword/Keyphrase 1:,Keyword/Keyphrase 1:,Keyword/Keyphrase 1:,Keyword/Keyphrase 1:,Keyword/Keyphrase 1:,emptyanswer,emptyanswer,emptyanswer,emptyanswer,emptyanswer,emptyanswer,emptyanswer,emptyanswer,emptyanswer,emptyanswer,emptyanswer
3S8APUMBJWI4RDXMBG7J0PC49ZFFBP,3AZHRG4CU4JBEYBDJ7EU4INA8U230S,A2TZF8C4RUNPMX,Approved,Mon Mar 09 22:31:49 EDT 2015,Mon Mar 09 22:33:31 EDT 2015,Search Engine Queries,ontology.,CLEF campaigns and logs,Handling Locations,geographic scopes,emptyanswer,emptyanswer,emptyanswer,emptyanswer,emptyanswer,emptyanswer,emptyanswer,emptyanswer,emptyanswer,emptyanswer,emptyanswer
3S8APUMBJWI4RDXMBG7J0PC49ZFFBP,3C6FJU71TQSSANKH6ZL4JJ7UXKJYUE,APEB5ERGCYP6D,Approved,Tue Mar 10 03:01:42 EDT 2015,Tue Mar 10 03:27:07 EDT 2015,paper proposes simple techniques for handling place references,important aspect of geographical information retrieval,exploiting geographic scopes previously assigned,show the effectiveness of the proposed approaches,using topics from CLEF campaigns and logs,emptyanswer,emptyanswer,emptyanswer,emptyanswer,emptyanswer,emptyanswer,emptyanswer,emptyanswer,emptyanswer,emptyanswer,emptyanswer
3S8APUMBJWI4RDXMBG7J0PC49ZFFBP,3H7XDTSHKCQ5G0OM7TEZU7LND5XWG8,AW36CVMS3526O,Approved,Tue Mar 10 14:37:37 EDT 2015,Tue Mar 10 14:38:44 EDT 2015,Locations,techniques,geographical,campaigns,approaches,emptyanswer,emptyanswer,emptyanswer,emptyanswer,emptyanswer,emptyanswer,emptyanswer,emptyanswer,emptyanswer,emptyanswer,emptyanswer
3S8APUMBJWI4RDXMBG7J0PC49ZFFBP,3LO69W1SU3CP56CN3F7XLW47FZLLGY,A5UZTMO507YXX,Approved,Tue Mar 10 22:56:36 EDT 2015,Tue Mar 10 22:57:05 EDT 2015,Locations,Search Engine,Queries,information retrieval,place references,emptyanswer,emptyanswer,emptyanswer,emptyanswer,emptyanswer,emptyanswer,emptyanswer,emptyanswer,emptyanswer,emptyanswer,emptyanswer
3S8APUMBJWI4RDXMBG7J0PC49ZFFBP,34T446B1C0DZRY7WC0PVXLR4E9NC0B,A3K6BSW10S4YKJ,Approved,Wed Mar 11 00:25:39 EDT 2015,Wed Mar 11 00:26:32 EDT 2015,techniques for handling place references,geographical information retrieval,disambiguation of place references,ontology,CLEF campaigns,emptyanswer,emptyanswer,emptyanswer,emptyanswer,emptyanswer,emptyanswer,emptyanswer,emptyanswer,emptyanswer,emptyanswer,emptyanswer
3S8APUMBJWI4RDXMBG7J0PC49ZFFBP,3WYGZ5XF3WEHB53WDFPDVAAVEAPKST,ATRHDYWCIYTDJ,Approved,Wed Mar 11 04:32:17 EDT 2015,Wed Mar 11 04:32:32 EDT 2015,techniques,references,concepts,documents,using,emptyanswer,emptyanswer,emptyanswer,emptyanswer,emptyanswer,emptyanswer,emptyanswer,emptyanswer,emptyanswer,emptyanswer,emptyanswer
3S8APUMBJWI4RDXMBG7J0PC49ZFFBP,3U5NZHP4LR1TWNMWFDIMNDPSZAMPHO,A3CMDYA9USA3MR,Approved,Wed Mar 11 07:38:37 EDT 2015,Wed Mar 11 07:38:48 EDT 2015,proposes,handling,search,queries,aspect,emptyanswer,emptyanswer,emptyanswer,emptyanswer,emptyanswer,emptyanswer,emptyanswer,emptyanswer,emptyanswer,emptyanswer,emptyanswer
3S8APUMBJWI4RDXMBG7J0PC49ZFFBP,3O7L7BFSHEOPVR8QCHKWTDR3LGBEIX,A28IXE702NXWKQ,Approved,Wed Mar 11 14:48:49 EDT 2015,Wed Mar 11 14:49:49 EDT 2015,This paper proposes simple techniques,handling place references,"Moreover, when a query does not reference",exploiting geographic scopes previously,Evaluation experiments,emptyanswer,emptyanswer,emptyanswer,emptyanswer,emptyanswer,emptyanswer,emptyanswer,emptyanswer,emptyanswer,emptyanswer,emptyanswer
3S8APUMBJWI4RDXMBG7J0PC49ZFFBP,3MH9DQ757WBSOWZHCTZYCJ0QSRIUG7,ANB69EQROUTQJ,Approved,Wed Mar 11 16:53:21 EDT 2015,Wed Mar 11 16:54:45 EDT 2015,locations,search engine queries,geographical information retrieval,disambiguation of place references,ontology,exploiting geographic scopes,emptyanswer,emptyanswer,emptyanswer,emptyanswer,emptyanswer,emptyanswer,emptyanswer,emptyanswer,emptyanswer,emptyanswer
3S8APUMBJWI4RDXMBG7J0PC49ZFFBP,3MD9PLUKKIDFKNAD5KB1JVO2WMUZNN,A2KS418T8MPLJH,Approved,Thu Mar 12 11:17:57 EDT 2015,Thu Mar 12 11:19:05 EDT 2015,"This paper proposes simple techniques for handling place references in search engine queries,",an important aspect of geographical information retrieval,"We address not only the detection, but also the disambiguation of place references",when a query does not reference any locations,"Evaluation experiments, using topics from CLEF campaigns and logs from real search engine queries, show the effectiveness of the proposed approaches.",emptyanswer,emptyanswer,emptyanswer,emptyanswer,emptyanswer,emptyanswer,emptyanswer,emptyanswer,emptyanswer,emptyanswer,emptyanswer
3S8APUMBJWI4RDXMBG7J0PC49ZFFBP,3CN4LGXD5XNTTPQ2RTUM6F90ZBYY43,AM1HY736BY3Z8,Approved,Thu Mar 12 13:15:51 EDT 2015,Thu Mar 12 13:16:47 EDT 2015,Handling Locations in Search Engine Queries,"This paper proposes simple techniques for handling place references in search engine queries, an important aspect of geographical information retrieval.","Moreover, when a query does not reference any locations, we propose to use information from documents matching the query, exploiting geographic scopes previously assigned to these documents.","Evaluation experiments, using topics from CLEF campaigns and logs from real search engine queries,",the effectiveness of the proposed approaches.,emptyanswer,emptyanswer,emptyanswer,emptyanswer,emptyanswer,emptyanswer,emptyanswer,emptyanswer,emptyanswer,emptyanswer,emptyanswer
3S8APUMBJWI4RDXMBG7J0PC49ZFFBP,3CFJTT4SXTP4MCTGP96QN3ZM0VTI76,AU3WQKISBW5MZ,Approved,Thu Mar 12 14:40:28 EDT 2015,Thu Mar 12 14:40:37 EDT 2015,"This paper proposes simple techniques for handling place references in search engine queries, an important aspect of geographical information retrieval. We address not only the detection, but also the disambiguation of place references, by matching them explicitly with concepts at an ontology. Moreover, when a query does not reference any locations, we propose to use information from documents matching the query, exploiting geographic scopes previously assigned to these documents. Evaluation experiments, using topics from CLEF campaigns and logs from real search engine queries, show the effectiveness of the proposed approaches.","This paper proposes simple techniques for handling place references in search engine queries, an important aspect of geographical information retrieval. We address not only the detection, but also the disambiguation of place references, by matching them explicitly with concepts at an ontology. Moreover, when a query does not reference any locations, we propose to use information from documents matching the query, exploiting geographic scopes previously assigned to these documents. Evaluation experiments, using topics from CLEF campaigns and logs from real search engine queries, show the effectiveness of the proposed approaches.","This paper proposes simple techniques for handling place references in search engine queries, an important aspect of geographical information retrieval. We address not only the detection, but also the disambiguation of place references, by matching them explicitly with concepts at an ontology. Moreover, when a query does not reference any locations, we propose to use information from documents matching the query, exploiting geographic scopes previously assigned to these documents. Evaluation experiments, using topics from CLEF campaigns and logs from real search engine queries, show the effectiveness of the proposed approaches.","This paper proposes simple techniques for handling place references in search engine queries, an important aspect of geographical information retrieval. We address not only the detection, but also the disambiguation of place references, by matching them explicitly with concepts at an ontology. Moreover, when a query does not reference any locations, we propose to use information from documents matching the query, exploiting geographic scopes previously assigned to these documents. Evaluation experiments, using topics from CLEF campaigns and logs from real search engine queries, show the effectiveness of the proposed approaches.","This paper proposes simple techniques for handling place references in search engine queries, an important aspect of geographical information retrieval. We address not only the detection, but also the disambiguation of place references, by matching them explicitly with concepts at an ontology. Moreover, when a query does not reference any locations, we propose to use information from documents matching the query, exploiting geographic scopes previously assigned to these documents. Evaluation experiments, using topics from CLEF campaigns and logs from real search engine queries, show the effectiveness of the proposed approaches.",emptyanswer,emptyanswer,emptyanswer,emptyanswer,emptyanswer,emptyanswer,emptyanswer,emptyanswer,emptyanswer,emptyanswer,emptyanswer
3S8APUMBJWI4RDXMBG7J0PC49ZFFBP,3U088ZLJVKS85WD1TRPW9FY77SRW0X,A2SDTL2V8VJ25O,Approved,Thu Mar 12 18:04:00 EDT 2015,Thu Mar 12 18:04:30 EDT 2015,Handling,Locations,Search,Queries,effectiveness,emptyanswer,emptyanswer,emptyanswer,emptyanswer,emptyanswer,emptyanswer,emptyanswer,emptyanswer,emptyanswer,emptyanswer,emptyanswer
3S8APUMBJWI4RDXMBG7J0PC49ZFFBP,3R0T90IZ1SBW22IHQ2EYIDEKMTZCG8,ADVZAZ12Z8N9J,Approved,Thu Mar 12 18:23:48 EDT 2015,Thu Mar 12 18:26:34 EDT 2015,"This paper proposes simple techniques for handling place references in search engine queries, an important aspect of geographical information retrieval.",N/A,N/A,N/A,N/A,emptyanswer,emptyanswer,emptyanswer,emptyanswer,emptyanswer,emptyanswer,emptyanswer,emptyanswer,emptyanswer,emptyanswer,emptyanswer
3S8APUMBJWI4RDXMBG7J0PC49ZFFBP,3I2PTA7R3TT5YPOJLB080AVUXQKKQT,A2UNRV6PEOEXG0,Approved,Fri Mar 13 14:29:53 EDT 2015,Fri Mar 13 14:47:30 EDT 2015,Search engine queries,place references,CLEF campaigns,detection,geographic scops,emptyanswer,emptyanswer,emptyanswer,emptyanswer,emptyanswer,emptyanswer,emptyanswer,emptyanswer,emptyanswer,emptyanswer,emptyanswer
3S8APUMBJWI4RDXMBG7J0PC49ZFFBP,3FPRZHYEPY6R7ZCTM42JPBD03XEV3Q,A3DTN2OMF6DUSI,Approved,Fri Mar 13 22:37:56 EDT 2015,Fri Mar 13 22:38:28 EDT 2015,Locations,Search Engine,Queries,place references,geographic scopes,emptyanswer,emptyanswer,emptyanswer,emptyanswer,emptyanswer,emptyanswer,emptyanswer,emptyanswer,emptyanswer,emptyanswer,emptyanswer
3S8APUMBJWI4RDXMBG7J0PC49ZFFBP,38F5OAUN5NB4QHIWJRO5NRY70MO7HK,A610SH5RY1NG1,Approved,Sat Mar 14 06:34:53 EDT 2015,Sat Mar 14 06:35:25 EDT 2015,Search Engine Queries,information retrieval,search engine,documents,query,emptyanswer,emptyanswer,emptyanswer,emptyanswer,emptyanswer,emptyanswer,emptyanswer,emptyanswer,emptyanswer,emptyanswer,emptyanswer
3S8APUMBJWI4RDXMBG7J0PC49ZFFBP,3X31TUMD7XLS1RMKLWMUE901EHHL1S,A2Z9HR2IBD75R9,Approved,Sat Mar 14 09:22:35 EDT 2015,Sat Mar 14 09:22:52 EDT 2015,CLEF,campaigns,queries,Search Engine Queries,Locations,emptyanswer,emptyanswer,emptyanswer,emptyanswer,emptyanswer,emptyanswer,emptyanswer,emptyanswer,emptyanswer,emptyanswer,emptyanswer
3S8APUMBJWI4RDXMBG7J0PC49ZFFBP,3DZQRBDBSLEBF7VPS9XEEOTT4W13SG,AH3ER3EJXHRO2,Approved,Sat Mar 14 16:20:06 EDT 2015,Sat Mar 14 16:20:38 EDT 2015,locations,search engine queries,geographical information retrieval,ontology,geographic scopes,emptyanswer,emptyanswer,emptyanswer,emptyanswer,emptyanswer,emptyanswer,emptyanswer,emptyanswer,emptyanswer,emptyanswer,emptyanswer
3S8APUMBJWI4RDXMBG7J0PC49ZFFBP,3SEPORI8WNY804GOWG6WXP42XLSZAC,A1GK9ZI7T30X9Z,Approved,Sat Mar 14 16:32:41 EDT 2015,Sat Mar 14 16:34:13 EDT 2015,Locations,Search Engine,Queries,Ontology,CLEF campaigns,geographic scopes,disambiguation of place,geographical information retrieval,emptyanswer,emptyanswer,emptyanswer,emptyanswer,emptyanswer,emptyanswer,emptyanswer,emptyanswer
3S8APUMBJWI4RDXMBG7J0PC49ZFFBP,317HQ483I7RTPXL35GNFJ0LC0FRNIP,AWFQ7OX0UPSM5,Approved,Sat Mar 14 16:58:28 EDT 2015,Sat Mar 14 16:59:14 EDT 2015,Search Engine Queries,place references,geographical information retrieval,disambiguation of place references,concepts at an ontology,emptyanswer,emptyanswer,emptyanswer,emptyanswer,emptyanswer,emptyanswer,emptyanswer,emptyanswer,emptyanswer,emptyanswer,emptyanswer
3S8APUMBJWI4RDXMBG7J0PC49ZFFBP,3EJJQNKU9R4E802BS5MBS8P71Z5HRI,A2EEL9YYUHL5SK,Approved,Sat Mar 14 18:45:42 EDT 2015,Sat Mar 14 18:55:37 EDT 2015,Handling Locations,Search Engine Queries,geographical information retrieval,place references,ontology,emptyanswer,emptyanswer,emptyanswer,emptyanswer,emptyanswer,emptyanswer,emptyanswer,emptyanswer,emptyanswer,emptyanswer,emptyanswer
3S8APUMBJWI4RDXMBG7J0PC49ZFFBP,3RXPCZQMQPACFZ8JA5PE1HVTI211GC,A29ZV4XJB7R1O,Approved,Sat Mar 14 19:46:57 EDT 2015,Sat Mar 14 19:48:11 EDT 2015,Techinque,Search Engine,Query,Queries,Location,CLEF,emptyanswer,emptyanswer,emptyanswer,emptyanswer,emptyanswer,emptyanswer,emptyanswer,emptyanswer,emptyanswer,emptyanswer
3S8APUMBJWI4RDXMBG7J0PC49ZFFBP,3S4AW7T80BH9TQJ38E5WC774Q3Y4LZ,A3LV5FJGIHFQ94,Approved,Sat Mar 14 20:07:54 EDT 2015,Sat Mar 14 20:09:49 EDT 2015,techniques,search,location,ontology,document,query,emptyanswer,emptyanswer,emptyanswer,emptyanswer,emptyanswer,emptyanswer,emptyanswer,emptyanswer,emptyanswer,emptyanswer
3S8APUMBJWI4RDXMBG7J0PC49ZFFBP,345LHZDEDXRRUKNTHESETPBHPU13UD,A1G94QON7A9K0N,Approved,Sat Mar 14 21:00:47 EDT 2015,Sat Mar 14 21:01:11 EDT 2015,search,queries,geographic,documents,engine,emptyanswer,emptyanswer,emptyanswer,emptyanswer,emptyanswer,emptyanswer,emptyanswer,emptyanswer,emptyanswer,emptyanswer,emptyanswer
3S8APUMBJWI4RDXMBG7J0PC49ZFFBP,3LRLIPTPEQ8DB9H2WF3MAAGPTDVKAT,A2TM0CPAMAO45B,Approved,Sat Mar 14 21:01:43 EDT 2015,Sat Mar 14 21:02:29 EDT 2015,Search Engines,place references,queries,geographic location,CLEF,emptyanswer,emptyanswer,emptyanswer,emptyanswer,emptyanswer,emptyanswer,emptyanswer,emptyanswer,emptyanswer,emptyanswer,emptyanswer
3S8APUMBJWI4RDXMBG7J0PC49ZFFBP,3QIYRE09Y3GIPRP5X929R14QJEY1NV,ACVJ6IUO9QM4R,Approved,Sat Mar 14 21:47:34 EDT 2015,Sat Mar 14 21:49:21 EDT 2015,search engine queries,Evaluation experiments,geographic scopes,real search engine queries,proposed approaches,emptyanswer,emptyanswer,emptyanswer,emptyanswer,emptyanswer,emptyanswer,emptyanswer,emptyanswer,emptyanswer,emptyanswer,emptyanswer
3S8APUMBJWI4RDXMBG7J0PC49ZFFBP,3VHHR074H3G6CD1MAC33FJREH5Z7LX,A9VLWY4KW6OCB,Approved,Sat Mar 14 21:45:57 EDT 2015,Sat Mar 14 22:10:55 EDT 2015,Handling,Locations,Search,Queries,CLEF,emptyanswer,emptyanswer,emptyanswer,emptyanswer,emptyanswer,emptyanswer,emptyanswer,emptyanswer,emptyanswer,emptyanswer,emptyanswer
3S8APUMBJWI4RDXMBG7J0PC49ZFFBP,3VAR3R6G1P0IIC92X9B1L0R3NUD8O5,AYSAS2T3FXW40,Approved,Sat Mar 14 23:32:57 EDT 2015,Sat Mar 14 23:34:55 EDT 2015,geographical information,ontology,geographic scopes,CLEF campaigns,search engine queries,emptyanswer,emptyanswer,emptyanswer,emptyanswer,emptyanswer,emptyanswer,emptyanswer,emptyanswer,emptyanswer,emptyanswer,emptyanswer
3S8APUMBJWI4RDXMBG7J0PC49ZFFBP,36W0OB37HWDNARO22MGOEBR6AH7ZHE,A1BV5YY1UQCMZY,Approved,Sun Mar 15 00:37:53 EDT 2015,Sun Mar 15 00:38:31 EDT 2015,search engine queries,handling locations,clef,simple techniques,disambiugation,ontology,emptyanswer,emptyanswer,emptyanswer,emptyanswer,emptyanswer,emptyanswer,emptyanswer,emptyanswer,emptyanswer,emptyanswer
