HitId,AssignmentId,WorkerId,Status,AcceptTime,SubmitTime,Answer 1,Answer 2,Answer 3,Answer 4,Answer 5,Answer 6,Answer 7,Answer 8,Answer 9,Answer 10,Answer 11,Answer 12,Answer 13,Answer 14,Answer 15,Answer 16
3SV8KD29L3RBPXSGI5EJ2KBC8YHZKG,3X65QVEQI0MCOUWI1TBEV5JSHLDLC0,A1XRIEYLA7ZJ3B,Approved,Mon Mar 02 13:34:43 EST 2015,Mon Mar 02 13:39:41 EST 2015,Network Monitors,Contracting Systems,Competition and Innovation,resistance to evolution,greater commoditization,primitive system of contracts,align incentives,network's lack of accountability,undamental obstacle,optimal routes and innovation,new monitoring capability,emptyanswer,emptyanswer,emptyanswer,emptyanswer,emptyanswer
3SV8KD29L3RBPXSGI5EJ2KBC8YHZKG,3DZQRBDBSLEBF7VPS9XEEOTT33B3S3,A22R7DT2XQIKXV,Approved,Mon Mar 02 14:24:07 EST 2015,Mon Mar 02 14:24:13 EST 2015,aa,aa,aa,aa,aa,emptyanswer,emptyanswer,emptyanswer,emptyanswer,emptyanswer,emptyanswer,emptyanswer,emptyanswer,emptyanswer,emptyanswer,emptyanswer
3SV8KD29L3RBPXSGI5EJ2KBC8YHZKG,3EQHHY4HQSRB3H92BSRQ478ATOAG5O,A1W7BQWWGKJ3XF,Approved,Mon Mar 02 15:29:01 EST 2015,Mon Mar 02 15:32:00 EST 2015,Network Monitors,Contracting Systems,Competition,Innovation,commoditization,monitoring,evolution,emptyanswer,emptyanswer,emptyanswer,emptyanswer,emptyanswer,emptyanswer,emptyanswer,emptyanswer,emptyanswer
3SV8KD29L3RBPXSGI5EJ2KBC8YHZKG,3NQL1CS15R7SN29HBPV9F59DB83VY9,A28O0LXEATB5XE,Approved,Mon Mar 02 15:58:12 EST 2015,Mon Mar 02 16:00:04 EST 2015,resistance to evolution,commoditization,economic model,monitoring capability,support first-best routing,innovation characteristics,emptyanswer,emptyanswer,emptyanswer,emptyanswer,emptyanswer,emptyanswer,emptyanswer,emptyanswer,emptyanswer,emptyanswer
3SV8KD29L3RBPXSGI5EJ2KBC8YHZKG,3Q5C1WP23M0EZ2JZT96NXK44RZD51Z,A2R085B34P2LYS,Approved,Mon Mar 02 22:45:12 EST 2015,Mon Mar 02 22:53:43 EST 2015,Network,Monitors,Contracting,Systems,Competition,emptyanswer,emptyanswer,emptyanswer,emptyanswer,emptyanswer,emptyanswer,emptyanswer,emptyanswer,emptyanswer,emptyanswer,emptyanswer
3SV8KD29L3RBPXSGI5EJ2KBC8YHZKG,31JLPPHS2UTWHF3WLSG5UJJS6EYO3H,A2YW509B0UMSEH,Approved,Mon Mar 02 23:55:04 EST 2015,Mon Mar 02 23:56:21 EST 2015,Internet,pathologies,Network Monitoring,protocol,Innovation,emptyanswer,emptyanswer,emptyanswer,emptyanswer,emptyanswer,emptyanswer,emptyanswer,emptyanswer,emptyanswer,emptyanswer,emptyanswer
3SV8KD29L3RBPXSGI5EJ2KBC8YHZKG,3LUY3GC63ZZW3YGK24WAW00YLM27PA,A3ODG942FG22PJ,Approved,Tue Mar 03 08:55:37 EST 2015,Tue Mar 03 08:55:54 EST 2015,Network,Monitors,Systems,Competition,Innovation,na,na,na,na,na,na,na,na,na,na,na
3SV8KD29L3RBPXSGI5EJ2KBC8YHZKG,3137ONMDKG4BZ02VMTKT81EN6IKEG0,A1B5NXRZQYRC4R,Approved,Tue Mar 03 08:57:56 EST 2015,Tue Mar 03 08:58:22 EST 2015,network,monitors,contracting,systems,competition,innovation,emptyanswer,emptyanswer,emptyanswer,emptyanswer,emptyanswer,emptyanswer,emptyanswer,emptyanswer,emptyanswer,emptyanswer
3SV8KD29L3RBPXSGI5EJ2KBC8YHZKG,3TOK3KHVJTHEIY4JN4JV70V8BHA7OX,A27I79P03I0ZPO,Approved,Tue Mar 03 10:08:17 EST 2015,Tue Mar 03 10:10:18 EST 2015,Monitors,Contracting,Employing,Competition,Innovation,emptyanswer,emptyanswer,emptyanswer,emptyanswer,emptyanswer,emptyanswer,emptyanswer,emptyanswer,emptyanswer,emptyanswer,emptyanswer
3SV8KD29L3RBPXSGI5EJ2KBC8YHZKG,3N4BPTXIO8RXQIV02KKDABSJZN0KUV,A26M2B8NZVKWTZ,Approved,Tue Mar 03 11:02:48 EST 2015,Tue Mar 03 11:03:37 EST 2015,Contracting,Systems,Network,Monitors,Innovation,emptyanswer,emptyanswer,emptyanswer,emptyanswer,emptyanswer,emptyanswer,emptyanswer,emptyanswer,emptyanswer,emptyanswer,emptyanswer
3SV8KD29L3RBPXSGI5EJ2KBC8YHZKG,36NEMU28XFC58AK8IWCU7C5K99PMWM,A9HQ3E0F2AGVO,Approved,Tue Mar 03 18:01:01 EST 2015,Tue Mar 03 18:21:37 EST 2015,Internet,resistance to evolution,greater commoditization,accountability,theoretical framework,emptyanswer,emptyanswer,emptyanswer,emptyanswer,emptyanswer,emptyanswer,emptyanswer,emptyanswer,emptyanswer,emptyanswer,emptyanswer
3SV8KD29L3RBPXSGI5EJ2KBC8YHZKG,3S4AW7T80BH9TQJ38E5WC774PCY4LG,A3LUJSAN4DQ1ZT,Approved,Wed Mar 04 02:19:26 EST 2015,Wed Mar 04 02:20:26 EST 2015,Internet industry,pathologies,destructive,ISP,economic,protocol,theoretical framework,emptyanswer,emptyanswer,emptyanswer,emptyanswer,emptyanswer,emptyanswer,emptyanswer,emptyanswer,emptyanswer
3SV8KD29L3RBPXSGI5EJ2KBC8YHZKG,3R9WASFE2ZF3WVXW7WSOBQFTTB0FZJ,A3H35QRODK1C4K,Approved,Wed Mar 04 10:25:03 EST 2015,Wed Mar 04 10:25:24 EST 2015,network,monitors,contracting,systems,competition,emptyanswer,emptyanswer,emptyanswer,emptyanswer,emptyanswer,emptyanswer,emptyanswer,emptyanswer,emptyanswer,emptyanswer,emptyanswer
3SV8KD29L3RBPXSGI5EJ2KBC8YHZKG,3M1CVSFP604ZMCFX9KNJ6WSYRS4QAP,A3FFZN4FO3Q789,Approved,Wed Mar 04 10:52:20 EST 2015,Wed Mar 04 10:58:57 EST 2015,preliminary,preliminary,preliminary,preliminary,preliminary,emptyanswer,emptyanswer,emptyanswer,emptyanswer,emptyanswer,emptyanswer,emptyanswer,emptyanswer,emptyanswer,emptyanswer,emptyanswer
3SV8KD29L3RBPXSGI5EJ2KBC8YHZKG,323Q6SJS8IFH5AX21AMHBJBOXM3FHF,A2F6ZON8X5EAGL,Approved,Wed Mar 04 15:34:04 EST 2015,Wed Mar 04 15:34:43 EST 2015,Network Monitors and Contracting Systems: Competition and Innovation,internet,evolution,properly,innovation,emptyanswer,emptyanswer,emptyanswer,emptyanswer,emptyanswer,emptyanswer,emptyanswer,emptyanswer,emptyanswer,emptyanswer,emptyanswer
3SV8KD29L3RBPXSGI5EJ2KBC8YHZKG,3WR9XG3T63AAE5U14K4MT2P3UTB74U,A3OTLWGJFB65KD,Approved,Wed Mar 04 19:18:58 EST 2015,Wed Mar 04 19:19:11 EST 2015,nothing,nothing,nothing,nothing,nothing,emptyanswer,emptyanswer,emptyanswer,emptyanswer,emptyanswer,emptyanswer,emptyanswer,emptyanswer,emptyanswer,emptyanswer,emptyanswer
3SV8KD29L3RBPXSGI5EJ2KBC8YHZKG,35L9RVQFCOH6OSUSWZHGXJCR799HU7,A3S81UFDOWF2ST,Approved,Wed Mar 04 22:08:18 EST 2015,Wed Mar 04 22:09:12 EST 2015,Network Monitors and Contracting Systems,Internet industry,resistance to evolution,ISPs,accountability,emptyanswer,emptyanswer,emptyanswer,emptyanswer,emptyanswer,emptyanswer,emptyanswer,emptyanswer,emptyanswer,emptyanswer,emptyanswer
3SV8KD29L3RBPXSGI5EJ2KBC8YHZKG,33FBRBDW6OYH9NCZ742AQ0XMXRZ8CY,A2KEOU752LUBZC,Approved,Thu Mar 05 02:00:51 EST 2015,Thu Mar 05 02:16:51 EST 2015,Internet industry,well-known pathologies,none is as destructive,resistance to evolution,introducing new services,ISPs  moving towards greater commoditization,does not align incentives properly,network's lack of accountability,fundamental obstacle to correcting problem,Employing an economic model,impossible unless new monitoring capability,incorporated with the contracting system,best routing and innovation characteristics,not constitute a new protocol,provide practical and specific guidance,theoretical framework
3SV8KD29L3RBPXSGI5EJ2KBC8YHZKG,3HMIGG0U4L5UCQD43WKZNRP50GC8Y3,A3I10J1GPDAPQR,Approved,Thu Mar 05 08:56:09 EST 2015,Thu Mar 05 08:57:31 EST 2015,Network Monitors,Contracting Systems,Competition and Innovation,theoretical framework,economic model,emptyanswer,emptyanswer,emptyanswer,emptyanswer,emptyanswer,emptyanswer,emptyanswer,emptyanswer,emptyanswer,emptyanswer,emptyanswer
3SV8KD29L3RBPXSGI5EJ2KBC8YHZKG,30BUDKLTXDUDJ3DB5X1244NYGEA5EN,A3UY2GVCKC8LSL,Approved,Thu Mar 05 10:21:43 EST 2015,Thu Mar 05 10:22:05 EST 2015,network monitor,contracting system,competition,innovation,theoretical framework,emptyanswer,emptyanswer,emptyanswer,emptyanswer,emptyanswer,emptyanswer,emptyanswer,emptyanswer,emptyanswer,emptyanswer,emptyanswer
3SV8KD29L3RBPXSGI5EJ2KBC8YHZKG,3ZAZR5XV01HWTJDMGU2N3KUQW16ZCW,A1YLO4LT02D2F0,Approved,Thu Mar 05 10:59:21 EST 2015,Thu Mar 05 11:02:51 EST 2015,Internet industry suffers from several well-known pathologies,Rather than introducing new services,the network's lack of accountability,presently moving towards greater commoditization.,routes and innovation are impossible,emptyanswer,emptyanswer,emptyanswer,emptyanswer,emptyanswer,emptyanswer,emptyanswer,emptyanswer,emptyanswer,emptyanswer,emptyanswer
3SV8KD29L3RBPXSGI5EJ2KBC8YHZKG,31N2WW6R9RP2B2Q3MPXF7PAEEJ1F3S,A1QUDNLO95AKS5,Approved,Thu Mar 05 11:51:14 EST 2015,Thu Mar 05 11:51:35 EST 2015,Network Monitors,Contracting Systems,Competition and Innovation,economic model,influence innovation,emptyanswer,emptyanswer,emptyanswer,emptyanswer,emptyanswer,emptyanswer,emptyanswer,emptyanswer,emptyanswer,emptyanswer,emptyanswer
3SV8KD29L3RBPXSGI5EJ2KBC8YHZKG,32EYX73OY08JDM8VS4TABNEXUK1RUC,A3DHYTZ1GPN0T8,Approved,Thu Mar 05 12:40:07 EST 2015,Thu Mar 05 12:41:28 EST 2015,Internet,pathologies,ISPs,network,innovation,emptyanswer,emptyanswer,emptyanswer,emptyanswer,emptyanswer,emptyanswer,emptyanswer,emptyanswer,emptyanswer,emptyanswer,emptyanswer
3SV8KD29L3RBPXSGI5EJ2KBC8YHZKG,3LRKMWOKB5GJV1LKJ1DHR7L4KA6Z20,A9LA6QK6VCERR,Approved,Thu Mar 05 13:42:23 EST 2015,Thu Mar 05 13:44:07 EST 2015,Network Monitors,greater commoditization,optimal routes and innovation,monitoring capability,theoretical framework,emptyanswer,emptyanswer,emptyanswer,emptyanswer,emptyanswer,emptyanswer,emptyanswer,emptyanswer,emptyanswer,emptyanswer,emptyanswer
3SV8KD29L3RBPXSGI5EJ2KBC8YHZKG,3PS7W85Z8Z1Y99XKYI3EF6S15L1T9F,AQXSUU4I4DAH8,Approved,Thu Mar 05 14:42:29 EST 2015,Thu Mar 05 14:43:03 EST 2015,long term as its resistance to evolution,Network Monitors and Contracting System,Competition and Innovation,Employing an economic model,theoretical framework,emptyanswer,emptyanswer,emptyanswer,emptyanswer,emptyanswer,emptyanswer,emptyanswer,emptyanswer,emptyanswer,emptyanswer,emptyanswer
3SV8KD29L3RBPXSGI5EJ2KBC8YHZKG,3U0SRXB7CD46IWOMV3HOXSM3MPQNR0,A5UZTMO507YXX,Approved,Thu Mar 05 15:42:20 EST 2015,Thu Mar 05 15:42:51 EST 2015,Network monitors,contracting systems,competition,innovation,Internet Industry,ISP,emptyanswer,emptyanswer,emptyanswer,emptyanswer,emptyanswer,emptyanswer,emptyanswer,emptyanswer,emptyanswer,emptyanswer
3SV8KD29L3RBPXSGI5EJ2KBC8YHZKG,3DR23U6WE5DF45O16TJ07KTCWINETG,A2SDTL2V8VJ25O,Approved,Thu Mar 05 15:58:47 EST 2015,Thu Mar 05 15:59:43 EST 2015,Competition,Innovation,Monitors,Contracting,theoretical,emptyanswer,emptyanswer,emptyanswer,emptyanswer,emptyanswer,emptyanswer,emptyanswer,emptyanswer,emptyanswer,emptyanswer,emptyanswer
3SV8KD29L3RBPXSGI5EJ2KBC8YHZKG,3I7DHKZYGNZ5PHD708L8MM8YSHR5FB,ADUJUZANFOWKW,Approved,Thu Mar 05 20:49:26 EST 2015,Thu Mar 05 20:50:10 EST 2015,network,contracting,routing,pathologies,system,emptyanswer,emptyanswer,emptyanswer,emptyanswer,emptyanswer,emptyanswer,emptyanswer,emptyanswer,emptyanswer,emptyanswer,emptyanswer
3SV8KD29L3RBPXSGI5EJ2KBC8YHZKG,3QXNC7EIPIUXT00T0GF4VVQW8EX09B,A3G4SXD4N30C3L,Approved,Fri Mar 06 10:38:50 EST 2015,Fri Mar 06 10:39:46 EST 2015,Network Monitors,Contracting Systems,Competition and Innovation,commoditization,first-best routing,monitoring systems,emptyanswer,emptyanswer,emptyanswer,emptyanswer,emptyanswer,emptyanswer,emptyanswer,emptyanswer,emptyanswer,emptyanswer
3SV8KD29L3RBPXSGI5EJ2KBC8YHZKG,3RYC5T2D73S6LH0ZBIUG1HRYM9IPRZ,A2KELEVTA0306Y,Approved,Fri Mar 06 11:15:24 EST 2015,Fri Mar 06 11:16:58 EST 2015,Internet,industry,suffers,several,pathologies,destructive,resistance,presently,commoditization,greater,constitute,characteristics,guidance,provide,monitoring,innovation
3SV8KD29L3RBPXSGI5EJ2KBC8YHZKG,3WJEQKOXA81B58VGO5X45VKQJPUA1E,A2A4LHPXF2E2GS,Approved,Fri Mar 06 12:00:41 EST 2015,Fri Mar 06 12:13:10 EST 2015,Internet resistance to evolution,ISPs commoditization,primitive system of contracts,lack of accountability,use economic model,new monitoring capability required,support first-best routing and innovation characteristics,practical guidance for monitoring-systems design,competition and innovation,emptyanswer,emptyanswer,emptyanswer,emptyanswer,emptyanswer,emptyanswer,emptyanswer
3SV8KD29L3RBPXSGI5EJ2KBC8YHZKG,3LWJHTCVCCLUI3W5K09BKX3POIGFQA,APEB5ERGCYP6D,Approved,Fri Mar 06 22:27:01 EST 2015,Fri Mar 06 23:24:26 EST 2015,destructive in the long term,identify the network's lack of accountability,fundamental obstacle to correcting this problem,first-best routing and innovation characteristics,theoretical framework to explore the factors,emptyanswer,emptyanswer,emptyanswer,emptyanswer,emptyanswer,emptyanswer,emptyanswer,emptyanswer,emptyanswer,emptyanswer,emptyanswer
3SV8KD29L3RBPXSGI5EJ2KBC8YHZKG,3Z7EFSHGN9D7OOD7FCE26ZEFO91CXL,A3EOFHEPL3L07Y,Approved,Sat Mar 07 06:20:16 EST 2015,Sat Mar 07 06:25:28 EST 2015,Network monitors,contracting systems,factors that influence innovation,practical and specific guidelines for the design of monitoring systems,problems of the internet industry,emptyanswer,emptyanswer,emptyanswer,emptyanswer,emptyanswer,emptyanswer,emptyanswer,emptyanswer,emptyanswer,emptyanswer,emptyanswer
3SV8KD29L3RBPXSGI5EJ2KBC8YHZKG,30IQTZXKAK5NUWIR3WLIBYCEFKAX0J,AWQK8QA93VLW9,Approved,Sat Mar 07 08:44:50 EST 2015,Sat Mar 07 08:46:06 EST 2015,Network Monitors,Contracting Systems,ISPs,commoditization,monitoring systems,innovation,emptyanswer,emptyanswer,emptyanswer,emptyanswer,emptyanswer,emptyanswer,emptyanswer,emptyanswer,emptyanswer,emptyanswer
3SV8KD29L3RBPXSGI5EJ2KBC8YHZKG,3LO69W1SU3CP56CN3F7XLW47FSXGLR,A2GBY8O6GYSB89,Approved,Sat Mar 07 12:14:49 EST 2015,Sat Mar 07 12:16:31 EST 2015,Network Monitors,Contracting Systems,resistance to evolution,does not align incentives properly,new monitoring capability,emptyanswer,emptyanswer,emptyanswer,emptyanswer,emptyanswer,emptyanswer,emptyanswer,emptyanswer,emptyanswer,emptyanswer,emptyanswer
3SV8KD29L3RBPXSGI5EJ2KBC8YHZKG,34YB12FSQYN9BOU83R8CL9JWFY3GMB,ANB69EQROUTQJ,Approved,Sat Mar 07 19:21:49 EST 2015,Sat Mar 07 19:23:34 EST 2015,NETWORK MONITORS,CONTRACTING SYSTEMS,MONITORING CAPABILITY,DESIGN OF MONITORING SYSTEMS,INTERNET INDUSTRY,emptyanswer,emptyanswer,emptyanswer,emptyanswer,emptyanswer,emptyanswer,emptyanswer,emptyanswer,emptyanswer,emptyanswer,emptyanswer
3SV8KD29L3RBPXSGI5EJ2KBC8YHZKG,358010RM5ES3NXJ76T97WR249IGXV8,A1JWEYGDFDB100,Approved,Sun Mar 08 09:43:09 EDT 2015,Sun Mar 08 09:44:43 EDT 2015,Network Monitors,Contracting Systems,Competition and Innovation,optimal routes,network's lack of accountability,emptyanswer,emptyanswer,emptyanswer,emptyanswer,emptyanswer,emptyanswer,emptyanswer,emptyanswer,emptyanswer,emptyanswer,emptyanswer
3SV8KD29L3RBPXSGI5EJ2KBC8YHZKG,34QN5IT0TZQXFVHJVO9QVZVLODZ08G,A38IE69ORDCEGY,Approved,Sun Mar 08 12:13:51 EDT 2015,Sun Mar 08 12:15:33 EDT 2015,Network monitors,contracting systems,monitoring system,influence of innovation,lack of accountability in network framework,emptyanswer,emptyanswer,emptyanswer,emptyanswer,emptyanswer,emptyanswer,emptyanswer,emptyanswer,emptyanswer,emptyanswer,emptyanswer
3SV8KD29L3RBPXSGI5EJ2KBC8YHZKG,3LRLIPTPEQ8DB9H2WF3MAAGPSZDAK8,A156NFBMKKLDL9,Approved,Sun Mar 08 16:58:55 EDT 2015,Sun Mar 08 16:59:34 EDT 2015,Network Monitors,Contracting Systems,Competition and Innovation,Internet industry,theoretical framework,emptyanswer,emptyanswer,emptyanswer,emptyanswer,emptyanswer,emptyanswer,emptyanswer,emptyanswer,emptyanswer,emptyanswer,emptyanswer
3SV8KD29L3RBPXSGI5EJ2KBC8YHZKG,3T111IHZ5EPLTUKSUTYJFRRJHB0R9I,A2SZAM3EZER2PH,Approved,Mon Mar 09 06:35:56 EDT 2015,Mon Mar 09 06:36:38 EDT 2015,Today's Internet industry,destructive,network's lack,Furthermore,specific guidance,emptyanswer,emptyanswer,emptyanswer,emptyanswer,emptyanswer,emptyanswer,emptyanswer,emptyanswer,emptyanswer,emptyanswer,emptyanswer
3SV8KD29L3RBPXSGI5EJ2KBC8YHZKG,32Z9ZLUT1LJBBNAV0D57YDK2P1YHOZ,A3GSN49YWM9CLD,Approved,Mon Mar 09 10:44:31 EDT 2015,Mon Mar 09 10:47:35 EDT 2015,resistance to evolution.,Internet industry,Employing an economic,optimal routes and innovation are impossible,innovation are impossible unless new monitoring capability is introduced,emptyanswer,emptyanswer,emptyanswer,emptyanswer,emptyanswer,emptyanswer,emptyanswer,emptyanswer,emptyanswer,emptyanswer,emptyanswer
3SV8KD29L3RBPXSGI5EJ2KBC8YHZKG,3QBD8R3Z21IHZBM0L6LO4OBYKWR4OF,ACYGMRGAZ22U7,Approved,Mon Mar 09 17:51:06 EDT 2015,Mon Mar 09 17:51:11 EDT 2015,Keyword/Keyphrase 1:,Keyword/Keyphrase 1:,Keyword/Keyphrase 1:,Keyword/Keyphrase 1:,Keyword/Keyphrase 1:,emptyanswer,emptyanswer,emptyanswer,emptyanswer,emptyanswer,emptyanswer,emptyanswer,emptyanswer,emptyanswer,emptyanswer,emptyanswer
3SV8KD29L3RBPXSGI5EJ2KBC8YHZKG,3Z4GS9HPNV97XSCK6I2TWE9DL9C77H,A2EEL9YYUHL5SK,Approved,Mon Mar 09 19:46:45 EDT 2015,Mon Mar 09 19:47:47 EDT 2015,Network Monitors,Contracting Systems,Competition and Innovation,ISPs are presently moving towards greater commoditization,"e provide practical and specific guidance for the design of monitoring systems, as well as a theoretical framework to explore the factors that influence innovation",emptyanswer,emptyanswer,emptyanswer,emptyanswer,emptyanswer,emptyanswer,emptyanswer,emptyanswer,emptyanswer,emptyanswer,emptyanswer
3SV8KD29L3RBPXSGI5EJ2KBC8YHZKG,38JBBYETQO9VNK9BRSISZCHKGWG4EA,AW36CVMS3526O,Approved,Tue Mar 10 13:19:25 EDT 2015,Tue Mar 10 13:21:45 EDT 2015,Contracting,destructive,accountability,monitoring,innovation,emptyanswer,emptyanswer,emptyanswer,emptyanswer,emptyanswer,emptyanswer,emptyanswer,emptyanswer,emptyanswer,emptyanswer,emptyanswer
3SV8KD29L3RBPXSGI5EJ2KBC8YHZKG,3JBT3HLQF81FN8MQLZOTNKTXVZXPZ6,ATRHDYWCIYTDJ,Approved,Wed Mar 11 05:05:57 EDT 2015,Wed Mar 11 05:06:11 EDT 2015,several,destructive,factors,innovation,monitoring,emptyanswer,emptyanswer,emptyanswer,emptyanswer,emptyanswer,emptyanswer,emptyanswer,emptyanswer,emptyanswer,emptyanswer,emptyanswer
3SV8KD29L3RBPXSGI5EJ2KBC8YHZKG,3RJSC4XJ10TESDYHXQ2NJFLUMSF50A,A3HPVFAF1U9WXK,Approved,Wed Mar 11 05:26:00 EDT 2015,Wed Mar 11 05:26:37 EDT 2015,Network Monitors,Contracting Systems,Internet,optimal routes,monitoring,emptyanswer,emptyanswer,emptyanswer,emptyanswer,emptyanswer,emptyanswer,emptyanswer,emptyanswer,emptyanswer,emptyanswer,emptyanswer
3SV8KD29L3RBPXSGI5EJ2KBC8YHZKG,3IGI0VL647J3LJW63B0K3XHYBHZONF,A3CMDYA9USA3MR,Approved,Wed Mar 11 07:29:49 EDT 2015,Wed Mar 11 07:30:03 EDT 2015,industry,several,pathologies,destructive,resistance,emptyanswer,emptyanswer,emptyanswer,emptyanswer,emptyanswer,emptyanswer,emptyanswer,emptyanswer,emptyanswer,emptyanswer,emptyanswer
3SV8KD29L3RBPXSGI5EJ2KBC8YHZKG,3ZPPDN2SLVVWKQFN8NEJGKS02QD9EY,A3K6BSW10S4YKJ,Approved,Wed Mar 11 08:46:30 EDT 2015,Wed Mar 11 08:48:00 EDT 2015,ISPs,Internet industry suffers,does not align incentives properly,optimal routes and innovation are impossible,provide practical and specific guidance for the design of monitoring systems,emptyanswer,emptyanswer,emptyanswer,emptyanswer,emptyanswer,emptyanswer,emptyanswer,emptyanswer,emptyanswer,emptyanswer,emptyanswer
3SV8KD29L3RBPXSGI5EJ2KBC8YHZKG,3EWIJTFFVO6EOWRA8RVQN9R7ZMTE01,A28IXE702NXWKQ,Approved,Wed Mar 11 14:23:42 EDT 2015,Wed Mar 11 14:24:57 EDT 2015,Today's Internet industry,well-known pathologies,network's primitive system,Furthermore,theoretical framework to explore the factors,emptyanswer,emptyanswer,emptyanswer,emptyanswer,emptyanswer,emptyanswer,emptyanswer,emptyanswer,emptyanswer,emptyanswer,emptyanswer
3SV8KD29L3RBPXSGI5EJ2KBC8YHZKG,3FE7TXL1LIMAH9KTW5U40E90FN92QT,A2E2IQ99W6B7AV,Approved,Wed Mar 11 17:41:52 EDT 2015,Wed Mar 11 17:42:45 EDT 2015,Network monitor,Pathologies,Economic model,Contracting system,First-best routing,Innovation characteristics,emptyanswer,emptyanswer,emptyanswer,emptyanswer,emptyanswer,emptyanswer,emptyanswer,emptyanswer,emptyanswer,emptyanswer
3SV8KD29L3RBPXSGI5EJ2KBC8YHZKG,3VA45EW49NM07CPHYO2M6Q4V9HO1OH,A3MVLTRGO37TJD,Approved,Thu Mar 12 11:45:31 EDT 2015,Thu Mar 12 11:46:46 EDT 2015,Network Monitors and Contracting Systems: Competition and Innovation,"Today's Internet industry suffers from several well-known pathologies, but none is as destructive in the long term as its resistance to evolution",It is apparent that the network's primitive system of contracts does not align incentives properly.,"Employing an economic model, we argue that optimal routes and innovation are impossible unless new monitoring capability is introduced and incorporated with the contracting system.","we provide practical and specific guidance for the design of monitoring systems, as well as a theoretical framework to explore the factors that influence innovation.",emptyanswer,emptyanswer,emptyanswer,emptyanswer,emptyanswer,emptyanswer,emptyanswer,emptyanswer,emptyanswer,emptyanswer,emptyanswer
3SV8KD29L3RBPXSGI5EJ2KBC8YHZKG,3QAPZX2QN4CMTGFUF70PL8II3KM209,A2KS418T8MPLJH,Approved,Thu Mar 12 11:49:57 EDT 2015,Thu Mar 12 11:51:17 EDT 2015,Network Monitors and Contracting Systems,Internet industry suffers from several well-known pathologies,ISPs are presently moving towards greater commoditization,"Employing an economic model, we argue that optimal routes and innovation are impossible unless new monitoring capability","Employing an economic model, we argue that optimal routes and innovation are impossible unless new monitoring capability",emptyanswer,emptyanswer,emptyanswer,emptyanswer,emptyanswer,emptyanswer,emptyanswer,emptyanswer,emptyanswer,emptyanswer,emptyanswer
3SV8KD29L3RBPXSGI5EJ2KBC8YHZKG,3BXQMRHWKZXSG6V3NWXTPOKNPE7UMV,ADVZAZ12Z8N9J,Approved,Thu Mar 12 12:34:35 EDT 2015,Thu Mar 12 12:42:04 EDT 2015,"Today's Internet industry suffers from several well-known pathologies, but none is as destructive in the long term as its resistance to evolution.",n/a,N/A,N/A,N/A,emptyanswer,emptyanswer,emptyanswer,emptyanswer,emptyanswer,emptyanswer,emptyanswer,emptyanswer,emptyanswer,emptyanswer,emptyanswer
3SV8KD29L3RBPXSGI5EJ2KBC8YHZKG,31JLPPHS2UTWHF3WLSG5UJJS7143OD,AM1HY736BY3Z8,Approved,Thu Mar 12 13:21:10 EDT 2015,Thu Mar 12 13:22:05 EDT 2015,Network Monitors and Contracting Systems: Competition and Innovation,"Today's Internet industry suffers from several well-known pathologies, but none is as destructive in the long term as its resistance to evolution.",It is apparent that the network's primitive system of contracts does not align incentives properly.,"Employing an economic model, we argue that optimal routes and innovation are impossible unless new monitoring capability is introduced","Our work does not constitute a new protocol; rather, we provide practical and specific guidance for the design of monitoring systems, as well as a theoretical framework to explore the factors that influence innovation.",emptyanswer,emptyanswer,emptyanswer,emptyanswer,emptyanswer,emptyanswer,emptyanswer,emptyanswer,emptyanswer,emptyanswer,emptyanswer
3SV8KD29L3RBPXSGI5EJ2KBC8YHZKG,3OE22WJIGINJ1LTVFP4A6X4SZG9QUL,AU3WQKISBW5MZ,Approved,Thu Mar 12 14:38:12 EDT 2015,Thu Mar 12 14:38:20 EDT 2015,"Today's Internet industry suffers from several well-known pathologies, but none is as destructive in the long term as its resistance to evolution. Rather than introducing new services, ISPs are presently moving towards greater commoditization. It is apparent that the network's primitive system of contracts does not align incentives properly. In this study, we identify the network's lack of accountability as a fundamental obstacle to correcting this problem: Employing an economic model, we argue that optimal routes and innovation are impossible unless new monitoring capability is introduced and incorporated with the contracting system. Furthermore, we derive the minimum requirements a monitoring system must meet to support first-best routing and innovation characteristics. Our work does not constitute a new protocol; rather, we provide practical and specific guidance for the design of monitoring systems, as well as a theoretical framework to explore the factors that influence innovation.","Today's Internet industry suffers from several well-known pathologies, but none is as destructive in the long term as its resistance to evolution. Rather than introducing new services, ISPs are presently moving towards greater commoditization. It is apparent that the network's primitive system of contracts does not align incentives properly. In this study, we identify the network's lack of accountability as a fundamental obstacle to correcting this problem: Employing an economic model, we argue that optimal routes and innovation are impossible unless new monitoring capability is introduced and incorporated with the contracting system. Furthermore, we derive the minimum requirements a monitoring system must meet to support first-best routing and innovation characteristics. Our work does not constitute a new protocol; rather, we provide practical and specific guidance for the design of monitoring systems, as well as a theoretical framework to explore the factors that influence innovation.","Today's Internet industry suffers from several well-known pathologies, but none is as destructive in the long term as its resistance to evolution. Rather than introducing new services, ISPs are presently moving towards greater commoditization. It is apparent that the network's primitive system of contracts does not align incentives properly. In this study, we identify the network's lack of accountability as a fundamental obstacle to correcting this problem: Employing an economic model, we argue that optimal routes and innovation are impossible unless new monitoring capability is introduced and incorporated with the contracting system. Furthermore, we derive the minimum requirements a monitoring system must meet to support first-best routing and innovation characteristics. Our work does not constitute a new protocol; rather, we provide practical and specific guidance for the design of monitoring systems, as well as a theoretical framework to explore the factors that influence innovation.","Today's Internet industry suffers from several well-known pathologies, but none is as destructive in the long term as its resistance to evolution. Rather than introducing new services, ISPs are presently moving towards greater commoditization. It is apparent that the network's primitive system of contracts does not align incentives properly. In this study, we identify the network's lack of accountability as a fundamental obstacle to correcting this problem: Employing an economic model, we argue that optimal routes and innovation are impossible unless new monitoring capability is introduced and incorporated with the contracting system. Furthermore, we derive the minimum requirements a monitoring system must meet to support first-best routing and innovation characteristics. Our work does not constitute a new protocol; rather, we provide practical and specific guidance for the design of monitoring systems, as well as a theoretical framework to explore the factors that influence innovation.","Today's Internet industry suffers from several well-known pathologies, but none is as destructive in the long term as its resistance to evolution. Rather than introducing new services, ISPs are presently moving towards greater commoditization. It is apparent that the network's primitive system of contracts does not align incentives properly. In this study, we identify the network's lack of accountability as a fundamental obstacle to correcting this problem: Employing an economic model, we argue that optimal routes and innovation are impossible unless new monitoring capability is introduced and incorporated with the contracting system. Furthermore, we derive the minimum requirements a monitoring system must meet to support first-best routing and innovation characteristics. Our work does not constitute a new protocol; rather, we provide practical and specific guidance for the design of monitoring systems, as well as a theoretical framework to explore the factors that influence innovation.",emptyanswer,emptyanswer,emptyanswer,emptyanswer,emptyanswer,emptyanswer,emptyanswer,emptyanswer,emptyanswer,emptyanswer,emptyanswer
3SV8KD29L3RBPXSGI5EJ2KBC8YHZKG,3WJ1OXY92AFTG8F1NQ6JK57YY8X8AK,A1A9GCQVBEMT58,Approved,Fri Mar 13 09:19:21 EDT 2015,Fri Mar 13 09:23:16 EDT 2015,greater commoditization,align incentives properly,lack of accountability,optimal routes and innovation,routing and innovation characteristics,practical and specific guidance,design of monitoring systems,theoretical framework,emptyanswer,emptyanswer,emptyanswer,emptyanswer,emptyanswer,emptyanswer,emptyanswer,emptyanswer
3SV8KD29L3RBPXSGI5EJ2KBC8YHZKG,30IQTZXKAK5NUWIR3WLIBYCEGW1X0Z,A3DTN2OMF6DUSI,Approved,Fri Mar 13 22:39:38 EDT 2015,Fri Mar 13 22:40:10 EDT 2015,Network Monitors,Contracting Systems,Competition,Innovation,pathologies,emptyanswer,emptyanswer,emptyanswer,emptyanswer,emptyanswer,emptyanswer,emptyanswer,emptyanswer,emptyanswer,emptyanswer,emptyanswer
3SV8KD29L3RBPXSGI5EJ2KBC8YHZKG,3QJOXOW4XJQBRAYHXWIOL6YK3UZEMS,A8HUG07IE2R3,Approved,Sat Mar 14 02:10:09 EDT 2015,Sat Mar 14 02:13:19 EDT 2015,Internet industry suffers from several well-known pathologies,resistance to evolution,greater commoditization,Employing an economic mode,support first-best routing and innovation characteristics,explore the factors that influence innovation,emptyanswer,emptyanswer,emptyanswer,emptyanswer,emptyanswer,emptyanswer,emptyanswer,emptyanswer,emptyanswer,emptyanswer
3SV8KD29L3RBPXSGI5EJ2KBC8YHZKG,3TE3O857307ATAZT9KJ454J5CF92R5,A610SH5RY1NG1,Approved,Sat Mar 14 07:37:47 EDT 2015,Sat Mar 14 07:38:00 EDT 2015,Network,Monitors,Contracting,Systems,Competition,emptyanswer,emptyanswer,emptyanswer,emptyanswer,emptyanswer,emptyanswer,emptyanswer,emptyanswer,emptyanswer,emptyanswer,emptyanswer
3SV8KD29L3RBPXSGI5EJ2KBC8YHZKG,3LBXNTKX0RU5QQ643S4B49D7J2H9XD,A2Z9HR2IBD75R9,Approved,Sat Mar 14 09:43:27 EDT 2015,Sat Mar 14 09:43:42 EDT 2015,Monitors,Network,Systems,Innovation,Competition,emptyanswer,emptyanswer,emptyanswer,emptyanswer,emptyanswer,emptyanswer,emptyanswer,emptyanswer,emptyanswer,emptyanswer,emptyanswer
3SV8KD29L3RBPXSGI5EJ2KBC8YHZKG,3X4MXAO0BGNW5QX0N48BTBZUGN4WRJ,A2UNRV6PEOEXG0,Approved,Sat Mar 14 13:53:38 EDT 2015,Sat Mar 14 13:54:18 EDT 2015,Network monitors,Internet industry,Competition and innovation,evolution,commoditization,emptyanswer,emptyanswer,emptyanswer,emptyanswer,emptyanswer,emptyanswer,emptyanswer,emptyanswer,emptyanswer,emptyanswer,emptyanswer
3SV8KD29L3RBPXSGI5EJ2KBC8YHZKG,3DZQRBDBSLEBF7VPS9XEEOTT4W23SH,AH3ER3EJXHRO2,Approved,Sat Mar 14 16:44:30 EDT 2015,Sat Mar 14 16:44:51 EDT 2015,network monitors,contracting systems,competition,innovation,internet,emptyanswer,emptyanswer,emptyanswer,emptyanswer,emptyanswer,emptyanswer,emptyanswer,emptyanswer,emptyanswer,emptyanswer,emptyanswer
3SV8KD29L3RBPXSGI5EJ2KBC8YHZKG,3CTOC39K37P0HNDM7RRQZ4EMDFF7JE,AWFQ7OX0UPSM5,Approved,Sat Mar 14 18:51:11 EDT 2015,Sat Mar 14 18:52:39 EDT 2015,Network Monitors and Contracting Systems,optimal routes and innovation,theoretical framework,primitive system of contracts,lack of accountability,emptyanswer,emptyanswer,emptyanswer,emptyanswer,emptyanswer,emptyanswer,emptyanswer,emptyanswer,emptyanswer,emptyanswer,emptyanswer
3SV8KD29L3RBPXSGI5EJ2KBC8YHZKG,3X1FV8S5JXQS1BOHHJ938529757GVD,AHAJG2TJ4P3G2,Approved,Sat Mar 14 19:53:06 EDT 2015,Sat Mar 14 19:55:54 EDT 2015,Network Monitors and Contracting Systems,Internet industry,resistance to evolution,ISPs,commoditization,network's lack of accountability,new monitoring capability,monitoring systems,emptyanswer,emptyanswer,emptyanswer,emptyanswer,emptyanswer,emptyanswer,emptyanswer,emptyanswer
3SV8KD29L3RBPXSGI5EJ2KBC8YHZKG,3WZ36BJEV3FHX2CHW2HA6CNRU83TBZ,A1G94QON7A9K0N,Approved,Sat Mar 14 20:26:40 EDT 2015,Sat Mar 14 20:27:08 EDT 2015,economic,optimal,routing,monitoring,innovation,emptyanswer,emptyanswer,emptyanswer,emptyanswer,emptyanswer,emptyanswer,emptyanswer,emptyanswer,emptyanswer,emptyanswer,emptyanswer
3SV8KD29L3RBPXSGI5EJ2KBC8YHZKG,3VAR3R6G1P0IIC92X9B1L0R3NU48OW,ACVJ6IUO9QM4R,Approved,Sat Mar 14 20:47:14 EDT 2015,Sat Mar 14 20:47:51 EDT 2015,Internet industry,internet industry issues,network monitors,theoretical framework to explore the factors that influence innovation,new protocol.,emptyanswer,emptyanswer,emptyanswer,emptyanswer,emptyanswer,emptyanswer,emptyanswer,emptyanswer,emptyanswer,emptyanswer,emptyanswer
3SV8KD29L3RBPXSGI5EJ2KBC8YHZKG,3WJ1OXY92AFTG8F1NQ6JK57YYD0A8Z,A29ZV4XJB7R1O,Approved,Sat Mar 14 20:45:03 EDT 2015,Sat Mar 14 20:52:23 EDT 2015,Network,Monitors,Contracting,Systems,Competition,emptyanswer,emptyanswer,emptyanswer,emptyanswer,emptyanswer,emptyanswer,emptyanswer,emptyanswer,emptyanswer,emptyanswer,emptyanswer
3SV8KD29L3RBPXSGI5EJ2KBC8YHZKG,3OCHAWUVGOJP7MPV7PV0UIRNUY8XKE,A2TM0CPAMAO45B,Approved,Sat Mar 14 21:32:08 EDT 2015,Sat Mar 14 21:33:00 EDT 2015,Network Monitors,internet industry,ISPs,new monitoring capability,theoretical framework,emptyanswer,emptyanswer,emptyanswer,emptyanswer,emptyanswer,emptyanswer,emptyanswer,emptyanswer,emptyanswer,emptyanswer,emptyanswer
3SV8KD29L3RBPXSGI5EJ2KBC8YHZKG,3SNLUL3WO4M8AODINKWEPB5YPGWULM,A9VLWY4KW6OCB,Approved,Sat Mar 14 21:30:10 EDT 2015,Sat Mar 14 21:46:50 EDT 2015,Network,Monitors,Contracting,Systems,Innovation,emptyanswer,emptyanswer,emptyanswer,emptyanswer,emptyanswer,emptyanswer,emptyanswer,emptyanswer,emptyanswer,emptyanswer,emptyanswer
