HitId,AssignmentId,WorkerId,Status,AcceptTime,SubmitTime,Answer 1,Answer 2,Answer 3,Answer 4,Answer 5,Answer 6,Answer 7,Answer 8,Answer 9,Answer 10,Answer 11,Answer 12,Answer 13,Answer 14,Answer 15,Answer 16
3T2HW4QDUU6E08YFMU3M1DWBOMJ9CX,3MAOD8E57Q9QFSAY42NGMA8RNY1XNG,A1XRIEYLA7ZJ3B,Approved,Mon Mar 02 13:16:37 EST 2015,Mon Mar 02 13:22:32 EST 2015,Distributed Constraint Optimization (DCOP),Non-Traditional Pseudotree Arrangements,current algorithms,ADOPT and DPOP,induced width of the pseudotrees,maximum dimensionality of messages and computation,maximum sequential path cost,edge-traversal heuristics,linear space-time complexity,emptyanswer,emptyanswer,emptyanswer,emptyanswer,emptyanswer,emptyanswer,emptyanswer
3T2HW4QDUU6E08YFMU3M1DWBOMJ9CX,30H4UDGLT2HFO1N76AYZFIXOGAKMPL,A22R7DT2XQIKXV,Approved,Mon Mar 02 14:05:06 EST 2015,Mon Mar 02 14:06:07 EST 2015,aa,aa,aa,aa,aa,aa,emptyanswer,emptyanswer,emptyanswer,emptyanswer,emptyanswer,emptyanswer,emptyanswer,emptyanswer,emptyanswer,emptyanswer
3T2HW4QDUU6E08YFMU3M1DWBOMJ9CX,39LOEL67OS4TWNGGEBR9XXTSR9983D,A3ODG942FG22PJ,Approved,Mon Mar 02 16:37:00 EST 2015,Mon Mar 02 16:37:27 EST 2015,Constraint,Optimization,Non-Traditional Pseudotree Arrangements,Distributed Constraint Optimization,pseudotrees,na,na,na,na,na,na,na,na,na,na,na
3T2HW4QDUU6E08YFMU3M1DWBOMJ9CX,34X6J5FLPTXAN5I13Q0WZVVHHCHQJI,A3SJXQIIQLBI6C,Approved,Mon Mar 02 16:46:15 EST 2015,Mon Mar 02 16:48:00 EST 2015,Distributed Constraint Optimization,Non-Traditional Pseudotree Arrangements,DPOP algorithm,pseudotree,computation size,emptyanswer,emptyanswer,emptyanswer,emptyanswer,emptyanswer,emptyanswer,emptyanswer,emptyanswer,emptyanswer,emptyanswer,emptyanswer
3T2HW4QDUU6E08YFMU3M1DWBOMJ9CX,3YMTUJH0DSFXC3R8HN7NYYHLJM3T4L,A3FG9YWTFFK1AU,Approved,Mon Mar 02 20:05:54 EST 2015,Mon Mar 02 20:11:43 EST 2015,Complete Distributed Constraint Optimization Method,Non-Traditional Pseudotree Arrangements,Distributed Constraint Optimization (DCOP),model complex problems in multiagent systems,DPOP algorithm,pseudotrees,emptyanswer,emptyanswer,emptyanswer,emptyanswer,emptyanswer,emptyanswer,emptyanswer,emptyanswer,emptyanswer,emptyanswer
3T2HW4QDUU6E08YFMU3M1DWBOMJ9CX,37M28K1J0QCI0PBKEU3A9VGCDUDJAM,A26M2B8NZVKWTZ,Approved,Mon Mar 02 22:26:17 EST 2015,Mon Mar 02 22:27:20 EST 2015,Distributed,Constraint,framework,Pseudotree,Non-Traditional,emptyanswer,emptyanswer,emptyanswer,emptyanswer,emptyanswer,emptyanswer,emptyanswer,emptyanswer,emptyanswer,emptyanswer,emptyanswer
3T2HW4QDUU6E08YFMU3M1DWBOMJ9CX,3OB0CAO74HON51EX60E504I43TEHYR,A2R085B34P2LYS,Approved,Mon Mar 02 23:13:26 EST 2015,Mon Mar 02 23:21:11 EST 2015,Complete,Distributed,Constraint,Optimization,Method,emptyanswer,emptyanswer,emptyanswer,emptyanswer,emptyanswer,emptyanswer,emptyanswer,emptyanswer,emptyanswer,emptyanswer,emptyanswer
3T2HW4QDUU6E08YFMU3M1DWBOMJ9CX,3Z7ISHFUH0UUHGN9ZIMI1YY764T8ZV,A27I79P03I0ZPO,Approved,Mon Mar 02 23:28:21 EST 2015,Mon Mar 02 23:29:17 EST 2015,Optimization,Distributed,Complete,Pseudotree,Non-Traditiona,emptyanswer,emptyanswer,emptyanswer,emptyanswer,emptyanswer,emptyanswer,emptyanswer,emptyanswer,emptyanswer,emptyanswer,emptyanswer
3T2HW4QDUU6E08YFMU3M1DWBOMJ9CX,3T3IWE1XG6M418E6FKE011IQFEVTQD,A2BA1R9MAHHWJH,Approved,Tue Mar 03 00:31:05 EST 2015,Tue Mar 03 00:52:39 EST 2015,Distributed Constraint,Optimization,general framework,model complex,problems in multiagent systems,Several current algorithms,"general DCOP instances,",algorithm with DPOP,metrics including the induced width of the pseudotrees,maximum dimensionality,We prove that for some problem instances it is not possible to generate a traditional pseudotree using edge-traversal heuristics that will outperform a cross-edged pseudotree,multiple heuristics to generate pseudotrees,pseudotree in linear space-time complexity,problem instances,computation sizes,compared to DPOP.
3T2HW4QDUU6E08YFMU3M1DWBOMJ9CX,3570Y55XZPI955JMMUWNF463OUJGYB,A1B5NXRZQYRC4R,Approved,Tue Mar 03 06:53:07 EST 2015,Tue Mar 03 06:53:33 EST 2015,complete,distributed,constraint,optimization,method,emptyanswer,emptyanswer,emptyanswer,emptyanswer,emptyanswer,emptyanswer,emptyanswer,emptyanswer,emptyanswer,emptyanswer,emptyanswer
3T2HW4QDUU6E08YFMU3M1DWBOMJ9CX,3YW4XOSQKQKVKH9EUAEV5WWKQHTU1V,A180J6JI4SB56X,Approved,Tue Mar 03 08:52:31 EST 2015,Tue Mar 03 08:55:05 EST 2015,Complete Distributed,Constraint Optimization,Method For Non-Traditional Pseudotree Arrangements,Pseudotree Arrangements,DCOP,multiagent systems,DCOP instances,ADOPT,DPOP,pseudotree arrangements,pseudotree,cross-edged pseudotree,edge-traversal,maximum dimensionality,edge-traversal heuristics,linear space-time complexity
3T2HW4QDUU6E08YFMU3M1DWBOMJ9CX,31LVTDXBL79GUWL1JQ19K0IEHO3RL3,A3S81UFDOWF2ST,Approved,Tue Mar 03 11:54:26 EST 2015,Tue Mar 03 11:56:09 EST 2015,Distributed Constraint Optimization (DCOP),multiagent systems,ADOPT and DPOP,pseudotree arrangements,linear space-time complexity,emptyanswer,emptyanswer,emptyanswer,emptyanswer,emptyanswer,emptyanswer,emptyanswer,emptyanswer,emptyanswer,emptyanswer,emptyanswer
3T2HW4QDUU6E08YFMU3M1DWBOMJ9CX,3VP0C6EFSGV7EV52REZQ9I67L6RM6E,A9HQ3E0F2AGVO,Approved,Tue Mar 03 16:29:23 EST 2015,Tue Mar 03 16:30:38 EST 2015,Distributed Constraint Optimization (DCOP),multiagent systems,pseudotree structure,extension,metrics,heuristics,emptyanswer,emptyanswer,emptyanswer,emptyanswer,emptyanswer,emptyanswer,emptyanswer,emptyanswer,emptyanswer,emptyanswer
3T2HW4QDUU6E08YFMU3M1DWBOMJ9CX,3X73LLYYQ1DTT2AJZY5UJOKXZAHHNA,A1W7BQWWGKJ3XF,Approved,Tue Mar 03 16:38:38 EST 2015,Tue Mar 03 16:44:56 EST 2015,Distributed Constraint Optimization (DCOP),model,multiagent systems,algorithms,pseudotree,edges,nodes,branches,edge-traversal heuristics,emptyanswer,emptyanswer,emptyanswer,emptyanswer,emptyanswer,emptyanswer,emptyanswer
3T2HW4QDUU6E08YFMU3M1DWBOMJ9CX,3MTMREQS4VH469BJLTMPYLAKFTXAWP,A3LUJSAN4DQ1ZT,Approved,Wed Mar 04 02:16:13 EST 2015,Wed Mar 04 02:17:57 EST 2015,DCOP,general framework,multiagent systems,ADOPT,DPOP,edge-traversal heuristics,emptyanswer,emptyanswer,emptyanswer,emptyanswer,emptyanswer,emptyanswer,emptyanswer,emptyanswer,emptyanswer,emptyanswer
3T2HW4QDUU6E08YFMU3M1DWBOMJ9CX,3R9WASFE2ZF3WVXW7WSOBQFTTB3FZM,A3FFZN4FO3Q789,Approved,Wed Mar 04 10:58:10 EST 2015,Wed Mar 04 11:01:42 EST 2015,preliminary,preliminary,preliminary,preliminary,preliminary,emptyanswer,emptyanswer,emptyanswer,emptyanswer,emptyanswer,emptyanswer,emptyanswer,emptyanswer,emptyanswer,emptyanswer,emptyanswer
3T2HW4QDUU6E08YFMU3M1DWBOMJ9CX,3M0NZ3JDP1XBUY471KFFPEOG4HV5ZZ,A3H35QRODK1C4K,Approved,Wed Mar 04 12:21:41 EST 2015,Wed Mar 04 12:22:37 EST 2015,complete,distributed,constraint,optimization,method,emptyanswer,emptyanswer,emptyanswer,emptyanswer,emptyanswer,emptyanswer,emptyanswer,emptyanswer,emptyanswer,emptyanswer,emptyanswer
3T2HW4QDUU6E08YFMU3M1DWBOMJ9CX,3FUI0JHJPXX7VQAA2UWD6GLHBRG33N,A2F6ZON8X5EAGL,Approved,Wed Mar 04 15:12:23 EST 2015,Wed Mar 04 15:13:12 EST 2015,A Complete Distributed Constraint Optimization Method For Non-Traditional Pseudotree Arrangements,systems,DCOP,maximum,message,emptyanswer,emptyanswer,emptyanswer,emptyanswer,emptyanswer,emptyanswer,emptyanswer,emptyanswer,emptyanswer,emptyanswer,emptyanswer
3T2HW4QDUU6E08YFMU3M1DWBOMJ9CX,3U4J9857OEAUZ4FAJZE91GV94LU7B2,A3OTLWGJFB65KD,Approved,Wed Mar 04 19:34:40 EST 2015,Wed Mar 04 19:34:47 EST 2015,nothing,nothing,nothing,nothing,nothing,emptyanswer,emptyanswer,emptyanswer,emptyanswer,emptyanswer,emptyanswer,emptyanswer,emptyanswer,emptyanswer,emptyanswer,emptyanswer
3T2HW4QDUU6E08YFMU3M1DWBOMJ9CX,3ZQIG0FLQEFOYXEHWODLU8OX05CVWT,A9LA6QK6VCERR,Approved,Thu Mar 05 00:40:50 EST 2015,Thu Mar 05 00:42:12 EST 2015,Distributed Constraint Optimization,DCOP,ADOPT,DPOP,pseudotrees,edge-traversal heuristics,emptyanswer,emptyanswer,emptyanswer,emptyanswer,emptyanswer,emptyanswer,emptyanswer,emptyanswer,emptyanswer,emptyanswer
3T2HW4QDUU6E08YFMU3M1DWBOMJ9CX,3E7TUJ2EGCLRSK1NCS3ZA2AF2XTD9S,A1YLO4LT02D2F0,Approved,Thu Mar 05 01:58:18 EST 2015,Thu Mar 05 02:04:56 EST 2015,Distributed Constraint Optimization,It is a general framework that can model complex problems in multiagent systems,algorithm also solves instances with traditional pseudotree,our algorithm with DPOP using several metrics,observe significant improvements in message and computation sizes,emptyanswer,emptyanswer,emptyanswer,emptyanswer,emptyanswer,emptyanswer,emptyanswer,emptyanswer,emptyanswer,emptyanswer,emptyanswer
3T2HW4QDUU6E08YFMU3M1DWBOMJ9CX,30IQTZXKAK5NUWIR3WLIBYCEFC8X01,A3I10J1GPDAPQR,Approved,Thu Mar 05 09:42:24 EST 2015,Thu Mar 05 09:44:21 EST 2015,Complete Distributed Constraint Optimization Method,Non-Traditional Pseudotree Arrangements,edge-traversal heuristics,linear space-time complexity,DPOP algorithm,emptyanswer,emptyanswer,emptyanswer,emptyanswer,emptyanswer,emptyanswer,emptyanswer,emptyanswer,emptyanswer,emptyanswer,emptyanswer
3T2HW4QDUU6E08YFMU3M1DWBOMJ9CX,3RXPCZQMQPACFZ8JA5PE1HVTHEQ1GO,A1QUDNLO95AKS5,Approved,Thu Mar 05 12:20:28 EST 2015,Thu Mar 05 12:20:57 EST 2015,Complete Distributed Constraint Optimization Method,Non-Traditional Pseudotree Arrangements,Distributed Constraint Optimization (DCOP),multiagent systems,problem,emptyanswer,emptyanswer,emptyanswer,emptyanswer,emptyanswer,emptyanswer,emptyanswer,emptyanswer,emptyanswer,emptyanswer,emptyanswer
3T2HW4QDUU6E08YFMU3M1DWBOMJ9CX,31T4R4OBOSFD997GXZA4C01RM9N7C8,ADUJUZANFOWKW,Approved,Thu Mar 05 16:44:36 EST 2015,Thu Mar 05 16:45:17 EST 2015,optimization,DCOP,systems,algorithms,DPOP,emptyanswer,emptyanswer,emptyanswer,emptyanswer,emptyanswer,emptyanswer,emptyanswer,emptyanswer,emptyanswer,emptyanswer,emptyanswer
3T2HW4QDUU6E08YFMU3M1DWBOMJ9CX,3PIWWX1FJJ5T1IEO80GN2UJV3O4JJD,A3G4SXD4N30C3L,Approved,Thu Mar 05 18:04:12 EST 2015,Thu Mar 05 18:05:10 EST 2015,Complete Distributed Constraint Optimization Method,Non-Traditional Pseudotree Arrangements,Distributed Constraint Optimization (DCOP),multiagent systems,ADOPT,DPOP,emptyanswer,emptyanswer,emptyanswer,emptyanswer,emptyanswer,emptyanswer,emptyanswer,emptyanswer,emptyanswer,emptyanswer
3T2HW4QDUU6E08YFMU3M1DWBOMJ9CX,3CFJTT4SXTP4MCTGP96QN3ZMZFLI71,A3DHYTZ1GPN0T8,Approved,Thu Mar 05 21:43:57 EST 2015,Thu Mar 05 21:44:45 EST 2015,Distributed Constraint Optimization (DCOP),pseudotree,algorithm,cross-edged,space-time,emptyanswer,emptyanswer,emptyanswer,emptyanswer,emptyanswer,emptyanswer,emptyanswer,emptyanswer,emptyanswer,emptyanswer,emptyanswer
3T2HW4QDUU6E08YFMU3M1DWBOMJ9CX,3K4J6M3CXES89NLJ6OI7CIOWLB9GAA,A156E6TWVB7GP7,Approved,Thu Mar 05 22:33:28 EST 2015,Thu Mar 05 22:34:29 EST 2015,Distributed Constraint Optimization,pseudotree arrangements,algorithm,edge-traversal heuristics,significant improvements,emptyanswer,emptyanswer,emptyanswer,emptyanswer,emptyanswer,emptyanswer,emptyanswer,emptyanswer,emptyanswer,emptyanswer,emptyanswer
3T2HW4QDUU6E08YFMU3M1DWBOMJ9CX,3CFVK00FWLKN8DNHR2YB95RILC7L63,AQXSUU4I4DAH8,Approved,Fri Mar 06 11:45:09 EST 2015,Fri Mar 06 11:45:44 EST 2015,Non-Traditional Pseudotree Arrangements,ADOPT and DPOP,Complete Distributed Constraint,cross-edged pseudotree,Optimization Method,emptyanswer,emptyanswer,emptyanswer,emptyanswer,emptyanswer,emptyanswer,emptyanswer,emptyanswer,emptyanswer,emptyanswer,emptyanswer
3T2HW4QDUU6E08YFMU3M1DWBOMJ9CX,33CKWXB73JJFBKIGSM4BUURNFVO11H,A2KELEVTA0306Y,Approved,Fri Mar 06 12:06:32 EST 2015,Fri Mar 06 12:09:07 EST 2015,Distributed,Constraint,Optimization,general,framework,model,complex,problems,multiagent,systems,arrangements,using,procedure,algorithm,improvements,computation
3T2HW4QDUU6E08YFMU3M1DWBOMJ9CX,3137ONMDKG4BZ02VMTKT81EN6TUGEY,A1A7P5LC80G47W,Approved,Fri Mar 06 15:39:55 EST 2015,Fri Mar 06 15:41:16 EST 2015,distributed constraint optimization,non-traditional pseudotree arrangements,multiagent systems,dcop,dpop,adopt,emptyanswer,emptyanswer,emptyanswer,emptyanswer,emptyanswer,emptyanswer,emptyanswer,emptyanswer,emptyanswer,emptyanswer
3T2HW4QDUU6E08YFMU3M1DWBOMJ9CX,3HFNH7HEMHD0W3S0VKFT2I31PYIQGO,A2GBY8O6GYSB89,Approved,Sat Mar 07 11:47:15 EST 2015,Sat Mar 07 11:49:03 EST 2015,Complete Distributed Constraint Optimization Method,Non-Traditional Pseudotree Arrangements,model complex problems in multiagent systems,extension to the DPOP algorithm,edges between nodes in separate branches,emptyanswer,emptyanswer,emptyanswer,emptyanswer,emptyanswer,emptyanswer,emptyanswer,emptyanswer,emptyanswer,emptyanswer,emptyanswer
3T2HW4QDUU6E08YFMU3M1DWBOMJ9CX,3R3YRB5GRF2RE5MEQT7OGXPNUOHUAR,A2YW509B0UMSEH,Approved,Sat Mar 07 13:57:55 EST 2015,Sat Mar 07 13:59:45 EST 2015,Constraint,Non-Traditional,Pseudotree,Arrangement,Distributed,emptyanswer,emptyanswer,emptyanswer,emptyanswer,emptyanswer,emptyanswer,emptyanswer,emptyanswer,emptyanswer,emptyanswer,emptyanswer
3T2HW4QDUU6E08YFMU3M1DWBOMJ9CX,3D3VGR7TA0EZESVCDKX9OEOXHHQR3X,A38IE69ORDCEGY,Approved,Sun Mar 08 00:55:09 EST 2015,Sun Mar 08 00:57:15 EST 2015,Non-traditional pseudotree arrangements,Distributed constraint optimization,DPOP,pseudotree in space-time complexity,message and computation improvements,emptyanswer,emptyanswer,emptyanswer,emptyanswer,emptyanswer,emptyanswer,emptyanswer,emptyanswer,emptyanswer,emptyanswer,emptyanswer
3T2HW4QDUU6E08YFMU3M1DWBOMJ9CX,38F71OA9GTV3XOYDS72U3OJKEL7MFQ,A156NFBMKKLDL9,Approved,Sun Mar 08 22:14:53 EDT 2015,Sun Mar 08 22:15:50 EDT 2015,Complete Distributed Constraint Optimization,n Method For Non-Traditional,Pseudotree Arrangements,cross-edged pseudotree,edge-traversal heuristics,emptyanswer,emptyanswer,emptyanswer,emptyanswer,emptyanswer,emptyanswer,emptyanswer,emptyanswer,emptyanswer,emptyanswer,emptyanswer
3T2HW4QDUU6E08YFMU3M1DWBOMJ9CX,3X87C8JFV6A3M81RQK9ARWM4DCLSQP,A2SZAM3EZER2PH,Approved,Mon Mar 09 05:52:42 EDT 2015,Mon Mar 09 05:53:37 EDT 2015,Distributed Constraint Optimization,introduce an extension,pseudotree arrangements,maximum dimensionality,significant improvements,emptyanswer,emptyanswer,emptyanswer,emptyanswer,emptyanswer,emptyanswer,emptyanswer,emptyanswer,emptyanswer,emptyanswer,emptyanswer
3T2HW4QDUU6E08YFMU3M1DWBOMJ9CX,34QN5IT0TZQXFVHJVO9QVZVLOFK80D,A2E2IQ99W6B7AV,Approved,Mon Mar 09 07:00:38 EDT 2015,Mon Mar 09 07:02:15 EDT 2015,Complex problems,Multi-agent systems,Data tree structure,Algorithm checking,Performance improvement,emptyanswer,emptyanswer,emptyanswer,emptyanswer,emptyanswer,emptyanswer,emptyanswer,emptyanswer,emptyanswer,emptyanswer,emptyanswer
3T2HW4QDUU6E08YFMU3M1DWBOMJ9CX,36WLNQG78Z9F8JUK67SF7QNQQMREBG,A17JEL4FN1B9TB,Approved,Mon Mar 09 12:05:41 EDT 2015,Mon Mar 09 12:06:43 EDT 2015,Complete,Distributed,Constraint,Optimization,Method,Non-Traditional,Pseudotree,Arrangements,emptyanswer,emptyanswer,emptyanswer,emptyanswer,emptyanswer,emptyanswer,emptyanswer,emptyanswer
3T2HW4QDUU6E08YFMU3M1DWBOMJ9CX,3JCG6DTRV3PR9SMEYGK5WW73VPRQQR,ACYGMRGAZ22U7,Approved,Mon Mar 09 18:04:45 EDT 2015,Mon Mar 09 18:04:51 EDT 2015,Keyword/Keyphrase 1:,Keyword/Keyphrase 1:,Keyword/Keyphrase 1:,Keyword/Keyphrase 1:,Keyword/Keyphrase 1:,emptyanswer,emptyanswer,emptyanswer,emptyanswer,emptyanswer,emptyanswer,emptyanswer,emptyanswer,emptyanswer,emptyanswer,emptyanswer
3T2HW4QDUU6E08YFMU3M1DWBOMJ9CX,3OS46CRSLFYQ4IZB560HWEPKCH06VC,APEB5ERGCYP6D,Approved,Tue Mar 10 03:01:54 EDT 2015,Tue Mar 10 03:32:34 EDT 2015,Distributed Constraint Optimization,general framework that can model complex problems,Several current algorithms that solve general DCOP,computation sizes compared to DPOP,observe significant improvements in message,emptyanswer,emptyanswer,emptyanswer,emptyanswer,emptyanswer,emptyanswer,emptyanswer,emptyanswer,emptyanswer,emptyanswer,emptyanswer
3T2HW4QDUU6E08YFMU3M1DWBOMJ9CX,379J5II41OFRLSGWXKH9LTJV2IFELH,AW36CVMS3526O,Approved,Tue Mar 10 14:31:41 EDT 2015,Tue Mar 10 14:33:00 EDT 2015,Arrangements,framework,pseudotrees,dimensionality,computation,emptyanswer,emptyanswer,emptyanswer,emptyanswer,emptyanswer,emptyanswer,emptyanswer,emptyanswer,emptyanswer,emptyanswer,emptyanswer
3T2HW4QDUU6E08YFMU3M1DWBOMJ9CX,3XCC1ODXDLARLT1EBV951MH8RDSQRV,A1JWEYGDFDB100,Approved,Tue Mar 10 14:56:02 EDT 2015,Tue Mar 10 14:57:36 EDT 2015,Complete Distributed Constraint Optimization Method,Non-Traditional Pseudotree Arrangements,multiagent systems,ADOPT,DPOP,emptyanswer,emptyanswer,emptyanswer,emptyanswer,emptyanswer,emptyanswer,emptyanswer,emptyanswer,emptyanswer,emptyanswer,emptyanswer
3T2HW4QDUU6E08YFMU3M1DWBOMJ9CX,3Z7VU45IPYGC6G3O0XD3MOBZSJE1Z1,A3UY2GVCKC8LSL,Approved,Wed Mar 11 00:09:06 EDT 2015,Wed Mar 11 00:09:32 EDT 2015,pseudotrees,DCOP,Complete Distributed Constraint Optimization Method,Pseudotree Arrangements,Non-Traditional,emptyanswer,emptyanswer,emptyanswer,emptyanswer,emptyanswer,emptyanswer,emptyanswer,emptyanswer,emptyanswer,emptyanswer,emptyanswer
3T2HW4QDUU6E08YFMU3M1DWBOMJ9CX,3LOZAJ85YDCUQ6L5IJPWUM5TCPV2XN,A3K6BSW10S4YKJ,Approved,Wed Mar 11 00:39:44 EDT 2015,Wed Mar 11 00:40:57 EDT 2015,Distributed Constraint Optimization (DCOP),complex problems in multiagent systems,ADOPT and DPOP,correctly solves DCOP instances for pseudotrees,edge-traversal heuristics,emptyanswer,emptyanswer,emptyanswer,emptyanswer,emptyanswer,emptyanswer,emptyanswer,emptyanswer,emptyanswer,emptyanswer,emptyanswer
3T2HW4QDUU6E08YFMU3M1DWBOMJ9CX,34PGFRQONOAF72ENFZZ2RKD35YMWJM,ATRHDYWCIYTDJ,Approved,Wed Mar 11 04:39:27 EDT 2015,Wed Mar 11 04:39:47 EDT 2015,Optimization,model,multiagent,procedure,generate,emptyanswer,emptyanswer,emptyanswer,emptyanswer,emptyanswer,emptyanswer,emptyanswer,emptyanswer,emptyanswer,emptyanswer,emptyanswer
3T2HW4QDUU6E08YFMU3M1DWBOMJ9CX,3PS7W85Z8Z1Y99XKYI3EF6S150Y9TM,A3CMDYA9USA3MR,Approved,Wed Mar 11 07:22:38 EDT 2015,Wed Mar 11 07:22:50 EDT 2015,general,complex,multiagent,Several,improvements,emptyanswer,emptyanswer,emptyanswer,emptyanswer,emptyanswer,emptyanswer,emptyanswer,emptyanswer,emptyanswer,emptyanswer,emptyanswer
3T2HW4QDUU6E08YFMU3M1DWBOMJ9CX,3P59JYT76LJN9PCLD9OZ5JKNZU42T3,A28IXE702NXWKQ,Approved,Wed Mar 11 15:29:44 EDT 2015,Wed Mar 11 15:30:54 EDT 2015,Distributed Constraint Optimization (DCOP),general framework that can model complex problems,We introduce an extension to the DPOP algorithm,handles an extended set of pseudotree arrangements,For some problem instances we observe significant improvements in message and computation,emptyanswer,emptyanswer,emptyanswer,emptyanswer,emptyanswer,emptyanswer,emptyanswer,emptyanswer,emptyanswer,emptyanswer,emptyanswer
3T2HW4QDUU6E08YFMU3M1DWBOMJ9CX,3GS6S824SQWBQS58UXRUKRUKFK2WN6,A3HPVFAF1U9WXK,Approved,Thu Mar 12 01:51:03 EDT 2015,Thu Mar 12 01:51:47 EDT 2015,Distributed Constraint Optimization,DCOP,framework,multiagent systems,Pseudotree,emptyanswer,emptyanswer,emptyanswer,emptyanswer,emptyanswer,emptyanswer,emptyanswer,emptyanswer,emptyanswer,emptyanswer,emptyanswer
3T2HW4QDUU6E08YFMU3M1DWBOMJ9CX,3A4TN5196KHA2YDSA8WG3DQL1S0CHT,AM1HY736BY3Z8,Approved,Thu Mar 12 11:24:41 EDT 2015,Thu Mar 12 11:26:18 EDT 2015,A Complete Distributed Constraint Optimization Method For Non-Traditional Pseudotree Arrangements,Distributed Constraint Optimization (DCOP) is a general framework that can model complex problems in multiagent systems,"Several current algorithms that solve general DCOP instances, including ADOPT and DPOP, arrange agents into a traditional pseudotree structure","We compare our algorithm with DPOP using several metrics including the induced width of the pseudotrees, the maximum dimensionality of messages and computation.",We use multiple heuristics to generate pseudotrees and choose the best pseudotree in linear space-time complexity,emptyanswer,emptyanswer,emptyanswer,emptyanswer,emptyanswer,emptyanswer,emptyanswer,emptyanswer,emptyanswer,emptyanswer,emptyanswer
3T2HW4QDUU6E08YFMU3M1DWBOMJ9CX,3LWJHTCVCCLUI3W5K09BKX3PPSPFQ4,A2KS418T8MPLJH,Approved,Thu Mar 12 12:04:35 EDT 2015,Thu Mar 12 12:05:45 EDT 2015,Complete Distributed Constraint Optimization Metho,Non-Traditional Pseudotree Arrangement - Distributed Constraint Optimization (DCOP),We introduce an extension to the DPOP algorithm that handles an extended set of pseudotree arrangement,DCOP instances for pseudotrees that include edges between nodes in separate branche,some problem instances we observe significant improvements in message and computation sizes compared to DPOP,emptyanswer,emptyanswer,emptyanswer,emptyanswer,emptyanswer,emptyanswer,emptyanswer,emptyanswer,emptyanswer,emptyanswer,emptyanswer
3T2HW4QDUU6E08YFMU3M1DWBOMJ9CX,3EG49X351UBI87465L1ZKZM5TWCX6J,AU3WQKISBW5MZ,Approved,Thu Mar 12 14:14:02 EDT 2015,Thu Mar 12 14:14:33 EDT 2015,Distributed Constraint Optimization (DCOP) is a general framework that can model complex problems in multiagent systems.,"Several current algorithms that solve general DCOP instances, including ADOPT and DPOP, arrange agents into a traditional pseudotree structure. We introduce an extension to the DPOP algorithm that handles an extended set of pseudotree arrangements.",Our algorithm correctly solves DCOP instances for pseudotrees that include edges between nodes in separate branches. The algorithm also solves instances with traditional pseudotree arrangements using the same procedure as DPOP.,"We compare our algorithm with DPOP using several metrics including the induced width of the pseudotrees, the maximum dimensionality of messages and computation, and the maximum sequential path cost through the algorithm.",We prove that for some problem instances it is not possible to generate a traditional pseudotree using edge-traversal heuristics that will outperform a cross-edged pseudotree. We use multiple heuristics to generate pseudotrees and choose the best pseudotree in linear space-time complexity. For some problem instances we observe significant improvements in message and computation sizes compared to DPOP.,emptyanswer,emptyanswer,emptyanswer,emptyanswer,emptyanswer,emptyanswer,emptyanswer,emptyanswer,emptyanswer,emptyanswer,emptyanswer
3T2HW4QDUU6E08YFMU3M1DWBOMJ9CX,3RWE2M8QWH9II24N1QY9DWLGEGI0N5,ADVZAZ12Z8N9J,Approved,Thu Mar 12 14:50:46 EDT 2015,Thu Mar 12 14:58:39 EDT 2015,Distributed Constraint Optimization (DCOP) is a general framework that can model complex problems in multiagent systems.,N/A,N/A,N/A,N/A,emptyanswer,emptyanswer,emptyanswer,emptyanswer,emptyanswer,emptyanswer,emptyanswer,emptyanswer,emptyanswer,emptyanswer,emptyanswer
3T2HW4QDUU6E08YFMU3M1DWBOMJ9CX,3LBXNTKX0RU5QQ643S4B49D7JYWX98,A2SDTL2V8VJ25O,Approved,Thu Mar 12 20:54:12 EDT 2015,Thu Mar 12 20:54:51 EDT 2015,Complete,Distributed,Optimization,Pseudotree,heuristics,emptyanswer,emptyanswer,emptyanswer,emptyanswer,emptyanswer,emptyanswer,emptyanswer,emptyanswer,emptyanswer,emptyanswer,emptyanswer
3T2HW4QDUU6E08YFMU3M1DWBOMJ9CX,3JWH6J9I9SCJ2P7XZ6VYXDHZ5KABNX,A1A9GCQVBEMT58,Approved,Fri Mar 13 05:02:55 EDT 2015,Fri Mar 13 05:32:47 EDT 2015,Distributed Constraint Optimization,framework for complex problems in multiagent systems,extension to the DPOP algorithm,traditional pseudotree arrangements,maximum dimensionality of messages and computation,generate a traditional pseudotree,maximum sequential path cost,multiple heuristics,best pseudotree in linear space-time complexity.,significant improvements in message and computation size,emptyanswer,emptyanswer,emptyanswer,emptyanswer,emptyanswer,emptyanswer
3T2HW4QDUU6E08YFMU3M1DWBOMJ9CX,31Z0PCVWUKEUVQ9RJL5U1A1VBDGT77,A2UNRV6PEOEXG0,Approved,Fri Mar 13 12:43:00 EDT 2015,Fri Mar 13 12:43:41 EDT 2015,DCOP,multiagent systems,ADOPT,pseudotrees,edge-traversal,emptyanswer,emptyanswer,emptyanswer,emptyanswer,emptyanswer,emptyanswer,emptyanswer,emptyanswer,emptyanswer,emptyanswer,emptyanswer
3T2HW4QDUU6E08YFMU3M1DWBOMJ9CX,3ZPPDN2SLVVWKQFN8NEJGKS03TJE9G,A330N7LVL2IOVZ,Approved,Fri Mar 13 14:21:01 EDT 2015,Fri Mar 13 14:25:20 EDT 2015,distributed constraint optimization,multiagent systems,traditional pseudotree structure,algorithm,heuristics,linear space-time complexity,emptyanswer,emptyanswer,emptyanswer,emptyanswer,emptyanswer,emptyanswer,emptyanswer,emptyanswer,emptyanswer,emptyanswer
3T2HW4QDUU6E08YFMU3M1DWBOMJ9CX,3R08VXYT7CUMN7DLEQA5OU8UF89W7D,A3DTN2OMF6DUSI,Approved,Fri Mar 13 23:21:44 EDT 2015,Fri Mar 13 23:21:50 EDT 2015,model,model,model,model,model,emptyanswer,emptyanswer,emptyanswer,emptyanswer,emptyanswer,emptyanswer,emptyanswer,emptyanswer,emptyanswer,emptyanswer,emptyanswer
3T2HW4QDUU6E08YFMU3M1DWBOMJ9CX,3GFK2QRXX9G703Z2QXV8QAUYO4Q5WN,A2Z9HR2IBD75R9,Approved,Sat Mar 14 09:25:01 EDT 2015,Sat Mar 14 09:25:21 EDT 2015,Complete Distributed Constraint Optimization Method,Non-Traditional Pseudotree Arrangements,metrics,space-time complexity,improvements,emptyanswer,emptyanswer,emptyanswer,emptyanswer,emptyanswer,emptyanswer,emptyanswer,emptyanswer,emptyanswer,emptyanswer,emptyanswer
3T2HW4QDUU6E08YFMU3M1DWBOMJ9CX,3D8YOU6S9EJQR3AB0GQC0SN1ZKX6UE,A9JNBWXAFAATJ,Approved,Sat Mar 14 10:29:21 EDT 2015,Sat Mar 14 10:31:36 EDT 2015,DCOP,Distributed Constraint Optimization,pseudotree arrangements,ADOPT,DPOP,non-traditional pseudo tree arrangement,emptyanswer,emptyanswer,emptyanswer,emptyanswer,emptyanswer,emptyanswer,emptyanswer,emptyanswer,emptyanswer,emptyanswer
3T2HW4QDUU6E08YFMU3M1DWBOMJ9CX,3UJ1CZ6IZHOETMIT6SL7TLRDISSS5V,A80VSGAD9H8VE,Approved,Sat Mar 14 16:33:47 EDT 2015,Sat Mar 14 16:34:52 EDT 2015,Distributed Constraint Optimization,DCOP instances,cross-edged pseudotree,pseudotree in linear space-time complexity,DPOP,emptyanswer,emptyanswer,emptyanswer,emptyanswer,emptyanswer,emptyanswer,emptyanswer,emptyanswer,emptyanswer,emptyanswer,emptyanswer
3T2HW4QDUU6E08YFMU3M1DWBOMJ9CX,3TGOYF991XLBTE0CWYOFGY1H267UUW,AH3ER3EJXHRO2,Approved,Sat Mar 14 16:48:53 EDT 2015,Sat Mar 14 16:49:27 EDT 2015,non-traditional pseudotree arrangements,distributed constraint optimization,multiagent systems,algorithms,DCOP instances,emptyanswer,emptyanswer,emptyanswer,emptyanswer,emptyanswer,emptyanswer,emptyanswer,emptyanswer,emptyanswer,emptyanswer,emptyanswer
3T2HW4QDUU6E08YFMU3M1DWBOMJ9CX,3UOUJI6MTDD3AIU713Z2050LWOPXUS,ACVJ6IUO9QM4R,Approved,Sat Mar 14 17:26:17 EDT 2015,Sat Mar 14 17:27:21 EDT 2015,complex problems in multiagent systems,Distributed Constraint Optimization (DCOP),extension to the DPOP algorithm,algorithm correctly solves DCOP instances,we compare our algorithm with DPOP using several metrics,emptyanswer,emptyanswer,emptyanswer,emptyanswer,emptyanswer,emptyanswer,emptyanswer,emptyanswer,emptyanswer,emptyanswer,emptyanswer
3T2HW4QDUU6E08YFMU3M1DWBOMJ9CX,3QAVNHZ3EM3OVFZKHFFNPAT4ICNLAI,A16DELN8V1CH9R,Approved,Sat Mar 14 17:32:34 EDT 2015,Sat Mar 14 17:35:10 EDT 2015,Distributed Constraint Optimization (DCOP),multiagent systems,traditional pseudotree structure,non-traditional pseudotree structure,linear space-time complexity,DPOP,induced width of pseudotrees,maximum dimensionality of messages and computation,maximum sequential path cost,emptyanswer,emptyanswer,emptyanswer,emptyanswer,emptyanswer,emptyanswer,emptyanswer
3T2HW4QDUU6E08YFMU3M1DWBOMJ9CX,3U088ZLJVKS85WD1TRPW9FY77YMW04,A1G94QON7A9K0N,Approved,Sat Mar 14 20:12:04 EDT 2015,Sat Mar 14 20:12:34 EDT 2015,dcop,multiagent,messages,path,pseudotree,emptyanswer,emptyanswer,emptyanswer,emptyanswer,emptyanswer,emptyanswer,emptyanswer,emptyanswer,emptyanswer,emptyanswer,emptyanswer
3T2HW4QDUU6E08YFMU3M1DWBOMJ9CX,3NJM2BJS4W52FFBGTL4LCMSCNQNCPP,A1BV5YY1UQCMZY,Approved,Sat Mar 14 21:02:33 EDT 2015,Sat Mar 14 21:04:03 EDT 2015,dcop,non-traditional pseudotree arrangements,dpop,adopt,algorithm,maximum sequential path,emptyanswer,emptyanswer,emptyanswer,emptyanswer,emptyanswer,emptyanswer,emptyanswer,emptyanswer,emptyanswer,emptyanswer
3T2HW4QDUU6E08YFMU3M1DWBOMJ9CX,3Z2R0DQ0JHDLK6UONEZ46XKMXS6E2V,A29ZV4XJB7R1O,Approved,Sat Mar 14 20:50:33 EDT 2015,Sat Mar 14 21:06:10 EDT 2015,Complete,Distributed,DCOP,Constraint,Optimization,emptyanswer,emptyanswer,emptyanswer,emptyanswer,emptyanswer,emptyanswer,emptyanswer,emptyanswer,emptyanswer,emptyanswer,emptyanswer
3T2HW4QDUU6E08YFMU3M1DWBOMJ9CX,3HUTX6F6VUM7WX7DHS20B9E01UH2OS,A2TM0CPAMAO45B,Approved,Sat Mar 14 21:19:47 EDT 2015,Sat Mar 14 21:20:33 EDT 2015,Distributed Constraint Optimization (DCOP),framework,complex problems in multiagent systems,pseudotree arrangements,metrics,emptyanswer,emptyanswer,emptyanswer,emptyanswer,emptyanswer,emptyanswer,emptyanswer,emptyanswer,emptyanswer,emptyanswer,emptyanswer
3T2HW4QDUU6E08YFMU3M1DWBOMJ9CX,39LNWE0K4UV6KN5C2HZ1XVD68C2IUW,A9VLWY4KW6OCB,Approved,Sat Mar 14 21:19:01 EDT 2015,Sat Mar 14 21:27:28 EDT 2015,Complete,Distributed,Constraint,DCOP,multiagent,emptyanswer,emptyanswer,emptyanswer,emptyanswer,emptyanswer,emptyanswer,emptyanswer,emptyanswer,emptyanswer,emptyanswer,emptyanswer
3T2HW4QDUU6E08YFMU3M1DWBOMJ9CX,3LBXNTKX0RU5QQ643S4B49D7J4YX9M,A1GK9ZI7T30X9Z,Approved,Sat Mar 14 22:47:52 EDT 2015,Sat Mar 14 22:49:12 EDT 2015,Distributed Constraint Optimization,Non-Traditional Pseudotree,DCOP,framework,model,multiagent systems,ADOPT,pseudotree structure,emptyanswer,emptyanswer,emptyanswer,emptyanswer,emptyanswer,emptyanswer,emptyanswer,emptyanswer
3T2HW4QDUU6E08YFMU3M1DWBOMJ9CX,3OSWBBLG1EWHTGJLF89DQ5WXAPEXD4,AWFQ7OX0UPSM5,Approved,Sat Mar 14 23:27:51 EDT 2015,Sat Mar 14 23:29:01 EDT 2015,Complete Distributed Constraint Optimization Method,Non-Traditional Pseudotree Arrangements,Distributed Constraint Optimization (DCOP),multiagent systems,maximum dimensionality of messages and computation,emptyanswer,emptyanswer,emptyanswer,emptyanswer,emptyanswer,emptyanswer,emptyanswer,emptyanswer,emptyanswer,emptyanswer,emptyanswer
