HitId,AssignmentId,WorkerId,Status,AcceptTime,SubmitTime,Answer 1,Answer 2,Answer 3,Answer 4,Answer 5,Answer 6,Answer 7,Answer 8,Answer 9,Answer 10,Answer 11,Answer 12,Answer 13,Answer 14,Answer 15,Answer 16
3T6EIBTM9KN4CCBMUMLVRDH7U1HAAC,39ASUFLU6X6MLMXLB3KXWNEI972EXC,A1XRIEYLA7ZJ3B,Approved,Mon Mar 02 14:03:15 EST 2015,Mon Mar 02 14:05:23 EST 2015,Modular Interpreted Systems,"temporal, strategic and epistemic properties","interpreted systems of Halpern, Fagin et al",preliminary results,model checking alternating-time temporal logic,emptyanswer,emptyanswer,emptyanswer,emptyanswer,emptyanswer,emptyanswer,emptyanswer,emptyanswer,emptyanswer,emptyanswer,emptyanswer
3T6EIBTM9KN4CCBMUMLVRDH7U1HAAC,358010RM5ES3NXJ76T97WR24927XV3,A22R7DT2XQIKXV,Approved,Mon Mar 02 14:57:36 EST 2015,Mon Mar 02 14:57:46 EST 2015,aa,aa,aa,aa,aa,emptyanswer,emptyanswer,emptyanswer,emptyanswer,emptyanswer,emptyanswer,emptyanswer,emptyanswer,emptyanswer,emptyanswer,emptyanswer
3T6EIBTM9KN4CCBMUMLVRDH7U1HAAC,3J2UYBXQQLBABHYV29CSBLZUI2Z06O,A3ODG942FG22PJ,Approved,Mon Mar 02 16:30:29 EST 2015,Mon Mar 02 16:30:57 EST 2015,Modular,Interpreted Systems,Halpern,Fagin,epistemic,na,na,na,na,na,na,na,na,na,na,na
3T6EIBTM9KN4CCBMUMLVRDH7U1HAAC,3TK8OJTYM1KYEOHGK2ZQ2EG173FVPU,A1W7BQWWGKJ3XF,Approved,Mon Mar 02 20:11:17 EST 2015,Mon Mar 02 20:12:25 EST 2015,Modular,modeling,model checking,"temporal, strategic and epistemic properties",concurrent programs,emptyanswer,emptyanswer,emptyanswer,emptyanswer,emptyanswer,emptyanswer,emptyanswer,emptyanswer,emptyanswer,emptyanswer,emptyanswer
3T6EIBTM9KN4CCBMUMLVRDH7U1HAAC,3DH6GAKTYYO9WMERCMKC0BM9ZJSYZV,A2R085B34P2LYS,Approved,Mon Mar 02 22:10:24 EST 2015,Mon Mar 02 22:13:28 EST 2015,Modular,Interpreted,Systems,representations,modeling,optional,optional,optional,optional,optional,optional,optional,optional,optional,optional,optional
3T6EIBTM9KN4CCBMUMLVRDH7U1HAAC,3TAYZSBPLL7MUPZ6O9J9VEO1XQN2S5,A1B5NXRZQYRC4R,Approved,Tue Mar 03 08:54:42 EST 2015,Tue Mar 03 08:55:10 EST 2015,modular,interpreted,systems,representations,halpern,emptyanswer,emptyanswer,emptyanswer,emptyanswer,emptyanswer,emptyanswer,emptyanswer,emptyanswer,emptyanswer,emptyanswer,emptyanswer
3T6EIBTM9KN4CCBMUMLVRDH7U1HAAC,3EKVH9QMEY3GS0GORJOK0F21WNID2R,A26M2B8NZVKWTZ,Approved,Tue Mar 03 10:39:18 EST 2015,Tue Mar 03 10:41:37 EST 2015,Modular,Interpreted,Systems,representations,preliminary,emptyanswer,emptyanswer,emptyanswer,emptyanswer,emptyanswer,emptyanswer,emptyanswer,emptyanswer,emptyanswer,emptyanswer,emptyanswer
3T6EIBTM9KN4CCBMUMLVRDH7U1HAAC,3I7DHKZYGNZ5PHD708L8MM8YSAQF56,A27I79P03I0ZPO,Approved,Tue Mar 03 10:55:05 EST 2015,Tue Mar 03 10:55:28 EST 2015,Modular,Interpreted,Systems,properties,preliminary,emptyanswer,emptyanswer,emptyanswer,emptyanswer,emptyanswer,emptyanswer,emptyanswer,emptyanswer,emptyanswer,emptyanswer,emptyanswer
3T6EIBTM9KN4CCBMUMLVRDH7U1HAAC,30BUDKLTXDUDJ3DB5X1244NYG9E5EH,A2A4LHPXF2E2GS,Approved,Tue Mar 03 12:00:14 EST 2015,Tue Mar 03 12:05:06 EST 2015,modular interpreted systems,new class of representations,"modeling temporal, strategic and epistemic properties","Halpern, Fagin et al. interpreted systems",alternating-time temporal logic,emptyanswer,emptyanswer,emptyanswer,emptyanswer,emptyanswer,emptyanswer,emptyanswer,emptyanswer,emptyanswer,emptyanswer,emptyanswer
3T6EIBTM9KN4CCBMUMLVRDH7U1HAAC,33CUSNVVNNBFXKMMQSM5OE137XW884,A9HQ3E0F2AGVO,Approved,Tue Mar 03 17:48:59 EST 2015,Tue Mar 03 17:56:03 EST 2015,modular,compact,preliminary results,model checking,alternating-time temporal logic,emptyanswer,emptyanswer,emptyanswer,emptyanswer,emptyanswer,emptyanswer,emptyanswer,emptyanswer,emptyanswer,emptyanswer,emptyanswer
3T6EIBTM9KN4CCBMUMLVRDH7U1HAAC,39RP059MEHSDK7MXN5GYKYSZZ8UBMI,A2YW509B0UMSEH,Approved,Tue Mar 03 23:55:59 EST 2015,Tue Mar 03 23:58:47 EST 2015,Interpreted Systems,model,program,model checking,logic,emptyanswer,emptyanswer,emptyanswer,emptyanswer,emptyanswer,emptyanswer,emptyanswer,emptyanswer,emptyanswer,emptyanswer,emptyanswer
3T6EIBTM9KN4CCBMUMLVRDH7U1HAAC,3P59JYT76LJN9PCLD9OZ5JKNZBNT2B,A3LUJSAN4DQ1ZT,Approved,Wed Mar 04 02:07:03 EST 2015,Wed Mar 04 02:08:13 EST 2015,temporal,strategic,epistemic,agents,halpern,alternating-time,temporal logic,emptyanswer,emptyanswer,emptyanswer,emptyanswer,emptyanswer,emptyanswer,emptyanswer,emptyanswer,emptyanswer
3T6EIBTM9KN4CCBMUMLVRDH7U1HAAC,3C5W7UE9CFPKXAPYS18G9VJRICEMX0,A3S81UFDOWF2ST,Approved,Wed Mar 04 10:18:11 EST 2015,Wed Mar 04 10:19:12 EST 2015,Modular Interpreted Systems,representations,temporal properties,strategic properties,epistemic properties,emptyanswer,emptyanswer,emptyanswer,emptyanswer,emptyanswer,emptyanswer,emptyanswer,emptyanswer,emptyanswer,emptyanswer,emptyanswer
3T6EIBTM9KN4CCBMUMLVRDH7U1HAAC,33LKR6A5KEJGK4UPU5OL00AI75WT1H,A3FFZN4FO3Q789,Approved,Wed Mar 04 10:41:38 EST 2015,Wed Mar 04 10:55:00 EST 2015,and,and,and,preliminary,preliminary,emptyanswer,emptyanswer,emptyanswer,emptyanswer,emptyanswer,emptyanswer,emptyanswer,emptyanswer,emptyanswer,emptyanswer,emptyanswer
3T6EIBTM9KN4CCBMUMLVRDH7U1HAAC,3PH3VY7DJLW57HJRXL2OFE1TOEYWZ6,A3H35QRODK1C4K,Approved,Wed Mar 04 12:14:13 EST 2015,Wed Mar 04 12:14:50 EST 2015,modular,interpreted,systems,propose,models,emptyanswer,emptyanswer,emptyanswer,emptyanswer,emptyanswer,emptyanswer,emptyanswer,emptyanswer,emptyanswer,emptyanswer,emptyanswer
3T6EIBTM9KN4CCBMUMLVRDH7U1HAAC,38YMOXR4MUY3J7ZGVG5DIG8YJBG6W6,A2F6ZON8X5EAGL,Approved,Wed Mar 04 16:23:15 EST 2015,Wed Mar 04 16:23:42 EST 2015,Modular Interpreted Systems,class,strategic,teams,models,emptyanswer,emptyanswer,emptyanswer,emptyanswer,emptyanswer,emptyanswer,emptyanswer,emptyanswer,emptyanswer,emptyanswer,emptyanswer
3T6EIBTM9KN4CCBMUMLVRDH7U1HAAC,3U84XHCDICCTYF07NFW5KMI24MOZ4E,A3OTLWGJFB65KD,Approved,Wed Mar 04 19:17:34 EST 2015,Wed Mar 04 19:17:43 EST 2015,nothing,nothing,nothing,nothing,nothing,emptyanswer,emptyanswer,emptyanswer,emptyanswer,emptyanswer,emptyanswer,emptyanswer,emptyanswer,emptyanswer,emptyanswer,emptyanswer
3T6EIBTM9KN4CCBMUMLVRDH7U1HAAC,3LKC68YZ3A2T8D5KVCR7ZGUP4CKWOX,A9LA6QK6VCERR,Approved,Thu Mar 05 01:53:36 EST 2015,Thu Mar 05 01:55:56 EST 2015,Modular Interpreted Systems,modeling,model checking,"temporal, strategic and epistemic properties of agents",Halpern,Fagin,model checking alternating-time temporal logic,emptyanswer,emptyanswer,emptyanswer,emptyanswer,emptyanswer,emptyanswer,emptyanswer,emptyanswer,emptyanswer
3T6EIBTM9KN4CCBMUMLVRDH7U1HAAC,3QUO65DNQUNGG9GF0CC6HS9SJX4OUN,A3I10J1GPDAPQR,Approved,Thu Mar 05 08:27:11 EST 2015,Thu Mar 05 08:28:43 EST 2015,Modular Interpreted Systems,alternating-time temporal logic,natural class of models,concurrent programs,epistemic properties,emptyanswer,emptyanswer,emptyanswer,emptyanswer,emptyanswer,emptyanswer,emptyanswer,emptyanswer,emptyanswer,emptyanswer,emptyanswer
3T6EIBTM9KN4CCBMUMLVRDH7U1HAAC,3NLZY2D53POGIV616BC9FA89L7UQL4,A1QUDNLO95AKS5,Approved,Thu Mar 05 08:40:12 EST 2015,Thu Mar 05 08:42:22 EST 2015,Modular Interpreted Systems,modeling,strategic,epistemic properties,teams,emptyanswer,emptyanswer,emptyanswer,emptyanswer,emptyanswer,emptyanswer,emptyanswer,emptyanswer,emptyanswer,emptyanswer,emptyanswer
3T6EIBTM9KN4CCBMUMLVRDH7U1HAAC,3FK0YFF9PZFBJ8EC6E8P865JTXGVVR,A1YLO4LT02D2F0,Approved,Thu Mar 05 11:18:29 EST 2015,Thu Mar 05 11:18:58 EST 2015,class of representations,"temporal, strategic and epistemic",Our representations borrow,results on model checking alternating,this natural class of models.,emptyanswer,emptyanswer,emptyanswer,emptyanswer,emptyanswer,emptyanswer,emptyanswer,emptyanswer,emptyanswer,emptyanswer,emptyanswer
3T6EIBTM9KN4CCBMUMLVRDH7U1HAAC,3OXV7EAXLEP6S9XSLWUBDJX1LK536K,A3DHYTZ1GPN0T8,Approved,Thu Mar 05 12:50:37 EST 2015,Thu Mar 05 12:51:08 EST 2015,propose,interpreted,Halpern,compact,alternating-time,emptyanswer,emptyanswer,emptyanswer,emptyanswer,emptyanswer,emptyanswer,emptyanswer,emptyanswer,emptyanswer,emptyanswer,emptyanswer
3T6EIBTM9KN4CCBMUMLVRDH7U1HAAC,3BV8HQ2ZZW06CUWDUB9L0RB7RVEA66,A2SDTL2V8VJ25O,Approved,Thu Mar 05 15:48:04 EST 2015,Thu Mar 05 15:48:55 EST 2015,Modular,Interpreted Systems,representations,modeling,preliminary,emptyanswer,emptyanswer,emptyanswer,emptyanswer,emptyanswer,emptyanswer,emptyanswer,emptyanswer,emptyanswer,emptyanswer,emptyanswer
3T6EIBTM9KN4CCBMUMLVRDH7U1HAAC,3RSDURM96ALBLRNVGZ6ZF1LRBK7EY7,ADUJUZANFOWKW,Approved,Thu Mar 05 16:22:22 EST 2015,Thu Mar 05 16:23:55 EST 2015,systems,modular,representations,properties,programs,emptyanswer,emptyanswer,emptyanswer,emptyanswer,emptyanswer,emptyanswer,emptyanswer,emptyanswer,emptyanswer,emptyanswer,emptyanswer
3T6EIBTM9KN4CCBMUMLVRDH7U1HAAC,3D8YOU6S9EJQR3AB0GQC0SN1Y0MU6M,A156E6TWVB7GP7,Approved,Fri Mar 06 00:31:19 EST 2015,Fri Mar 06 00:32:03 EST 2015,model checking,Halpern,less compact,preliminary results,natural,emptyanswer,emptyanswer,emptyanswer,emptyanswer,emptyanswer,emptyanswer,emptyanswer,emptyanswer,emptyanswer,emptyanswer,emptyanswer
3T6EIBTM9KN4CCBMUMLVRDH7U1HAAC,3DHE4R9OCWAJ4KQFT9PS605Y9QI2GW,AQXSUU4I4DAH8,Approved,Fri Mar 06 11:32:44 EST 2015,Fri Mar 06 11:33:23 EST 2015,new class of representations,strategic and epistemic properties,Modular Interpreted Systems,interpreted systems of Halpern,way concurrent programs,emptyanswer,emptyanswer,emptyanswer,emptyanswer,emptyanswer,emptyanswer,emptyanswer,emptyanswer,emptyanswer,emptyanswer,emptyanswer
3T6EIBTM9KN4CCBMUMLVRDH7U1HAAC,3A7Y0R2P2ONUW2JDP4VOT3RAER0JXS,A2KELEVTA0306Y,Approved,Fri Mar 06 11:41:40 EST 2015,Fri Mar 06 11:43:20 EST 2015,propose,new,class,representations,modeling,temporal,strategic,epistemic,properties,agents,representations,interpreted,modular,concurrent,programs,logic
3T6EIBTM9KN4CCBMUMLVRDH7U1HAAC,3IOEN3P9S7IAI6JDYSGSPQI4N6261I,A3G4SXD4N30C3L,Approved,Fri Mar 06 11:47:13 EST 2015,Fri Mar 06 11:47:46 EST 2015,Modular Interpreted Systems,class of representations,model checking,"temporal, strategic and epistemic properties",model checking alternating-time temporal logic,emptyanswer,emptyanswer,emptyanswer,emptyanswer,emptyanswer,emptyanswer,emptyanswer,emptyanswer,emptyanswer,emptyanswer,emptyanswer
3T6EIBTM9KN4CCBMUMLVRDH7U1HAAC,3U5NZHP4LR1TWNMWFDIMNDPSZ09HPJ,A1A7P5LC80G47W,Approved,Fri Mar 06 15:27:04 EST 2015,Fri Mar 06 15:27:57 EST 2015,modular interpreted systems,representations,modeling,strategic,epistemic,emptyanswer,emptyanswer,emptyanswer,emptyanswer,emptyanswer,emptyanswer,emptyanswer,emptyanswer,emptyanswer,emptyanswer,emptyanswer
3T6EIBTM9KN4CCBMUMLVRDH7U1HAAC,3R08VXYT7CUMN7DLEQA5OU8UEUKW7V,A2SJC9VRBGNC58,Approved,Fri Mar 06 17:29:59 EST 2015,Fri Mar 06 17:33:39 EST 2015,Modular Interpreted Systems,"Halpern, Fagin et al.",alternating-time temporal logic,epistemic properties,strategic properties,emptyanswer,emptyanswer,emptyanswer,emptyanswer,emptyanswer,emptyanswer,emptyanswer,emptyanswer,emptyanswer,emptyanswer,emptyanswer
3T6EIBTM9KN4CCBMUMLVRDH7U1HAAC,3KRVW3HTZNKC1T3ZYR2TAN2Z38DMSF,AWQK8QA93VLW9,Approved,Sat Mar 07 10:41:36 EST 2015,Sat Mar 07 10:42:37 EST 2015,Modular Interpreted Systems,modeling,interpreted systems,Halpern,Fagin,alternating-time temporal logic,emptyanswer,emptyanswer,emptyanswer,emptyanswer,emptyanswer,emptyanswer,emptyanswer,emptyanswer,emptyanswer,emptyanswer
3T6EIBTM9KN4CCBMUMLVRDH7U1HAAC,3N2BF7Y2VQTNBKPJNXQU69VXUX3HMW,A37WDQ1VG5XN6Z,Approved,Sat Mar 07 13:32:59 EST 2015,Sat Mar 07 13:33:06 EST 2015,nothing,nothing,nothing,nothing,nothing,emptyanswer,emptyanswer,emptyanswer,emptyanswer,emptyanswer,emptyanswer,emptyanswer,emptyanswer,emptyanswer,emptyanswer,emptyanswer
3T6EIBTM9KN4CCBMUMLVRDH7U1HAAC,3P59JYT76LJN9PCLD9OZ5JKNZNTT25,ANB69EQROUTQJ,Approved,Sat Mar 07 19:23:55 EST 2015,Sat Mar 07 19:25:00 EST 2015,MODULAR,MODELING,INTERPRETED SYSTEMS,HALPERN,MODEL CHECKING,emptyanswer,emptyanswer,emptyanswer,emptyanswer,emptyanswer,emptyanswer,emptyanswer,emptyanswer,emptyanswer,emptyanswer,emptyanswer
3T6EIBTM9KN4CCBMUMLVRDH7U1HAAC,39L1G8WVWQQBLNWVFQIUIN6KDIS317,A38IE69ORDCEGY,Approved,Sat Mar 07 23:45:14 EST 2015,Sat Mar 07 23:46:43 EST 2015,Modular interpreted systems,modeling,model checking,epistemic properties of agents,"Halpern, Fargin et al.",emptyanswer,emptyanswer,emptyanswer,emptyanswer,emptyanswer,emptyanswer,emptyanswer,emptyanswer,emptyanswer,emptyanswer,emptyanswer
3T6EIBTM9KN4CCBMUMLVRDH7U1HAAC,3EQHHY4HQSRB3H92BSRQ478AT4JG5T,A1JWEYGDFDB100,Approved,Sun Mar 08 09:49:56 EDT 2015,Sun Mar 08 09:51:17 EDT 2015,Modular Interpreted Systems,new class of representations,strategic and epistemic properties of agents,temporal,"Halpern, Fagin et al",emptyanswer,emptyanswer,emptyanswer,emptyanswer,emptyanswer,emptyanswer,emptyanswer,emptyanswer,emptyanswer,emptyanswer,emptyanswer
3T6EIBTM9KN4CCBMUMLVRDH7U1HAAC,3FDJT1UU747G535L1JC52Z030L85KT,A156NFBMKKLDL9,Approved,Sun Mar 08 13:56:16 EDT 2015,Sun Mar 08 13:56:41 EDT 2015,Modular Interpreted Systems,class of representations,interpreted systems,concurrent programs,alternating-time temporal logic,emptyanswer,emptyanswer,emptyanswer,emptyanswer,emptyanswer,emptyanswer,emptyanswer,emptyanswer,emptyanswer,emptyanswer,emptyanswer
3T6EIBTM9KN4CCBMUMLVRDH7U1HAAC,3570Y55XZPI955JMMUWNF463O91YG5,A2GBY8O6GYSB89,Approved,Sun Mar 08 18:39:30 EDT 2015,Sun Mar 08 18:40:13 EDT 2015,Modular Interpreted Systems,new class of representations,can be used for modeling,strategic and epistemic properties,modular and compact,emptyanswer,emptyanswer,emptyanswer,emptyanswer,emptyanswer,emptyanswer,emptyanswer,emptyanswer,emptyanswer,emptyanswer,emptyanswer
3T6EIBTM9KN4CCBMUMLVRDH7U1HAAC,3IX2EGZR7BIAZ6X1G5PW4L5MDF8JRZ,A3GSN49YWM9CLD,Approved,Mon Mar 09 05:17:09 EDT 2015,Mon Mar 09 05:18:40 EDT 2015,modeling (and model checking,") temporal, strategic and epistemic properties","Halpern, Fagin",natural class of models.,concurrent programs,emptyanswer,emptyanswer,emptyanswer,emptyanswer,emptyanswer,emptyanswer,emptyanswer,emptyanswer,emptyanswer,emptyanswer,emptyanswer
3T6EIBTM9KN4CCBMUMLVRDH7U1HAAC,3I0BTBYZAXKCU1818S7KUCJNHUL0YH,A2SZAM3EZER2PH,Approved,Mon Mar 09 06:13:47 EDT 2015,Mon Mar 09 06:14:45 EDT 2015,new class,modeling,strategic and epistemic,interpreted systems,class of models,emptyanswer,emptyanswer,emptyanswer,emptyanswer,emptyanswer,emptyanswer,emptyanswer,emptyanswer,emptyanswer,emptyanswer,emptyanswer
3T6EIBTM9KN4CCBMUMLVRDH7U1HAAC,3TK8OJTYM1KYEOHGK2ZQ2EG17LKVPZ,ACYGMRGAZ22U7,Approved,Mon Mar 09 18:04:19 EDT 2015,Mon Mar 09 18:04:25 EDT 2015,Keyword/Keyphrase 1:,Keyword/Keyphrase 1:,Keyword/Keyphrase 1:,Keyword/Keyphrase 1:,Keyword/Keyphrase 1:,emptyanswer,emptyanswer,emptyanswer,emptyanswer,emptyanswer,emptyanswer,emptyanswer,emptyanswer,emptyanswer,emptyanswer,emptyanswer
3T6EIBTM9KN4CCBMUMLVRDH7U1HAAC,3KAKFY4PGU1MLTSTNX30AMN6UN2I3J,A16MCPIUMNIDW,Approved,Mon Mar 09 20:08:43 EDT 2015,Mon Mar 09 20:09:35 EDT 2015,interpreted systems,temporal,strategic,epistemic,modeling,modeling programs,model checking,emptyanswer,emptyanswer,emptyanswer,emptyanswer,emptyanswer,emptyanswer,emptyanswer,emptyanswer,emptyanswer
3T6EIBTM9KN4CCBMUMLVRDH7U1HAAC,3LYA37P8IQMIUJMU2T3I5L0VAKZBKB,APEB5ERGCYP6D,Approved,Tue Mar 10 01:44:24 EDT 2015,Tue Mar 10 02:42:24 EDT 2015,new class of representations,used for modeling,epistemic properties of agents,compact in the way concurrent programs,time temporal logic for this natural class of models,emptyanswer,emptyanswer,emptyanswer,emptyanswer,emptyanswer,emptyanswer,emptyanswer,emptyanswer,emptyanswer,emptyanswer,emptyanswer
3T6EIBTM9KN4CCBMUMLVRDH7U1HAAC,3HYA4D452RIDQKUKIPJAOF5M8J12FW,AW36CVMS3526O,Approved,Tue Mar 10 13:46:47 EDT 2015,Tue Mar 10 13:47:31 EDT 2015,Interpreted,temporal,properties,borrow,models,emptyanswer,emptyanswer,emptyanswer,emptyanswer,emptyanswer,emptyanswer,emptyanswer,emptyanswer,emptyanswer,emptyanswer,emptyanswer
3T6EIBTM9KN4CCBMUMLVRDH7U1HAAC,33PPO7FECVEK3LUQGM9CNV9IL3EDI5,A3UY2GVCKC8LSL,Approved,Wed Mar 11 00:05:49 EDT 2015,Wed Mar 11 00:06:18 EDT 2015,Fagin,Halpern,model checking,temporal,Modular Interpreted Systems,emptyanswer,emptyanswer,emptyanswer,emptyanswer,emptyanswer,emptyanswer,emptyanswer,emptyanswer,emptyanswer,emptyanswer,emptyanswer
3T6EIBTM9KN4CCBMUMLVRDH7U1HAAC,3EJJQNKU9R4E802BS5MBS8P70R3HRZ,ATRHDYWCIYTDJ,Approved,Wed Mar 11 04:49:20 EDT 2015,Wed Mar 11 04:49:37 EDT 2015,representations,modeling,epistemic,concurrent,models,emptyanswer,emptyanswer,emptyanswer,emptyanswer,emptyanswer,emptyanswer,emptyanswer,emptyanswer,emptyanswer,emptyanswer,emptyanswer
3T6EIBTM9KN4CCBMUMLVRDH7U1HAAC,3X31TUMD7XLS1RMKLWMUE901DBP1L3,A3CMDYA9USA3MR,Approved,Wed Mar 11 07:58:54 EDT 2015,Wed Mar 11 07:59:05 EDT 2015,propose,representations,used,modeling,strategic,emptyanswer,emptyanswer,emptyanswer,emptyanswer,emptyanswer,emptyanswer,emptyanswer,emptyanswer,emptyanswer,emptyanswer,emptyanswer
3T6EIBTM9KN4CCBMUMLVRDH7U1HAAC,3HUTX6F6VUM7WX7DHS20B9E00M8O2O,A3K6BSW10S4YKJ,Approved,Wed Mar 11 08:29:27 EDT 2015,Wed Mar 11 08:30:38 EDT 2015,a new class of representations,properties of agents and their teams,"main ideas from interpreted systems of Halpern, Fagin et al.",modular and compact in the way concurrent programs,preliminary results on model,emptyanswer,emptyanswer,emptyanswer,emptyanswer,emptyanswer,emptyanswer,emptyanswer,emptyanswer,emptyanswer,emptyanswer,emptyanswer
3T6EIBTM9KN4CCBMUMLVRDH7U1HAAC,3F0BG9B9MPMQCC8LTRST9RTAPC6Y72,A2KS418T8MPLJH,Approved,Wed Mar 11 15:13:48 EDT 2015,Wed Mar 11 15:16:54 EDT 2015,new class of representations that can be used for modeling,strategic and epistemic properties of agents and their teams from interpreted systems,Our representations borrow the main ideas,modular and compact in the way concurrent programs,model checking alternating-time temporal logic for this natural class of models,emptyanswer,emptyanswer,emptyanswer,emptyanswer,emptyanswer,emptyanswer,emptyanswer,emptyanswer,emptyanswer,emptyanswer,emptyanswer
3T6EIBTM9KN4CCBMUMLVRDH7U1HAAC,3ZGVPD4G6TGDF0FX2GXDSUUUK34ZT9,A2E2IQ99W6B7AV,Approved,Wed Mar 11 16:18:57 EDT 2015,Wed Mar 11 16:20:08 EDT 2015,Modular systems,Agent teams,Representation class,Interpreted systems,Concurrent programs,emptyanswer,emptyanswer,emptyanswer,emptyanswer,emptyanswer,emptyanswer,emptyanswer,emptyanswer,emptyanswer,emptyanswer,emptyanswer
3T6EIBTM9KN4CCBMUMLVRDH7U1HAAC,3JAOYWH7VI3AQWPFP91NTFIKBNUL9D,A28IXE702NXWKQ,Approved,Wed Mar 11 16:34:48 EDT 2015,Wed Mar 11 16:36:12 EDT 2015,We propose a new class,representations that can be used,modeling (and model checking) temporal,they are also modular and compact,time temporal logic for this natural class of models,emptyanswer,emptyanswer,emptyanswer,emptyanswer,emptyanswer,emptyanswer,emptyanswer,emptyanswer,emptyanswer,emptyanswer,emptyanswer
3T6EIBTM9KN4CCBMUMLVRDH7U1HAAC,3LUY3GC63ZZW3YGK24WAW00YL7M7P0,A2KEOU752LUBZC,Approved,Wed Mar 11 23:06:27 EDT 2015,Wed Mar 11 23:10:33 EDT 2015,a new class of representations,used for modeling,model checking,"temporal, strategic and epistemic properties",of agents and their teams,representations borrow the main ideas,"interpreted systems of Halpern, Fagin",modular,compact,concurrent programs,preliminary results,model checking,alternating-time,temporal logic,natural class,class of models
3T6EIBTM9KN4CCBMUMLVRDH7U1HAAC,3S4AW7T80BH9TQJ38E5WC774QWZL43,A2UNRV6PEOEXG0,Approved,Thu Mar 12 00:42:20 EDT 2015,Thu Mar 12 00:43:02 EDT 2015,Modular Interpreted Systems,modeling,representations,interpreted systems,concurrent program,emptyanswer,emptyanswer,emptyanswer,emptyanswer,emptyanswer,emptyanswer,emptyanswer,emptyanswer,emptyanswer,emptyanswer,emptyanswer
3T6EIBTM9KN4CCBMUMLVRDH7U1HAAC,3OSWBBLG1EWHTGJLF89DQ5WXAIUXD6,AM1HY736BY3Z8,Approved,Thu Mar 12 11:21:53 EDT 2015,Thu Mar 12 11:23:25 EDT 2015,Modular Interpreted Systems,We propose a new class of representations that can be used for modeling.,"Our representations borrow the main ideas from interpreted systems of Halpern, Fagin et al.;",they are also modular and compact in the way concurrent programs are.,We also mention preliminary results on model checking alternating-time temporal logic for this natural class of models.,emptyanswer,emptyanswer,emptyanswer,emptyanswer,emptyanswer,emptyanswer,emptyanswer,emptyanswer,emptyanswer,emptyanswer,emptyanswer
3T6EIBTM9KN4CCBMUMLVRDH7U1HAAC,3HYA4D452RIDQKUKIPJAOF5M9NFF2W,AU3WQKISBW5MZ,Approved,Thu Mar 12 14:29:28 EDT 2015,Thu Mar 12 14:29:40 EDT 2015,"We propose a new class of representations that can be used for modeling (and model checking) temporal, strategic and epistemic properties of agents and their teams. Our representations borrow the main ideas from interpreted systems of Halpern, Fagin et al.; however, they are also modular and compact in the way concurrent programs are. We also mention preliminary results on model checking alternating-time temporal logic for this natural class of models.","We propose a new class of representations that can be used for modeling (and model checking) temporal, strategic and epistemic properties of agents and their teams. Our representations borrow the main ideas from interpreted systems of Halpern, Fagin et al.; however, they are also modular and compact in the way concurrent programs are. We also mention preliminary results on model checking alternating-time temporal logic for this natural class of models.","We propose a new class of representations that can be used for modeling (and model checking) temporal, strategic and epistemic properties of agents and their teams. Our representations borrow the main ideas from interpreted systems of Halpern, Fagin et al.; however, they are also modular and compact in the way concurrent programs are. We also mention preliminary results on model checking alternating-time temporal logic for this natural class of models.","We propose a new class of representations that can be used for modeling (and model checking) temporal, strategic and epistemic properties of agents and their teams. Our representations borrow the main ideas from interpreted systems of Halpern, Fagin et al.; however, they are also modular and compact in the way concurrent programs are. We also mention preliminary results on model checking alternating-time temporal logic for this natural class of models.","We propose a new class of representations that can be used for modeling (and model checking) temporal, strategic and epistemic properties of agents and their teams. Our representations borrow the main ideas from interpreted systems of Halpern, Fagin et al.; however, they are also modular and compact in the way concurrent programs are. We also mention preliminary results on model checking alternating-time temporal logic for this natural class of models.",emptyanswer,emptyanswer,emptyanswer,emptyanswer,emptyanswer,emptyanswer,emptyanswer,emptyanswer,emptyanswer,emptyanswer,emptyanswer
3T6EIBTM9KN4CCBMUMLVRDH7U1HAAC,3S3AMIZX3U4TQI8QOCDQCSBN91QCD5,ADVZAZ12Z8N9J,Approved,Thu Mar 12 21:59:25 EDT 2015,Thu Mar 12 22:02:25 EDT 2015,"We propose a new class of representations that can be used for modeling (and model checking) temporal, strategic and epistemic properties of agents and their teams.",N/A,N/A,N/A,N/A,emptyanswer,emptyanswer,emptyanswer,emptyanswer,emptyanswer,emptyanswer,emptyanswer,emptyanswer,emptyanswer,emptyanswer,emptyanswer
3T6EIBTM9KN4CCBMUMLVRDH7U1HAAC,32VNZTT0A73KWOEGDY2SYJG3WP9R4M,AL9R6CILUG30X,Approved,Fri Mar 13 01:46:04 EDT 2015,Fri Mar 13 01:48:22 EDT 2015,Modular Interpreted Systems,Halpern,Fagin,time temporal logic,model checking,Modeling,emptyanswer,emptyanswer,emptyanswer,emptyanswer,emptyanswer,emptyanswer,emptyanswer,emptyanswer,emptyanswer,emptyanswer
3T6EIBTM9KN4CCBMUMLVRDH7U1HAAC,3WQ3B2KGE8FGOI08UJX0064W2KBB1X,A1A9GCQVBEMT58,Approved,Fri Mar 13 07:51:38 EDT 2015,Fri Mar 13 07:53:25 EDT 2015,"temporal, strategic and epistemic properties",interpreted systems,"Halpern, Fagin",modular and compact,alternating-time temporal logic,emptyanswer,emptyanswer,emptyanswer,emptyanswer,emptyanswer,emptyanswer,emptyanswer,emptyanswer,emptyanswer,emptyanswer,emptyanswer
3T6EIBTM9KN4CCBMUMLVRDH7U1HAAC,3V0Z7YWSIYZ2MHGAI4OE6188XI6V25,A3HPVFAF1U9WXK,Approved,Fri Mar 13 09:00:19 EDT 2015,Fri Mar 13 09:01:09 EDT 2015,agents,teams,representations,interpreted systems,modular,emptyanswer,emptyanswer,emptyanswer,emptyanswer,emptyanswer,emptyanswer,emptyanswer,emptyanswer,emptyanswer,emptyanswer,emptyanswer
3T6EIBTM9KN4CCBMUMLVRDH7U1HAAC,3TOK3KHVJTHEIY4JN4JV70V8C537O3,A13WPY58VH89M5,Approved,Fri Mar 13 15:10:19 EDT 2015,Fri Mar 13 15:11:26 EDT 2015,Interpreted Systems,Modular,modeling,model checking,"Halpern, Fagin et al.",emptyanswer,emptyanswer,emptyanswer,emptyanswer,emptyanswer,emptyanswer,emptyanswer,emptyanswer,emptyanswer,emptyanswer,emptyanswer
3T6EIBTM9KN4CCBMUMLVRDH7U1HAAC,3RXCAC0YIROUQZS49QYTGRI1W4MG8I,A3DTN2OMF6DUSI,Approved,Fri Mar 13 23:06:56 EDT 2015,Fri Mar 13 23:07:14 EDT 2015,Interpreted,Systems,Modular,models,natural,emptyanswer,emptyanswer,emptyanswer,emptyanswer,emptyanswer,emptyanswer,emptyanswer,emptyanswer,emptyanswer,emptyanswer,emptyanswer
3T6EIBTM9KN4CCBMUMLVRDH7U1HAAC,34Q075JO1XCF4VXYW30BGP8DBIZ10Q,A8HUG07IE2R3,Approved,Sat Mar 14 03:12:39 EDT 2015,Sat Mar 14 03:15:38 EDT 2015,Modular Interpreted Systems,"temporal, strategic and epistemic properties of agents and their teams","interpreted systems of Halpern, Fagin",modular and compact in the way concurrent programs,modular and compact in the way concurrent programs,emptyanswer,emptyanswer,emptyanswer,emptyanswer,emptyanswer,emptyanswer,emptyanswer,emptyanswer,emptyanswer,emptyanswer,emptyanswer
3T6EIBTM9KN4CCBMUMLVRDH7U1HAAC,3018Q3ZVOIPZYDUXMZCJBM23O3SARB,A610SH5RY1NG1,Approved,Sat Mar 14 06:28:30 EDT 2015,Sat Mar 14 06:28:42 EDT 2015,modular,interpreted,systems,temporal,strategic,emptyanswer,emptyanswer,emptyanswer,emptyanswer,emptyanswer,emptyanswer,emptyanswer,emptyanswer,emptyanswer,emptyanswer,emptyanswer
3T6EIBTM9KN4CCBMUMLVRDH7U1HAAC,3ZPPDN2SLVVWKQFN8NEJGKS03W6E99,A2Z9HR2IBD75R9,Approved,Sat Mar 14 09:41:57 EDT 2015,Sat Mar 14 09:42:17 EDT 2015,Modular,Interpreted Systems,representations,Fagin,Halpern,emptyanswer,emptyanswer,emptyanswer,emptyanswer,emptyanswer,emptyanswer,emptyanswer,emptyanswer,emptyanswer,emptyanswer,emptyanswer
3T6EIBTM9KN4CCBMUMLVRDH7U1HAAC,3RRCEFRB7MBXGHXRH1G2Y4BZE88B45,A2QXX0EHO2CZHV,Approved,Sat Mar 14 15:22:36 EDT 2015,Sat Mar 14 15:26:05 EDT 2015,a new class of representations,can be used for modeling (and model checking) temporal,can be used for strategic and epistemic properties of agents and their teams,"main ideas from Halpern, Fagin et al. are borrowed",preliminary results on model checking alternating-time temporal logic are mentioned,emptyanswer,emptyanswer,emptyanswer,emptyanswer,emptyanswer,emptyanswer,emptyanswer,emptyanswer,emptyanswer,emptyanswer,emptyanswer
3T6EIBTM9KN4CCBMUMLVRDH7U1HAAC,3X87C8JFV6A3M81RQK9ARWM4EOGSQ9,ACVJ6IUO9QM4R,Approved,Sat Mar 14 16:54:52 EDT 2015,Sat Mar 14 16:58:48 EDT 2015,modular interpreting,"interpreted systems of Halpern, Fagin et al.",reliminary results on model checking alternating-time temporal logic,new class of representation,"modeling (and model checking) temporal, strategic and epistemic properties of agents",emptyanswer,emptyanswer,emptyanswer,emptyanswer,emptyanswer,emptyanswer,emptyanswer,emptyanswer,emptyanswer,emptyanswer,emptyanswer
3T6EIBTM9KN4CCBMUMLVRDH7U1HAAC,30BXRYBRP4WJGWJXRZWHF7XOTEHHWI,A1HDFKT3ZGK25P,Approved,Sat Mar 14 17:21:10 EDT 2015,Sat Mar 14 17:22:34 EDT 2015,Modular Interpreted Systems,new class of representations,"modeling temporal, strategic and epistemic properties of agents",interpreted systems,modular,compact,alternating-time temporal logic,emptyanswer,emptyanswer,emptyanswer,emptyanswer,emptyanswer,emptyanswer,emptyanswer,emptyanswer,emptyanswer
3T6EIBTM9KN4CCBMUMLVRDH7U1HAAC,3GNCZX450IMEM0EI978U6R2ONMRPAN,ATOMPVWZKAE0E,Approved,Sat Mar 14 19:11:06 EDT 2015,Sat Mar 14 19:12:40 EDT 2015,Modular Interpreted System,model checking,interpreted system,Halpern,Fagin,concurrent program,alternating-time temporal logic,emptyanswer,emptyanswer,emptyanswer,emptyanswer,emptyanswer,emptyanswer,emptyanswer,emptyanswer,emptyanswer
3T6EIBTM9KN4CCBMUMLVRDH7U1HAAC,37UEWGM5HT734PHXQGJQ0L90KAB1R5,A17JEL4FN1B9TB,Approved,Sat Mar 14 19:30:05 EDT 2015,Sat Mar 14 19:31:25 EDT 2015,Modular,Interpreted,Systems,modeling,strategic,epistemic,properties,emptyanswer,emptyanswer,emptyanswer,emptyanswer,emptyanswer,emptyanswer,emptyanswer,emptyanswer,emptyanswer
3T6EIBTM9KN4CCBMUMLVRDH7U1HAAC,3ATPCQ38J898VE6J0U4DJIV0RSXAY7,A1G94QON7A9K0N,Approved,Sat Mar 14 20:05:09 EDT 2015,Sat Mar 14 20:05:30 EDT 2015,model,teams,checking,temporal,logic,emptyanswer,emptyanswer,emptyanswer,emptyanswer,emptyanswer,emptyanswer,emptyanswer,emptyanswer,emptyanswer,emptyanswer,emptyanswer
