HitId,AssignmentId,WorkerId,Status,AcceptTime,SubmitTime,Answer 1,Answer 2,Answer 3,Answer 4,Answer 5,Answer 6,Answer 7,Answer 8,Answer 9,Answer 10,Answer 11,Answer 12,Answer 13,Answer 14,Answer 15,Answer 16
3TC2K6WK9F11OLN3K982P4SESPP28T,3ZSY5X72NXAO0HOYWIH1CHM8CSMORT,A22R7DT2XQIKXV,Approved,Mon Mar 02 14:11:42 EST 2015,Mon Mar 02 14:11:48 EST 2015,aa,aa,aa,aa,aa,emptyanswer,emptyanswer,emptyanswer,emptyanswer,emptyanswer,emptyanswer,emptyanswer,emptyanswer,emptyanswer,emptyanswer,emptyanswer
3TC2K6WK9F11OLN3K982P4SESPP28T,3URFVVM165HSFDUM2LNNXQGW3V5ZUM,A3FG9YWTFFK1AU,Approved,Mon Mar 02 18:53:50 EST 2015,Mon Mar 02 19:09:40 EST 2015,Beyond PageRank,Machine Learning,Static Ranking,Brin and Page's paper,RankNet,emptyanswer,emptyanswer,emptyanswer,emptyanswer,emptyanswer,emptyanswer,emptyanswer,emptyanswer,emptyanswer,emptyanswer,emptyanswer
3TC2K6WK9F11OLN3K982P4SESPP28T,3U5NZHP4LR1TWNMWFDIMNDPSZO9PH3,A2R085B34P2LYS,Approved,Mon Mar 02 22:13:10 EST 2015,Mon Mar 02 22:20:53 EST 2015,Beyond,Machine,Learning,Static,Ranking,optional,optional,optional,optional,optional,optional,optional,optional,optional,optional,optional
3TC2K6WK9F11OLN3K982P4SESPP28T,3A9AA95ATWLHGU21EBHDYGM2UFK5P4,A26M2B8NZVKWTZ,Approved,Mon Mar 02 23:24:28 EST 2015,Mon Mar 02 23:25:19 EST 2015,Learning,PageRank,Beyond,Static,Ranking,emptyanswer,emptyanswer,emptyanswer,emptyanswer,emptyanswer,emptyanswer,emptyanswer,emptyanswer,emptyanswer,emptyanswer,emptyanswer
3TC2K6WK9F11OLN3K982P4SESPP28T,3RYC5T2D73S6LH0ZBIUG1HRYMYRRPO,A1B5NXRZQYRC4R,Approved,Tue Mar 03 06:54:30 EST 2015,Tue Mar 03 06:55:14 EST 2015,beyond,pagerank,machine,learning,static ranking,emptyanswer,emptyanswer,emptyanswer,emptyanswer,emptyanswer,emptyanswer,emptyanswer,emptyanswer,emptyanswer,emptyanswer,emptyanswer
3TC2K6WK9F11OLN3K982P4SESPP28T,37C0GNLMHF24A1ZPEL0NQSJDCSG6DX,A180J6JI4SB56X,Approved,Tue Mar 03 08:57:33 EST 2015,Tue Mar 03 08:59:45 EST 2015,Beyond PageRank,PageRank,Machine Learning,Static Ranking,Brin and Page,query-independent,Brin and Page's paper,Web community,Page Rank,Machine Learning for Static Ranking,ordering of Web pages,outperform PageRank,users visit Web pages,RankNet,machine learning algorithm,anchor text
3TC2K6WK9F11OLN3K982P4SESPP28T,3U5JL4WY5K84TK0SMX8KN12RWJLX44,A19HCBT1EH8484,Approved,Tue Mar 03 09:09:26 EST 2015,Tue Mar 03 09:28:51 EST 2015,publication,depended,ordering,pairwise,characteristics,NA,NA,NA,NA,NA,NA,NA,NA,NA,NA,NA
3TC2K6WK9F11OLN3K982P4SESPP28T,3X66WABAJWH8P2MYX93XPAAQFTZ3G3,A27I79P03I0ZPO,Approved,Tue Mar 03 11:08:50 EST 2015,Tue Mar 03 11:09:13 EST 2015,PageRank,Beyond,Learning,Ranking,Machine,emptyanswer,emptyanswer,emptyanswer,emptyanswer,emptyanswer,emptyanswer,emptyanswer,emptyanswer,emptyanswer,emptyanswer,emptyanswer
3TC2K6WK9F11OLN3K982P4SESPP28T,3SEPORI8WNY804GOWG6WXP42WTUZAT,A3S81UFDOWF2ST,Approved,Tue Mar 03 13:59:00 EST 2015,Tue Mar 03 14:00:48 EST 2015,PageRank,Static Ranking,RankNet,Static (query-independent) ordering of Web pages,Accuracy,emptyanswer,emptyanswer,emptyanswer,emptyanswer,emptyanswer,emptyanswer,emptyanswer,emptyanswer,emptyanswer,emptyanswer,emptyanswer
3TC2K6WK9F11OLN3K982P4SESPP28T,3K4J6M3CXES89NLJ6OI7CIOWL4WAGD,A1W7BQWWGKJ3XF,Approved,Tue Mar 03 23:50:40 EST 2015,Tue Mar 03 23:53:56 EST 2015,PageRank,Brin and Page,Static ordering,web pages,accuracy,emptyanswer,emptyanswer,emptyanswer,emptyanswer,emptyanswer,emptyanswer,emptyanswer,emptyanswer,emptyanswer,emptyanswer,emptyanswer
3TC2K6WK9F11OLN3K982P4SESPP28T,369J354OFD97ML9GGB1VWDMAPMNG6C,A5OBJUPZLVOKG,Approved,Wed Mar 04 04:43:10 EST 2015,Wed Mar 04 04:44:37 EST 2015,PageRank,Static Ranking,Machine Learning,RankNet,ranking machine learning algorithm,emptyanswer,emptyanswer,emptyanswer,emptyanswer,emptyanswer,emptyanswer,emptyanswer,emptyanswer,emptyanswer,emptyanswer,emptyanswer
3TC2K6WK9F11OLN3K982P4SESPP28T,3QY7M81QH7LVS7J4PCR20JEZRE0K7U,A3HPVFAF1U9WXK,Approved,Wed Mar 04 08:48:57 EST 2015,Wed Mar 04 08:49:54 EST 2015,Static Ranking,PageRank,Machine Learning,Web,accuracy,algorithm,emptyanswer,emptyanswer,emptyanswer,emptyanswer,emptyanswer,emptyanswer,emptyanswer,emptyanswer,emptyanswer,emptyanswer
3TC2K6WK9F11OLN3K982P4SESPP28T,3R0T90IZ1SBW22IHQ2EYIDEKL8ECGG,A3H35QRODK1C4K,Approved,Wed Mar 04 10:17:37 EST 2015,Wed Mar 04 10:17:53 EST 2015,beyond,pagerank,machine,learning,static,emptyanswer,emptyanswer,emptyanswer,emptyanswer,emptyanswer,emptyanswer,emptyanswer,emptyanswer,emptyanswer,emptyanswer,emptyanswer
3TC2K6WK9F11OLN3K982P4SESPP28T,30JNVC0OR9JEWZNBFQXBNIF24NUQH0,A3FFZN4FO3Q789,Approved,Wed Mar 04 10:53:14 EST 2015,Wed Mar 04 10:59:28 EST 2015,preliminary,preliminary,preliminary,preliminary,preliminary,emptyanswer,emptyanswer,emptyanswer,emptyanswer,emptyanswer,emptyanswer,emptyanswer,emptyanswer,emptyanswer,emptyanswer,emptyanswer
3TC2K6WK9F11OLN3K982P4SESPP28T,308Q0PEVB8C80VH9464A1ZQSU1P9IC,A2F6ZON8X5EAGL,Approved,Wed Mar 04 16:02:29 EST 2015,Wed Mar 04 16:02:59 EST 2015,Beyond PageRank: Machine Learning for Static Ranking,publication,community,model,pagerank,emptyanswer,emptyanswer,emptyanswer,emptyanswer,emptyanswer,emptyanswer,emptyanswer,emptyanswer,emptyanswer,emptyanswer,emptyanswer
3TC2K6WK9F11OLN3K982P4SESPP28T,34Q075JO1XCF4VXYW30BGP8DAVX01C,A3OTLWGJFB65KD,Approved,Wed Mar 04 19:27:26 EST 2015,Wed Mar 04 19:27:33 EST 2015,nothing,nothing,nothing,nothing,nothing,emptyanswer,emptyanswer,emptyanswer,emptyanswer,emptyanswer,emptyanswer,emptyanswer,emptyanswer,emptyanswer,emptyanswer,emptyanswer
3TC2K6WK9F11OLN3K982P4SESPP28T,30H4UDGLT2HFO1N76AYZFIXOGFPPM3,A3LUJSAN4DQ1ZT,Approved,Wed Mar 04 23:25:55 EST 2015,Wed Mar 04 23:26:44 EST 2015,pagerank,machine learning,static ranking,query-independent,link structure,accuracy,anchor text,emptyanswer,emptyanswer,emptyanswer,emptyanswer,emptyanswer,emptyanswer,emptyanswer,emptyanswer,emptyanswer
3TC2K6WK9F11OLN3K982P4SESPP28T,3YOH7BII096X3XK07AUI6XU2DY4KVN,A9LA6QK6VCERR,Approved,Thu Mar 05 00:45:26 EST 2015,Thu Mar 05 00:46:32 EST 2015,PageRank,Static Ranking,Brin and Page,query-independent,"RankNet,",ranking machine learning algorithm,emptyanswer,emptyanswer,emptyanswer,emptyanswer,emptyanswer,emptyanswer,emptyanswer,emptyanswer,emptyanswer,emptyanswer
3TC2K6WK9F11OLN3K982P4SESPP28T,3QY7M81QH7LVS7J4PCR20JEZRG3K71,A1YLO4LT02D2F0,Approved,Thu Mar 05 02:04:57 EST 2015,Thu Mar 05 02:06:07 EST 2015,Brin and Page's paper on PageRank,Web community have depended on PageRank,We show that we can significantly outperform,gain a further boost in accuracy,combine these and other static features based on anchor text,emptyanswer,emptyanswer,emptyanswer,emptyanswer,emptyanswer,emptyanswer,emptyanswer,emptyanswer,emptyanswer,emptyanswer,emptyanswer
3TC2K6WK9F11OLN3K982P4SESPP28T,3SBEHTYCWN2N1WPHCIWQ0GJJ3C4YIO,A3I10J1GPDAPQR,Approved,Thu Mar 05 05:49:12 EST 2015,Thu Mar 05 05:52:22 EST 2015,PageRank,RankNet,anchor text,domain characteristics,static ranking pairwise accuracy,emptyanswer,emptyanswer,emptyanswer,emptyanswer,emptyanswer,emptyanswer,emptyanswer,emptyanswer,emptyanswer,emptyanswer,emptyanswer
3TC2K6WK9F11OLN3K982P4SESPP28T,3E1QT0TDFP88MQYZZEYW13VHAXJ8I2,A1QUDNLO95AKS5,Approved,Thu Mar 05 10:59:39 EST 2015,Thu Mar 05 11:00:12 EST 2015,Beyond PageRank,Machine Learning,Static Ranking,publication of Brin and Page's paper,query-independent,emptyanswer,emptyanswer,emptyanswer,emptyanswer,emptyanswer,emptyanswer,emptyanswer,emptyanswer,emptyanswer,emptyanswer,emptyanswer
3TC2K6WK9F11OLN3K982P4SESPP28T,3MB8LZR5BFSU7S86T6SCJOW0M3KKLS,A3DHYTZ1GPN0T8,Approved,Thu Mar 05 22:07:53 EST 2015,Thu Mar 05 22:08:26 EST 2015,publication,Brin and Page's paper,PageRank for the static,significantly,domain characteristics,emptyanswer,emptyanswer,emptyanswer,emptyanswer,emptyanswer,emptyanswer,emptyanswer,emptyanswer,emptyanswer,emptyanswer,emptyanswer
3TC2K6WK9F11OLN3K982P4SESPP28T,358UUM7WRZ2HFBWZFW0Z1V0DMB9R7J,ADUJUZANFOWKW,Approved,Thu Mar 05 22:12:06 EST 2015,Thu Mar 05 22:12:43 EST 2015,PageRank,ranking,community,web,algorithm,emptyanswer,emptyanswer,emptyanswer,emptyanswer,emptyanswer,emptyanswer,emptyanswer,emptyanswer,emptyanswer,emptyanswer,emptyanswer
3TC2K6WK9F11OLN3K982P4SESPP28T,32EYX73OY08JDM8VS4TABNEXUOQRU9,A3AXUJH8NNO9S8,Approved,Fri Mar 06 04:18:10 EST 2015,Fri Mar 06 04:21:04 EST 2015,Page Rank,Machine Leanring,Static Ranking,Static ordering of Web pages,Link structure,RankNet,ranking machine learning algorithm,domain characteristics,emptyanswer,emptyanswer,emptyanswer,emptyanswer,emptyanswer,emptyanswer,emptyanswer,emptyanswer
3TC2K6WK9F11OLN3K982P4SESPP28T,3DBQWDE4Y6XHD9QOYW4LURH7UBR5N2,AQXSUU4I4DAH8,Approved,Fri Mar 06 10:57:52 EST 2015,Fri Mar 06 10:58:29 EST 2015,independent,Beyond PageRank,boost in accuracy,static features,Machine Learning for Static Ranking,emptyanswer,emptyanswer,emptyanswer,emptyanswer,emptyanswer,emptyanswer,emptyanswer,emptyanswer,emptyanswer,emptyanswer,emptyanswer
3TC2K6WK9F11OLN3K982P4SESPP28T,33TIN5LC049UQVWE8OQDNNKGKSN9YY,A14TK50KH724N6,Approved,Fri Mar 06 12:24:35 EST 2015,Fri Mar 06 12:25:32 EST 2015,PageRank,Machine Learning,Static Ranking,Brin and Page's paper,static ordering,ranking machine learning algorithm,emptyanswer,emptyanswer,emptyanswer,emptyanswer,emptyanswer,emptyanswer,emptyanswer,emptyanswer,emptyanswer,emptyanswer
3TC2K6WK9F11OLN3K982P4SESPP28T,3PM8NZGV8YFBIPNQKUFXQ43WSMBXQG,A1A7P5LC80G47W,Approved,Fri Mar 06 15:02:35 EST 2015,Fri Mar 06 15:03:46 EST 2015,machine learning,static ranking,pagerank,static ordering of web pages,ranknet,emptyanswer,emptyanswer,emptyanswer,emptyanswer,emptyanswer,emptyanswer,emptyanswer,emptyanswer,emptyanswer,emptyanswer,emptyanswer
3TC2K6WK9F11OLN3K982P4SESPP28T,3UN61F00HWO2S7IGR3L23BMHVAYR5Y,A1XRIEYLA7ZJ3B,Approved,Fri Mar 06 21:12:54 EST 2015,Fri Mar 06 21:15:42 EST 2015,Machine Learning for Static Ranking,we can significantly outperform PageRank,anchor text and domain characteristics,"RankNet, a ranking machine learning algorithm",resulting model achieves a static ranking pairwise accuracy of 67.3% (vs. 56.7% for PageRank or 50% for random),emptyanswer,emptyanswer,emptyanswer,emptyanswer,emptyanswer,emptyanswer,emptyanswer,emptyanswer,emptyanswer,emptyanswer,emptyanswer
3TC2K6WK9F11OLN3K982P4SESPP28T,3WJ1OXY92AFTG8F1NQ6JK57YXXX8AX,A2Q49PGT1MQAPI,Approved,Sat Mar 07 00:38:43 EST 2015,Sat Mar 07 00:39:27 EST 2015,PageRank,Machine Learning for Static Ranking,PageRank,RankNet,static ranking pairwise accuracy,emptyanswer,emptyanswer,emptyanswer,emptyanswer,emptyanswer,emptyanswer,emptyanswer,emptyanswer,emptyanswer,emptyanswer,emptyanswer
3TC2K6WK9F11OLN3K982P4SESPP28T,39PAAFCODMZW6GAN1J8A7OHYWKPVTG,APEB5ERGCYP6D,Approved,Sat Mar 07 03:24:09 EST 2015,Sat Mar 07 03:29:46 EST 2015,Brin and Page's paper on PageRank,significantly outperform PageRank,static features based on anchor text,domain characteristics,PageRank or 50% for random,emptyanswer,emptyanswer,emptyanswer,emptyanswer,emptyanswer,emptyanswer,emptyanswer,emptyanswer,emptyanswer,emptyanswer,emptyanswer
3TC2K6WK9F11OLN3K982P4SESPP28T,3XCC1ODXDLARLT1EBV951MH8R7FQR6,A2KELEVTA0306Y,Approved,Sat Mar 07 05:21:47 EST 2015,Sat Mar 07 05:24:39 EST 2015,Since,publication,Brin,paper,PageRank,many,Web,community,depended,PageRank,static,ordering,significantly,outperform,features,independent
3TC2K6WK9F11OLN3K982P4SESPP28T,320DUZ38G7LJAGON0UVK5HRFB3NJGN,AWQK8QA93VLW9,Approved,Sat Mar 07 10:33:12 EST 2015,Sat Mar 07 10:34:36 EST 2015,PageRank,Machine Learning for Static Ranking,Brin and Page,static ordering,link structure,accuracy,RankNet,ranking machine learning algorithm,emptyanswer,emptyanswer,emptyanswer,emptyanswer,emptyanswer,emptyanswer,emptyanswer,emptyanswer
3TC2K6WK9F11OLN3K982P4SESPP28T,3WT783CTPBG0BLA6AGMKH2NN56UBCS,A37WDQ1VG5XN6Z,Approved,Sat Mar 07 13:10:39 EST 2015,Sat Mar 07 13:10:45 EST 2015,nothing,nothing,nothing,nothing,nothing,emptyanswer,emptyanswer,emptyanswer,emptyanswer,emptyanswer,emptyanswer,emptyanswer,emptyanswer,emptyanswer,emptyanswer,emptyanswer
3TC2K6WK9F11OLN3K982P4SESPP28T,30JNVC0OR9JEWZNBFQXBNIF24Z3QHX,A38IE69ORDCEGY,Approved,Sun Mar 08 00:13:21 EST 2015,Sun Mar 08 00:15:50 EST 2015,Static ranking,machine learning,PageRank,RankNet,web page ordering,emptyanswer,emptyanswer,emptyanswer,emptyanswer,emptyanswer,emptyanswer,emptyanswer,emptyanswer,emptyanswer,emptyanswer,emptyanswer
3TC2K6WK9F11OLN3K982P4SESPP28T,38BQUHLA9WZX31B6RALKQISY6LUMO6,A3QV0NIFU1WDE4,Approved,Sun Mar 08 05:22:23 EDT 2015,Sun Mar 08 05:25:52 EDT 2015,Beyond PageRank,Machine Learning for Static Ranking,depended on PageRank for the static ordering of Web pages,significantly outperform PageRank,independent of the web,boost in accuracy,"use RankNet, a ranking machine learning algorithm",anchor text and domain characteristic,static ranking pairwise accuracy of 67.3%,emptyanswer,emptyanswer,emptyanswer,emptyanswer,emptyanswer,emptyanswer,emptyanswer
3TC2K6WK9F11OLN3K982P4SESPP28T,3N4BPTXIO8RXQIV02KKDABSJZ2ZKUO,A1PGHAOKNZ8FJ4,Approved,Sun Mar 08 13:27:53 EDT 2015,Sun Mar 08 13:31:12 EDT 2015,Machine Learning,PageRank,static ranking of web pages,RankNet algorithm,Technique incorporates data about the frequency of user visits to web sites.,emptyanswer,emptyanswer,emptyanswer,emptyanswer,emptyanswer,emptyanswer,emptyanswer,emptyanswer,emptyanswer,emptyanswer,emptyanswer
3TC2K6WK9F11OLN3K982P4SESPP28T,3PB5A5BD0V5QQLNLZL6N2RM6KALG7F,A2YW509B0UMSEH,Approved,Sun Mar 08 13:58:29 EDT 2015,Sun Mar 08 14:06:49 EDT 2015,Machine Learning,Ranking,Web pages,algorithm,accuracy,emptyanswer,emptyanswer,emptyanswer,emptyanswer,emptyanswer,emptyanswer,emptyanswer,emptyanswer,emptyanswer,emptyanswer,emptyanswer
3TC2K6WK9F11OLN3K982P4SESPP28T,30BUDKLTXDUDJ3DB5X1244NYGOEE5K,A3G4SXD4N30C3L,Approved,Sun Mar 08 15:08:38 EDT 2015,Sun Mar 08 15:09:10 EDT 2015,PageRank,Machine Learning,Static Ranking,query-independent,"RankNet, a ranking machine learning algorithm",emptyanswer,emptyanswer,emptyanswer,emptyanswer,emptyanswer,emptyanswer,emptyanswer,emptyanswer,emptyanswer,emptyanswer,emptyanswer
3TC2K6WK9F11OLN3K982P4SESPP28T,34T446B1C0DZRY7WC0PVXLR4E4WC0A,A2GBY8O6GYSB89,Approved,Sun Mar 08 19:27:45 EDT 2015,Sun Mar 08 19:28:36 EDT 2015,Beyond PageRank,Machine Learning,Static Ranking,PageRank,domain characteristics,emptyanswer,emptyanswer,emptyanswer,emptyanswer,emptyanswer,emptyanswer,emptyanswer,emptyanswer,emptyanswer,emptyanswer,emptyanswer
3TC2K6WK9F11OLN3K982P4SESPP28T,3RGU30DZTA7J2QK9BXTFIMBC7SNMJS,A156NFBMKKLDL9,Approved,Sun Mar 08 22:04:04 EDT 2015,Sun Mar 08 22:04:22 EDT 2015,Beyond PageRank,Machine Learning,Static Ranking,domain characteristics,RankNet,emptyanswer,emptyanswer,emptyanswer,emptyanswer,emptyanswer,emptyanswer,emptyanswer,emptyanswer,emptyanswer,emptyanswer,emptyanswer
3TC2K6WK9F11OLN3K982P4SESPP28T,3G5F9DBFOPW617JS1PRLT5EALULVH5,A2E2IQ99W6B7AV,Approved,Mon Mar 09 06:27:57 EDT 2015,Mon Mar 09 06:29:34 EDT 2015,Page rankings,Static ranking systems,Accuracy testing,Domain classification,Query accuracy,emptyanswer,emptyanswer,emptyanswer,emptyanswer,emptyanswer,emptyanswer,emptyanswer,emptyanswer,emptyanswer,emptyanswer,emptyanswer
3TC2K6WK9F11OLN3K982P4SESPP28T,3OUYGIZWR7XILNG0H5B1HLQBDPJP0D,A2SZAM3EZER2PH,Approved,Mon Mar 09 06:53:04 EDT 2015,Mon Mar 09 06:53:33 EDT 2015,Since the publication,Web community,further boost,domain characteristics,PageRank,emptyanswer,emptyanswer,emptyanswer,emptyanswer,emptyanswer,emptyanswer,emptyanswer,emptyanswer,emptyanswer,emptyanswer,emptyanswer
3TC2K6WK9F11OLN3K982P4SESPP28T,33CID57104SOBU0Z800D22FYBRR3LD,ACYGMRGAZ22U7,Approved,Mon Mar 09 18:01:33 EDT 2015,Mon Mar 09 18:01:40 EDT 2015,Keyword/Keyphrase 1:,Keyword/Keyphrase 1:,Keyword/Keyphrase 1:,Keyword/Keyphrase 1:,Keyword/Keyphrase 1:,emptyanswer,emptyanswer,emptyanswer,emptyanswer,emptyanswer,emptyanswer,emptyanswer,emptyanswer,emptyanswer,emptyanswer,emptyanswer
3TC2K6WK9F11OLN3K982P4SESPP28T,3LS2AMNW5FPOOG9YJ3S17RC3GO9OQH,ADVZAZ12Z8N9J,Approved,Mon Mar 09 18:16:13 EDT 2015,Mon Mar 09 18:44:56 EDT 2015,We show that we can significantly outperform PageRank using features that are independent of the link structure of the Web.,N/A,N/A,N/A,N/A,emptyanswer,emptyanswer,emptyanswer,emptyanswer,emptyanswer,emptyanswer,emptyanswer,emptyanswer,emptyanswer,emptyanswer,emptyanswer
3TC2K6WK9F11OLN3K982P4SESPP28T,3NLZY2D53POGIV616BC9FA89LL3LQ0,AW36CVMS3526O,Approved,Tue Mar 10 14:22:26 EDT 2015,Tue Mar 10 14:23:32 EDT 2015,Ranking,community,frequency,resulting,accuracy,emptyanswer,emptyanswer,emptyanswer,emptyanswer,emptyanswer,emptyanswer,emptyanswer,emptyanswer,emptyanswer,emptyanswer,emptyanswer
3TC2K6WK9F11OLN3K982P4SESPP28T,3X66WABAJWH8P2MYX93XPAAQFDY3G6,A3UY2GVCKC8LSL,Approved,Tue Mar 10 23:54:42 EDT 2015,Tue Mar 10 23:59:07 EDT 2015,Brin and Page's paper,67.3%,RankNet,56.7%,Beyond PageRank,emptyanswer,emptyanswer,emptyanswer,emptyanswer,emptyanswer,emptyanswer,emptyanswer,emptyanswer,emptyanswer,emptyanswer,emptyanswer
3TC2K6WK9F11OLN3K982P4SESPP28T,3Q8GYXHFEP1YM5TX96V7EGNVVHZC5X,A3K6BSW10S4YKJ,Approved,Wed Mar 11 00:45:57 EDT 2015,Wed Mar 11 00:47:11 EDT 2015,Brin and Page's paper on PageRank,PageRank for the static (query-independent) ordering of Web pages,can significantly outperform PageRank,RankNet,static ranking pairwise accuracy of 67.3%,emptyanswer,emptyanswer,emptyanswer,emptyanswer,emptyanswer,emptyanswer,emptyanswer,emptyanswer,emptyanswer,emptyanswer,emptyanswer
3TC2K6WK9F11OLN3K982P4SESPP28T,3P1L2B7AD1ODXJTLRYK5Q5D96LSOL4,ATRHDYWCIYTDJ,Approved,Wed Mar 11 04:30:17 EDT 2015,Wed Mar 11 04:30:32 EDT 2015,Brin,community,depended,PageRank,static,emptyanswer,emptyanswer,emptyanswer,emptyanswer,emptyanswer,emptyanswer,emptyanswer,emptyanswer,emptyanswer,emptyanswer,emptyanswer
3TC2K6WK9F11OLN3K982P4SESPP28T,3EICBYG644V6T48IY8Z1FQ60DJBJC9,A3CMDYA9USA3MR,Approved,Wed Mar 11 07:30:42 EDT 2015,Wed Mar 11 07:30:53 EDT 2015,publication,paper,many,community,random,emptyanswer,emptyanswer,emptyanswer,emptyanswer,emptyanswer,emptyanswer,emptyanswer,emptyanswer,emptyanswer,emptyanswer,emptyanswer
3TC2K6WK9F11OLN3K982P4SESPP28T,3SEPORI8WNY804GOWG6WXP42WE7ZAC,A1JWEYGDFDB100,Approved,Wed Mar 11 11:05:44 EDT 2015,Wed Mar 11 11:06:58 EDT 2015,Beyond PageRank,Machine Learning,Static Ranking,Brin and Page's,query-independent,emptyanswer,emptyanswer,emptyanswer,emptyanswer,emptyanswer,emptyanswer,emptyanswer,emptyanswer,emptyanswer,emptyanswer,emptyanswer
3TC2K6WK9F11OLN3K982P4SESPP28T,3VW6495TLJZ9RW4MG0ITM4D7TBDYY1,A28IXE702NXWKQ,Approved,Wed Mar 11 14:26:20 EDT 2015,Wed Mar 11 14:27:17 EDT 2015,Since the publication,Brin and Page's paper,PageRank,further boost in accuracy,vs. 56.7% for PageRank or 50% for random,emptyanswer,emptyanswer,emptyanswer,emptyanswer,emptyanswer,emptyanswer,emptyanswer,emptyanswer,emptyanswer,emptyanswer,emptyanswer
3TC2K6WK9F11OLN3K982P4SESPP28T,358010RM5ES3NXJ76T97WR249OUVXW,A2SDTL2V8VJ25O,Approved,Wed Mar 11 20:24:21 EDT 2015,Wed Mar 11 20:25:32 EDT 2015,Beyond,Machine,Learning,Static,Ranking,emptyanswer,emptyanswer,emptyanswer,emptyanswer,emptyanswer,emptyanswer,emptyanswer,emptyanswer,emptyanswer,emptyanswer,emptyanswer
3TC2K6WK9F11OLN3K982P4SESPP28T,3YHH42UU5BESU212PDIU04HR9KB0LU,AM1HY736BY3Z8,Approved,Thu Mar 12 11:17:20 EDT 2015,Thu Mar 12 11:18:48 EDT 2015,Beyond PageRank: Machine Learning for Static Ranking,"the publication of Brin and Page's paper on PageRank, many in the Web community have depended on PageRank for the static (query-independent) ordering of Web pages.",We gain a further boost in accuracy by using data on the frequency at which users visit Web pages,static features based on anchor text and domain characteristics.,The resulting model achieves a static ranking pairwise accuracy of 67.3%,emptyanswer,emptyanswer,emptyanswer,emptyanswer,emptyanswer,emptyanswer,emptyanswer,emptyanswer,emptyanswer,emptyanswer,emptyanswer
3TC2K6WK9F11OLN3K982P4SESPP28T,3OXV7EAXLEP6S9XSLWUBDJX1M1736L,A2KS418T8MPLJH,Approved,Thu Mar 12 11:42:06 EDT 2015,Thu Mar 12 11:43:12 EDT 2015,Beyond PageRank: Machine Learning for Static Ranking,Brin and Page's paper on PageRank,Web community have depended on PageRank for the static (query-independent) ordering of Web pages,ranking machine learning algorithm,model achieves a static ranking pairwise accuracy of 67.3%,emptyanswer,emptyanswer,emptyanswer,emptyanswer,emptyanswer,emptyanswer,emptyanswer,emptyanswer,emptyanswer,emptyanswer,emptyanswer
3TC2K6WK9F11OLN3K982P4SESPP28T,3S06PH7KSR393FYS8FO6VWSW53J1DM,AU3WQKISBW5MZ,Approved,Thu Mar 12 13:39:09 EDT 2015,Thu Mar 12 13:40:10 EDT 2015,"Since the publication of Brin and Page's paper on PageRank, many in the Web community have depended",PageRank for the static (query-independent) ordering of Web pages. We show that we can significantly outperform PageRank,using features that are independent of the link structure of the Web.,We gain a further boost in accuracy by using data on the frequency at which users visit Web pages.,"We use RankNet, a ranking machine learning algorithm, to combine these and other static features based on anchor text and domain characteristics.",emptyanswer,emptyanswer,emptyanswer,emptyanswer,emptyanswer,emptyanswer,emptyanswer,emptyanswer,emptyanswer,emptyanswer,emptyanswer
3TC2K6WK9F11OLN3K982P4SESPP28T,3U5NZHP4LR1TWNMWFDIMNDPS0CLHPK,A3MRB8TFD1IUS6,Approved,Thu Mar 12 15:15:02 EDT 2015,Thu Mar 12 15:16:24 EDT 2015,PageRank,Machine Learning,Static Ranking,algorithm,Brin,Page,RankNet,emptyanswer,emptyanswer,emptyanswer,emptyanswer,emptyanswer,emptyanswer,emptyanswer,emptyanswer,emptyanswer
3TC2K6WK9F11OLN3K982P4SESPP28T,32M8BPYGATLNF54HICAKTGCFZYGIGD,AL9R6CILUG30X,Approved,Thu Mar 12 16:50:34 EDT 2015,Thu Mar 12 16:53:18 EDT 2015,PageRank,Web community,Static Ranking,RankNet,Web pages,Ranking machine,Brin and Page,emptyanswer,emptyanswer,emptyanswer,emptyanswer,emptyanswer,emptyanswer,emptyanswer,emptyanswer,emptyanswer
3TC2K6WK9F11OLN3K982P4SESPP28T,37Z929RLG97GEOTJ7O35W1XRYQRSTP,A9HQ3E0F2AGVO,Approved,Thu Mar 12 17:10:06 EDT 2015,Thu Mar 12 17:10:44 EDT 2015,PageRank,query-independent,ordering of Web pages,RankNet,anchor text,emptyanswer,emptyanswer,emptyanswer,emptyanswer,emptyanswer,emptyanswer,emptyanswer,emptyanswer,emptyanswer,emptyanswer,emptyanswer
3TC2K6WK9F11OLN3K982P4SESPP28T,30OG32W0SUAH9SJH9XXOYLNK8IWENB,A1A9GCQVBEMT58,Approved,Fri Mar 13 10:26:04 EDT 2015,Fri Mar 13 10:34:32 EDT 2015,Brin and Page's paper,",static (query-independent) ordering",outperform PageRank,independent of the link structure,boost in accuracy,RankNet,ranking machine learning algorithm,anchor text and domain characteristics,static ranking pairwise accuracy,emptyanswer,emptyanswer,emptyanswer,emptyanswer,emptyanswer,emptyanswer,emptyanswer
3TC2K6WK9F11OLN3K982P4SESPP28T,3LRLIPTPEQ8DB9H2WF3MAAGPT8XAKB,A2UNRV6PEOEXG0,Approved,Fri Mar 13 14:01:49 EDT 2015,Fri Mar 13 14:02:09 EDT 2015,PageRank,Machine Learning,Static rank,web community,web search,emptyanswer,emptyanswer,emptyanswer,emptyanswer,emptyanswer,emptyanswer,emptyanswer,emptyanswer,emptyanswer,emptyanswer,emptyanswer
3TC2K6WK9F11OLN3K982P4SESPP28T,34Z02EIMISCGDF97YMKLMVR830ET0D,A3DTN2OMF6DUSI,Approved,Fri Mar 13 22:40:11 EDT 2015,Fri Mar 13 22:40:40 EDT 2015,PageRank,Machine Learning,Static Ranking,features,domain,emptyanswer,emptyanswer,emptyanswer,emptyanswer,emptyanswer,emptyanswer,emptyanswer,emptyanswer,emptyanswer,emptyanswer,emptyanswer
3TC2K6WK9F11OLN3K982P4SESPP28T,3KWTYT08702RP9N3MJO6HZDIQX7L5V,A610SH5RY1NG1,Approved,Sat Mar 14 07:07:05 EDT 2015,Sat Mar 14 07:07:23 EDT 2015,PageRank,Machine Learning,Static Ranking,accuracy,Web,emptyanswer,emptyanswer,emptyanswer,emptyanswer,emptyanswer,emptyanswer,emptyanswer,emptyanswer,emptyanswer,emptyanswer,emptyanswer
3TC2K6WK9F11OLN3K982P4SESPP28T,3NPFYT4IZC3K50TCHYALWQZUNFDGXC,A2Z9HR2IBD75R9,Approved,Sat Mar 14 09:52:12 EDT 2015,Sat Mar 14 09:52:35 EDT 2015,PageRank,Ranking,Learning,features,accuracy,emptyanswer,emptyanswer,emptyanswer,emptyanswer,emptyanswer,emptyanswer,emptyanswer,emptyanswer,emptyanswer,emptyanswer,emptyanswer
3TC2K6WK9F11OLN3K982P4SESPP28T,33NF62TLXJ1OC2K6QLGZ39J8JZBKJT,A3HEJEVDXYX2K9,Approved,Sat Mar 14 16:57:50 EDT 2015,Sat Mar 14 16:59:08 EDT 2015,Beyond PageRank,Machine Learning,Static Ranking,RankNet,Brin and Page's paper,emptyanswer,emptyanswer,emptyanswer,emptyanswer,emptyanswer,emptyanswer,emptyanswer,emptyanswer,emptyanswer,emptyanswer,emptyanswer
3TC2K6WK9F11OLN3K982P4SESPP28T,3QIYRE09Y3GIPRP5X929R14QJDH1NC,AH3ER3EJXHRO2,Approved,Sat Mar 14 17:10:41 EDT 2015,Sat Mar 14 17:11:02 EDT 2015,PageRank,machine learning,static ranking,web community,link structure,emptyanswer,emptyanswer,emptyanswer,emptyanswer,emptyanswer,emptyanswer,emptyanswer,emptyanswer,emptyanswer,emptyanswer,emptyanswer
3TC2K6WK9F11OLN3K982P4SESPP28T,3YOH7BII096X3XK07AUI6XU2EMJVKQ,A16DELN8V1CH9R,Approved,Sat Mar 14 17:30:41 EDT 2015,Sat Mar 14 17:32:22 EDT 2015,PageRank,query-independent ordering,link structure,"RankNet, a ranking machine learning algorithm",anchor text characteristics,domain characteristics,emptyanswer,emptyanswer,emptyanswer,emptyanswer,emptyanswer,emptyanswer,emptyanswer,emptyanswer,emptyanswer,emptyanswer
3TC2K6WK9F11OLN3K982P4SESPP28T,33LKR6A5KEJGK4UPU5OL00AI8W91TL,A3LV5FJGIHFQ94,Approved,Sat Mar 14 19:53:17 EDT 2015,Sat Mar 14 20:07:54 EDT 2015,RankNet,ordering,independent,frequency,accuracy,algorithm,domain,Internet,emptyanswer,emptyanswer,emptyanswer,emptyanswer,emptyanswer,emptyanswer,emptyanswer,emptyanswer
3TC2K6WK9F11OLN3K982P4SESPP28T,37U1UTWH9VLLFP1IP1S5FVW8YHJR8J,A3S4ZDSPYCDH3D,Approved,Sat Mar 14 20:14:16 EDT 2015,Sat Mar 14 20:15:59 EDT 2015,Web communities have depended on PageRank for the static (query-independent) ordering of Web pages,Ranknet,anchor text and domain characteristics,boosted accuracy in web rankings,11% more accuracy,emptyanswer,emptyanswer,emptyanswer,emptyanswer,emptyanswer,emptyanswer,emptyanswer,emptyanswer,emptyanswer,emptyanswer,emptyanswer
3TC2K6WK9F11OLN3K982P4SESPP28T,3PIWWX1FJJ5T1IEO80GN2UJV4BMJJ6,A29ZV4XJB7R1O,Approved,Sat Mar 14 20:36:33 EDT 2015,Sat Mar 14 20:46:48 EDT 2015,PageRank,Machine,Learning,Static,Ranking,emptyanswer,emptyanswer,emptyanswer,emptyanswer,emptyanswer,emptyanswer,emptyanswer,emptyanswer,emptyanswer,emptyanswer,emptyanswer
