HitId,AssignmentId,WorkerId,Status,AcceptTime,SubmitTime,Answer 1,Answer 2,Answer 3,Answer 4,Answer 5,Answer 6,Answer 7,Answer 8,Answer 9,Answer 10,Answer 11,Answer 12,Answer 13,Answer 14,Answer 15,Answer 16
3TD33TP5DK19VMGE00LRMO1DCJ2AB7,34BBWHLWHAAJCRUHXHE2FJY3SY5IWY,A22R7DT2XQIKXV,Approved,Mon Mar 02 15:10:56 EST 2015,Mon Mar 02 15:11:02 EST 2015,aa,aa,aa,aa,aa,emptyanswer,emptyanswer,emptyanswer,emptyanswer,emptyanswer,emptyanswer,emptyanswer,emptyanswer,emptyanswer,emptyanswer,emptyanswer
3TD33TP5DK19VMGE00LRMO1DCJ2AB7,320DUZ38G7LJAGON0UVK5HRFBP4JGC,A3ODG942FG22PJ,Approved,Mon Mar 02 15:18:03 EST 2015,Mon Mar 02 15:18:41 EST 2015,machine learning,information architecture,digital libraries,GovStat Project,dynamic interfaces,NA,NA,NA,NA,NA,NA,NA,NA,NA,NA,NA
3TD33TP5DK19VMGE00LRMO1DCJ2AB7,34Z02EIMISCGDF97YMKLMVR82AET0W,A3FG9YWTFFK1AU,Approved,Mon Mar 02 18:42:43 EST 2015,Mon Mar 02 19:02:55 EST 2015,Machine Learning,Information Architecture,Large Governmental Website,GovStat Project,semantically valid concepts,intellectual domain,human-created keywords,emptyanswer,emptyanswer,emptyanswer,emptyanswer,emptyanswer,emptyanswer,emptyanswer,emptyanswer,emptyanswer
3TD33TP5DK19VMGE00LRMO1DCJ2AB7,3NVC2EB65QY8BT7YRFP3WAHUKOSY3X,A27I79P03I0ZPO,Approved,Mon Mar 02 21:32:22 EST 2015,Mon Mar 02 21:33:55 EST 2015,Machine,Governmental,Information,Architecture,learning,emptyanswer,emptyanswer,emptyanswer,emptyanswer,emptyanswer,emptyanswer,emptyanswer,emptyanswer,emptyanswer,emptyanswer,emptyanswer
3TD33TP5DK19VMGE00LRMO1DCJ2AB7,32EYX73OY08JDM8VS4TABNEXUEZUR1,A2R085B34P2LYS,Approved,Mon Mar 02 22:12:57 EST 2015,Mon Mar 02 22:14:48 EST 2015,Machine,Learning,Information,Architecture,Governmental,optional,optional,optional,optional,optional,optional,optional,optional,optional,optional,optional
3TD33TP5DK19VMGE00LRMO1DCJ2AB7,3AMW0RGHOD1L6J87IBDZSXMOL11NPV,A26M2B8NZVKWTZ,Approved,Tue Mar 03 06:37:50 EST 2015,Tue Mar 03 06:39:00 EST 2015,Learning,Governmental,Website,Machine,Architecture,emptyanswer,emptyanswer,emptyanswer,emptyanswer,emptyanswer,emptyanswer,emptyanswer,emptyanswer,emptyanswer,emptyanswer,emptyanswer
3TD33TP5DK19VMGE00LRMO1DCJ2AB7,3WETL7AQWT7A95XEGDK6LDJ1PKG53I,A1B5NXRZQYRC4R,Approved,Tue Mar 03 09:06:57 EST 2015,Tue Mar 03 09:07:25 EST 2015,machine learning,information,architecture,large,governmental,emptyanswer,emptyanswer,emptyanswer,emptyanswer,emptyanswer,emptyanswer,emptyanswer,emptyanswer,emptyanswer,emptyanswer,emptyanswer
3TD33TP5DK19VMGE00LRMO1DCJ2AB7,39U1BHVTDLQCU784H924OTPF5N7T32,A1LQZW7ROEUUJ9,Approved,Tue Mar 03 11:04:32 EST 2015,Tue Mar 03 11:05:47 EST 2015,Machine Learning,Information Architecture,GovStat Project,digital libraries,Governmental Website,emptyanswer,emptyanswer,emptyanswer,emptyanswer,emptyanswer,emptyanswer,emptyanswer,emptyanswer,emptyanswer,emptyanswer,emptyanswer
3TD33TP5DK19VMGE00LRMO1DCJ2AB7,3V0Z7YWSIYZ2MHGAI4OE6188WU0V2M,A9HQ3E0F2AGVO,Approved,Tue Mar 03 16:02:44 EST 2015,Tue Mar 03 16:04:16 EST 2015,machine learning techniques,governmental information,practical aid,real-world deployment,human-created keywords,emptyanswer,emptyanswer,emptyanswer,emptyanswer,emptyanswer,emptyanswer,emptyanswer,emptyanswer,emptyanswer,emptyanswer,emptyanswer
3TD33TP5DK19VMGE00LRMO1DCJ2AB7,3KMS4QQVK2P870YA7VPEOBRGP1VKF8,A9LA6QK6VCERR,Approved,Wed Mar 04 00:45:51 EST 2015,Wed Mar 04 00:47:49 EST 2015,Machine Learning for Information Architecture,governmental information,complex digital libraries,GovStat Project,information architects,human-created keywords,emptyanswer,emptyanswer,emptyanswer,emptyanswer,emptyanswer,emptyanswer,emptyanswer,emptyanswer,emptyanswer,emptyanswer
3TD33TP5DK19VMGE00LRMO1DCJ2AB7,3137ONMDKG4BZ02VMTKT81EN6K8EGS,A2YW509B0UMSEH,Approved,Wed Mar 04 03:19:43 EST 2015,Wed Mar 04 03:21:43 EST 2015,Machine Learning,Architecture,Website,governmental information,document,emptyanswer,emptyanswer,emptyanswer,emptyanswer,emptyanswer,emptyanswer,emptyanswer,emptyanswer,emptyanswer,emptyanswer,emptyanswer
3TD33TP5DK19VMGE00LRMO1DCJ2AB7,3LEIZ60CDJYUVL6J4ASW1UTIQD4Z9A,A3H35QRODK1C4K,Approved,Wed Mar 04 10:17:54 EST 2015,Wed Mar 04 10:18:12 EST 2015,machine,learning,information,architecture,governmental,emptyanswer,emptyanswer,emptyanswer,emptyanswer,emptyanswer,emptyanswer,emptyanswer,emptyanswer,emptyanswer,emptyanswer,emptyanswer
3TD33TP5DK19VMGE00LRMO1DCJ2AB7,3OVR4I9USPIKKNZG0JDSTT6YZI7Q4D,A3FFZN4FO3Q789,Approved,Wed Mar 04 10:39:44 EST 2015,Wed Mar 04 10:53:46 EST 2015,and,and,and,and,and,emptyanswer,emptyanswer,emptyanswer,emptyanswer,emptyanswer,emptyanswer,emptyanswer,emptyanswer,emptyanswer,emptyanswer,emptyanswer
3TD33TP5DK19VMGE00LRMO1DCJ2AB7,3HVVDCPGTERDAA5S6UVUENLSERPTY1,A2F6ZON8X5EAGL,Approved,Wed Mar 04 16:06:35 EST 2015,Wed Mar 04 16:07:07 EST 2015,Machine Learning for Information Architecture in a Large Governmental Website,paper,machine,collection,representations,emptyanswer,emptyanswer,emptyanswer,emptyanswer,emptyanswer,emptyanswer,emptyanswer,emptyanswer,emptyanswer,emptyanswer,emptyanswer
3TD33TP5DK19VMGE00LRMO1DCJ2AB7,3M0NZ3JDP1XBUY471KFFPEOG4IAZ5A,ADVZAZ12Z8N9J,Approved,Wed Mar 04 16:57:42 EST 2015,Wed Mar 04 17:10:05 EST 2015,"Under the auspices of the GovStat Project, our goal is to identify a small number of semantically valid concepts that adequately spans the intellectual domain of a collection.",The goal of this discovery is twofold.,First we desire a practical aid for information architects.,"Second, automatically derived document-concept relationships are a necessary precondition for real-world deployment of many dynamic interfaces.","The current study compares concept learning strategies based on three document representations: keywords, titles, and full-text. In statistical and user-based studies, human-created keywords provide significant improvements in concept learning over both title-only and full-text representations.",emptyanswer,emptyanswer,emptyanswer,emptyanswer,emptyanswer,emptyanswer,emptyanswer,emptyanswer,emptyanswer,emptyanswer,emptyanswer
3TD33TP5DK19VMGE00LRMO1DCJ2AB7,30OG32W0SUAH9SJH9XXOYLNK7X9ENH,A3OTLWGJFB65KD,Approved,Wed Mar 04 19:13:34 EST 2015,Wed Mar 04 19:13:46 EST 2015,nothing,nothing,nothing,nothing,nothing,emptyanswer,emptyanswer,emptyanswer,emptyanswer,emptyanswer,emptyanswer,emptyanswer,emptyanswer,emptyanswer,emptyanswer,emptyanswer
3TD33TP5DK19VMGE00LRMO1DCJ2AB7,36PW28KO4ZVAP9PS0TSJCF3K8QPEAC,A3LUJSAN4DQ1ZT,Approved,Wed Mar 04 22:01:54 EST 2015,Wed Mar 04 22:03:23 EST 2015,Machine learning,Large governmental,GovSat,Automatically derived,Full-text,User-based,emptyanswer,emptyanswer,emptyanswer,emptyanswer,emptyanswer,emptyanswer,emptyanswer,emptyanswer,emptyanswer,emptyanswer
3TD33TP5DK19VMGE00LRMO1DCJ2AB7,3I2PTA7R3TT5YPOJLB080AVUW7MKQS,A3S81UFDOWF2ST,Approved,Thu Mar 05 07:35:33 EST 2015,Thu Mar 05 07:36:12 EST 2015,Machine Learning,Information Architecture,Large Governmental Website,complex digital libraries,dynamic interfaces,emptyanswer,emptyanswer,emptyanswer,emptyanswer,emptyanswer,emptyanswer,emptyanswer,emptyanswer,emptyanswer,emptyanswer,emptyanswer
3TD33TP5DK19VMGE00LRMO1DCJ2AB7,39ZSFO5CA8V2FYPIKZK19WS6K3TUJ9,A1QUDNLO95AKS5,Approved,Thu Mar 05 08:16:58 EST 2015,Thu Mar 05 08:18:31 EST 2015,Machine Learning for Information Architecture in a Large Governmental Website,ongoing research,machine learning techniques,governmental information in complex digital libraries,our goal is to identify a small number of semantically valid concepts that adequately spans the intellectual domain of a collection.,concept learning strategies,three document representations,"keywords, titles, and full-text",emptyanswer,emptyanswer,emptyanswer,emptyanswer,emptyanswer,emptyanswer,emptyanswer,emptyanswer
3TD33TP5DK19VMGE00LRMO1DCJ2AB7,3CN4LGXD5XNTTPQ2RTUM6F90YUJY4P,A3UY2GVCKC8LSL,Approved,Thu Mar 05 10:25:55 EST 2015,Thu Mar 05 10:26:40 EST 2015,machine learning,information architecture,government website,GovStat,three document representations,emptyanswer,emptyanswer,emptyanswer,emptyanswer,emptyanswer,emptyanswer,emptyanswer,emptyanswer,emptyanswer,emptyanswer,emptyanswer
3TD33TP5DK19VMGE00LRMO1DCJ2AB7,3P4RDNWND55X67UIQIVNQT4VQ8EIJX,A1YLO4LT02D2F0,Approved,Thu Mar 05 11:07:35 EST 2015,Thu Mar 05 11:08:28 EST 2015,paper describes ongoing,the auspices of the GovStat,The current study compares concept learning,"keywords, titles, and full-text.",keywords provide significant improvements,emptyanswer,emptyanswer,emptyanswer,emptyanswer,emptyanswer,emptyanswer,emptyanswer,emptyanswer,emptyanswer,emptyanswer,emptyanswer
3TD33TP5DK19VMGE00LRMO1DCJ2AB7,3YW4XOSQKQKVKH9EUAEV5WWKQMBU1N,A3DHYTZ1GPN0T8,Approved,Thu Mar 05 13:18:46 EST 2015,Thu Mar 05 13:19:17 EST 2015,paper,architects,strategies,relationships,human-created,emptyanswer,emptyanswer,emptyanswer,emptyanswer,emptyanswer,emptyanswer,emptyanswer,emptyanswer,emptyanswer,emptyanswer,emptyanswer
3TD33TP5DK19VMGE00LRMO1DCJ2AB7,3EJJQNKU9R4E802BS5MBS8P70DKHRO,ADUJUZANFOWKW,Approved,Thu Mar 05 16:21:16 EST 2015,Thu Mar 05 16:22:22 EST 2015,information,architecture,semtantics,representations,interfaces,emptyanswer,emptyanswer,emptyanswer,emptyanswer,emptyanswer,emptyanswer,emptyanswer,emptyanswer,emptyanswer,emptyanswer,emptyanswer
3TD33TP5DK19VMGE00LRMO1DCJ2AB7,3O6CYIULED0OLIPHRY3GYMMEM34WUG,AQXSUU4I4DAH8,Approved,Fri Mar 06 04:07:02 EST 2015,Fri Mar 06 04:07:44 EST 2015,complex digital libraries,Machine Learning for Information Architecture,document-concept relationships,Large Governmental Website,precondition for real-world deployment,emptyanswer,emptyanswer,emptyanswer,emptyanswer,emptyanswer,emptyanswer,emptyanswer,emptyanswer,emptyanswer,emptyanswer,emptyanswer
3TD33TP5DK19VMGE00LRMO1DCJ2AB7,37U1UTWH9VLLFP1IP1S5FVW8XZMR8L,A3G4SXD4N30C3L,Approved,Fri Mar 06 11:47:49 EST 2015,Fri Mar 06 11:48:41 EST 2015,Machine Learning,Information Architecture,Large Governmental Website,complex digital libraries,GovStat Project,aid for information architects,automatically derived document-concept relationships,emptyanswer,emptyanswer,emptyanswer,emptyanswer,emptyanswer,emptyanswer,emptyanswer,emptyanswer,emptyanswer
3TD33TP5DK19VMGE00LRMO1DCJ2AB7,3WETL7AQWT7A95XEGDK6LDJ1PVP53D,A1A7P5LC80G47W,Approved,Fri Mar 06 15:13:17 EST 2015,Fri Mar 06 15:14:10 EST 2015,machine learning,information architecture,large governmental website,complex digital libraries,keywords,emptyanswer,emptyanswer,emptyanswer,emptyanswer,emptyanswer,emptyanswer,emptyanswer,emptyanswer,emptyanswer,emptyanswer,emptyanswer
3TD33TP5DK19VMGE00LRMO1DCJ2AB7,3ZPBJO59KP0K7QJ6A4RRNJ83LJNDHM,A1QJ67V9DIO3KM,Approved,Sat Mar 07 01:26:35 EST 2015,Sat Mar 07 01:29:14 EST 2015,paper describes ongoing research into the application of machine learning techniques for improving access to governmental information,the goal is two fold,describe practical aid for architects,compares concept learning strategies based on three document respresenatives,keywords provide significant improvements,emptyanswer,emptyanswer,emptyanswer,emptyanswer,emptyanswer,emptyanswer,emptyanswer,emptyanswer,emptyanswer,emptyanswer,emptyanswer
3TD33TP5DK19VMGE00LRMO1DCJ2AB7,3RU7GD8VPOSIMW0CQ7ULRRWU8DHPS7,APEB5ERGCYP6D,Approved,Sat Mar 07 07:15:08 EST 2015,Sat Mar 07 07:31:10 EST 2015,ongoing research into the application of machine learning techniques,access to governmental information in complex digital libraries,user-based studies,human-created keywords provide significant improvements,concept learning over both title-only,emptyanswer,emptyanswer,emptyanswer,emptyanswer,emptyanswer,emptyanswer,emptyanswer,emptyanswer,emptyanswer,emptyanswer,emptyanswer
3TD33TP5DK19VMGE00LRMO1DCJ2AB7,3ZWFC4W1UU6UU4B5XFYBPNDUK5JFRE,A2GBY8O6GYSB89,Approved,Sat Mar 07 11:22:58 EST 2015,Sat Mar 07 11:24:13 EST 2015,Information Architecture,Large Governmental Website,improving access to governmental information in complex digital libraries,GovStat Project,a practical aid for information architects,emptyanswer,emptyanswer,emptyanswer,emptyanswer,emptyanswer,emptyanswer,emptyanswer,emptyanswer,emptyanswer,emptyanswer,emptyanswer
3TD33TP5DK19VMGE00LRMO1DCJ2AB7,3ZV9H2YQQD64MOCYCE7FBDWE9UV3WY,A3K6BSW10S4YKJ,Approved,Sat Mar 07 11:44:39 EST 2015,Sat Mar 07 11:46:31 EST 2015,machine learning techniques,GovStat Project,a practical aid for information architects,automatically derived document-concept relationships,concept learning strategies,"keywords, titles, and full-text",human-created keywords provide significant improvements in concept learning,emptyanswer,emptyanswer,emptyanswer,emptyanswer,emptyanswer,emptyanswer,emptyanswer,emptyanswer,emptyanswer
3TD33TP5DK19VMGE00LRMO1DCJ2AB7,3WMINLGALB2VSB5E42MOMR3HNOAACX,A37WDQ1VG5XN6Z,Approved,Sat Mar 07 13:34:43 EST 2015,Sat Mar 07 13:34:51 EST 2015,nothing,nothing,nothing,nothing,nothing,emptyanswer,emptyanswer,emptyanswer,emptyanswer,emptyanswer,emptyanswer,emptyanswer,emptyanswer,emptyanswer,emptyanswer,emptyanswer
3TD33TP5DK19VMGE00LRMO1DCJ2AB7,33NF62TLXJ1OC2K6QLGZ39J8IKFKJ2,A1W7BQWWGKJ3XF,Approved,Sat Mar 07 15:04:40 EST 2015,Sat Mar 07 15:09:54 EST 2015,Machine Learning,Information Architecture,Large Governmental Website,human-created keywords,document-concept relationships,real-world deployment,emptyanswer,emptyanswer,emptyanswer,emptyanswer,emptyanswer,emptyanswer,emptyanswer,emptyanswer,emptyanswer,emptyanswer
3TD33TP5DK19VMGE00LRMO1DCJ2AB7,33FOTY3KEMKZYNSE8JTVBQAEJVW1CU,A38IE69ORDCEGY,Approved,Sat Mar 07 21:45:11 EST 2015,Sat Mar 07 21:45:53 EST 2015,Machine learning,Information Architecture,Government website,digital libraries,GovStat project,emptyanswer,emptyanswer,emptyanswer,emptyanswer,emptyanswer,emptyanswer,emptyanswer,emptyanswer,emptyanswer,emptyanswer,emptyanswer
3TD33TP5DK19VMGE00LRMO1DCJ2AB7,3NL0RFNU0FMY9K1LNETVX7UP0P44KE,A2KELEVTA0306Y,Approved,Sun Mar 08 08:26:41 EDT 2015,Sun Mar 08 08:29:30 EDT 2015,paper,describes,ongoing,research,application,machine,learning,techniques,improving,access,governmental,information,complex,digital,libraries,auspices
3TD33TP5DK19VMGE00LRMO1DCJ2AB7,3GNA64GUZE32G63GEOW2YLCCZRX5QI,A3EOFHEPL3L07Y,Approved,Sun Mar 08 12:41:28 EDT 2015,Sun Mar 08 12:43:02 EDT 2015,Machine Learning,Information Architecture in a Large Governmental Website,improving access to governmental information,GovStat Project,human-created keywords,emptyanswer,emptyanswer,emptyanswer,emptyanswer,emptyanswer,emptyanswer,emptyanswer,emptyanswer,emptyanswer,emptyanswer,emptyanswer
3TD33TP5DK19VMGE00LRMO1DCJ2AB7,3JZQSN0I3Q935E2RH44ZQJZNIZTGFA,A156NFBMKKLDL9,Approved,Sun Mar 08 21:51:34 EDT 2015,Sun Mar 08 21:51:52 EDT 2015,Machine Learning,Information Architecture,Large Governmental Website,document representations,statistical and user-based studies,emptyanswer,emptyanswer,emptyanswer,emptyanswer,emptyanswer,emptyanswer,emptyanswer,emptyanswer,emptyanswer,emptyanswer,emptyanswer
3TD33TP5DK19VMGE00LRMO1DCJ2AB7,3SB5N7Y3O33C8AN1EMLENCCJCXTG0V,A2SZAM3EZER2PH,Approved,Mon Mar 09 05:57:19 EDT 2015,Mon Mar 09 05:58:21 EDT 2015,application of machine,complex digital libraries,semantically,real-world deployment,significant improvements,emptyanswer,emptyanswer,emptyanswer,emptyanswer,emptyanswer,emptyanswer,emptyanswer,emptyanswer,emptyanswer,emptyanswer,emptyanswer
3TD33TP5DK19VMGE00LRMO1DCJ2AB7,388U7OUMF703X0WFUXFQMGQQE7W0R5,ACYGMRGAZ22U7,Approved,Mon Mar 09 17:59:05 EDT 2015,Mon Mar 09 17:59:10 EDT 2015,Keyword/Keyphrase 1:,Keyword/Keyphrase 1:,Keyword/Keyphrase 1:,Keyword/Keyphrase 1:,Keyword/Keyphrase 1:,emptyanswer,emptyanswer,emptyanswer,emptyanswer,emptyanswer,emptyanswer,emptyanswer,emptyanswer,emptyanswer,emptyanswer,emptyanswer
3TD33TP5DK19VMGE00LRMO1DCJ2AB7,3V26SBZTBDD91COW88MVEIVB5V1ZZS,A16MCPIUMNIDW,Approved,Mon Mar 09 20:02:00 EDT 2015,Mon Mar 09 20:03:25 EDT 2015,information architecture,machine learning techniques,government information,digital,GovStat,keywords,concept learning,emptyanswer,emptyanswer,emptyanswer,emptyanswer,emptyanswer,emptyanswer,emptyanswer,emptyanswer,emptyanswer
3TD33TP5DK19VMGE00LRMO1DCJ2AB7,3S96KQ6I9M3ACZA1AY8G12BRWJSDTI,A1JWEYGDFDB100,Approved,Tue Mar 10 11:24:36 EDT 2015,Tue Mar 10 11:25:55 EDT 2015,Machine Learning,Information Architecture,Large Governmental Website,complex digital libraries,human-created keywords,emptyanswer,emptyanswer,emptyanswer,emptyanswer,emptyanswer,emptyanswer,emptyanswer,emptyanswer,emptyanswer,emptyanswer,emptyanswer
3TD33TP5DK19VMGE00LRMO1DCJ2AB7,3DUZQ9U6SMNVRGX8CJ3KXJLCU7KSV9,AW36CVMS3526O,Approved,Tue Mar 10 12:44:54 EDT 2015,Tue Mar 10 12:46:26 EDT 2015,Architecture,Governmental,libraries,precondition,representations,emptyanswer,emptyanswer,emptyanswer,emptyanswer,emptyanswer,emptyanswer,emptyanswer,emptyanswer,emptyanswer,emptyanswer,emptyanswer
3TD33TP5DK19VMGE00LRMO1DCJ2AB7,33LK57MYLT4C002IDGSNIPY8IJNSZ8,ANB69EQROUTQJ,Approved,Tue Mar 10 22:45:35 EDT 2015,Tue Mar 10 22:48:19 EDT 2015,machine learning,information architecture,governmental website,digital libraries,document-concept relationships,dynamic interfaces,emptyanswer,emptyanswer,emptyanswer,emptyanswer,emptyanswer,emptyanswer,emptyanswer,emptyanswer,emptyanswer,emptyanswer
3TD33TP5DK19VMGE00LRMO1DCJ2AB7,3QECW5O0KH0F8MV8VSQX3QNZJ39T57,ATRHDYWCIYTDJ,Approved,Wed Mar 11 05:01:31 EDT 2015,Wed Mar 11 05:01:43 EDT 2015,ongoing,application,learning,both,representations,emptyanswer,emptyanswer,emptyanswer,emptyanswer,emptyanswer,emptyanswer,emptyanswer,emptyanswer,emptyanswer,emptyanswer,emptyanswer
3TD33TP5DK19VMGE00LRMO1DCJ2AB7,3TPWUS5F890SZO8H57IG4G08FFIWCF,A3CMDYA9USA3MR,Approved,Wed Mar 11 07:23:03 EDT 2015,Wed Mar 11 07:23:15 EDT 2015,ongoing,application,techniques,governmental,digital,emptyanswer,emptyanswer,emptyanswer,emptyanswer,emptyanswer,emptyanswer,emptyanswer,emptyanswer,emptyanswer,emptyanswer,emptyanswer
3TD33TP5DK19VMGE00LRMO1DCJ2AB7,3X66WABAJWH8P2MYX93XPAAQFES3G2,A28IXE702NXWKQ,Approved,Wed Mar 11 14:22:42 EDT 2015,Wed Mar 11 14:23:42 EDT 2015,describes ongoing,machine learning techniques,adequately spans the intellectual domain of a collection,real-world deployment,both title-only and full-text representations,emptyanswer,emptyanswer,emptyanswer,emptyanswer,emptyanswer,emptyanswer,emptyanswer,emptyanswer,emptyanswer,emptyanswer,emptyanswer
3TD33TP5DK19VMGE00LRMO1DCJ2AB7,3SITXWYCNV8OEJL11CI7VF8X6W6XBK,A2E2IQ99W6B7AV,Approved,Wed Mar 11 16:20:11 EDT 2015,Wed Mar 11 16:21:53 EDT 2015,Machine learning,Information architecture,Human-created keywords,Document representations,User-based study,emptyanswer,emptyanswer,emptyanswer,emptyanswer,emptyanswer,emptyanswer,emptyanswer,emptyanswer,emptyanswer,emptyanswer,emptyanswer
3TD33TP5DK19VMGE00LRMO1DCJ2AB7,3J2UYBXQQLBABHYV29CSBLZUJPT60Z,A2UNRV6PEOEXG0,Approved,Thu Mar 12 00:33:08 EDT 2015,Thu Mar 12 00:33:47 EDT 2015,Machine Learning,Information Architecture,Government,digital libraries,GovStat,emptyanswer,emptyanswer,emptyanswer,emptyanswer,emptyanswer,emptyanswer,emptyanswer,emptyanswer,emptyanswer,emptyanswer,emptyanswer
3TD33TP5DK19VMGE00LRMO1DCJ2AB7,3NG53N1RLVI03CL3C9OGA0WTXSZP8F,A3HPVFAF1U9WXK,Approved,Thu Mar 12 01:41:40 EDT 2015,Thu Mar 12 01:42:30 EDT 2015,Machine Learning,governmental information,digital libraries,semantic,learning strategies,emptyanswer,emptyanswer,emptyanswer,emptyanswer,emptyanswer,emptyanswer,emptyanswer,emptyanswer,emptyanswer,emptyanswer,emptyanswer
3TD33TP5DK19VMGE00LRMO1DCJ2AB7,3Z7ISHFUH0UUHGN9ZIMI1YY77RX8ZA,A2KS418T8MPLJH,Approved,Thu Mar 12 12:14:07 EDT 2015,Thu Mar 12 12:15:26 EDT 2015,This paper describes ongoing research into the application of machine learning techniques for improving access to governmental information in complex digital libraries.,"The current study compares concept learning strategies based on three document representations: keywords, titles, and full-text.","Under the auspices of the GovStat Project, our goal is to identify a small number of semantically valid concepts that adequately spans the intellectual domain of a collection. The goal of this discovery is twofold. First we desire a practical aid for information architects.","Second, automatically derived document-concept relationships are a necessary precondition for real-world deployment of many dynamic interfaces.","In statistical and user-based studies, human-created keywords provide significant improvements in concept learning over both title-only and full-text representations.",emptyanswer,emptyanswer,emptyanswer,emptyanswer,emptyanswer,emptyanswer,emptyanswer,emptyanswer,emptyanswer,emptyanswer,emptyanswer
3TD33TP5DK19VMGE00LRMO1DCJ2AB7,32XVDSJFPZWJWUM14CNNJ5PV6NMM23,A2JOYXFN8HXXLS,Approved,Thu Mar 12 11:53:42 EDT 2015,Thu Mar 12 12:21:37 EDT 2015,learning technology,keywords,titles,full texts,human created keywords,machine learning,artificial inteligence,emptyanswer,emptyanswer,emptyanswer,emptyanswer,emptyanswer,emptyanswer,emptyanswer,emptyanswer,emptyanswer
3TD33TP5DK19VMGE00LRMO1DCJ2AB7,37U1UTWH9VLLFP1IP1S5FVW8YAGR82,AM1HY736BY3Z8,Approved,Thu Mar 12 13:25:19 EDT 2015,Thu Mar 12 13:26:30 EDT 2015,Machine Learning for Information Architecture in a Large Governmental Website,This paper describes ongoing research into the application of machine learning techniques for improving access to governmental information in complex digital libraries.,The goal of this discovery is twofold. First we desire a practical aid for information architects.,The current study compares concept learning strategies based on three document representations,"In statistical and user-based studies, human-created keywords provide significant improvements in concept learning over both title-only and full-text representations.",emptyanswer,emptyanswer,emptyanswer,emptyanswer,emptyanswer,emptyanswer,emptyanswer,emptyanswer,emptyanswer,emptyanswer,emptyanswer
3TD33TP5DK19VMGE00LRMO1DCJ2AB7,35L9RVQFCOH6OSUSWZHGXJCR8TCHUF,AU3WQKISBW5MZ,Approved,Thu Mar 12 14:35:20 EDT 2015,Thu Mar 12 14:35:34 EDT 2015,"This paper describes ongoing research into the application of machine learning techniques for improving access to governmental information in complex digital libraries. Under the auspices of the GovStat Project, our goal is to identify a small number of semantically valid concepts that adequately spans the intellectual domain of a collection. The goal of this discovery is twofold. First we desire a practical aid for information architects. Second, automatically derived document-concept relationships are a necessary precondition for real-world deployment of many dynamic interfaces. The current study compares concept learning strategies based on three document representations: keywords, titles, and full-text. In statistical and user-based studies, human-created keywords provide significant improvements in concept learning over both title-only and full-text representations.","This paper describes ongoing research into the application of machine learning techniques for improving access to governmental information in complex digital libraries. Under the auspices of the GovStat Project, our goal is to identify a small number of semantically valid concepts that adequately spans the intellectual domain of a collection. The goal of this discovery is twofold. First we desire a practical aid for information architects. Second, automatically derived document-concept relationships are a necessary precondition for real-world deployment of many dynamic interfaces. The current study compares concept learning strategies based on three document representations: keywords, titles, and full-text. In statistical and user-based studies, human-created keywords provide significant improvements in concept learning over both title-only and full-text representations.","This paper describes ongoing research into the application of machine learning techniques for improving access to governmental information in complex digital libraries. Under the auspices of the GovStat Project, our goal is to identify a small number of semantically valid concepts that adequately spans the intellectual domain of a collection. The goal of this discovery is twofold. First we desire a practical aid for information architects. Second, automatically derived document-concept relationships are a necessary precondition for real-world deployment of many dynamic interfaces. The current study compares concept learning strategies based on three document representations: keywords, titles, and full-text. In statistical and user-based studies, human-created keywords provide significant improvements in concept learning over both title-only and full-text representations.","This paper describes ongoing research into the application of machine learning techniques for improving access to governmental information in complex digital libraries. Under the auspices of the GovStat Project, our goal is to identify a small number of semantically valid concepts that adequately spans the intellectual domain of a collection. The goal of this discovery is twofold. First we desire a practical aid for information architects. Second, automatically derived document-concept relationships are a necessary precondition for real-world deployment of many dynamic interfaces. The current study compares concept learning strategies based on three document representations: keywords, titles, and full-text. In statistical and user-based studies, human-created keywords provide significant improvements in concept learning over both title-only and full-text representations.","This paper describes ongoing research into the application of machine learning techniques for improving access to governmental information in complex digital libraries. Under the auspices of the GovStat Project, our goal is to identify a small number of semantically valid concepts that adequately spans the intellectual domain of a collection. The goal of this discovery is twofold. First we desire a practical aid for information architects. Second, automatically derived document-concept relationships are a necessary precondition for real-world deployment of many dynamic interfaces. The current study compares concept learning strategies based on three document representations: keywords, titles, and full-text. In statistical and user-based studies, human-created keywords provide significant improvements in concept learning over both title-only and full-text representations.",emptyanswer,emptyanswer,emptyanswer,emptyanswer,emptyanswer,emptyanswer,emptyanswer,emptyanswer,emptyanswer,emptyanswer,emptyanswer
3TD33TP5DK19VMGE00LRMO1DCJ2AB7,3L0KT67Y8EFCVASDHUQ44IP6DS6YSH,AL9R6CILUG30X,Approved,Thu Mar 12 15:55:21 EDT 2015,Thu Mar 12 15:57:30 EDT 2015,Machine Learning,Information Architecture,digital library,Government Website,GovStat Project,document-concept relationships,real-world deployment,concept learning strategies,emptyanswer,emptyanswer,emptyanswer,emptyanswer,emptyanswer,emptyanswer,emptyanswer,emptyanswer
3TD33TP5DK19VMGE00LRMO1DCJ2AB7,3FTOP5WARFNMZCD2MS6HKP4Z5WOJ0V,A2SDTL2V8VJ25O,Approved,Thu Mar 12 21:04:57 EDT 2015,Thu Mar 12 21:05:52 EDT 2015,Machine,Information,Governmental,Architecture,governmental,emptyanswer,emptyanswer,emptyanswer,emptyanswer,emptyanswer,emptyanswer,emptyanswer,emptyanswer,emptyanswer,emptyanswer,emptyanswer
3TD33TP5DK19VMGE00LRMO1DCJ2AB7,3KIBXJ1WD5T2DDB36Y84B50UIOCKOT,A1XRIEYLA7ZJ3B,Approved,Fri Mar 13 00:03:40 EDT 2015,Fri Mar 13 00:06:52 EDT 2015,Machine Learning for Information Architecture,machine learning techniques for improving access to governmental information in complex digital libraries,identify a small number of semantically valid concepts,"concept learning strategies based on three document representations: keywords, titles, and full-text",human-created keywords provide significant improvements in concept learning,emptyanswer,emptyanswer,emptyanswer,emptyanswer,emptyanswer,emptyanswer,emptyanswer,emptyanswer,emptyanswer,emptyanswer,emptyanswer
3TD33TP5DK19VMGE00LRMO1DCJ2AB7,3WZ36BJEV3FHX2CHW2HA6CNRU2UTBE,A10443E11ZWEHJ,Approved,Fri Mar 13 04:10:43 EDT 2015,Fri Mar 13 04:17:54 EDT 2015,application of machine learning techniques,learning techniques,improving access to governmental,ongoing research,"auspices of the GovStat Project,",current study compares concept learning strategies,information in complex digital libraries,three document,"keywords, titles, and full-text",statistical and user-based studies,representations:,human-created keywords,concept learning,information architects.,full-text representations.,improvements in concept learning over both title-only and full-text representations
3TD33TP5DK19VMGE00LRMO1DCJ2AB7,3IJXV6UZ1XIE4VDVYN4WSKQM18XRIQ,A330N7LVL2IOVZ,Approved,Fri Mar 13 15:09:37 EDT 2015,Fri Mar 13 15:11:11 EDT 2015,application,machine learning techniques,governmental information,semantically valid concepts,real-world deployment,human-created keywords,emptyanswer,emptyanswer,emptyanswer,emptyanswer,emptyanswer,emptyanswer,emptyanswer,emptyanswer,emptyanswer,emptyanswer
3TD33TP5DK19VMGE00LRMO1DCJ2AB7,3UJ1CZ6IZHOETMIT6SL7TLRDIPI5SS,A3DTN2OMF6DUSI,Approved,Fri Mar 13 23:20:55 EDT 2015,Fri Mar 13 23:21:01 EDT 2015,model,model,model,model,model,emptyanswer,emptyanswer,emptyanswer,emptyanswer,emptyanswer,emptyanswer,emptyanswer,emptyanswer,emptyanswer,emptyanswer,emptyanswer
3TD33TP5DK19VMGE00LRMO1DCJ2AB7,3V0Z7YWSIYZ2MHGAI4OE6188XLEV2J,A610SH5RY1NG1,Approved,Sat Mar 14 06:39:46 EDT 2015,Sat Mar 14 06:40:12 EDT 2015,Machine Learning,Information Architecture,Large Governmental Website,GovStat,keywords,emptyanswer,emptyanswer,emptyanswer,emptyanswer,emptyanswer,emptyanswer,emptyanswer,emptyanswer,emptyanswer,emptyanswer,emptyanswer
3TD33TP5DK19VMGE00LRMO1DCJ2AB7,3CFVK00FWLKN8DNHR2YB95RIMSZL6S,A2Z9HR2IBD75R9,Approved,Sat Mar 14 09:44:58 EDT 2015,Sat Mar 14 09:45:13 EDT 2015,Machine Learning,Information,Architecture,Large Governmental Website,improvements,emptyanswer,emptyanswer,emptyanswer,emptyanswer,emptyanswer,emptyanswer,emptyanswer,emptyanswer,emptyanswer,emptyanswer,emptyanswer
3TD33TP5DK19VMGE00LRMO1DCJ2AB7,3NG53N1RLVI03CL3C9OGA0WTXYLP8D,AH3ER3EJXHRO2,Approved,Sat Mar 14 16:09:04 EDT 2015,Sat Mar 14 16:09:52 EDT 2015,governmental,information architecture,website,digital libraries,keywords,emptyanswer,emptyanswer,emptyanswer,emptyanswer,emptyanswer,emptyanswer,emptyanswer,emptyanswer,emptyanswer,emptyanswer,emptyanswer
3TD33TP5DK19VMGE00LRMO1DCJ2AB7,3MHW492WW0CSTLK3SM7YLAM63RCMVK,AEISWC78MXIR5,Approved,Sat Mar 14 16:26:59 EDT 2015,Sat Mar 14 16:28:43 EDT 2015,Information Architecture,Governmental Website,GovStat Project,digital libraries,governmental information,emptyanswer,emptyanswer,emptyanswer,emptyanswer,emptyanswer,emptyanswer,emptyanswer,emptyanswer,emptyanswer,emptyanswer,emptyanswer
3TD33TP5DK19VMGE00LRMO1DCJ2AB7,3Y9N9SS8LYA5DIC7VJ2PJP7T3TRD3W,AWFQ7OX0UPSM5,Approved,Sat Mar 14 16:35:19 EDT 2015,Sat Mar 14 16:36:37 EDT 2015,Machine Learning,Information Architecture,improving access to governmental information in complex digital libraries,GovStat Project,document-concept relationships,emptyanswer,emptyanswer,emptyanswer,emptyanswer,emptyanswer,emptyanswer,emptyanswer,emptyanswer,emptyanswer,emptyanswer,emptyanswer
3TD33TP5DK19VMGE00LRMO1DCJ2AB7,30MVJZJNHMC4V61FMOPAD05S854J93,A3NDYVCFCYRPT9,Approved,Sat Mar 14 19:22:44 EDT 2015,Sat Mar 14 19:27:55 EDT 2015,machine learning,information architecture,government websites,governmental information,digital libraries,GovStat Project,information architects,concept learning,documents,archives,collection management,keywords,titles,full-text,emptyanswer,emptyanswer
3TD33TP5DK19VMGE00LRMO1DCJ2AB7,3Y9N9SS8LYA5DIC7VJ2PJP7T3TYD33,A17JEL4FN1B9TB,Approved,Sat Mar 14 19:32:28 EDT 2015,Sat Mar 14 19:33:16 EDT 2015,Machine,Learning,Information,Architecture,Large,Governmental,Website,emptyanswer,emptyanswer,emptyanswer,emptyanswer,emptyanswer,emptyanswer,emptyanswer,emptyanswer,emptyanswer
3TD33TP5DK19VMGE00LRMO1DCJ2AB7,3IRIK4HM3AJU59TBEP5C6M1VSLPC6B,A29ZV4XJB7R1O,Approved,Sat Mar 14 19:53:14 EDT 2015,Sat Mar 14 19:56:03 EDT 2015,Machine Learning,Information Architecture,Governmental Website,learning techniques,improving access,"keywords, titles, and full-text",application,emptyanswer,emptyanswer,emptyanswer,emptyanswer,emptyanswer,emptyanswer,emptyanswer,emptyanswer,emptyanswer
3TD33TP5DK19VMGE00LRMO1DCJ2AB7,3Y9N9SS8LYA5DIC7VJ2PJP7T3U23DZ,A1BV5YY1UQCMZY,Approved,Sat Mar 14 20:26:39 EDT 2015,Sat Mar 14 20:27:28 EDT 2015,machine learning,information architecture,website,govstat project,strategies,keyword,titles,full-text,emptyanswer,emptyanswer,emptyanswer,emptyanswer,emptyanswer,emptyanswer,emptyanswer,emptyanswer
3TD33TP5DK19VMGE00LRMO1DCJ2AB7,3LEP4MGT3GZAGDGKACHV1855RMJBD2,A1G94QON7A9K0N,Approved,Sat Mar 14 20:59:03 EDT 2015,Sat Mar 14 20:59:24 EDT 2015,machine learning,relationships,dynamic,interface,keywords,emptyanswer,emptyanswer,emptyanswer,emptyanswer,emptyanswer,emptyanswer,emptyanswer,emptyanswer,emptyanswer,emptyanswer,emptyanswer
3TD33TP5DK19VMGE00LRMO1DCJ2AB7,3DL65MZB8DEYIOMQK7OAIAT89JNCE6,A9VLWY4KW6OCB,Approved,Sat Mar 14 21:18:13 EDT 2015,Sat Mar 14 21:27:11 EDT 2015,Machine,Learning,Information,Architecture,Website,emptyanswer,emptyanswer,emptyanswer,emptyanswer,emptyanswer,emptyanswer,emptyanswer,emptyanswer,emptyanswer,emptyanswer,emptyanswer
