HitId,AssignmentId,WorkerId,Status,AcceptTime,SubmitTime,Answer 1,Answer 2,Answer 3,Answer 4,Answer 5,Answer 6,Answer 7,Answer 8,Answer 9,Answer 10,Answer 11,Answer 12,Answer 13,Answer 14,Answer 15,Answer 16
3TFJJUELSGO30ODG1LO7RQOXIG9C28,3IHR8NYAM70ZKBY106Y3TOGOUJ14PA,A22R7DT2XQIKXV,Approved,Mon Mar 02 14:57:52 EST 2015,Mon Mar 02 14:57:57 EST 2015,aa,aa,aa,aa,aa,emptyanswer,emptyanswer,emptyanswer,emptyanswer,emptyanswer,emptyanswer,emptyanswer,emptyanswer,emptyanswer,emptyanswer,emptyanswer
3TFJJUELSGO30ODG1LO7RQOXIG9C28,3Z2R0DQ0JHDLK6UONEZ46XKMWY42ES,A3ODG942FG22PJ,Approved,Mon Mar 02 15:27:01 EST 2015,Mon Mar 02 15:27:26 EST 2015,bid,Expressiveness,Algorithms,Double Auctions,traders,NA,NA,NA,NA,NA,NA,NA,NA,NA,NA,NA
3TFJJUELSGO30ODG1LO7RQOXIG9C28,3JAOYWH7VI3AQWPFP91NTFIKB1NL9Y,A3FG9YWTFFK1AU,Approved,Mon Mar 02 18:34:27 EST 2015,Mon Mar 02 18:55:59 EST 2015,Bid Expressiveness,Clearing Algorithms,Multiattribute Double Auctions,Network flow models,solution algorithms,emptyanswer,emptyanswer,emptyanswer,emptyanswer,emptyanswer,emptyanswer,emptyanswer,emptyanswer,emptyanswer,emptyanswer,emptyanswer
3TFJJUELSGO30ODG1LO7RQOXIG9C28,3RWE2M8QWH9II24N1QY9DWLGDS5N02,A2R085B34P2LYS,Approved,Mon Mar 02 21:54:05 EST 2015,Mon Mar 02 21:59:27 EST 2015,Expressiveness,Clearing,Algorithms,Multiattribute,Auctions,optional,optional,optional,optional,optional,optional,optional,optional,optional,optional,optional
3TFJJUELSGO30ODG1LO7RQOXIG9C28,3QY7M81QH7LVS7J4PCR20JEZRB9K7X,A27I79P03I0ZPO,Approved,Mon Mar 02 23:03:22 EST 2015,Mon Mar 02 23:03:59 EST 2015,Expressiveness,Bid,Double,Auctions,Algorithms,emptyanswer,emptyanswer,emptyanswer,emptyanswer,emptyanswer,emptyanswer,emptyanswer,emptyanswer,emptyanswer,emptyanswer,emptyanswer
3TFJJUELSGO30ODG1LO7RQOXIG9C28,3WJEQKOXA81B58VGO5X45VKQJDFA1B,A26M2B8NZVKWTZ,Approved,Mon Mar 02 23:14:51 EST 2015,Mon Mar 02 23:15:44 EST 2015,Clearing,Expressiveness,Bid,Auctions,Multiattribute,emptyanswer,emptyanswer,emptyanswer,emptyanswer,emptyanswer,emptyanswer,emptyanswer,emptyanswer,emptyanswer,emptyanswer,emptyanswer
3TFJJUELSGO30ODG1LO7RQOXIG9C28,3U8YCDAGXPF3LZHFHIQQHQGLI4BQ0D,A1B5NXRZQYRC4R,Approved,Tue Mar 03 06:19:23 EST 2015,Tue Mar 03 06:20:25 EST 2015,Bid Expressiveness,Clearing Algorithms,Multiattribute Double Auctions,Experimental trials,bilateral matching problem,emptyanswer,emptyanswer,emptyanswer,emptyanswer,emptyanswer,emptyanswer,emptyanswer,emptyanswer,emptyanswer,emptyanswer,emptyanswer
3TFJJUELSGO30ODG1LO7RQOXIG9C28,3FE7TXL1LIMAH9KTW5U40E90F232QH,AQ4PB1PVI9U7V,Approved,Tue Mar 03 09:08:17 EST 2015,Tue Mar 03 09:17:52 EST 2015,multiattribute,constraints,consideration,computational,developing,NA,NA,NA,NA,NA,NA,NA,NA,NA,NA,NA
3TFJJUELSGO30ODG1LO7RQOXIG9C28,3S0TNUHWKTHREFID70XLA6F4IOSD8E,A9HQ3E0F2AGVO,Approved,Tue Mar 03 17:33:30 EST 2015,Tue Mar 03 17:37:10 EST 2015,two-sided multiattribute auctions,formal semantic framework,expressible offers,optimal pairwise trades,developing solution algorithms,emptyanswer,emptyanswer,emptyanswer,emptyanswer,emptyanswer,emptyanswer,emptyanswer,emptyanswer,emptyanswer,emptyanswer,emptyanswer
3TFJJUELSGO30ODG1LO7RQOXIG9C28,31LVTDXBL79GUWL1JQ19K0IEHPARLC,A9LA6QK6VCERR,Approved,Wed Mar 04 00:47:50 EST 2015,Wed Mar 04 00:50:40 EST 2015,Bid Expressiveness,two-sided multiattribute auctions,determining an optimal set of trades,expressible offers,multiattribute utility theory,emptyanswer,emptyanswer,emptyanswer,emptyanswer,emptyanswer,emptyanswer,emptyanswer,emptyanswer,emptyanswer,emptyanswer,emptyanswer
3TFJJUELSGO30ODG1LO7RQOXIG9C28,36NEMU28XFC58AK8IWCU7C5K9A6MW5,A1JW721AJDHJ8G,Approved,Wed Mar 04 09:32:31 EST 2015,Wed Mar 04 09:35:24 EST 2015,multiattribute auctions,two-sided,pairwise,billateral,computational complexity,global allocation,network flow,utility theory,emptyanswer,emptyanswer,emptyanswer,emptyanswer,emptyanswer,emptyanswer,emptyanswer,emptyanswer
3TFJJUELSGO30ODG1LO7RQOXIG9C28,3VE8AYVF8MWOCZW9Y6SBY6IPU2W8FA,A3FFZN4FO3Q789,Approved,Wed Mar 04 11:02:18 EST 2015,Wed Mar 04 11:05:38 EST 2015,preliminary,preliminary,preliminary,preliminary,preliminary,emptyanswer,emptyanswer,emptyanswer,emptyanswer,emptyanswer,emptyanswer,emptyanswer,emptyanswer,emptyanswer,emptyanswer,emptyanswer
3TFJJUELSGO30ODG1LO7RQOXIG9C28,3YWRV122CSYDVHTZTVNAK6JS4PG8UE,A3H35QRODK1C4K,Approved,Wed Mar 04 12:13:51 EST 2015,Wed Mar 04 12:14:13 EST 2015,bid,expressiveness,clearing,algorithms,auctions,emptyanswer,emptyanswer,emptyanswer,emptyanswer,emptyanswer,emptyanswer,emptyanswer,emptyanswer,emptyanswer,emptyanswer,emptyanswer
3TFJJUELSGO30ODG1LO7RQOXIG9C28,3OLQQLKKNSOLQ2SWUZ5W5E63YDVEJ4,A2F6ZON8X5EAGL,Approved,Wed Mar 04 16:20:06 EST 2015,Wed Mar 04 16:20:33 EST 2015,Bid Expressiveness and Clearing Algorithms in Multiattribute Double Auctions,space,expressible,consideration,problem,emptyanswer,emptyanswer,emptyanswer,emptyanswer,emptyanswer,emptyanswer,emptyanswer,emptyanswer,emptyanswer,emptyanswer,emptyanswer
3TFJJUELSGO30ODG1LO7RQOXIG9C28,3ZY8KE4ISJ2JE0IVKFEF2J6BC3ZVQR,A3OTLWGJFB65KD,Approved,Wed Mar 04 19:16:54 EST 2015,Wed Mar 04 19:17:00 EST 2015,nothing,nothing,nothing,nothing,nothing,emptyanswer,emptyanswer,emptyanswer,emptyanswer,emptyanswer,emptyanswer,emptyanswer,emptyanswer,emptyanswer,emptyanswer,emptyanswer
3TFJJUELSGO30ODG1LO7RQOXIG9C28,3J88R45B2GXQIDMBKH08QZDMNJ3PXH,A2SJC9VRBGNC58,Approved,Wed Mar 04 22:30:50 EST 2015,Wed Mar 04 22:33:42 EST 2015,Multiattribute Double Auctions,computing global allocations,bilateral matching analysis,multiattribute utility theory,bidding constraints,emptyanswer,emptyanswer,emptyanswer,emptyanswer,emptyanswer,emptyanswer,emptyanswer,emptyanswer,emptyanswer,emptyanswer,emptyanswer
3TFJJUELSGO30ODG1LO7RQOXIG9C28,3M23Y66PO26ACQI7BBVCLR5DDZJ6SS,A3LUJSAN4DQ1ZT,Approved,Wed Mar 04 23:43:35 EST 2015,Wed Mar 04 23:44:23 EST 2015,bid expressiveness,clearing algorithms,multiattribute,double actions,global allocations,computational complexity,tractable problem classes,emptyanswer,emptyanswer,emptyanswer,emptyanswer,emptyanswer,emptyanswer,emptyanswer,emptyanswer,emptyanswer
3TFJJUELSGO30ODG1LO7RQOXIG9C28,3E337GFOL97FT6F8FSNCYO8WKEGNG1,A1YLO4LT02D2F0,Approved,Thu Mar 05 00:01:19 EST 2015,Thu Mar 05 00:02:22 EST 2015,"investigate the space of two-sided multi attribute auctions,",the relationship between constraints on the offers,resulting computational problem of determining an optimal set of trades.,develop a formal semantic framework for characterizing expressible offers,show conditions under which the allocation problem can be separated,emptyanswer,emptyanswer,emptyanswer,emptyanswer,emptyanswer,emptyanswer,emptyanswer,emptyanswer,emptyanswer,emptyanswer,emptyanswer
3TFJJUELSGO30ODG1LO7RQOXIG9C28,338JKRMM26YM9JGUQU0PXI0X08WHAE,A3HPVFAF1U9WXK,Approved,Thu Mar 05 07:24:14 EST 2015,Thu Mar 05 07:25:06 EST 2015,Multiattribute Auctions,traders,bids,optimizing,computational complexity,emptyanswer,emptyanswer,emptyanswer,emptyanswer,emptyanswer,emptyanswer,emptyanswer,emptyanswer,emptyanswer,emptyanswer,emptyanswer
3TFJJUELSGO30ODG1LO7RQOXIG9C28,3XC1O3LBOSLTABYTNF64KFJW5EQTLI,A3S81UFDOWF2ST,Approved,Thu Mar 05 07:39:50 EST 2015,Thu Mar 05 07:40:23 EST 2015,Clearing Algorithms,Bid Expressiveness,Multiattribute Double Auctions,traders,optimal set of trades,emptyanswer,emptyanswer,emptyanswer,emptyanswer,emptyanswer,emptyanswer,emptyanswer,emptyanswer,emptyanswer,emptyanswer,emptyanswer
3TFJJUELSGO30ODG1LO7RQOXIG9C28,3F6KKYWMNB0CHM5HD2M4S35Z7N4NDX,A3I10J1GPDAPQR,Approved,Thu Mar 05 08:13:23 EST 2015,Thu Mar 05 08:15:02 EST 2015,Bid Expressiveness,Clearing Algorithms,Multiattribute Double Auctions,computational problem,formal semantic framework,emptyanswer,emptyanswer,emptyanswer,emptyanswer,emptyanswer,emptyanswer,emptyanswer,emptyanswer,emptyanswer,emptyanswer,emptyanswer
3TFJJUELSGO30ODG1LO7RQOXIG9C28,3MX2NQ3YC9TMP34S02RUST85WKO5XZ,A1QUDNLO95AKS5,Approved,Thu Mar 05 11:39:34 EST 2015,Thu Mar 05 11:40:09 EST 2015,Bid Expressiveness,Multiattribute Double Auctions,Clearing Algorithms,solution techniques,algorithms,emptyanswer,emptyanswer,emptyanswer,emptyanswer,emptyanswer,emptyanswer,emptyanswer,emptyanswer,emptyanswer,emptyanswer,emptyanswer
3TFJJUELSGO30ODG1LO7RQOXIG9C28,3Z9WI9EOZZNSLWPG2LDERW3T5LRHKW,ADUJUZANFOWKW,Approved,Thu Mar 05 16:32:39 EST 2015,Thu Mar 05 16:33:08 EST 2015,algorithms,autions,bidder,trade,allocation,emptyanswer,emptyanswer,emptyanswer,emptyanswer,emptyanswer,emptyanswer,emptyanswer,emptyanswer,emptyanswer,emptyanswer,emptyanswer
3TFJJUELSGO30ODG1LO7RQOXIG9C28,3X4JMASXCM8GHTFQY0T0M1LMWBU0B9,A3DHYTZ1GPN0T8,Approved,Thu Mar 05 21:29:14 EST 2015,Thu Mar 05 21:29:43 EST 2015,investigate,two-sided multiattribute auctions,semantic,distinguish,computational,emptyanswer,emptyanswer,emptyanswer,emptyanswer,emptyanswer,emptyanswer,emptyanswer,emptyanswer,emptyanswer,emptyanswer,emptyanswer
3TFJJUELSGO30ODG1LO7RQOXIG9C28,35LDD5557A3EDAQRTITRJ1BPM90KMM,A156E6TWVB7GP7,Approved,Fri Mar 06 00:14:07 EST 2015,Fri Mar 06 00:14:51 EST 2015,multiattribute,auctions,Network flow models,computational complexity,distinguish,emptyanswer,emptyanswer,emptyanswer,emptyanswer,emptyanswer,emptyanswer,emptyanswer,emptyanswer,emptyanswer,emptyanswer,emptyanswer
3TFJJUELSGO30ODG1LO7RQOXIG9C28,3IAS3U3I0FFND3I4DNXE5PE1TB32BO,AQXSUU4I4DAH8,Approved,Fri Mar 06 04:09:06 EST 2015,Fri Mar 06 04:09:49 EST 2015,bilateral matching problem,Multiattribute Double Auctions,Bid Expressiveness and Clearing Algorithms,computing global allocations,problem classes for proposed solution techniques,emptyanswer,emptyanswer,emptyanswer,emptyanswer,emptyanswer,emptyanswer,emptyanswer,emptyanswer,emptyanswer,emptyanswer,emptyanswer
3TFJJUELSGO30ODG1LO7RQOXIG9C28,3OONKJ5DKCI1KA790LVBC2H4UHYBO4,A2KELEVTA0306Y,Approved,Fri Mar 06 08:01:09 EST 2015,Fri Mar 06 08:03:11 EST 2015,investigate,space,multiattribute,auctions,focusing,relationship,constraints,express,solution,algorithms,Experimental,Network,pairwise,complexity,theory,distinguish
3TFJJUELSGO30ODG1LO7RQOXIG9C28,3Z7VU45IPYGC6G3O0XD3MOBZSA31Z8,A28IXE702NXWKQ,Approved,Fri Mar 06 12:13:11 EST 2015,Fri Mar 06 12:14:00 EST 2015,investigate,focusing,two-sided,Experimental trials,global allocations,emptyanswer,emptyanswer,emptyanswer,emptyanswer,emptyanswer,emptyanswer,emptyanswer,emptyanswer,emptyanswer,emptyanswer,emptyanswer
3TFJJUELSGO30ODG1LO7RQOXIG9C28,32RIADZISS3WX3ETSN2XOTLZHHL4SV,APEB5ERGCYP6D,Approved,Sat Mar 07 07:15:28 EST 2015,Sat Mar 07 08:01:15 EST 2015,the space of two-sided multiattribute auctions,focusing on the relationship between constraints,on the offers traders can express through bids,Experimental trials help distinguish tractable problem,tractable problem classes for proposed solution techniques,emptyanswer,emptyanswer,emptyanswer,emptyanswer,emptyanswer,emptyanswer,emptyanswer,emptyanswer,emptyanswer,emptyanswer,emptyanswer
3TFJJUELSGO30ODG1LO7RQOXIG9C28,32M8BPYGATLNF54HICAKTGCFYO7IGJ,A37WDQ1VG5XN6Z,Approved,Sat Mar 07 13:37:19 EST 2015,Sat Mar 07 13:37:49 EST 2015,nothing,nothing,nothing,nothing,nothing,emptyanswer,emptyanswer,emptyanswer,emptyanswer,emptyanswer,emptyanswer,emptyanswer,emptyanswer,emptyanswer,emptyanswer,emptyanswer
3TFJJUELSGO30ODG1LO7RQOXIG9C28,33F859I566CRSTLMW80LSTK3IY0BH2,A2YW509B0UMSEH,Approved,Sat Mar 07 13:59:45 EST 2015,Sat Mar 07 14:00:52 EST 2015,Bid,traders,Clearing Algorithm,Double Auction,relationship,emptyanswer,emptyanswer,emptyanswer,emptyanswer,emptyanswer,emptyanswer,emptyanswer,emptyanswer,emptyanswer,emptyanswer,emptyanswer
3TFJJUELSGO30ODG1LO7RQOXIG9C28,3VNXK88KKCHDM1193D3TGOGM2FYV9W,A38IE69ORDCEGY,Approved,Sun Mar 08 14:22:47 EDT 2015,Sun Mar 08 14:23:52 EDT 2015,multiattribute double auctions,bid expressiveness,clearing algorithms,trade optimiztion,bilateral trade matching,emptyanswer,emptyanswer,emptyanswer,emptyanswer,emptyanswer,emptyanswer,emptyanswer,emptyanswer,emptyanswer,emptyanswer,emptyanswer
3TFJJUELSGO30ODG1LO7RQOXIG9C28,3FK0YFF9PZFBJ8EC6E8P865JT7HVVC,A3G4SXD4N30C3L,Approved,Sun Mar 08 14:31:57 EDT 2015,Sun Mar 08 14:32:41 EDT 2015,Bid Expressiveness a,Clearing Algorithms,Multiattribute Double Auctions,two-sided multiattribute auctions,multiattribute utility theory,computing global allocations,emptyanswer,emptyanswer,emptyanswer,emptyanswer,emptyanswer,emptyanswer,emptyanswer,emptyanswer,emptyanswer,emptyanswer
3TFJJUELSGO30ODG1LO7RQOXIG9C28,3I7DHKZYGNZ5PHD708L8MM8YSPWF56,A2EEL9YYUHL5SK,Approved,Sun Mar 08 17:19:05 EDT 2015,Sun Mar 08 17:19:50 EDT 2015,Bid Expressiveness,Clearing Algorithms,Multiattribute Double Auctions,the space of two-sided multiattribute auctions,"the relationship between constraints on the offers traders can express through bids, and the resulting computational problem of determining an optimal set of trades.",emptyanswer,emptyanswer,emptyanswer,emptyanswer,emptyanswer,emptyanswer,emptyanswer,emptyanswer,emptyanswer,emptyanswer,emptyanswer
3TFJJUELSGO30ODG1LO7RQOXIG9C28,3F1567XTNW4LHT5SHE9JA1HELNO9QL,A156NFBMKKLDL9,Approved,Sun Mar 08 17:21:03 EDT 2015,Sun Mar 08 17:21:34 EDT 2015,Bid Expressiveness,Clearing Algorithms,Multiattribute Double Auctions,constraints on the offers traders,computational problem,emptyanswer,emptyanswer,emptyanswer,emptyanswer,emptyanswer,emptyanswer,emptyanswer,emptyanswer,emptyanswer,emptyanswer,emptyanswer
3TFJJUELSGO30ODG1LO7RQOXIG9C28,39KFRKBFINUXXI0KAD9VKDF5FVROYH,A2GBY8O6GYSB89,Approved,Sun Mar 08 18:20:26 EDT 2015,Sun Mar 08 18:21:42 EDT 2015,Bid Expressiveness,Clearing Algorithms,Multiattribute Double Auctions,semantic framework,computational complexity,emptyanswer,emptyanswer,emptyanswer,emptyanswer,emptyanswer,emptyanswer,emptyanswer,emptyanswer,emptyanswer,emptyanswer,emptyanswer
3TFJJUELSGO30ODG1LO7RQOXIG9C28,3OB0CAO74HON51EX60E504I43AMHYX,A2SZAM3EZER2PH,Approved,Mon Mar 09 06:08:24 EDT 2015,Mon Mar 09 06:09:10 EDT 2015,investigate the space,multiattribute auctions,characterizing expressible,consideration relevant,distinguish tractable,emptyanswer,emptyanswer,emptyanswer,emptyanswer,emptyanswer,emptyanswer,emptyanswer,emptyanswer,emptyanswer,emptyanswer,emptyanswer
3TFJJUELSGO30ODG1LO7RQOXIG9C28,3B837J3LDOV3Y9GR3ZYAWMW99ZERSI,A3UY2GVCKC8LSL,Approved,Mon Mar 09 17:41:35 EDT 2015,Mon Mar 09 17:42:15 EDT 2015,Bid Expressiveness,Clearing Algorithm,Multiattribute Double Auction,multiattribute utility theory,pairwise trades,emptyanswer,emptyanswer,emptyanswer,emptyanswer,emptyanswer,emptyanswer,emptyanswer,emptyanswer,emptyanswer,emptyanswer,emptyanswer
3TFJJUELSGO30ODG1LO7RQOXIG9C28,3EQHHY4HQSRB3H92BSRQ478AT6VG59,ACYGMRGAZ22U7,Approved,Mon Mar 09 18:06:41 EDT 2015,Mon Mar 09 18:06:48 EDT 2015,Keyword/Keyphrase 1:,Keyword/Keyphrase 1:,Keyword/Keyphrase 1:,Keyword/Keyphrase 1:,Keyword/Keyphrase 1:,emptyanswer,emptyanswer,emptyanswer,emptyanswer,emptyanswer,emptyanswer,emptyanswer,emptyanswer,emptyanswer,emptyanswer,emptyanswer
3TFJJUELSGO30ODG1LO7RQOXIG9C28,36DSNE9QZ5X72T5LOD8SAQ0H2V9OJM,AW36CVMS3526O,Approved,Tue Mar 10 12:04:19 EDT 2015,Tue Mar 10 12:06:01 EDT 2015,Multiattribute,constraints,framework,computational,techniques,emptyanswer,emptyanswer,emptyanswer,emptyanswer,emptyanswer,emptyanswer,emptyanswer,emptyanswer,emptyanswer,emptyanswer,emptyanswer
3TFJJUELSGO30ODG1LO7RQOXIG9C28,3M81GAB8A0I45MKPFYNF17C49RQBQ4,A1JWEYGDFDB100,Approved,Tue Mar 10 15:01:46 EDT 2015,Tue Mar 10 15:03:26 EDT 2015,Bid Expressiveness,Clearing Algorithms,Multiattribute Double Auctions,optimal set of trades,computing global allocations,emptyanswer,emptyanswer,emptyanswer,emptyanswer,emptyanswer,emptyanswer,emptyanswer,emptyanswer,emptyanswer,emptyanswer,emptyanswer
3TFJJUELSGO30ODG1LO7RQOXIG9C28,37C0GNLMHF24A1ZPEL0NQSJDCCMD6E,A3K6BSW10S4YKJ,Approved,Wed Mar 11 00:55:31 EDT 2015,Wed Mar 11 00:58:35 EDT 2015,two-sided multiattribute auctions,relationship between constraints on the offers,computational problem of determining an optimal set of trades,a formal semantic framework for characterizing expressible offers,bilateral matching problem,emptyanswer,emptyanswer,emptyanswer,emptyanswer,emptyanswer,emptyanswer,emptyanswer,emptyanswer,emptyanswer,emptyanswer,emptyanswer
3TFJJUELSGO30ODG1LO7RQOXIG9C28,3WQ3B2KGE8FGOI08UJX0064W1G41B7,ATRHDYWCIYTDJ,Approved,Wed Mar 11 04:38:35 EDT 2015,Wed Mar 11 04:38:47 EDT 2015,space,focusing,combinations,developing,problem,emptyanswer,emptyanswer,emptyanswer,emptyanswer,emptyanswer,emptyanswer,emptyanswer,emptyanswer,emptyanswer,emptyanswer,emptyanswer
3TFJJUELSGO30ODG1LO7RQOXIG9C28,3VA45EW49NM07CPHYO2M6Q4V8GU1OK,A3CMDYA9USA3MR,Approved,Wed Mar 11 07:59:24 EDT 2015,Wed Mar 11 07:59:38 EDT 2015,multiattribute,relationship,constraints,developing,Experimental,emptyanswer,emptyanswer,emptyanswer,emptyanswer,emptyanswer,emptyanswer,emptyanswer,emptyanswer,emptyanswer,emptyanswer,emptyanswer
3TFJJUELSGO30ODG1LO7RQOXIG9C28,3A9AA95ATWLHGU21EBHDYGM2U18P5K,A2E2IQ99W6B7AV,Approved,Wed Mar 11 15:10:14 EDT 2015,Wed Mar 11 15:11:34 EDT 2015,Attributed double auctions,Semantic framework,Expressible offers,Allocation problems,Network flow modeling,emptyanswer,emptyanswer,emptyanswer,emptyanswer,emptyanswer,emptyanswer,emptyanswer,emptyanswer,emptyanswer,emptyanswer,emptyanswer
3TFJJUELSGO30ODG1LO7RQOXIG9C28,39U1BHVTDLQCU784H924OTPF58HT3I,A2SDTL2V8VJ25O,Approved,Wed Mar 11 20:48:01 EDT 2015,Wed Mar 11 20:48:42 EDT 2015,Expressiveness,Clearing,Algorithms,Multiattribute,relationship,emptyanswer,emptyanswer,emptyanswer,emptyanswer,emptyanswer,emptyanswer,emptyanswer,emptyanswer,emptyanswer,emptyanswer,emptyanswer
3TFJJUELSGO30ODG1LO7RQOXIG9C28,3PXX5PX6LXXCI6D8Q2QTB7XZ6CAAB9,A2KS418T8MPLJH,Approved,Thu Mar 12 11:31:34 EDT 2015,Thu Mar 12 11:32:54 EDT 2015,Bid Expressiveness and Clearing Algorithms,Clearing Algorithms in Multiattribute Double Auctions,"We investigate the space of two-sided multiattribute auctions, focusing on the relationship between constraints on the offers traders can express through bids",We analyze the bilateral matching problem while taking into consideration relevant results from multiattribute utility theory,Experimental trials help distinguish tractable problem classes for proposed solution techniques.,emptyanswer,emptyanswer,emptyanswer,emptyanswer,emptyanswer,emptyanswer,emptyanswer,emptyanswer,emptyanswer,emptyanswer,emptyanswer
3TFJJUELSGO30ODG1LO7RQOXIG9C28,36V4Q8R5ZKZ0ODOM6NDOFNNYMT3MQK,AU3WQKISBW5MZ,Approved,Thu Mar 12 13:30:32 EDT 2015,Thu Mar 12 13:31:31 EDT 2015,"We investigate the space of two-sided multiattribute auctions, focusing on the relationship between","constraints on the offers traders can express through bids, and the resulting computational problem of determining an optimal set of trades.",We develop a formal semantic framework for characterizing expressible offers,conditions under which the allocation problem can be separated into first identifying optimal pairwise trades and subsequently optimizing combinations of those trades.,We analyze the bilateral matching problem while taking into consideration relevant results from multiattribute utility theory,emptyanswer,emptyanswer,emptyanswer,emptyanswer,emptyanswer,emptyanswer,emptyanswer,emptyanswer,emptyanswer,emptyanswer,emptyanswer
3TFJJUELSGO30ODG1LO7RQOXIG9C28,3IQ1VMJRYTJTUDYBSICXK129ICB9A2,AM1HY736BY3Z8,Approved,Thu Mar 12 13:55:44 EDT 2015,Thu Mar 12 13:56:59 EDT 2015,Bid Expressiveness and Clearing Algorithms in Multiattribute Double Auctions,"We investigate the space of two-sided multiattribute auctions, focusing on the relationship between constraints on the offers traders can express through bids, and the resulting computational problem of determining an optimal set of trades.",We develop a formal semantic framework for characterizing expressible offers,"Network flow models we develop for computing global allocations facilitate classification of the problem space by computational complexity,",Experimental trials help distinguish tractable problem classes for proposed solution techniques.,emptyanswer,emptyanswer,emptyanswer,emptyanswer,emptyanswer,emptyanswer,emptyanswer,emptyanswer,emptyanswer,emptyanswer,emptyanswer
3TFJJUELSGO30ODG1LO7RQOXIG9C28,3NAPMVF0ZWE0BRFE06LY0NS5BZZ72N,ADVZAZ12Z8N9J,Approved,Thu Mar 12 15:59:19 EDT 2015,Thu Mar 12 16:02:01 EDT 2015,"We investigate the space of two-sided multiattribute auctions, focusing on the relationship between constraints on the offers traders can express through bids, and the resulting computational problem of determining an optimal set of trades.",N/A,N/A,N/A,N/A,emptyanswer,emptyanswer,emptyanswer,emptyanswer,emptyanswer,emptyanswer,emptyanswer,emptyanswer,emptyanswer,emptyanswer,emptyanswer
3TFJJUELSGO30ODG1LO7RQOXIG9C28,3E337GFOL97FT6F8FSNCYO8WLXBGNS,AL9R6CILUG30X,Approved,Thu Mar 12 16:43:17 EDT 2015,Thu Mar 12 16:47:40 EDT 2015,Multiattribute Double Auctions,Bid Expressiveness,semantic framework,bilateral matching problem,multiattribute utility theory,Network flow models,computational complexity,emptyanswer,emptyanswer,emptyanswer,emptyanswer,emptyanswer,emptyanswer,emptyanswer,emptyanswer,emptyanswer
3TFJJUELSGO30ODG1LO7RQOXIG9C28,352YTHGROVC77U0DHTQYKFEX9HR4HK,A1A9GCQVBEMT58,Approved,Fri Mar 13 08:32:50 EDT 2015,Fri Mar 13 08:37:01 EDT 2015,multiattribute auctions,relationship between constraints,determining an optimal set,formal semantic framework,characterizing expressible offers,optimal pairwise trades,optimizing combinations,bilateral matching problem,multiattribute utility theory,computational complexity,tractable problem classes,emptyanswer,emptyanswer,emptyanswer,emptyanswer,emptyanswer
3TFJJUELSGO30ODG1LO7RQOXIG9C28,3JBT3HLQF81FN8MQLZOTNKTXW4IPZ2,A3DTN2OMF6DUSI,Approved,Fri Mar 13 23:14:08 EDT 2015,Fri Mar 13 23:14:25 EDT 2015,develop,analyze,relationship,problem,techniques,emptyanswer,emptyanswer,emptyanswer,emptyanswer,emptyanswer,emptyanswer,emptyanswer,emptyanswer,emptyanswer,emptyanswer,emptyanswer
3TFJJUELSGO30ODG1LO7RQOXIG9C28,3BV8HQ2ZZW06CUWDUB9L0RB7SGK6AF,A610SH5RY1NG1,Approved,Sat Mar 14 07:06:30 EDT 2015,Sat Mar 14 07:06:45 EDT 2015,Bid,Expressiveness,Algorithms,Multiattribute,Double Auctions,emptyanswer,emptyanswer,emptyanswer,emptyanswer,emptyanswer,emptyanswer,emptyanswer,emptyanswer,emptyanswer,emptyanswer,emptyanswer
3TFJJUELSGO30ODG1LO7RQOXIG9C28,3AMYWKA6YBLVEYQE4UE31MVCHX46OU,A2Z9HR2IBD75R9,Approved,Sat Mar 14 09:43:42 EDT 2015,Sat Mar 14 09:44:01 EDT 2015,Bid,Algorithms,Auctions,relationship,problem,emptyanswer,emptyanswer,emptyanswer,emptyanswer,emptyanswer,emptyanswer,emptyanswer,emptyanswer,emptyanswer,emptyanswer,emptyanswer
3TFJJUELSGO30ODG1LO7RQOXIG9C28,36ZN444YTRXB7ILF6VNSYPLHQPMOIV,A2UNRV6PEOEXG0,Approved,Sat Mar 14 13:52:09 EDT 2015,Sat Mar 14 13:52:48 EDT 2015,Bid expressiveness,clearing algorithms,double auctions,classification,formal semantic framework,emptyanswer,emptyanswer,emptyanswer,emptyanswer,emptyanswer,emptyanswer,emptyanswer,emptyanswer,emptyanswer,emptyanswer,emptyanswer
3TFJJUELSGO30ODG1LO7RQOXIG9C28,3E47SOBEYQVAYTOCGQE13PR01BACIT,A3HEJEVDXYX2K9,Approved,Sat Mar 14 16:00:27 EDT 2015,Sat Mar 14 16:01:52 EDT 2015,Clearing Algorithms,Multiattribute Double Auctions,Bid Expressiveness,semantic framework,Network flow models,emptyanswer,emptyanswer,emptyanswer,emptyanswer,emptyanswer,emptyanswer,emptyanswer,emptyanswer,emptyanswer,emptyanswer,emptyanswer
3TFJJUELSGO30ODG1LO7RQOXIG9C28,3PH3VY7DJLW57HJRXL2OFE1TP4VWZK,AH3ER3EJXHRO2,Approved,Sat Mar 14 16:39:23 EDT 2015,Sat Mar 14 16:40:07 EDT 2015,bid expressiveness,clearing algorithms,multiattribute double auctions,semantic framework,computational complexity,emptyanswer,emptyanswer,emptyanswer,emptyanswer,emptyanswer,emptyanswer,emptyanswer,emptyanswer,emptyanswer,emptyanswer,emptyanswer
3TFJJUELSGO30ODG1LO7RQOXIG9C28,35K3O9HUABC5L060B9EBQGEB6V3FE6,A1GK9ZI7T30X9Z,Approved,Sat Mar 14 19:10:19 EDT 2015,Sat Mar 14 19:11:46 EDT 2015,Bid Expressiveness,Clearing Algorithms,Multiattribute Double Auctions,bids,trades,semantic framework,bilateral matching,multiattribute utility theory,Network flow models,emptyanswer,emptyanswer,emptyanswer,emptyanswer,emptyanswer,emptyanswer,emptyanswer
3TFJJUELSGO30ODG1LO7RQOXIG9C28,34FNN24DCM8BP8U25YDWB7FEZEXY5Q,A3LV5FJGIHFQ94,Approved,Sat Mar 14 20:09:50 EDT 2015,Sat Mar 14 20:11:29 EDT 2015,multiattribute,auctions,computation,trades,matching,network,algorithms,emptyanswer,emptyanswer,emptyanswer,emptyanswer,emptyanswer,emptyanswer,emptyanswer,emptyanswer,emptyanswer
3TFJJUELSGO30ODG1LO7RQOXIG9C28,38SKSKU7R1W31XIIT37068HNVKXLIR,ATOMPVWZKAE0E,Approved,Sat Mar 14 19:41:35 EDT 2015,Sat Mar 14 20:13:26 EDT 2015,multiattribute double auction,optimal pairwise trade,formal semantic framework,Bid Expressiveness,bilateral matching,multiattribute utility theory,Network flow model,global allocation computing,computational complexity,emptyanswer,emptyanswer,emptyanswer,emptyanswer,emptyanswer,emptyanswer,emptyanswer
3TFJJUELSGO30ODG1LO7RQOXIG9C28,3BV8HQ2ZZW06CUWDUB9L0RB7SI66A5,A17JEL4FN1B9TB,Approved,Sat Mar 14 20:20:56 EDT 2015,Sat Mar 14 20:21:47 EDT 2015,Bid,Expressiveness,Clearing,Algorithms,Multiattribute,Double,Auctions,emptyanswer,emptyanswer,emptyanswer,emptyanswer,emptyanswer,emptyanswer,emptyanswer,emptyanswer,emptyanswer
3TFJJUELSGO30ODG1LO7RQOXIG9C28,3XXU1SWE8MUBYJAYSMT4RQ1GFFPA0D,ACVJ6IUO9QM4R,Approved,Sat Mar 14 20:52:04 EDT 2015,Sat Mar 14 20:52:47 EDT 2015,optimal set of trades,problem space by computational complexity,multiattribute auctions,online trading,online bidding and online auctions,emptyanswer,emptyanswer,emptyanswer,emptyanswer,emptyanswer,emptyanswer,emptyanswer,emptyanswer,emptyanswer,emptyanswer,emptyanswer
3TFJJUELSGO30ODG1LO7RQOXIG9C28,3KIBXJ1WD5T2DDB36Y84B50UIUXOKU,A1G94QON7A9K0N,Approved,Sat Mar 14 20:44:14 EDT 2015,Sat Mar 14 20:56:06 EDT 2015,bid,auction,trades,matching,utility,emptyanswer,emptyanswer,emptyanswer,emptyanswer,emptyanswer,emptyanswer,emptyanswer,emptyanswer,emptyanswer,emptyanswer,emptyanswer
3TFJJUELSGO30ODG1LO7RQOXIG9C28,3UJ1CZ6IZHOETMIT6SL7TLRDIT65SO,A29ZV4XJB7R1O,Approved,Sat Mar 14 20:47:33 EDT 2015,Sat Mar 14 21:01:30 EDT 2015,Bid,Expressiveness,Clearing,Algorithms,Multiattribute,emptyanswer,emptyanswer,emptyanswer,emptyanswer,emptyanswer,emptyanswer,emptyanswer,emptyanswer,emptyanswer,emptyanswer,emptyanswer
3TFJJUELSGO30ODG1LO7RQOXIG9C28,3X08E93BHVH5PSKA4YS9KM9LWZN66M,A2TM0CPAMAO45B,Approved,Sat Mar 14 21:10:31 EDT 2015,Sat Mar 14 21:11:26 EDT 2015,Multiattribute Double Auctions,Bid Expressiveness,Clearing Algorithms,auction constraints,network flow models,emptyanswer,emptyanswer,emptyanswer,emptyanswer,emptyanswer,emptyanswer,emptyanswer,emptyanswer,emptyanswer,emptyanswer,emptyanswer
3TFJJUELSGO30ODG1LO7RQOXIG9C28,3WQ3B2KGE8FGOI08UJX0064W2PLB1H,A9VLWY4KW6OCB,Approved,Sat Mar 14 21:57:48 EDT 2015,Sat Mar 14 22:12:52 EDT 2015,Expressiveness,Clearing,Algorithms,Multiattribute,Auctions,emptyanswer,emptyanswer,emptyanswer,emptyanswer,emptyanswer,emptyanswer,emptyanswer,emptyanswer,emptyanswer,emptyanswer,emptyanswer
3TFJJUELSGO30ODG1LO7RQOXIG9C28,3EICBYG644V6T48IY8Z1FQ60ERNCJV,AWFQ7OX0UPSM5,Approved,Sat Mar 14 23:10:24 EDT 2015,Sat Mar 14 23:11:27 EDT 2015,Bid Expressiveness,Clearing Algorithms,Multiattribute Double Auctions,computational problem of determining an optimal set of trades,formal semantic framework,emptyanswer,emptyanswer,emptyanswer,emptyanswer,emptyanswer,emptyanswer,emptyanswer,emptyanswer,emptyanswer,emptyanswer,emptyanswer
3TFJJUELSGO30ODG1LO7RQOXIG9C28,33IZTU6J810NV523CY42L4IXBSQSXV,A389JBZP3NGJUF,Approved,Sun Mar 15 00:27:53 EDT 2015,Sun Mar 15 00:30:11 EDT 2015,We investigate the space of two-sided multiattribute auctions,"We focus on the relationship between constraints on the offers traders can express through bids, and the resulting computational problem of determining an optimal set of trades",We analyze the bilateral matching problem while taking into consideration relevant results from multiattribute utility theory,"Network flow models we develop for computing global allocations facilitate classification of the problem space by computational complexity, and provide guidance for developing solution algorithms",Experimental trials help distinguish tractable problem classes for proposed solution techniques,emptyanswer,emptyanswer,emptyanswer,emptyanswer,emptyanswer,emptyanswer,emptyanswer,emptyanswer,emptyanswer,emptyanswer,emptyanswer
