HitId,AssignmentId,WorkerId,Status,AcceptTime,SubmitTime,Answer 1,Answer 2,Answer 3,Answer 4,Answer 5,Answer 6,Answer 7,Answer 8,Answer 9,Answer 10,Answer 11,Answer 12,Answer 13,Answer 14,Answer 15,Answer 16
3TTPFEFXCSJIZX7XAFEBSU2PBDG6HS,304SM51WA33GI2Z272CKW7R5RVQBS4,A22R7DT2XQIKXV,Approved,Mon Mar 02 15:08:46 EST 2015,Mon Mar 02 15:08:51 EST 2015,aa,aa,aa,aa,aa,emptyanswer,emptyanswer,emptyanswer,emptyanswer,emptyanswer,emptyanswer,emptyanswer,emptyanswer,emptyanswer,emptyanswer,emptyanswer
3TTPFEFXCSJIZX7XAFEBSU2PBDG6HS,3DBQWDE4Y6XHD9QOYW4LURH7U01N58,A3ODG942FG22PJ,Approved,Mon Mar 02 17:44:07 EST 2015,Mon Mar 02 17:44:37 EST 2015,Efficient,Heuristic,Security,Adversaries,ASAP,na,na,na,na,na,na,na,na,na,na,na
3TTPFEFXCSJIZX7XAFEBSU2PBDG6HS,3I0BTBYZAXKCU1818S7KUCJNHC9Y03,A26M2B8NZVKWTZ,Approved,Mon Mar 02 21:58:45 EST 2015,Mon Mar 02 22:05:28 EST 2015,Efficient,Adversaries,domains,results,Security,emptyanswer,emptyanswer,emptyanswer,emptyanswer,emptyanswer,emptyanswer,emptyanswer,emptyanswer,emptyanswer,emptyanswer,emptyanswer
3TTPFEFXCSJIZX7XAFEBSU2PBDG6HS,3UWN2HHPUY4IJBOZASHTN2RZ8KQNSR,A2R085B34P2LYS,Approved,Mon Mar 02 22:38:45 EST 2015,Mon Mar 02 22:45:11 EST 2015,Efficient,Heuristic,Approach,Security,Against,optional,optional,optional,optional,optional,optional,optional,optional,optional,optional,optional
3TTPFEFXCSJIZX7XAFEBSU2PBDG6HS,3QAPZX2QN4CMTGFUF70PL8II2YZ02B,A1B5NXRZQYRC4R,Approved,Tue Mar 03 06:39:41 EST 2015,Tue Mar 03 06:42:42 EST 2015,Efficient,Heuristic,Approach,Security,Multiple Adversaries,emptyanswer,emptyanswer,emptyanswer,emptyanswer,emptyanswer,emptyanswer,emptyanswer,emptyanswer,emptyanswer,emptyanswer,emptyanswer
3TTPFEFXCSJIZX7XAFEBSU2PBDG6HS,3TOK3KHVJTHEIY4JN4JV70V8BH97OW,A27I79P03I0ZPO,Approved,Tue Mar 03 09:38:16 EST 2015,Tue Mar 03 09:39:30 EST 2015,Efficient,Heuristic,Adversaries,Multiple,significant,emptyanswer,emptyanswer,emptyanswer,emptyanswer,emptyanswer,emptyanswer,emptyanswer,emptyanswer,emptyanswer,emptyanswer,emptyanswer
3TTPFEFXCSJIZX7XAFEBSU2PBDG6HS,3TE3O857307ATAZT9KJ454J5BO82RL,A3S81UFDOWF2ST,Approved,Tue Mar 03 10:08:05 EST 2015,Tue Mar 03 10:10:49 EST 2015,Adversarial multiagent domains,Security,Optimal strategy,Feasible strategies that exploit the natural first-mover advantage,Mixed Integer Linear Program,ASAP,emptyanswer,emptyanswer,emptyanswer,emptyanswer,emptyanswer,emptyanswer,emptyanswer,emptyanswer,emptyanswer,emptyanswer
3TTPFEFXCSJIZX7XAFEBSU2PBDG6HS,3LRKMWOKB5GJV1LKJ1DHR7L4K582ZV,A3FG9YWTFFK1AU,Approved,Tue Mar 03 16:40:01 EST 2015,Tue Mar 03 16:55:03 EST 2015,Efficient Heuristic Approach,Security,Multiple Adversaries,domains,ASAP,heuristic,Mixed Integer Linear Program (MILP),emptyanswer,emptyanswer,emptyanswer,emptyanswer,emptyanswer,emptyanswer,emptyanswer,emptyanswer,emptyanswer
3TTPFEFXCSJIZX7XAFEBSU2PBDG6HS,3VSOLARPKB8TASZQJ3XNXTO3BIQ392,A5OBJUPZLVOKG,Approved,Wed Mar 04 04:44:37 EST 2015,Wed Mar 04 04:49:17 EST 2015,adversarial multiagent domains,Security,multiagent security domains,ASAP,strategy,emptyanswer,emptyanswer,emptyanswer,emptyanswer,emptyanswer,emptyanswer,emptyanswer,emptyanswer,emptyanswer,emptyanswer,emptyanswer
3TTPFEFXCSJIZX7XAFEBSU2PBDG6HS,30BXRYBRP4WJGWJXRZWHF7XOSO8HWS,A2YW509B0UMSEH,Approved,Wed Mar 04 09:59:31 EST 2015,Wed Mar 04 10:01:11 EST 2015,Security,threats,Bayesian games,problem,domain,emptyanswer,emptyanswer,emptyanswer,emptyanswer,emptyanswer,emptyanswer,emptyanswer,emptyanswer,emptyanswer,emptyanswer,emptyanswer
3TTPFEFXCSJIZX7XAFEBSU2PBDG6HS,39ASUFLU6X6MLMXLB3KXWNEI9AOEX4,A3FFZN4FO3Q789,Approved,Wed Mar 04 10:36:50 EST 2015,Wed Mar 04 10:41:06 EST 2015,reward,present,along,operates,we,emptyanswer,emptyanswer,emptyanswer,emptyanswer,emptyanswer,emptyanswer,emptyanswer,emptyanswer,emptyanswer,emptyanswer,emptyanswer
3TTPFEFXCSJIZX7XAFEBSU2PBDG6HS,3AUQQEL7U5SVQ7DW3HK0NDFTZY5V0V,A38VMTKS30TQZB,Approved,Wed Mar 04 10:43:00 EST 2015,Wed Mar 04 10:43:48 EST 2015,Security,ASAP,MILP,Threats,Adversaries,emptyanswer,emptyanswer,emptyanswer,emptyanswer,emptyanswer,emptyanswer,emptyanswer,emptyanswer,emptyanswer,emptyanswer,emptyanswer
3TTPFEFXCSJIZX7XAFEBSU2PBDG6HS,3VJ40NV2QIM1GW1Q07MWCWNQ0GETOC,A3H35QRODK1C4K,Approved,Wed Mar 04 12:24:00 EST 2015,Wed Mar 04 12:24:24 EST 2015,efficient,heuristic,approach,security,multiple,emptyanswer,emptyanswer,emptyanswer,emptyanswer,emptyanswer,emptyanswer,emptyanswer,emptyanswer,emptyanswer,emptyanswer,emptyanswer
3TTPFEFXCSJIZX7XAFEBSU2PBDG6HS,3DEL4X4EL6KKRRECB4WR3Q6YRNCYXO,A2F6ZON8X5EAGL,Approved,Wed Mar 04 15:47:32 EST 2015,Wed Mar 04 15:48:02 EST 2015,An Efficient Heuristic Approach for Security Against Multiple Adversaries,domains,issue,previous,experimental,emptyanswer,emptyanswer,emptyanswer,emptyanswer,emptyanswer,emptyanswer,emptyanswer,emptyanswer,emptyanswer,emptyanswer,emptyanswer
3TTPFEFXCSJIZX7XAFEBSU2PBDG6HS,3LEIZ60CDJYUVL6J4ASW1UTIQE29ZK,A3OTLWGJFB65KD,Approved,Wed Mar 04 19:11:49 EST 2015,Wed Mar 04 19:11:56 EST 2015,nothing,nothing,nothing,nothing,nothing,emptyanswer,emptyanswer,emptyanswer,emptyanswer,emptyanswer,emptyanswer,emptyanswer,emptyanswer,emptyanswer,emptyanswer,emptyanswer
3TTPFEFXCSJIZX7XAFEBSU2PBDG6HS,3PH3VY7DJLW57HJRXL2OFE1TOG8WZK,A3LUJSAN4DQ1ZT,Approved,Wed Mar 04 23:07:13 EST 2015,Wed Mar 04 23:07:48 EST 2015,Efficient,Heuristic,multiple adersaries,domains,MILP,ASAP,speedups,emptyanswer,emptyanswer,emptyanswer,emptyanswer,emptyanswer,emptyanswer,emptyanswer,emptyanswer,emptyanswer
3TTPFEFXCSJIZX7XAFEBSU2PBDG6HS,3OWEPKL089BW0D47MPJISBV3LBX7NI,A9LA6QK6VCERR,Approved,Wed Mar 04 23:51:53 EST 2015,Wed Mar 04 23:53:54 EST 2015,Heuristic Approach for Security,Security Against Multiple Adversaries,heuristic  ASAP,Mixed Integer Linear Program (MILP) implementation,NP-hard,Bayes-Nash equilibrium,emptyanswer,emptyanswer,emptyanswer,emptyanswer,emptyanswer,emptyanswer,emptyanswer,emptyanswer,emptyanswer,emptyanswer
3TTPFEFXCSJIZX7XAFEBSU2PBDG6HS,3WJEQKOXA81B58VGO5X45VKQJI7A1D,A3HPVFAF1U9WXK,Approved,Thu Mar 05 01:38:52 EST 2015,Thu Mar 05 01:39:32 EST 2015,Heuristic Approach,Security,adversarial multiagent domains,threats,adversaries,heuristic,emptyanswer,emptyanswer,emptyanswer,emptyanswer,emptyanswer,emptyanswer,emptyanswer,emptyanswer,emptyanswer,emptyanswer
3TTPFEFXCSJIZX7XAFEBSU2PBDG6HS,3YHH42UU5BESU212PDIU04HR824L07,A1YLO4LT02D2F0,Approved,Thu Mar 05 02:42:44 EST 2015,Thu Mar 05 02:43:48 EST 2015,strategy selection to be NP-hard,key advantages to address the problem.,"ASAP searches for the highest-reward strategy,",provide an efficient Mixed Integer Linear Program (MILP),significant speedups and higher rewards,emptyanswer,emptyanswer,emptyanswer,emptyanswer,emptyanswer,emptyanswer,emptyanswer,emptyanswer,emptyanswer,emptyanswer,emptyanswer
3TTPFEFXCSJIZX7XAFEBSU2PBDG6HS,3BF51CHDTV9Q86ICYS3W8COKRMN0H9,A1QUDNLO95AKS5,Approved,Thu Mar 05 08:44:22 EST 2015,Thu Mar 05 08:47:18 EST 2015,Efficient Heuristic Approach,Security Against Multiple Adversaries,unknown adversaries,Mixed Integer Linear Program (MILP),highest-reward strategy,emptyanswer,emptyanswer,emptyanswer,emptyanswer,emptyanswer,emptyanswer,emptyanswer,emptyanswer,emptyanswer,emptyanswer,emptyanswer
3TTPFEFXCSJIZX7XAFEBSU2PBDG6HS,3VZLGYJEYL9KWHOH7QYAHXF0XJQXZS,A3I10J1GPDAPQR,Approved,Thu Mar 05 09:27:36 EST 2015,Thu Mar 05 09:30:24 EST 2015,Efficient Heuristic Approach,Multiple Adversaries,adversarial multiagent domains,Bayesian games,significant speedups,emptyanswer,emptyanswer,emptyanswer,emptyanswer,emptyanswer,emptyanswer,emptyanswer,emptyanswer,emptyanswer,emptyanswer,emptyanswer
3TTPFEFXCSJIZX7XAFEBSU2PBDG6HS,30OG32W0SUAH9SJH9XXOYLNK7ZNENZ,A3DHYTZ1GPN0T8,Approved,Thu Mar 05 13:18:07 EST 2015,Thu Mar 05 13:18:46 EST 2015,adversarial,equilibrium,Mixed Integer Linear Program (MILP),experimental,first-mover advantage of the game,emptyanswer,emptyanswer,emptyanswer,emptyanswer,emptyanswer,emptyanswer,emptyanswer,emptyanswer,emptyanswer,emptyanswer,emptyanswer
3TTPFEFXCSJIZX7XAFEBSU2PBDG6HS,3WQQ9FUS6ATYZIKTT46FFGR4F8I8BE,AQXSUU4I4DAH8,Approved,Thu Mar 05 14:33:21 EST 2015,Thu Mar 05 14:34:52 EST 2015,Efficient Heuristic Approach,intentional threats,Security Against Multiple Adversaries,multiagent security,feasible strategies,emptyanswer,emptyanswer,emptyanswer,emptyanswer,emptyanswer,emptyanswer,emptyanswer,emptyanswer,emptyanswer,emptyanswer,emptyanswer
3TTPFEFXCSJIZX7XAFEBSU2PBDG6HS,3A4NIXBJ76YPXG89EI5SY1O4B7SLM9,A1W7BQWWGKJ3XF,Approved,Thu Mar 05 15:51:02 EST 2015,Thu Mar 05 15:52:05 EST 2015,Heuristic Approach,Efficint,Security,Multiple Adversaries,Mixed Integer Linear Program (MILP),Bayesian game representation,highest-reward strategy,emptyanswer,emptyanswer,emptyanswer,emptyanswer,emptyanswer,emptyanswer,emptyanswer,emptyanswer,emptyanswer
3TTPFEFXCSJIZX7XAFEBSU2PBDG6HS,33L7PJKHCGXYV4EATQX0FAXQLF08TM,ADUJUZANFOWKW,Approved,Thu Mar 05 17:51:03 EST 2015,Thu Mar 05 17:51:35 EST 2015,security,domains,ASAP,search,threats,emptyanswer,emptyanswer,emptyanswer,emptyanswer,emptyanswer,emptyanswer,emptyanswer,emptyanswer,emptyanswer,emptyanswer,emptyanswer
3TTPFEFXCSJIZX7XAFEBSU2PBDG6HS,3TU5ZICBRD0L3OMICM35A5M31CV8QA,A2KELEVTA0306Y,Approved,Fri Mar 06 07:59:25 EST 2015,Fri Mar 06 08:01:09 EST 2015,adversarial,multiagent,domains,security,commonly,ability,intentional,focuses,adversaries,Bayesian,equilibria,experimental,illustrating,speedups,rewards,approaches
3TTPFEFXCSJIZX7XAFEBSU2PBDG6HS,3MD9PLUKKIDFKNAD5KB1JVO2VB6NZ0,A3G4SXD4N30C3L,Approved,Fri Mar 06 12:03:08 EST 2015,Fri Mar 06 12:03:45 EST 2015,Efficient Heuristic Approach,Security Against Multiple Adversaries,adversarial multiagent domains,NP-hard,heuristic called ASAP,Mixed Integer Linear Program (MILP),emptyanswer,emptyanswer,emptyanswer,emptyanswer,emptyanswer,emptyanswer,emptyanswer,emptyanswer,emptyanswer,emptyanswer
3TTPFEFXCSJIZX7XAFEBSU2PBDG6HS,39N5ACM9HEM0HH4DH1UUAWR4GPW9PK,APEB5ERGCYP6D,Approved,Sat Mar 07 08:36:35 EST 2015,Sat Mar 07 08:40:30 EST 2015,ability to deal with intentional threats,paper focuses on domains,work has been done on finding equilibria,illustrating significant speedups and higher rewards,an efficient Mixed Integer Linear Program,emptyanswer,emptyanswer,emptyanswer,emptyanswer,emptyanswer,emptyanswer,emptyanswer,emptyanswer,emptyanswer,emptyanswer,emptyanswer
3TTPFEFXCSJIZX7XAFEBSU2PBDG6HS,3JC6VJ2SABIATQWZPSZG8LX7V7O5AK,A37WDQ1VG5XN6Z,Approved,Sat Mar 07 13:34:18 EST 2015,Sat Mar 07 13:34:27 EST 2015,nothing,nothing,nothing,nothing,nothing,emptyanswer,emptyanswer,emptyanswer,emptyanswer,emptyanswer,emptyanswer,emptyanswer,emptyanswer,emptyanswer,emptyanswer,emptyanswer
3TTPFEFXCSJIZX7XAFEBSU2PBDG6HS,3XUHV3NRVKXP3D4DVY98P7KB82I5HZ,A9HQ3E0F2AGVO,Approved,Sat Mar 07 15:30:06 EST 2015,Sat Mar 07 15:30:50 EST 2015,adversarial multiagent domains,security,unknown adversaries,Bayesian games,Bayes-Nash equilibrium,emptyanswer,emptyanswer,emptyanswer,emptyanswer,emptyanswer,emptyanswer,emptyanswer,emptyanswer,emptyanswer,emptyanswer,emptyanswer
3TTPFEFXCSJIZX7XAFEBSU2PBDG6HS,37C0GNLMHF24A1ZPEL0NQSJDC656DE,A1AWEM2XEAVOVQ,Approved,Sat Mar 07 18:43:55 EST 2015,Sat Mar 07 18:48:12 EST 2015,security,adversarial multiagent domains,adversaries,heuristic called ASAP,Bayesian games,emptyanswer,emptyanswer,emptyanswer,emptyanswer,emptyanswer,emptyanswer,emptyanswer,emptyanswer,emptyanswer,emptyanswer,emptyanswer
3TTPFEFXCSJIZX7XAFEBSU2PBDG6HS,3JAOYWH7VI3AQWPFP91NTFIKBHBL9I,A38IE69ORDCEGY,Approved,Sun Mar 08 00:53:39 EST 2015,Sun Mar 08 00:55:08 EST 2015,security against multiple adversaries,agent threats,unknown adversaries,Bayesian games,reward based on strategy,emptyanswer,emptyanswer,emptyanswer,emptyanswer,emptyanswer,emptyanswer,emptyanswer,emptyanswer,emptyanswer,emptyanswer,emptyanswer
3TTPFEFXCSJIZX7XAFEBSU2PBDG6HS,3WS1NTTKEYB6UAR632FW5RC7BHJF0J,A16MCPIUMNIDW,Approved,Sun Mar 08 16:03:09 EDT 2015,Sun Mar 08 16:04:39 EDT 2015,adversarial multiagent domains,security,multiple,heuristic,ASAP,highest-reward,strategy,Bayesian game representation,Mixed Integer Linear Program,MILP,emptyanswer,emptyanswer,emptyanswer,emptyanswer,emptyanswer,emptyanswer
3TTPFEFXCSJIZX7XAFEBSU2PBDG6HS,32UTUBMZ7GVWAUG61XHP7UBCQF9BVU,A2GBY8O6GYSB89,Approved,Sun Mar 08 19:20:59 EDT 2015,Sun Mar 08 19:21:47 EDT 2015,Efficient Heuristic Approach,Security Against Multiple Adversaries,Mixed Integer Linear Program (MILP),implementation for ASAP,Bayesian game representation,optimal strategy selection,emptyanswer,emptyanswer,emptyanswer,emptyanswer,emptyanswer,emptyanswer,emptyanswer,emptyanswer,emptyanswer,emptyanswer
3TTPFEFXCSJIZX7XAFEBSU2PBDG6HS,3EA3QWIZ4IURKAQN2C9RSZR4OLTITC,A156NFBMKKLDL9,Approved,Sun Mar 08 22:03:21 EDT 2015,Sun Mar 08 22:03:40 EDT 2015,Efficient Heuristic Approach,Security Against Multiple Adversaries,multiagent security domains,heuristic called ASAP,Bayes-Nash equilibrium,emptyanswer,emptyanswer,emptyanswer,emptyanswer,emptyanswer,emptyanswer,emptyanswer,emptyanswer,emptyanswer,emptyanswer,emptyanswer
3TTPFEFXCSJIZX7XAFEBSU2PBDG6HS,3JMSRU9HQITUHXSQBOJF82HXTEUVEQ,A2SZAM3EZER2PH,Approved,Mon Mar 09 06:41:00 EDT 2015,Mon Mar 09 06:41:55 EDT 2015,adversarial multiagent domains,intentional threats,equilibria for such games,Bayes-Nash equilibrium,first-mover,emptyanswer,emptyanswer,emptyanswer,emptyanswer,emptyanswer,emptyanswer,emptyanswer,emptyanswer,emptyanswer,emptyanswer,emptyanswer
3TTPFEFXCSJIZX7XAFEBSU2PBDG6HS,3WRFBPLXRANEZU3KKDGSFUJNGM5N3D,A10443E11ZWEHJ,Approved,Mon Mar 09 07:21:40 EDT 2015,Mon Mar 09 07:45:49 EDT 2015,"adversarial multiagent domains,","security, commonly defined as the ability to deal with intentional threats from other agents,",critical issue,threats come from unknown adversaries,modeled as Bayesian games,much work has been done on finding equilibria for such games,multiagent security domains that one agent can commit to a mixed strategy which its adversaries observe before choosing their own strategy.,"maximize reward by finding an optimal strategy,",without requiring equilibrium,"We provide an efficient Mixed Integer Linear Program (MILP) implementation for ASAP,","strategies which are simple to understand, represent, and implement",natural first-mover advantage of the game,"Second, it provides strategies which are simple to understand, represent, and implement",allowing it to find feasible strategies,"Third,it operates directly on the compact,","Bayesian game representation, without requiring conversion to normal form"
3TTPFEFXCSJIZX7XAFEBSU2PBDG6HS,3R2UR8A0IAF8XDAA5HNT1Z8WDRVXOM,A1PXJWCNRYCBS5,Approved,Mon Mar 09 17:15:01 EDT 2015,Mon Mar 09 17:16:05 EDT 2015,Efficient Heuristic Approach for Security,Multiple adversaries,First mover advantage of the game,Mixed Integer Linear Program,Significant Speedups and higher rewards,emptyanswer,emptyanswer,emptyanswer,emptyanswer,emptyanswer,emptyanswer,emptyanswer,emptyanswer,emptyanswer,emptyanswer,emptyanswer
3TTPFEFXCSJIZX7XAFEBSU2PBDG6HS,3W2LOLRXLBE5AQ3JYQP8505ZS51KRU,ACYGMRGAZ22U7,Approved,Mon Mar 09 17:59:10 EDT 2015,Mon Mar 09 17:59:15 EDT 2015,Keyword/Keyphrase 1:,Keyword/Keyphrase 1:,Keyword/Keyphrase 1:,Keyword/Keyphrase 1:,Keyword/Keyphrase 1:,emptyanswer,emptyanswer,emptyanswer,emptyanswer,emptyanswer,emptyanswer,emptyanswer,emptyanswer,emptyanswer,emptyanswer,emptyanswer
3TTPFEFXCSJIZX7XAFEBSU2PBDG6HS,3Z7ISHFUH0UUHGN9ZIMI1YY76OHZ8E,AW36CVMS3526O,Approved,Tue Mar 10 11:25:36 EDT 2015,Tue Mar 10 11:26:48 EDT 2015,Approach,adversaries,games,strategies,implementation,emptyanswer,emptyanswer,emptyanswer,emptyanswer,emptyanswer,emptyanswer,emptyanswer,emptyanswer,emptyanswer,emptyanswer,emptyanswer
3TTPFEFXCSJIZX7XAFEBSU2PBDG6HS,3S3AMIZX3U4TQI8QOCDQCSBN8YTCD1,A3UY2GVCKC8LSL,Approved,Tue Mar 10 23:21:20 EDT 2015,Tue Mar 10 23:22:16 EDT 2015,ASAP,Heuristic Approach,adversarial multiagent domain,Bayes-Nash,Mixed Integer Linear Program,emptyanswer,emptyanswer,emptyanswer,emptyanswer,emptyanswer,emptyanswer,emptyanswer,emptyanswer,emptyanswer,emptyanswer,emptyanswer
3TTPFEFXCSJIZX7XAFEBSU2PBDG6HS,3I0BTBYZAXKCU1818S7KUCJNHX2Y02,ANB69EQROUTQJ,Approved,Tue Mar 10 23:32:44 EDT 2015,Tue Mar 10 23:33:58 EDT 2015,security,multiple adversaries,multiagent domains,intentional threats,optimal strategy,mixed integer linear progam,emptyanswer,emptyanswer,emptyanswer,emptyanswer,emptyanswer,emptyanswer,emptyanswer,emptyanswer,emptyanswer,emptyanswer
3TTPFEFXCSJIZX7XAFEBSU2PBDG6HS,3TS1AR6UQQDKCLRQO105K6MUJ0VF7Z,ATRHDYWCIYTDJ,Approved,Wed Mar 11 04:23:23 EDT 2015,Wed Mar 11 04:23:37 EDT 2015,domains,commonly,ability,intentional,represent,emptyanswer,emptyanswer,emptyanswer,emptyanswer,emptyanswer,emptyanswer,emptyanswer,emptyanswer,emptyanswer,emptyanswer,emptyanswer
3TTPFEFXCSJIZX7XAFEBSU2PBDG6HS,3Z7EFSHGN9D7OOD7FCE26ZEFOHPCXP,A3CMDYA9USA3MR,Approved,Wed Mar 11 07:31:24 EDT 2015,Wed Mar 11 07:31:59 EDT 2015,security,commonly,ability,intentional,efficient,emptyanswer,emptyanswer,emptyanswer,emptyanswer,emptyanswer,emptyanswer,emptyanswer,emptyanswer,emptyanswer,emptyanswer,emptyanswer
3TTPFEFXCSJIZX7XAFEBSU2PBDG6HS,3KWTYT08702RP9N3MJO6HZDIPRUL55,A3K6BSW10S4YKJ,Approved,Wed Mar 11 08:34:49 EDT 2015,Wed Mar 11 08:36:06 EDT 2015,security,intentional threats,Bayesian games,NP-hard,a heuristic called ASAP,emptyanswer,emptyanswer,emptyanswer,emptyanswer,emptyanswer,emptyanswer,emptyanswer,emptyanswer,emptyanswer,emptyanswer,emptyanswer
3TTPFEFXCSJIZX7XAFEBSU2PBDG6HS,35DR22AR5DJJBOHOMJ31DWALI4J3XP,A1JWEYGDFDB100,Approved,Wed Mar 11 11:23:39 EDT 2015,Wed Mar 11 11:25:03 EDT 2015,Efficient Heuristic Approach,Security Against Multiple Adversaries,adversarial multiagent domains,Mixed Integer Linear Program,Bayes-Nash equilibrium,emptyanswer,emptyanswer,emptyanswer,emptyanswer,emptyanswer,emptyanswer,emptyanswer,emptyanswer,emptyanswer,emptyanswer,emptyanswer
3TTPFEFXCSJIZX7XAFEBSU2PBDG6HS,3LJ7UR74RHCZHQMOKRLBPZBTUQCN4H,A28IXE702NXWKQ,Approved,Wed Mar 11 15:10:09 EDT 2015,Wed Mar 11 15:10:57 EDT 2015,In adversarial multiagent domains,commonly defined as the ability to deal with intentional threats,"other agents, is a critical issue",the agent can maximize reward by finding an optimal strategy,implementation for ASAP,emptyanswer,emptyanswer,emptyanswer,emptyanswer,emptyanswer,emptyanswer,emptyanswer,emptyanswer,emptyanswer,emptyanswer,emptyanswer
3TTPFEFXCSJIZX7XAFEBSU2PBDG6HS,36U2A8VAG1YE7RF5CLH2DWYWVWAKYY,A2KS418T8MPLJH,Approved,Wed Mar 11 16:28:24 EDT 2015,Wed Mar 11 16:29:26 EDT 2015,An Efficient Heuristic Approach for Security Against Multiple Adversaries,"adversarial multiagent domains, security, commonly defined as the ability to deal with intentional threats",paper focuses on domains where these threats come from unknown adversaries,ASAP searches for the highest-reward strategy,Mixed Integer Linear Program (MILP) implementation for ASAP,emptyanswer,emptyanswer,emptyanswer,emptyanswer,emptyanswer,emptyanswer,emptyanswer,emptyanswer,emptyanswer,emptyanswer,emptyanswer
3TTPFEFXCSJIZX7XAFEBSU2PBDG6HS,3HFNH7HEMHD0W3S0VKFT2I31P6CGQO,A2E2IQ99W6B7AV,Approved,Wed Mar 11 16:52:58 EDT 2015,Wed Mar 11 16:54:34 EDT 2015,Domain security,Adversary defense,Game representation,Optimal strategy,Significant speedup,emptyanswer,emptyanswer,emptyanswer,emptyanswer,emptyanswer,emptyanswer,emptyanswer,emptyanswer,emptyanswer,emptyanswer,emptyanswer
3TTPFEFXCSJIZX7XAFEBSU2PBDG6HS,3BF51CHDTV9Q86ICYS3W8COKR220HK,A2SDTL2V8VJ25O,Approved,Wed Mar 11 20:39:11 EDT 2015,Wed Mar 11 20:39:55 EDT 2015,Efficient,Heuristic,Approach,Security,Adversaries,emptyanswer,emptyanswer,emptyanswer,emptyanswer,emptyanswer,emptyanswer,emptyanswer,emptyanswer,emptyanswer,emptyanswer,emptyanswer
3TTPFEFXCSJIZX7XAFEBSU2PBDG6HS,38YMOXR4MUY3J7ZGVG5DIG8YKU26WV,AM1HY736BY3Z8,Approved,Thu Mar 12 11:13:53 EDT 2015,Thu Mar 12 11:16:05 EDT 2015,An Efficient Heuristic Approach for Security Against Multiple Adversaries,"In adversarial multiagent domains, security, commonly defined as the ability to deal with intentional threats from other agents, is a critical issue.",These domains can be modeled as Bayesian games; much work has been done on finding equilibria for such games.,"ASAP searches for the highest-reward strategy, rather than a Bayes-Nash equilibrium, allowing it to find feasible strategies that exploit the natural first-mover advantage of the game","We provide an efficient Mixed Integer Linear Program (MILP) implementation for ASAP,",emptyanswer,emptyanswer,emptyanswer,emptyanswer,emptyanswer,emptyanswer,emptyanswer,emptyanswer,emptyanswer,emptyanswer,emptyanswer
3TTPFEFXCSJIZX7XAFEBSU2PBDG6HS,3X73LLYYQ1DTT2AJZY5UJOKX0WFHNH,ADVZAZ12Z8N9J,Approved,Thu Mar 12 12:29:53 EDT 2015,Thu Mar 12 12:34:35 EDT 2015,"In adversarial multiagent domains, security, commonly defined as the ability to deal with intentional threats from other agents, is a critical issue.",n/a,N/A,N/A,N/A,emptyanswer,emptyanswer,emptyanswer,emptyanswer,emptyanswer,emptyanswer,emptyanswer,emptyanswer,emptyanswer,emptyanswer,emptyanswer
3TTPFEFXCSJIZX7XAFEBSU2PBDG6HS,3AAPLD8UCCGROFF3WUR6SNQPPE3HTK,A3MVLTRGO37TJD,Approved,Thu Mar 12 13:46:29 EDT 2015,Thu Mar 12 13:50:07 EDT 2015,"adversarial multiagent domains deal with intentional threats from other agents, is a critical issue","threats come from unknown adversaries,  domains can be modeled as Bayesian games","the agent can maximize reward by finding an optimal strategy, without requiring equilibrium.","ASAP, with three key advantages to address the problem. First, ASAP searches for the highest-reward strategy, rather than a Bayes-Nash equilibrium, allowing it to find feasible strategies that exploit the natural first-mover advantage of the game.","Second, it provides strategies which are simple to understand, represent, and implement","Third, it operates directly on the compact, Bayesian game representation, without requiring conversion to normal form",efficient Mixed Integer Linear Program (MILP) implementation for ASAP,emptyanswer,emptyanswer,emptyanswer,emptyanswer,emptyanswer,emptyanswer,emptyanswer,emptyanswer,emptyanswer
3TTPFEFXCSJIZX7XAFEBSU2PBDG6HS,3Y54SXRO1LKWT1LNWTY5B2FFJN7UT2,AU3WQKISBW5MZ,Approved,Thu Mar 12 14:36:05 EDT 2015,Thu Mar 12 14:36:32 EDT 2015,"This paper focuses on domains where these threats come from unknown adversaries. These domains can be modeled as Bayesian games; much work has been done on finding equilibria for such games. However, it is often the case in multiagent security domains that one agent can commit to a mixed strategy which its adversaries observe before choosing their own strategies. In this case, the agent can maximize reward by finding an optimal strategy, without requiring equilibrium. Previous work has shown this problem of optimal strategy selection to be NP-hard. Therefore, we present a heuristic called ASAP, with three key advantages to address the problem.","This paper focuses on domains where these threats come from unknown adversaries. These domains can be modeled as Bayesian games; much work has been done on finding equilibria for such games. However, it is often the case in multiagent security domains that one agent can commit to a mixed strategy which its adversaries observe before choosing their own strategies. In this case, the agent can maximize reward by finding an optimal strategy, without requiring equilibrium. Previous work has shown this problem of optimal strategy selection to be NP-hard. Therefore, we present a heuristic called ASAP, with three key advantages to address the problem.","This paper focuses on domains where these threats come from unknown adversaries. These domains can be modeled as Bayesian games; much work has been done on finding equilibria for such games. However, it is often the case in multiagent security domains that one agent can commit to a mixed strategy which its adversaries observe before choosing their own strategies. In this case, the agent can maximize reward by finding an optimal strategy, without requiring equilibrium. Previous work has shown this problem of optimal strategy selection to be NP-hard. Therefore, we present a heuristic called ASAP, with three key advantages to address the problem.","This paper focuses on domains where these threats come from unknown adversaries. These domains can be modeled as Bayesian games; much work has been done on finding equilibria for such games. However, it is often the case in multiagent security domains that one agent can commit to a mixed strategy which its adversaries observe before choosing their own strategies. In this case, the agent can maximize reward by finding an optimal strategy, without requiring equilibrium. Previous work has shown this problem of optimal strategy selection to be NP-hard. Therefore, we present a heuristic called ASAP, with three key advantages to address the problem.","This paper focuses on domains where these threats come from unknown adversaries. These domains can be modeled as Bayesian games; much work has been done on finding equilibria for such games. However, it is often the case in multiagent security domains that one agent can commit to a mixed strategy which its adversaries observe before choosing their own strategies. In this case, the agent can maximize reward by finding an optimal strategy, without requiring equilibrium. Previous work has shown this problem of optimal strategy selection to be NP-hard. Therefore, we present a heuristic called ASAP, with three key advantages to address the problem.",emptyanswer,emptyanswer,emptyanswer,emptyanswer,emptyanswer,emptyanswer,emptyanswer,emptyanswer,emptyanswer,emptyanswer,emptyanswer
3TTPFEFXCSJIZX7XAFEBSU2PBDG6HS,3UNH76FOCS49XFF8XXUIS9Q0L4SMYZ,A1A9GCQVBEMT58,Approved,Fri Mar 13 12:43:55 EDT 2015,Fri Mar 13 12:51:45 EDT 2015,adversarial multiagent domains,intentional threats,unknown adversaries,Bayesian games,maximize reward,NP-hard,highest-reward strategy,Bayes-Nash equilibrium,optimal strategy selection,"understand, represent, and implement",Mixed Integer Linear Program,significant speedups and higher rewards,emptyanswer,emptyanswer,emptyanswer,emptyanswer
3TTPFEFXCSJIZX7XAFEBSU2PBDG6HS,3D3VGR7TA0EZESVCDKX9OEOXIQY3R0,A2UNRV6PEOEXG0,Approved,Fri Mar 13 13:21:37 EDT 2015,Fri Mar 13 13:42:30 EDT 2015,Efficiency,Nash equilibrium,multiagent domains,security,heuristic,emptyanswer,emptyanswer,emptyanswer,emptyanswer,emptyanswer,emptyanswer,emptyanswer,emptyanswer,emptyanswer,emptyanswer,emptyanswer
3TTPFEFXCSJIZX7XAFEBSU2PBDG6HS,3RGU30DZTA7J2QK9BXTFIMBC80NJM6,A13WPY58VH89M5,Approved,Fri Mar 13 15:08:25 EDT 2015,Fri Mar 13 15:09:21 EDT 2015,Heuristic Approach,Security,Multiple Adversaries,multiagent domains,Mixed Integer Linear Program,emptyanswer,emptyanswer,emptyanswer,emptyanswer,emptyanswer,emptyanswer,emptyanswer,emptyanswer,emptyanswer,emptyanswer,emptyanswer
3TTPFEFXCSJIZX7XAFEBSU2PBDG6HS,3UXUOQ9OKEWPGUAIDLED65B3NP4A7E,A3DTN2OMF6DUSI,Approved,Fri Mar 13 23:09:01 EDT 2015,Fri Mar 13 23:09:19 EDT 2015,Efficient,Heuristic,Approach,Approach,speedups,emptyanswer,emptyanswer,emptyanswer,emptyanswer,emptyanswer,emptyanswer,emptyanswer,emptyanswer,emptyanswer,emptyanswer,emptyanswer
3TTPFEFXCSJIZX7XAFEBSU2PBDG6HS,3RKNTXVS3MXSX7SZBNG63TRTWNM4AW,A3A6FIAZ2W81,Approved,Fri Mar 13 23:40:31 EDT 2015,Fri Mar 13 23:42:04 EDT 2015,domain security significance,threats from unknown adversaries,ASAP heuristic,3 key advantages,MILP implementation for ASAP,emptyanswer,emptyanswer,emptyanswer,emptyanswer,emptyanswer,emptyanswer,emptyanswer,emptyanswer,emptyanswer,emptyanswer,emptyanswer
3TTPFEFXCSJIZX7XAFEBSU2PBDG6HS,336YQZE83VDBVR5OMVPLHCS7Q2UM5V,A2JOYXFN8HXXLS,Approved,Sat Mar 14 06:43:05 EDT 2015,Sat Mar 14 06:45:16 EDT 2015,Heuristic Approach,Security,multiagent domains,Multiple Adversaries,ASAP,MILP,emptyanswer,emptyanswer,emptyanswer,emptyanswer,emptyanswer,emptyanswer,emptyanswer,emptyanswer,emptyanswer,emptyanswer
3TTPFEFXCSJIZX7XAFEBSU2PBDG6HS,3N2BF7Y2VQTNBKPJNXQU69VXVBOHMA,A610SH5RY1NG1,Approved,Sat Mar 14 07:04:29 EDT 2015,Sat Mar 14 07:04:45 EDT 2015,Efficient,Heuristic,Approach,Security,Multiple,emptyanswer,emptyanswer,emptyanswer,emptyanswer,emptyanswer,emptyanswer,emptyanswer,emptyanswer,emptyanswer,emptyanswer,emptyanswer
3TTPFEFXCSJIZX7XAFEBSU2PBDG6HS,38F71OA9GTV3XOYDS72U3OJKFWPMFV,A2Z9HR2IBD75R9,Approved,Sat Mar 14 09:18:38 EDT 2015,Sat Mar 14 09:19:31 EDT 2015,Efficient Heuristic Approach,Security,Multiple Adversaries,game,Mixed Integer Linear Program (MILP),emptyanswer,emptyanswer,emptyanswer,emptyanswer,emptyanswer,emptyanswer,emptyanswer,emptyanswer,emptyanswer,emptyanswer,emptyanswer
3TTPFEFXCSJIZX7XAFEBSU2PBDG6HS,3GD6L00D3SWC7945L8N9EMFQENWM1M,AL9R6CILUG30X,Approved,Sat Mar 14 13:53:58 EDT 2015,Sat Mar 14 13:55:34 EDT 2015,Mixed Integer Linear Program (MILP),Multiple Adversaries,adversarial multiagent domains,Bayesian games,NP-hard,Heuristic Approach,emptyanswer,emptyanswer,emptyanswer,emptyanswer,emptyanswer,emptyanswer,emptyanswer,emptyanswer,emptyanswer,emptyanswer
3TTPFEFXCSJIZX7XAFEBSU2PBDG6HS,3QBD8R3Z21IHZBM0L6LO4OBYL7TO4O,A9JNBWXAFAATJ,Approved,Sat Mar 14 16:20:27 EDT 2015,Sat Mar 14 16:23:13 EDT 2015,Adversarial multiagent domains,Bayesian games,Bayes-Nash equilibrium,ASAP,MILP,emptyanswer,emptyanswer,emptyanswer,emptyanswer,emptyanswer,emptyanswer,emptyanswer,emptyanswer,emptyanswer,emptyanswer,emptyanswer
3TTPFEFXCSJIZX7XAFEBSU2PBDG6HS,33TIN5LC049UQVWE8OQDNNKGL979YH,A1BV5YY1UQCMZY,Approved,Sat Mar 14 16:34:13 EDT 2015,Sat Mar 14 16:34:41 EDT 2015,heuristic,approach,security,adversaries,milp,emptyanswer,emptyanswer,emptyanswer,emptyanswer,emptyanswer,emptyanswer,emptyanswer,emptyanswer,emptyanswer,emptyanswer,emptyanswer
3TTPFEFXCSJIZX7XAFEBSU2PBDG6HS,3F6HPJW4JDZF16GF8ETAS3RM4V32WP,A1GK9ZI7T30X9Z,Approved,Sat Mar 14 19:06:25 EDT 2015,Sat Mar 14 19:07:30 EDT 2015,heuristic,security,multiple adversaries,bayesian games,threats,MILP,ASAP,NP-hard,highest-reward strategy,emptyanswer,emptyanswer,emptyanswer,emptyanswer,emptyanswer,emptyanswer,emptyanswer
3TTPFEFXCSJIZX7XAFEBSU2PBDG6HS,3WETL7AQWT7A95XEGDK6LDJ1QCZ35K,AWFQ7OX0UPSM5,Approved,Sat Mar 14 19:09:32 EDT 2015,Sat Mar 14 19:10:51 EDT 2015,Efficient Heuristic Approach,Security Against Multiple Adversaries,adversarial multiagent domains,intentional threats from other agents,Bayesian games,emptyanswer,emptyanswer,emptyanswer,emptyanswer,emptyanswer,emptyanswer,emptyanswer,emptyanswer,emptyanswer,emptyanswer,emptyanswer
3TTPFEFXCSJIZX7XAFEBSU2PBDG6HS,3DQQ64TANGKBTDHLAC4MOGZFF5VWP6,ATOMPVWZKAE0E,Approved,Sat Mar 14 19:26:53 EDT 2015,Sat Mar 14 19:29:54 EDT 2015,adversarial multiagent domains,Security,Bayesian game equilibrium,multiagent security domain,mixed strategy,optimal strategy selection,ASAP heuristic,Mixed Integer Linear Program (MILP) implementation,emptyanswer,emptyanswer,emptyanswer,emptyanswer,emptyanswer,emptyanswer,emptyanswer,emptyanswer
3TTPFEFXCSJIZX7XAFEBSU2PBDG6HS,3URFVVM165HSFDUM2LNNXQGW4OSUZR,A1G94QON7A9K0N,Approved,Sat Mar 14 20:02:01 EDT 2015,Sat Mar 14 20:02:20 EDT 2015,adversaries,heuristic,security,bayesian,game,emptyanswer,emptyanswer,emptyanswer,emptyanswer,emptyanswer,emptyanswer,emptyanswer,emptyanswer,emptyanswer,emptyanswer,emptyanswer
