HitId,AssignmentId,WorkerId,Status,AcceptTime,SubmitTime,Answer 1,Answer 2,Answer 3,Answer 4,Answer 5,Answer 6,Answer 7,Answer 8,Answer 9,Answer 10,Answer 11,Answer 12,Answer 13,Answer 14,Answer 15,Answer 16
3VP28W7DUMJ09B02HUNMM7J7020ZFE,3B3WTRP3DB14PA37F3JIEJJB51N29H,A22R7DT2XQIKXV,Approved,Mon Mar 02 14:58:30 EST 2015,Mon Mar 02 14:58:35 EST 2015,aa,aa,aa,aa,aa,emptyanswer,emptyanswer,emptyanswer,emptyanswer,emptyanswer,emptyanswer,emptyanswer,emptyanswer,emptyanswer,emptyanswer,emptyanswer
3VP28W7DUMJ09B02HUNMM7J7020ZFE,3DHE4R9OCWAJ4KQFT9PS605Y9EJ2G9,A3ODG942FG22PJ,Approved,Mon Mar 02 15:27:26 EST 2015,Mon Mar 02 15:28:03 EST 2015,Tracking,Predecessors,Computations,Immediate Predecessors Tracking,Hasse,NA,NA,NA,NA,NA,NA,NA,NA,NA,NA,NA
3VP28W7DUMJ09B02HUNMM7J7020ZFE,3TOK3KHVJTHEIY4JN4JV70V8BGH7O2,A2R085B34P2LYS,Approved,Mon Mar 02 22:13:55 EST 2015,Mon Mar 02 22:26:27 EST 2015,Tracking,Immediate,Predecessors,Distributed,Computations,optional,optional,optional,optional,optional,optional,optional,optional,optional,optional,optional
3VP28W7DUMJ09B02HUNMM7J7020ZFE,3G0WWMR1UVJ66V9MIOSOS2CYQW5QN5,A26M2B8NZVKWTZ,Approved,Mon Mar 02 22:58:32 EST 2015,Mon Mar 02 22:59:30 EST 2015,Tracking,Immediate,Predecessors,Distributed,Computations,emptyanswer,emptyanswer,emptyanswer,emptyanswer,emptyanswer,emptyanswer,emptyanswer,emptyanswer,emptyanswer,emptyanswer,emptyanswer
3VP28W7DUMJ09B02HUNMM7J7020ZFE,31IBVUNM9SYMNBSM6Z3LQK2X5YGFV1,A1B5NXRZQYRC4R,Approved,Tue Mar 03 06:36:20 EST 2015,Tue Mar 03 06:37:40 EST 2015,Tracking,Immediate,Predecessors,Distributed,Computations,emptyanswer,emptyanswer,emptyanswer,emptyanswer,emptyanswer,emptyanswer,emptyanswer,emptyanswer,emptyanswer,emptyanswer,emptyanswer
3VP28W7DUMJ09B02HUNMM7J7020ZFE,3DPNQGW4LLERA5GWLAZUNOP7ZFS46N,A27I79P03I0ZPO,Approved,Tue Mar 03 10:43:15 EST 2015,Tue Mar 03 10:45:43 EST 2015,Immediate,distributed,Predecessors,Computations,condition,emptyanswer,emptyanswer,emptyanswer,emptyanswer,emptyanswer,emptyanswer,emptyanswer,emptyanswer,emptyanswer,emptyanswer,emptyanswer
3VP28W7DUMJ09B02HUNMM7J7020ZFE,3Y5140Z9DXFTSIXGLV07NPQ7Z2VIPY,A1PXJWCNRYCBS5,Approved,Tue Mar 03 15:40:57 EST 2015,Tue Mar 03 15:51:57 EST 2015,Tracking immediate predecessors,distributed computations,modeled as a partially ordered set of relevant events,timestamp that identifies its immediate predecssors,IPT protocols,emptyanswer,emptyanswer,emptyanswer,emptyanswer,emptyanswer,emptyanswer,emptyanswer,emptyanswer,emptyanswer,emptyanswer,emptyanswer
3VP28W7DUMJ09B02HUNMM7J7020ZFE,358UUM7WRZ2HFBWZFW0Z1V0DM497RL,A9HQ3E0F2AGVO,Approved,Tue Mar 03 16:17:43 EST 2015,Tue Mar 03 16:19:03 EST 2015,distributed computation,relevant events,Immediate Predecessors Tracking (IPT),on-the-fly,transitive reduction,timestamp,family,emptyanswer,emptyanswer,emptyanswer,emptyanswer,emptyanswer,emptyanswer,emptyanswer,emptyanswer,emptyanswer
3VP28W7DUMJ09B02HUNMM7J7020ZFE,33CKWXB73JJFBKIGSM4BUURNFLM11V,A1W7BQWWGKJ3XF,Approved,Tue Mar 03 18:22:13 EST 2015,Tue Mar 03 18:26:14 EST 2015,Tracking,Immediate Predecessors,Distributed Computations,on-the-fly computation,IPT,Relevence,Efficiency,emptyanswer,emptyanswer,emptyanswer,emptyanswer,emptyanswer,emptyanswer,emptyanswer,emptyanswer,emptyanswer
3VP28W7DUMJ09B02HUNMM7J7020ZFE,3PB5A5BD0V5QQLNLZL6N2RM6KWL7GE,A2YW509B0UMSEH,Approved,Tue Mar 03 22:37:55 EST 2015,Tue Mar 03 22:42:44 EST 2015,Tracking,Distributed Computation,problem,protocol,Immediate Predecessors Tracking,emptyanswer,emptyanswer,emptyanswer,emptyanswer,emptyanswer,emptyanswer,emptyanswer,emptyanswer,emptyanswer,emptyanswer,emptyanswer
3VP28W7DUMJ09B02HUNMM7J7020ZFE,3II4UPYCOJ6XKJI9TUELWX04CVYQDO,A3H35QRODK1C4K,Approved,Wed Mar 04 10:09:13 EST 2015,Wed Mar 04 10:09:43 EST 2015,tracking immediate,predecessors,distributed,computations,exhibited,emptyanswer,emptyanswer,emptyanswer,emptyanswer,emptyanswer,emptyanswer,emptyanswer,emptyanswer,emptyanswer,emptyanswer,emptyanswer
3VP28W7DUMJ09B02HUNMM7J7020ZFE,3CFVK00FWLKN8DNHR2YB95RIL3QL64,A38VMTKS30TQZB,Approved,Wed Mar 04 10:41:42 EST 2015,Wed Mar 04 10:42:23 EST 2015,Predecessors,Tracking,Immediate,IPT,Distributed Computation,emptyanswer,emptyanswer,emptyanswer,emptyanswer,emptyanswer,emptyanswer,emptyanswer,emptyanswer,emptyanswer,emptyanswer,emptyanswer
3VP28W7DUMJ09B02HUNMM7J7020ZFE,308Q0PEVB8C80VH9464A1ZQSU05I9Z,A3FFZN4FO3Q789,Approved,Wed Mar 04 10:51:47 EST 2015,Wed Mar 04 10:58:33 EST 2015,preliminary,preliminary,preliminary,preliminary,preliminary,emptyanswer,emptyanswer,emptyanswer,emptyanswer,emptyanswer,emptyanswer,emptyanswer,emptyanswer,emptyanswer,emptyanswer,emptyanswer
3VP28W7DUMJ09B02HUNMM7J7020ZFE,3URFVVM165HSFDUM2LNNXQGW3YLUZ3,A17JEL4FN1B9TB,Approved,Wed Mar 04 11:59:51 EST 2015,Wed Mar 04 12:02:02 EST 2015,Tracking,Immediate,Predecessors,Distributed,Computations,relevant,events,primitive,Tracking,IPT,emptyanswer,emptyanswer,emptyanswer,emptyanswer,emptyanswer,emptyanswer
3VP28W7DUMJ09B02HUNMM7J7020ZFE,3TVSS0C0E1Z9L5ASRTD6TQ0C3IDWTR,A3UY2GVCKC8LSL,Approved,Wed Mar 04 12:29:09 EST 2015,Wed Mar 04 12:30:06 EST 2015,tracking,immediate predecessor,distributor computation,IPT,on-the-fly computation,Hasse diagram,emptyanswer,emptyanswer,emptyanswer,emptyanswer,emptyanswer,emptyanswer,emptyanswer,emptyanswer,emptyanswer,emptyanswer
3VP28W7DUMJ09B02HUNMM7J7020ZFE,3Y9N9SS8LYA5DIC7VJ2PJP7T2483DO,A2F6ZON8X5EAGL,Approved,Wed Mar 04 16:13:27 EST 2015,Wed Mar 04 16:13:55 EST 2015,Tracking Immediate Predecessors in Distributed Computations,problem,consists,messages,exhibited,emptyanswer,emptyanswer,emptyanswer,emptyanswer,emptyanswer,emptyanswer,emptyanswer,emptyanswer,emptyanswer,emptyanswer,emptyanswer
3VP28W7DUMJ09B02HUNMM7J7020ZFE,3Y54SXRO1LKWT1LNWTY5B2FFI3PTUE,A3OTLWGJFB65KD,Approved,Wed Mar 04 19:10:42 EST 2015,Wed Mar 04 19:10:50 EST 2015,nothing,nothing,nothing,nothing,nothing,emptyanswer,emptyanswer,emptyanswer,emptyanswer,emptyanswer,emptyanswer,emptyanswer,emptyanswer,emptyanswer,emptyanswer,emptyanswer
3VP28W7DUMJ09B02HUNMM7J7020ZFE,3W92K5RLWUGULEZX0NQC48BKG7PV5R,A19PATBI3SQNU0,Approved,Wed Mar 04 21:44:32 EST 2015,Wed Mar 04 21:47:19 EST 2015,Distributed Computations,Immediate Predecessors Tracking,Tracking Immediate Predecessors,set of relevant events,family of protocols,emptyanswer,emptyanswer,emptyanswer,emptyanswer,emptyanswer,emptyanswer,emptyanswer,emptyanswer,emptyanswer,emptyanswer,emptyanswer
3VP28W7DUMJ09B02HUNMM7J7020ZFE,3K9FOBBF2HIVFYT9QJKSBGD4GUPLNQ,A3S81UFDOWF2ST,Approved,Wed Mar 04 22:13:39 EST 2015,Wed Mar 04 22:14:39 EST 2015,Distributed Computations,Immediate Predecessors Tracking (IPT),timestamp,size-efficient,control,emptyanswer,emptyanswer,emptyanswer,emptyanswer,emptyanswer,emptyanswer,emptyanswer,emptyanswer,emptyanswer,emptyanswer,emptyanswer
3VP28W7DUMJ09B02HUNMM7J7020ZFE,3HWRJOOET51EP5BMHTEAXFXQUX1ESF,A3LUJSAN4DQ1ZT,Approved,Wed Mar 04 22:53:50 EST 2015,Wed Mar 04 22:54:49 EST 2015,IPT,tracking immediate predecessors,distributed computations,causality-related,on-the-fly,size-efficient,piggyback,emptyanswer,emptyanswer,emptyanswer,emptyanswer,emptyanswer,emptyanswer,emptyanswer,emptyanswer,emptyanswer
3VP28W7DUMJ09B02HUNMM7J7020ZFE,3IXEICO792IBRQVM0B02VW1ZFIZT66,A9LA6QK6VCERR,Approved,Thu Mar 05 00:07:12 EST 2015,Thu Mar 05 00:09:46 EST 2015,Tracking Immediate Predecessors,Distributed Computations,Immediate Predecessors Tracking (IPT) problem,Hasse diagram,IPT protocol,on-the-fly computation,emptyanswer,emptyanswer,emptyanswer,emptyanswer,emptyanswer,emptyanswer,emptyanswer,emptyanswer,emptyanswer,emptyanswer
3VP28W7DUMJ09B02HUNMM7J7020ZFE,3OXV7EAXLEP6S9XSLWUBDJX1LKF63X,A1YLO4LT02D2F0,Approved,Thu Mar 05 05:47:54 EST 2015,Thu Mar 05 05:48:46 EST 2015,events are a subset of the primitive,"relevant event, on the fly and without using additional control messages",provides each relevant event,different IPT protocols can be obtained,Two of them are exhibited,emptyanswer,emptyanswer,emptyanswer,emptyanswer,emptyanswer,emptyanswer,emptyanswer,emptyanswer,emptyanswer,emptyanswer,emptyanswer
3VP28W7DUMJ09B02HUNMM7J7020ZFE,37M28K1J0QCI0PBKEU3A9VGCD0AJAV,A1QUDNLO95AKS5,Approved,Thu Mar 05 11:38:11 EST 2015,Thu Mar 05 11:38:37 EST 2015,Tracking Immediate Predecessors,Distributed Computations,relevant events,number of processes,IPT protocols,emptyanswer,emptyanswer,emptyanswer,emptyanswer,emptyanswer,emptyanswer,emptyanswer,emptyanswer,emptyanswer,emptyanswer,emptyanswer
3VP28W7DUMJ09B02HUNMM7J7020ZFE,3X4JMASXCM8GHTFQY0T0M1LMWADB01,A3I10J1GPDAPQR,Approved,Thu Mar 05 15:52:22 EST 2015,Thu Mar 05 15:54:34 EST 2015,Tracking Immediate Predecessors,Distributed Computations,IPT protocols,IPT problem,control information,emptyanswer,emptyanswer,emptyanswer,emptyanswer,emptyanswer,emptyanswer,emptyanswer,emptyanswer,emptyanswer,emptyanswer,emptyanswer
3VP28W7DUMJ09B02HUNMM7J7020ZFE,33FBRBDW6OYH9NCZ742AQ0XMXTU8CX,ADUJUZANFOWKW,Approved,Thu Mar 05 16:45:45 EST 2015,Thu Mar 05 16:46:18 EST 2015,tracking,predecessors,computation,IPT,protocols,emptyanswer,emptyanswer,emptyanswer,emptyanswer,emptyanswer,emptyanswer,emptyanswer,emptyanswer,emptyanswer,emptyanswer,emptyanswer
3VP28W7DUMJ09B02HUNMM7J7020ZFE,3G2UL9A02DDOTSYFN8X1Q09HQNR67U,A2SDTL2V8VJ25O,Approved,Thu Mar 05 18:46:43 EST 2015,Thu Mar 05 18:47:28 EST 2015,Tracking,Immediate,Predecessors,IPT,exhibited,emptyanswer,emptyanswer,emptyanswer,emptyanswer,emptyanswer,emptyanswer,emptyanswer,emptyanswer,emptyanswer,emptyanswer,emptyanswer
3VP28W7DUMJ09B02HUNMM7J7020ZFE,31Q0U3WYDPETM6XIH2LKV4I0IDF713,A3DHYTZ1GPN0T8,Approved,Thu Mar 05 22:06:37 EST 2015,Thu Mar 05 22:07:22 EST 2015,distributed,Immediate Predecessors Tracking (IPT),Hasse diagram,the number of processes,exhibited,emptyanswer,emptyanswer,emptyanswer,emptyanswer,emptyanswer,emptyanswer,emptyanswer,emptyanswer,emptyanswer,emptyanswer,emptyanswer
3VP28W7DUMJ09B02HUNMM7J7020ZFE,3RYC5T2D73S6LH0ZBIUG1HRYM6HRPU,A156E6TWVB7GP7,Approved,Fri Mar 06 01:24:19 EST 2015,Fri Mar 06 01:28:46 EST 2015,distributed computation,Immediate Predecessors Tracking,predecessors,different IPT protocols,exhibited,emptyanswer,emptyanswer,emptyanswer,emptyanswer,emptyanswer,emptyanswer,emptyanswer,emptyanswer,emptyanswer,emptyanswer,emptyanswer
3VP28W7DUMJ09B02HUNMM7J7020ZFE,3G5W44VEU7HEL0U5IFVW6WRSQQ6KG2,AQXSUU4I4DAH8,Approved,Fri Mar 06 12:04:13 EST 2015,Fri Mar 06 12:05:09 EST 2015,Distributed Computations,computing problem,Tracking Immediate Predecessors,Immediate Predecessors Tracking,message size-efficient,emptyanswer,emptyanswer,emptyanswer,emptyanswer,emptyanswer,emptyanswer,emptyanswer,emptyanswer,emptyanswer,emptyanswer,emptyanswer
3VP28W7DUMJ09B02HUNMM7J7020ZFE,3LOZAJ85YDCUQ6L5IJPWUM5TCGM2XW,A2A4LHPXF2E2GS,Approved,Fri Mar 06 12:38:03 EST 2015,Fri Mar 06 12:47:12 EST 2015,Immediate Predecessors Tracking (IPT) problem,distributed computations,relevant events are subset of primitive events,set of relevant events that are its immediate predecessors in the partial order,on-the-fly computation of the transitive reduction,relevant-event timestamp,allows application messages to piggyback control information,size can be smaller than $n$ (the number of processes),defines message size-efficient IPT protocols,emptyanswer,emptyanswer,emptyanswer,emptyanswer,emptyanswer,emptyanswer,emptyanswer
3VP28W7DUMJ09B02HUNMM7J7020ZFE,32Z9ZLUT1LJBBNAV0D57YDK2PVCHO1,A1A7P5LC80G47W,Approved,Fri Mar 06 15:09:41 EST 2015,Fri Mar 06 15:11:20 EST 2015,tracking immediate predecessors,distributed computation,causality,on-the-fly computation,transitive reduction,emptyanswer,emptyanswer,emptyanswer,emptyanswer,emptyanswer,emptyanswer,emptyanswer,emptyanswer,emptyanswer,emptyanswer,emptyanswer
3VP28W7DUMJ09B02HUNMM7J7020ZFE,336KAV9KYQRJQBBFNFBYD0C2EOPY2B,AWQK8QA93VLW9,Approved,Sat Mar 07 09:10:44 EST 2015,Sat Mar 07 09:12:37 EST 2015,Tracking Immediate Predecessors,Distributed Computations,relevant events,Immediate Predecessors Tracking (IPT),transitive reduction,Hasse diagram,family of protocols,IPT protocols,emptyanswer,emptyanswer,emptyanswer,emptyanswer,emptyanswer,emptyanswer,emptyanswer,emptyanswer
3VP28W7DUMJ09B02HUNMM7J7020ZFE,3WSELTNVR31CES7PQOHEB13LBA1TAQ,ADVZAZ12Z8N9J,Approved,Sat Mar 07 10:22:36 EST 2015,Sat Mar 07 10:38:59 EST 2015,"A distributed computation is usually modeled as a partially ordered set of relevant events (the relevant events are a subset of the primitive events produced by the computation). An important causality-related distributed computing problem, that we call the Immediate Predecessors Tracking (IPT) problem, consists in associating with each relevant event, on the fly and without using additional control messages, the set of relevant events that are its immediate predecessors in the partial order.","So, IPT is the on-the-fly computation of the transitive reduction (i.e., Hasse diagram) of the causality relation defined by a distributed computation.",This paper addresses the IPT problem: it presents a family of protocols that provides each relevant event with a timestamp that exactly identifies its immediate predecessors.,The family is defined by a general condition that allows application messages to piggyback control information whose size can be smaller than $n$ (the number of processes).,"In that sense, this family defines message size-efficient IPT protocols. According to the way the general condition is implemented, different IPT protocols can be obtained. Two of them are exhibited.",emptyanswer,emptyanswer,emptyanswer,emptyanswer,emptyanswer,emptyanswer,emptyanswer,emptyanswer,emptyanswer,emptyanswer,emptyanswer
3VP28W7DUMJ09B02HUNMM7J7020ZFE,3HFNH7HEMHD0W3S0VKFT2I31PYKQGQ,A2GBY8O6GYSB89,Approved,Sat Mar 07 12:12:46 EST 2015,Sat Mar 07 12:14:22 EST 2015,Tracking Immediate Predecessors,Distributed Computations,partially ordered set of relevant events,transitive reduction,distributed computation,emptyanswer,emptyanswer,emptyanswer,emptyanswer,emptyanswer,emptyanswer,emptyanswer,emptyanswer,emptyanswer,emptyanswer,emptyanswer
3VP28W7DUMJ09B02HUNMM7J7020ZFE,33OOO72IVHK0774NA2D5HWT9BDUTC0,A37WDQ1VG5XN6Z,Approved,Sat Mar 07 13:09:03 EST 2015,Sat Mar 07 13:09:14 EST 2015,nothing,nothing,nothing,nothing,nothing,nothing,emptyanswer,emptyanswer,emptyanswer,emptyanswer,emptyanswer,emptyanswer,emptyanswer,emptyanswer,emptyanswer,emptyanswer
3VP28W7DUMJ09B02HUNMM7J7020ZFE,3R8YZBNQ9HHH3AHZ2HBZW5Q8QWHQ75,ANB69EQROUTQJ,Approved,Sat Mar 07 19:27:58 EST 2015,Sat Mar 07 19:30:19 EST 2015,DISTRIBUTED COMPUTATIONS,RELEVANT EVENTS,IMMEDIATE PREDECESSORS TRACKING,IPT PROTOCOLS,HASSE DIAGRAM,emptyanswer,emptyanswer,emptyanswer,emptyanswer,emptyanswer,emptyanswer,emptyanswer,emptyanswer,emptyanswer,emptyanswer,emptyanswer
3VP28W7DUMJ09B02HUNMM7J7020ZFE,31JLPPHS2UTWHF3WLSG5UJJS6UL3OF,A1JWEYGDFDB100,Approved,Sun Mar 08 10:57:55 EDT 2015,Sun Mar 08 10:59:20 EDT 2015,Immediate Predecessors,Tracking,Distributed Computations,Hasse diagram,message size-efficient IPT protocols,emptyanswer,emptyanswer,emptyanswer,emptyanswer,emptyanswer,emptyanswer,emptyanswer,emptyanswer,emptyanswer,emptyanswer,emptyanswer
3VP28W7DUMJ09B02HUNMM7J7020ZFE,3B2X28YI3WEBV4150P9HV2VD9M86BO,A3G4SXD4N30C3L,Approved,Sun Mar 08 13:08:20 EDT 2015,Sun Mar 08 13:08:45 EDT 2015,Tracking Immediate Predecessors,Distributed Computations,Immediate Predecessors Tracking (IPT),ordered set of relevant events,causality-related distributed computing problem,emptyanswer,emptyanswer,emptyanswer,emptyanswer,emptyanswer,emptyanswer,emptyanswer,emptyanswer,emptyanswer,emptyanswer,emptyanswer
3VP28W7DUMJ09B02HUNMM7J7020ZFE,384PI804XS0FYFWS9MFVCQVM07G0SQ,A156NFBMKKLDL9,Approved,Sun Mar 08 17:49:30 EDT 2015,Sun Mar 08 17:50:17 EDT 2015,Tracking Immediate Predecessors,Distributed Computations,relevant events,on-the-fly computation,general condition,emptyanswer,emptyanswer,emptyanswer,emptyanswer,emptyanswer,emptyanswer,emptyanswer,emptyanswer,emptyanswer,emptyanswer,emptyanswer
3VP28W7DUMJ09B02HUNMM7J7020ZFE,3VE8AYVF8MWOCZW9Y6SBY6IPUH7F8M,A2SZAM3EZER2PH,Approved,Mon Mar 09 06:25:27 EDT 2015,Mon Mar 09 06:26:10 EDT 2015,distributed computation,distributed computing problem,immediate predecessors,family of protocols,general condition,emptyanswer,emptyanswer,emptyanswer,emptyanswer,emptyanswer,emptyanswer,emptyanswer,emptyanswer,emptyanswer,emptyanswer,emptyanswer
3VP28W7DUMJ09B02HUNMM7J7020ZFE,3EA3QWIZ4IURKAQN2C9RSZR4OM9ITU,ACYGMRGAZ22U7,Approved,Mon Mar 09 18:03:39 EDT 2015,Mon Mar 09 18:03:46 EDT 2015,Keyword/Keyphrase 1:,Keyword/Keyphrase 1:,Keyword/Keyphrase 1:,Keyword/Keyphrase 1:,Keyword/Keyphrase 1:,emptyanswer,emptyanswer,emptyanswer,emptyanswer,emptyanswer,emptyanswer,emptyanswer,emptyanswer,emptyanswer,emptyanswer,emptyanswer
3VP28W7DUMJ09B02HUNMM7J7020ZFE,3ND9UOO81K1L2S2NIKBF7ZQV9LLLW3,APEB5ERGCYP6D,Approved,Tue Mar 10 01:25:43 EDT 2015,Tue Mar 10 02:08:14 EDT 2015,distributed computation is usually modeled,partially ordered set of relevant events,the way the general condition is implemented,different IPT protocols can be obtained,provides each relevant event with a timestamp,emptyanswer,emptyanswer,emptyanswer,emptyanswer,emptyanswer,emptyanswer,emptyanswer,emptyanswer,emptyanswer,emptyanswer,emptyanswer
3VP28W7DUMJ09B02HUNMM7J7020ZFE,3YDTZAI2WXFW3JFZF4NDSSYQRNE14Q,AW36CVMS3526O,Approved,Tue Mar 10 13:57:58 EDT 2015,Tue Mar 10 13:59:41 EDT 2015,Predecessors,computation,causality,protocols,exhibited,emptyanswer,emptyanswer,emptyanswer,emptyanswer,emptyanswer,emptyanswer,emptyanswer,emptyanswer,emptyanswer,emptyanswer,emptyanswer
3VP28W7DUMJ09B02HUNMM7J7020ZFE,34PGFRQONOAF72ENFZZ2RKD35YLWJL,ATRHDYWCIYTDJ,Approved,Wed Mar 11 04:12:34 EDT 2015,Wed Mar 11 04:12:47 EDT 2015,relevant,computation,usually,different,message,emptyanswer,emptyanswer,emptyanswer,emptyanswer,emptyanswer,emptyanswer,emptyanswer,emptyanswer,emptyanswer,emptyanswer,emptyanswer
3VP28W7DUMJ09B02HUNMM7J7020ZFE,33L7PJKHCGXYV4EATQX0FAXQLUGT8H,A3CMDYA9USA3MR,Approved,Wed Mar 11 07:37:41 EDT 2015,Wed Mar 11 07:37:53 EDT 2015,computation,partially,message,efficient,According,emptyanswer,emptyanswer,emptyanswer,emptyanswer,emptyanswer,emptyanswer,emptyanswer,emptyanswer,emptyanswer,emptyanswer,emptyanswer
3VP28W7DUMJ09B02HUNMM7J7020ZFE,3TDXMTX3CBTLICFB6Z1YHPZQ4IC6IT,A3K6BSW10S4YKJ,Approved,Wed Mar 11 08:39:26 EDT 2015,Wed Mar 11 08:40:40 EDT 2015,relevant events are a subset of the primitive events produced by the computation,Immediate Predecessors Tracking (IPT) problem,IPT is the on-the-fly computation of the transitive reduction,Hasse diagram,The paper addresses the IPT problem,emptyanswer,emptyanswer,emptyanswer,emptyanswer,emptyanswer,emptyanswer,emptyanswer,emptyanswer,emptyanswer,emptyanswer,emptyanswer
3VP28W7DUMJ09B02HUNMM7J7020ZFE,3X3OR7WPZZZACR65KHV9TJN9RHAL8M,A2E2IQ99W6B7AV,Approved,Wed Mar 11 15:31:30 EDT 2015,Wed Mar 11 15:32:59 EDT 2015,Predecessor tracking,Relevant events,Distributed computation,Conditions,Control information,emptyanswer,emptyanswer,emptyanswer,emptyanswer,emptyanswer,emptyanswer,emptyanswer,emptyanswer,emptyanswer,emptyanswer,emptyanswer
3VP28W7DUMJ09B02HUNMM7J7020ZFE,3YMU66OBIN7NJATXCUSZT4B0YJFGHR,A28IXE702NXWKQ,Approved,Wed Mar 11 16:04:57 EDT 2015,Wed Mar 11 16:07:44 EDT 2015,A distributed computation is usually,modeled as a partially ordered set,Immediate Predecessors Tracking (IPT) problem,The family is defined by a general condition that allows application messages,According to the way the general condition is implemented,emptyanswer,emptyanswer,emptyanswer,emptyanswer,emptyanswer,emptyanswer,emptyanswer,emptyanswer,emptyanswer,emptyanswer,emptyanswer
3VP28W7DUMJ09B02HUNMM7J7020ZFE,3SB4CE2TJVUJV9G9VYIB04OROELXAP,A2KS418T8MPLJH,Approved,Wed Mar 11 16:20:07 EDT 2015,Wed Mar 11 16:28:24 EDT 2015,Tracking Immediate Predecessors in Distributed Computations,distributed computation is usually modeled as a partially ordered set of relevant events,important causality-related distributed computing problem,Immediate Predecessors Tracking (IPT) problem,family of protocols that provides each relevant event with a timestamp,emptyanswer,emptyanswer,emptyanswer,emptyanswer,emptyanswer,emptyanswer,emptyanswer,emptyanswer,emptyanswer,emptyanswer,emptyanswer
3VP28W7DUMJ09B02HUNMM7J7020ZFE,3NS0A6KXC479AVTRIGY6TBF5VA9ZGG,AM1HY736BY3Z8,Approved,Thu Mar 12 11:58:37 EDT 2015,Thu Mar 12 11:59:50 EDT 2015,Tracking Immediate Predecessors in Distributed Computations,A distributed computation is usually modeled as a partially ordered set of relevant events (the relevant events are a subset of the primitive events produced by the computation).,"An important causality-related distributed computing problem,",the set of relevant events that are its immediate predecessors in the partial order.,"According to the way the general condition is implemented, different IPT protocols can be obtained.",emptyanswer,emptyanswer,emptyanswer,emptyanswer,emptyanswer,emptyanswer,emptyanswer,emptyanswer,emptyanswer,emptyanswer,emptyanswer
3VP28W7DUMJ09B02HUNMM7J7020ZFE,3PS7W85Z8Z1Y99XKYI3EF6S161W9TN,AU3WQKISBW5MZ,Approved,Thu Mar 12 14:02:27 EDT 2015,Thu Mar 12 14:03:39 EDT 2015,A distributed computation is usually modeled as a partially ordered set of relevant events (the relevant events are a subset of the primitive events produced by the computation).,"An important causality-related distributed computing problem, that we call the Immediate Predecessors Tracking (IPT) problem","consists in associating with each relevant event, on the fly and without using additional control messages","the set of relevant events that are its immediate predecessors in the partial order. So, IPT is the on-the-fly computation of the transitive reduction","(i.e., Hasse diagram) of the causality relation defined by a distributed computation. This paper addresses the IPT problem:",emptyanswer,emptyanswer,emptyanswer,emptyanswer,emptyanswer,emptyanswer,emptyanswer,emptyanswer,emptyanswer,emptyanswer,emptyanswer
3VP28W7DUMJ09B02HUNMM7J7020ZFE,3DBQWDE4Y6XHD9QOYW4LURH7VOUN5E,A2UNRV6PEOEXG0,Approved,Thu Mar 12 15:45:08 EDT 2015,Thu Mar 12 15:46:05 EDT 2015,distributed computation,Hasse Diagram,Immediate Predecessors Tracking,IPT protocols,relevant events,emptyanswer,emptyanswer,emptyanswer,emptyanswer,emptyanswer,emptyanswer,emptyanswer,emptyanswer,emptyanswer,emptyanswer,emptyanswer
3VP28W7DUMJ09B02HUNMM7J7020ZFE,34J10VATJFXESUYVL8FWNUGH5L8QIZ,AL9R6CILUG30X,Approved,Fri Mar 13 01:35:44 EDT 2015,Fri Mar 13 01:37:38 EDT 2015,Distributed Computations,Tracking,Predecessors,Immediate Predecessors Tracking (IPT),Hasse diagram,IPT protocols,on-the-fly computation,emptyanswer,emptyanswer,emptyanswer,emptyanswer,emptyanswer,emptyanswer,emptyanswer,emptyanswer,emptyanswer
3VP28W7DUMJ09B02HUNMM7J7020ZFE,35BLDD71I6WSSSJM7BXSTCIFISKVZU,A3DTN2OMF6DUSI,Approved,Fri Mar 13 23:21:27 EDT 2015,Fri Mar 13 23:21:32 EDT 2015,model,model,model,model,model,emptyanswer,emptyanswer,emptyanswer,emptyanswer,emptyanswer,emptyanswer,emptyanswer,emptyanswer,emptyanswer,emptyanswer,emptyanswer
3VP28W7DUMJ09B02HUNMM7J7020ZFE,3KOPY89HM81IG4CZ5FO0MN268C33JD,A610SH5RY1NG1,Approved,Sat Mar 14 06:16:44 EDT 2015,Sat Mar 14 06:17:10 EDT 2015,immediate predecessors,distributed computations,causality-related,protocols,predecessors,emptyanswer,emptyanswer,emptyanswer,emptyanswer,emptyanswer,emptyanswer,emptyanswer,emptyanswer,emptyanswer,emptyanswer,emptyanswer
3VP28W7DUMJ09B02HUNMM7J7020ZFE,3B3WTRP3DB14PA37F3JIEJJB6TE29T,A2Z9HR2IBD75R9,Approved,Sat Mar 14 09:20:08 EDT 2015,Sat Mar 14 09:20:23 EDT 2015,Tracking,Predecessors,Computations,control,protocols,emptyanswer,emptyanswer,emptyanswer,emptyanswer,emptyanswer,emptyanswer,emptyanswer,emptyanswer,emptyanswer,emptyanswer,emptyanswer
3VP28W7DUMJ09B02HUNMM7J7020ZFE,33JKGHPFYCTFLGBUQVL7BTSTHOIMNB,A9JNBWXAFAATJ,Approved,Sat Mar 14 10:22:37 EDT 2015,Sat Mar 14 10:24:26 EDT 2015,distributed computations,IPT,Immediate Predecessors Tracking,on-the-fly computation,Hasse diagram,IPT protocols,emptyanswer,emptyanswer,emptyanswer,emptyanswer,emptyanswer,emptyanswer,emptyanswer,emptyanswer,emptyanswer,emptyanswer
3VP28W7DUMJ09B02HUNMM7J7020ZFE,3CPLWGV3MOY0EWS01MH267M9HP4N96,AH3ER3EJXHRO2,Approved,Sat Mar 14 16:54:13 EDT 2015,Sat Mar 14 16:54:47 EDT 2015,tracking immediate predecessors,distributed computations,relevant events,primitive events,protocols,emptyanswer,emptyanswer,emptyanswer,emptyanswer,emptyanswer,emptyanswer,emptyanswer,emptyanswer,emptyanswer,emptyanswer,emptyanswer
3VP28W7DUMJ09B02HUNMM7J7020ZFE,3BEFOD78W6STZ81O8Q6BCKMTQ7KM4D,A1GK9ZI7T30X9Z,Approved,Sat Mar 14 19:05:09 EDT 2015,Sat Mar 14 19:06:24 EDT 2015,immediate predecessors,distributed computation,IPT,tracking,transitive reduction,hasse diagram,emptyanswer,emptyanswer,emptyanswer,emptyanswer,emptyanswer,emptyanswer,emptyanswer,emptyanswer,emptyanswer,emptyanswer
3VP28W7DUMJ09B02HUNMM7J7020ZFE,3V0Z7YWSIYZ2MHGAI4OE6188XN42VK,A1BV5YY1UQCMZY,Approved,Sat Mar 14 20:09:56 EDT 2015,Sat Mar 14 20:10:27 EDT 2015,distributed computations,immediate predecessors,tracking,ipt,$n$,emptyanswer,emptyanswer,emptyanswer,emptyanswer,emptyanswer,emptyanswer,emptyanswer,emptyanswer,emptyanswer,emptyanswer,emptyanswer
3VP28W7DUMJ09B02HUNMM7J7020ZFE,3URFVVM165HSFDUM2LNNXQGW4PYZU4,A3MRB8TFD1IUS6,Approved,Sat Mar 14 20:45:21 EDT 2015,Sat Mar 14 20:46:49 EDT 2015,Tracking Immediate Predecessors,Distributed Computations,Tracking,Hasse Diagram,protocols,emptyanswer,emptyanswer,emptyanswer,emptyanswer,emptyanswer,emptyanswer,emptyanswer,emptyanswer,emptyanswer,emptyanswer,emptyanswer
3VP28W7DUMJ09B02HUNMM7J7020ZFE,3Q5C1WP23M0EZ2JZT96NXK44STS513,A29ZV4XJB7R1O,Approved,Sat Mar 14 20:38:43 EDT 2015,Sat Mar 14 20:48:52 EDT 2015,Tracking,Immediate,Predecessors,Distributed,Computations,emptyanswer,emptyanswer,emptyanswer,emptyanswer,emptyanswer,emptyanswer,emptyanswer,emptyanswer,emptyanswer,emptyanswer,emptyanswer
3VP28W7DUMJ09B02HUNMM7J7020ZFE,340UGXU9DY0B6TPC1OYKCK30GEUVU2,A1G94QON7A9K0N,Approved,Sat Mar 14 21:04:25 EDT 2015,Sat Mar 14 21:04:57 EDT 2015,ipt,causality,hasse,distributed,reduction,emptyanswer,emptyanswer,emptyanswer,emptyanswer,emptyanswer,emptyanswer,emptyanswer,emptyanswer,emptyanswer,emptyanswer,emptyanswer
3VP28W7DUMJ09B02HUNMM7J7020ZFE,3QRYMNZ7FYGJYB1EZSMJX7NLBXPTNW,ACVJ6IUO9QM4R,Approved,Sat Mar 14 21:55:52 EDT 2015,Sat Mar 14 21:56:54 EDT 2015,distributed computation,partially ordered set of relevant events,piggyback control information,IPT protocols,general condition,emptyanswer,emptyanswer,emptyanswer,emptyanswer,emptyanswer,emptyanswer,emptyanswer,emptyanswer,emptyanswer,emptyanswer,emptyanswer
3VP28W7DUMJ09B02HUNMM7J7020ZFE,3VP0C6EFSGV7EV52REZQ9I67MZ46MY,A9VLWY4KW6OCB,Approved,Sat Mar 14 21:31:40 EDT 2015,Sat Mar 14 21:58:40 EDT 2015,Tracking,Immediate,Predecessors,Distributed,Computations,emptyanswer,emptyanswer,emptyanswer,emptyanswer,emptyanswer,emptyanswer,emptyanswer,emptyanswer,emptyanswer,emptyanswer,emptyanswer
3VP28W7DUMJ09B02HUNMM7J7020ZFE,3NPFYT4IZC3K50TCHYALWQZUNHSXGC,A2I4DDHMIT7HX,Approved,Sat Mar 14 22:15:59 EDT 2015,Sat Mar 14 22:17:42 EDT 2015,distributed computation,causality-related distributed computing problems,Immediate Predecessors Tracking,relevant events,partial order,on-the-fly computation,transitive reduction,Hasse diagram,immediate predecessors,message size-efficient IPT protocols,emptyanswer,emptyanswer,emptyanswer,emptyanswer,emptyanswer,emptyanswer
3VP28W7DUMJ09B02HUNMM7J7020ZFE,320DUZ38G7LJAGON0UVK5HRFCJHGJB,AWFQ7OX0UPSM5,Approved,Sun Mar 15 00:01:38 EDT 2015,Sun Mar 15 00:03:32 EDT 2015,Distributed Computations,Tracking Immediate Predecessors,partially ordered set of relevant events,Immediate Predecessors Tracking (IPT) problem,on-the-fly computation of the transitive reduction,emptyanswer,emptyanswer,emptyanswer,emptyanswer,emptyanswer,emptyanswer,emptyanswer,emptyanswer,emptyanswer,emptyanswer,emptyanswer
3VP28W7DUMJ09B02HUNMM7J7020ZFE,3EICBYG644V6T48IY8Z1FQ60ERPCJX,ATOMPVWZKAE0E,Approved,Sun Mar 15 00:17:28 EDT 2015,Sun Mar 15 00:19:27 EDT 2015,distributed computation,relevant event timestamp,causality-related distributed computing,Immediate Predecessors Tracking (IPT) problem,transitive reduction,Hasse diagram,emptyanswer,emptyanswer,emptyanswer,emptyanswer,emptyanswer,emptyanswer,emptyanswer,emptyanswer,emptyanswer,emptyanswer
3VP28W7DUMJ09B02HUNMM7J7020ZFE,3YDTZAI2WXFW3JFZF4NDSSYQSXF14C,A1YNGE7LM9TQHL,Approved,Sun Mar 15 02:20:46 EDT 2015,Sun Mar 15 02:22:00 EDT 2015,Tracking Immediate Predecessors in Distributed Computations,A distributed computation is usually modeled as a partially ordered set of relevant events (the relevant events are a subset of the primitive events produced by the computation).,"An important causality-related distributed computing problem, that we call the Immediate Predecessors Tracking (IPT) problem, consists in associating with each relevant event, on the fly and without using additional control messages, the set of relevant events that are its immediate predecessors in the partial order.","So, IPT is the on-the-fly computation of the transitive reduction (i.e., Hasse diagram) of the causality relation defined by a distributed computation.",This paper addresses the IPT problem: it presents a family of protocols that provides each relevant event with a timestamp that exactly identifies its immediate predecessors.,The family is defined by a general condition that allows application messages to piggyback control information whose size can be smaller than $n$ (the number of processes).,"In that sense, this family defines message size-efficient IPT protocols.","According to the way the general condition is implemented, different IPT protocols can be obtained.",Two of them are exhibited.,emptyanswer,emptyanswer,emptyanswer,emptyanswer,emptyanswer,emptyanswer,emptyanswer
