HitId,AssignmentId,WorkerId,Status,AcceptTime,SubmitTime,Answer 1,Answer 2,Answer 3,Answer 4,Answer 5,Answer 6,Answer 7,Answer 8,Answer 9,Answer 10,Answer 11,Answer 12,Answer 13,Answer 14,Answer 15,Answer 16
3VQTAXTYN2KTAVUC652IMPD7JMTBUJ,354P56DE9K2TGQWCUL04R55984TS7R,A221FSWO28B4YF,Approved,Mon Mar 02 12:41:56 EST 2015,Mon Mar 02 12:42:43 EST 2015,MDPs,optimal resource scheduling,multiagent systems,computationally challenging tasks,non-additive,emptyanswer,emptyanswer,emptyanswer,emptyanswer,emptyanswer,emptyanswer,emptyanswer,emptyanswer,emptyanswer,emptyanswer,emptyanswer
3VQTAXTYN2KTAVUC652IMPD7JMTBUJ,3MAOD8E57Q9QFSAY42NGMA8RNZ5NXC,A22R7DT2XQIKXV,Approved,Mon Mar 02 15:11:08 EST 2015,Mon Mar 02 15:11:14 EST 2015,aa,aa,aa,aa,aa,emptyanswer,emptyanswer,emptyanswer,emptyanswer,emptyanswer,emptyanswer,emptyanswer,emptyanswer,emptyanswer,emptyanswer,emptyanswer
3VQTAXTYN2KTAVUC652IMPD7JMTBUJ,3F0BG9B9MPMQCC8LTRST9RTAPQ0Y7O,A3ODG942FG22PJ,Approved,Mon Mar 02 17:45:05 EST 2015,Mon Mar 02 17:45:26 EST 2015,Combinatorial,Scheduling,Multiagent,MDPs,task,na,na,na,na,na,na,na,na,na,na,na
3VQTAXTYN2KTAVUC652IMPD7JMTBUJ,336YQZE83VDBVR5OMVPLHCS7PAW5MV,A3FG9YWTFFK1AU,Approved,Mon Mar 02 19:07:17 EST 2015,Mon Mar 02 19:27:48 EST 2015,Combinatorial Resource Scheduling,Multiagent MDPs,Markov decision processes (MDPs),multiagent systems,job-scheduling domain,emptyanswer,emptyanswer,emptyanswer,emptyanswer,emptyanswer,emptyanswer,emptyanswer,emptyanswer,emptyanswer,emptyanswer,emptyanswer
3VQTAXTYN2KTAVUC652IMPD7JMTBUJ,3M81GAB8A0I45MKPFYNF17C497OBQY,A26M2B8NZVKWTZ,Approved,Mon Mar 02 21:11:55 EST 2015,Mon Mar 02 21:13:02 EST 2015,scheduling,processes,Resource,Combinatorial,Resource,Scheduling,emptyanswer,emptyanswer,emptyanswer,emptyanswer,emptyanswer,emptyanswer,emptyanswer,emptyanswer,emptyanswer,emptyanswer
3VQTAXTYN2KTAVUC652IMPD7JMTBUJ,3C44YUNSI1OCK7HUTHZWWSAU7WHPDV,A2R085B34P2LYS,Approved,Mon Mar 02 22:29:26 EST 2015,Mon Mar 02 22:43:09 EST 2015,Combinatorial,Resource,Scheduling,Multiagent,MDPs,optional,optional,optional,optional,optional,optional,optional,optional,optional,optional,optional
3VQTAXTYN2KTAVUC652IMPD7JMTBUJ,3SNVL38CI4R14OE0GTZDG56DSNEKC6,A19HCBT1EH8484,Approved,Tue Mar 03 05:15:45 EST 2015,Tue Mar 03 05:31:20 EST 2015,multiagent,efficient,arrival,globally,agents,NA,NA,NA,NA,NA,NA,NA,NA,NA,NA,NA
3VQTAXTYN2KTAVUC652IMPD7JMTBUJ,38YMOXR4MUY3J7ZGVG5DIG8YJ8N6W7,A1B5NXRZQYRC4R,Approved,Tue Mar 03 09:15:24 EST 2015,Tue Mar 03 09:15:46 EST 2015,combinatorial,resource,scheduling,multiagent,MDPS,emptyanswer,emptyanswer,emptyanswer,emptyanswer,emptyanswer,emptyanswer,emptyanswer,emptyanswer,emptyanswer,emptyanswer,emptyanswer
3VQTAXTYN2KTAVUC652IMPD7JMTBUJ,3I02618YA05Y19SGFCPL6SEITX4PUZ,A1XRIEYLA7ZJ3B,Approved,Tue Mar 03 10:00:49 EST 2015,Tue Mar 03 10:05:28 EST 2015,Combinatorial Resource Scheduling,"agents that operate in stochastic environments, modeled as Markov decision processes (MDPs)",Optimal resource scheduling in multiagent systems,efficient resource-allocation algorithms,computationally efficient procedure for computing globally optimal resource assignments to agents,emptyanswer,emptyanswer,emptyanswer,emptyanswer,emptyanswer,emptyanswer,emptyanswer,emptyanswer,emptyanswer,emptyanswer,emptyanswer
3VQTAXTYN2KTAVUC652IMPD7JMTBUJ,33C7UALJVLXXMK21R7DQ94EVTQ918U,A27I79P03I0ZPO,Approved,Tue Mar 03 11:08:06 EST 2015,Tue Mar 03 11:08:29 EST 2015,Multiagent,Combinatorial,Resource,MDPs,Scheduling,emptyanswer,emptyanswer,emptyanswer,emptyanswer,emptyanswer,emptyanswer,emptyanswer,emptyanswer,emptyanswer,emptyanswer,emptyanswer
3VQTAXTYN2KTAVUC652IMPD7JMTBUJ,308Q0PEVB8C80VH9464A1ZQSUY29IJ,A1PXJWCNRYCBS5,Approved,Tue Mar 03 11:16:31 EST 2015,Tue Mar 03 11:19:57 EST 2015,Optimal resource scheduling in multiagent systems is a computationally challenging task,combinatorial resource scheduling for mutliagent MDPs,algorithms have been developed for agents with resource values induced by MDPs,Agents exist for finite periods between their arrival and departure,analyze the method in the context of a stochastic job scheduling domain,emptyanswer,emptyanswer,emptyanswer,emptyanswer,emptyanswer,emptyanswer,emptyanswer,emptyanswer,emptyanswer,emptyanswer,emptyanswer
3VQTAXTYN2KTAVUC652IMPD7JMTBUJ,3AAJC4I4FGRJ1XJSQMJ9QO7LMGKJZP,A3OY0POKX8NCF5,Approved,Tue Mar 03 12:55:46 EST 2015,Tue Mar 03 12:56:54 EST 2015,Combinatorial resource,multiagent mdps,markov decision process,models,scheduling,emptyanswer,emptyanswer,emptyanswer,emptyanswer,emptyanswer,emptyanswer,emptyanswer,emptyanswer,emptyanswer,emptyanswer,emptyanswer
3VQTAXTYN2KTAVUC652IMPD7JMTBUJ,3BF51CHDTV9Q86ICYS3W8COKRIC0HQ,A1W7BQWWGKJ3XF,Approved,Tue Mar 03 18:13:58 EST 2015,Tue Mar 03 18:15:09 EST 2015,Combinatorial Resource Scheduling,Multiagent MDPs,value,Markov decision processes (MDPs),stochastic job-scheduling,efficient resource-allocation algorithms,emptyanswer,emptyanswer,emptyanswer,emptyanswer,emptyanswer,emptyanswer,emptyanswer,emptyanswer,emptyanswer,emptyanswer
3VQTAXTYN2KTAVUC652IMPD7JMTBUJ,33FBRBDW6OYH9NCZ742AQ0XMXO48CX,A21HRAFQT4OILB,Approved,Tue Mar 03 23:35:29 EST 2015,Tue Mar 03 23:37:00 EST 2015,multiagent MDPs,MDPs,combinatorial resource scheduling,job scheduling,Markov Decision processes,emptyanswer,emptyanswer,emptyanswer,emptyanswer,emptyanswer,emptyanswer,emptyanswer,emptyanswer,emptyanswer,emptyanswer,emptyanswer
3VQTAXTYN2KTAVUC652IMPD7JMTBUJ,3QUO65DNQUNGG9GF0CC6HS9SJTFUOW,A2YW509B0UMSEH,Approved,Tue Mar 03 23:46:07 EST 2015,Tue Mar 03 23:54:06 EST 2015,Schedule,algorithm,multiagent system,multiple resources,problem,emptyanswer,emptyanswer,emptyanswer,emptyanswer,emptyanswer,emptyanswer,emptyanswer,emptyanswer,emptyanswer,emptyanswer,emptyanswer
3VQTAXTYN2KTAVUC652IMPD7JMTBUJ,3GLB5JMZFXU67UOVQY992JW268TDGK,A3FFZN4FO3Q789,Approved,Wed Mar 04 10:59:41 EST 2015,Wed Mar 04 11:02:51 EST 2015,preliminary,preliminary,preliminary,preliminary,preliminary,emptyanswer,emptyanswer,emptyanswer,emptyanswer,emptyanswer,emptyanswer,emptyanswer,emptyanswer,emptyanswer,emptyanswer,emptyanswer
3VQTAXTYN2KTAVUC652IMPD7JMTBUJ,3YJ6NA41JBFPNTHM3DL7ZQ57CJEJP9,A3S81UFDOWF2ST,Approved,Wed Mar 04 11:28:26 EST 2015,Wed Mar 04 11:29:51 EST 2015,Combinatorial Resource Scheduling,Multiagent Markov decision processes (MDPs),computationally challenging,efficient,stochastic job-scheduling domain,emptyanswer,emptyanswer,emptyanswer,emptyanswer,emptyanswer,emptyanswer,emptyanswer,emptyanswer,emptyanswer,emptyanswer,emptyanswer
3VQTAXTYN2KTAVUC652IMPD7JMTBUJ,3FIUS151DV19JEYMSOAH84ZZJ0FGG3,A3H35QRODK1C4K,Approved,Wed Mar 04 12:29:08 EST 2015,Wed Mar 04 12:30:11 EST 2015,combinatorial,resource,scheduling,multiagent,mdps,emptyanswer,emptyanswer,emptyanswer,emptyanswer,emptyanswer,emptyanswer,emptyanswer,emptyanswer,emptyanswer,emptyanswer,emptyanswer
3VQTAXTYN2KTAVUC652IMPD7JMTBUJ,351SEKWQS0G6Z4KH1174FOGZ2VLMDJ,A2F6ZON8X5EAGL,Approved,Wed Mar 04 15:05:19 EST 2015,Wed Mar 04 15:06:24 EST 2015,Combinatorial Resource Scheduling for Multiagent MDPs,task,problem,resources,procedure,emptyanswer,emptyanswer,emptyanswer,emptyanswer,emptyanswer,emptyanswer,emptyanswer,emptyanswer,emptyanswer,emptyanswer,emptyanswer
3VQTAXTYN2KTAVUC652IMPD7JMTBUJ,3A0EX8ZRN8NDEOBB6849ETF68K2BY6,A3OTLWGJFB65KD,Approved,Wed Mar 04 19:25:26 EST 2015,Wed Mar 04 19:25:42 EST 2015,nothing,nothing,nothing,nothing,nothing,emptyanswer,emptyanswer,emptyanswer,emptyanswer,emptyanswer,emptyanswer,emptyanswer,emptyanswer,emptyanswer,emptyanswer,emptyanswer
3VQTAXTYN2KTAVUC652IMPD7JMTBUJ,3TR2532VIPTHDNZHOHMYTQEQHFW6J0,A3LUJSAN4DQ1ZT,Approved,Wed Mar 04 22:13:23 EST 2015,Wed Mar 04 22:14:36 EST 2015,Combinatorial,Research scheduling,MDP,Globally optimal,Stochastic,emptyanswer,emptyanswer,emptyanswer,emptyanswer,emptyanswer,emptyanswer,emptyanswer,emptyanswer,emptyanswer,emptyanswer,emptyanswer
3VQTAXTYN2KTAVUC652IMPD7JMTBUJ,3PWWM24LHSX4B5KXABD4ENO0L0K82N,A3HPVFAF1U9WXK,Approved,Thu Mar 05 01:31:00 EST 2015,Thu Mar 05 01:32:05 EST 2015,Combinatorial Resource Scheduling,Multiagent MDPs,Markov decision processes,scheduling,problem,models,emptyanswer,emptyanswer,emptyanswer,emptyanswer,emptyanswer,emptyanswer,emptyanswer,emptyanswer,emptyanswer,emptyanswer
3VQTAXTYN2KTAVUC652IMPD7JMTBUJ,3KMS4QQVK2P870YA7VPEOBRGP4NKF6,A9LA6QK6VCERR,Approved,Thu Mar 05 02:21:59 EST 2015,Thu Mar 05 02:23:40 EST 2015,Combinatorial Resource Scheduling,Multiagent MDPs,MDP,Markov decision processes,efficient resource-allocation algorithms,static resource-allocation problems,stochastic job-scheduling domain,emptyanswer,emptyanswer,emptyanswer,emptyanswer,emptyanswer,emptyanswer,emptyanswer,emptyanswer,emptyanswer
3VQTAXTYN2KTAVUC652IMPD7JMTBUJ,3QY7M81QH7LVS7J4PCR20JEZRG5K73,A1YLO4LT02D2F0,Approved,Thu Mar 05 02:33:10 EST 2015,Thu Mar 05 02:33:54 EST 2015,Optimal resource scheduling in multi agent,the values of resources are not additive.,the combinatorial problem of scheduling the usage,this prior work has focused on static resource-allocation problems,extend those existing models to the problem,emptyanswer,emptyanswer,emptyanswer,emptyanswer,emptyanswer,emptyanswer,emptyanswer,emptyanswer,emptyanswer,emptyanswer,emptyanswer
3VQTAXTYN2KTAVUC652IMPD7JMTBUJ,3R9WASFE2ZF3WVXW7WSOBQFTTESZF1,A31T3Z9OJAOIZV,Approved,Thu Mar 05 08:29:18 EST 2015,Thu Mar 05 08:32:22 EST 2015,optimal resource assignments,job scheduling,resource scheduling,scheduling multiple resources,multiagent MDP,combinatorial resource scheduling,shared resources among agents,customized schedules,infinite-horizon MDPs,emptyanswer,emptyanswer,emptyanswer,emptyanswer,emptyanswer,emptyanswer,emptyanswer
3VQTAXTYN2KTAVUC652IMPD7JMTBUJ,3WJEQKOXA81B58VGO5X45VKQJJ3A1B,A3I10J1GPDAPQR,Approved,Thu Mar 05 08:31:24 EST 2015,Thu Mar 05 08:33:58 EST 2015,Combinatorial Resource Scheduling,Multiagent MDPs,Optimal resource scheduling,Markov decision processes,stochastic job-scheduling domain,emptyanswer,emptyanswer,emptyanswer,emptyanswer,emptyanswer,emptyanswer,emptyanswer,emptyanswer,emptyanswer,emptyanswer,emptyanswer
3VQTAXTYN2KTAVUC652IMPD7JMTBUJ,3LKC68YZ3A2T8D5KVCR7ZGUP4DPWO4,A1QUDNLO95AKS5,Approved,Thu Mar 05 12:11:17 EST 2015,Thu Mar 05 12:11:50 EST 2015,Combinatorial Resource Scheduling,Multiagent MDPs,Markov decision processes (MDPs),infinite-horizon MDPs,agents,emptyanswer,emptyanswer,emptyanswer,emptyanswer,emptyanswer,emptyanswer,emptyanswer,emptyanswer,emptyanswer,emptyanswer,emptyanswer
3VQTAXTYN2KTAVUC652IMPD7JMTBUJ,31Q0U3WYDPETM6XIH2LKV4I0IC217I,ADUJUZANFOWKW,Approved,Thu Mar 05 17:42:00 EST 2015,Thu Mar 05 17:42:48 EST 2015,MDP,resource,scheduling,algorithm,agents,emptyanswer,emptyanswer,emptyanswer,emptyanswer,emptyanswer,emptyanswer,emptyanswer,emptyanswer,emptyanswer,emptyanswer,emptyanswer
3VQTAXTYN2KTAVUC652IMPD7JMTBUJ,3F6HPJW4JDZF16GF8ETAS3RM39Y2WB,A2SDTL2V8VJ25O,Approved,Thu Mar 05 18:45:44 EST 2015,Thu Mar 05 18:46:42 EST 2015,Combinatorial,Resource,Scheduling,MDPs,globally,emptyanswer,emptyanswer,emptyanswer,emptyanswer,emptyanswer,emptyanswer,emptyanswer,emptyanswer,emptyanswer,emptyanswer,emptyanswer
3VQTAXTYN2KTAVUC652IMPD7JMTBUJ,3FTOP5WARFNMZCD2MS6HKP4Z4GCJ0M,A14TK50KH724N6,Approved,Thu Mar 05 19:14:51 EST 2015,Thu Mar 05 19:16:01 EST 2015,Combinatorial Resource Scheduling,Multiagent MDPS,resouce-allocation algorithms,computationally efficient procedure,optimal resource assignments,emptyanswer,emptyanswer,emptyanswer,emptyanswer,emptyanswer,emptyanswer,emptyanswer,emptyanswer,emptyanswer,emptyanswer,emptyanswer
3VQTAXTYN2KTAVUC652IMPD7JMTBUJ,3A4TN5196KHA2YDSA8WG3DQL0D1CHZ,A3DHYTZ1GPN0T8,Approved,Thu Mar 05 22:03:31 EST 2015,Thu Mar 05 22:04:10 EST 2015,Optimal resource scheduling,Markov decision processes (MDPs),existing models,job-scheduling domain,globally optimal resource assignments to agents over time,emptyanswer,emptyanswer,emptyanswer,emptyanswer,emptyanswer,emptyanswer,emptyanswer,emptyanswer,emptyanswer,emptyanswer,emptyanswer
3VQTAXTYN2KTAVUC652IMPD7JMTBUJ,3KYQYYSHYV6UZ75TEHMH7S54X3ZODF,A2KELEVTA0306Y,Approved,Fri Mar 06 11:45:19 EST 2015,Fri Mar 06 11:47:40 EST 2015,Optimal,resource,scheduling,multiagent,systems,computationally,challenging,task,particularly,computing,globally,optimal,assignments,agents,over,time
3VQTAXTYN2KTAVUC652IMPD7JMTBUJ,31EUONYN2V2GTO5F52MBDEBBXA3VOL,AQXSUU4I4DAH8,Approved,Fri Mar 06 11:59:41 EST 2015,Fri Mar 06 12:00:29 EST 2015,stochastic environments,Combinatorial Resource Scheduling,Multiagent MDPs,job-scheduling domain,Markov decision processes,emptyanswer,emptyanswer,emptyanswer,emptyanswer,emptyanswer,emptyanswer,emptyanswer,emptyanswer,emptyanswer,emptyanswer,emptyanswer
3VQTAXTYN2KTAVUC652IMPD7JMTBUJ,3JJVG1YBEBWFC01RV6ZC3WHDDNK5BM,A3G4SXD4N30C3L,Approved,Fri Mar 06 12:03:48 EST 2015,Fri Mar 06 12:04:24 EST 2015,Combinatorial Resource Scheduling,Multiagent MDPs,Optimal resource scheduling,Markov decision processes (MDPs),resource-allocation algorithms,stochastic job-scheduling domain,emptyanswer,emptyanswer,emptyanswer,emptyanswer,emptyanswer,emptyanswer,emptyanswer,emptyanswer,emptyanswer,emptyanswer
3VQTAXTYN2KTAVUC652IMPD7JMTBUJ,3MB8LZR5BFSU7S86T6SCJOW0M8BLKU,APEB5ERGCYP6D,Approved,Fri Mar 06 22:26:01 EST 2015,Fri Mar 06 22:34:30 EST 2015,multiagent systems,Markov decision processes,resource-allocation problems,combinatorial resource scheduling,optimal resource assignments,emptyanswer,emptyanswer,emptyanswer,emptyanswer,emptyanswer,emptyanswer,emptyanswer,emptyanswer,emptyanswer,emptyanswer,emptyanswer
3VQTAXTYN2KTAVUC652IMPD7JMTBUJ,31T4R4OBOSFD997GXZA4C01RMGZ7CY,A3K6BSW10S4YKJ,Approved,Sat Mar 07 11:52:19 EST 2015,Sat Mar 07 11:54:46 EST 2015,Optimal resource scheduling,multiagent systems,Markov decision processes (MDPs),infinite-horizon MDPs,provide a computationally efficient procedure,analyze the method in the context of a stochastic job-scheduling domain,emptyanswer,emptyanswer,emptyanswer,emptyanswer,emptyanswer,emptyanswer,emptyanswer,emptyanswer,emptyanswer,emptyanswer
3VQTAXTYN2KTAVUC652IMPD7JMTBUJ,3YWRV122CSYDVHTZTVNAK6JS41I8U4,A38IE69ORDCEGY,Approved,Sat Mar 07 23:47:43 EST 2015,Sat Mar 07 23:49:29 EST 2015,Combinatorial resource scheduling,multiagent MDPs,resource scheduling optimization,Markov decision processes,globally optimal resource assignments,emptyanswer,emptyanswer,emptyanswer,emptyanswer,emptyanswer,emptyanswer,emptyanswer,emptyanswer,emptyanswer,emptyanswer,emptyanswer
3VQTAXTYN2KTAVUC652IMPD7JMTBUJ,3CPLWGV3MOY0EWS01MH267M9GCLN9W,A1JWEYGDFDB100,Approved,Sun Mar 08 08:00:46 EDT 2015,Sun Mar 08 08:02:02 EDT 2015,Combinatorial Resource Scheduling,Multiagent MDPs,multiagent systems,Markov decision processes,arrival and departure times,emptyanswer,emptyanswer,emptyanswer,emptyanswer,emptyanswer,emptyanswer,emptyanswer,emptyanswer,emptyanswer,emptyanswer,emptyanswer
3VQTAXTYN2KTAVUC652IMPD7JMTBUJ,32UTUBMZ7GVWAUG61XHP7UBCQF6VBB,A3EOFHEPL3L07Y,Approved,Sun Mar 08 17:44:19 EDT 2015,Sun Mar 08 17:47:35 EDT 2015,Combinatorial Resource Scheduling,Multiagent MDPs,Combinatorial Resource Scheduling for Multiagent MDPs,Optimal resource scheduling,infinite-horizon MDPs,emptyanswer,emptyanswer,emptyanswer,emptyanswer,emptyanswer,emptyanswer,emptyanswer,emptyanswer,emptyanswer,emptyanswer,emptyanswer
3VQTAXTYN2KTAVUC652IMPD7JMTBUJ,36ZN444YTRXB7ILF6VNSYPLHPCVIO7,A2GBY8O6GYSB89,Approved,Sun Mar 08 19:08:45 EDT 2015,Sun Mar 08 19:09:16 EDT 2015,Combinatorial Resource Scheduling,Multiagent MDPs,Optimal resource scheduling,multiagent systems,computationally challenging task,Markov decision processes (MDPs),emptyanswer,emptyanswer,emptyanswer,emptyanswer,emptyanswer,emptyanswer,emptyanswer,emptyanswer,emptyanswer,emptyanswer
3VQTAXTYN2KTAVUC652IMPD7JMTBUJ,3NPI0JQDAO4J1WDRF7ZB1WSGAZOPTV,A156NFBMKKLDL9,Approved,Sun Mar 08 22:00:34 EDT 2015,Sun Mar 08 22:00:54 EDT 2015,Combinatorial Resource Scheduling,Multiagent MDPs,efficient resource-allocation algorithms,finite periods,stochastic job-scheduling domain,emptyanswer,emptyanswer,emptyanswer,emptyanswer,emptyanswer,emptyanswer,emptyanswer,emptyanswer,emptyanswer,emptyanswer,emptyanswer
3VQTAXTYN2KTAVUC652IMPD7JMTBUJ,37C0GNLMHF24A1ZPEL0NQSJDC936DI,A2E2IQ99W6B7AV,Approved,Mon Mar 09 06:45:23 EDT 2015,Mon Mar 09 06:47:05 EDT 2015,Multi-agent systems,Resource scheduling,Decision processesing,Resource allocation,Timing methods,emptyanswer,emptyanswer,emptyanswer,emptyanswer,emptyanswer,emptyanswer,emptyanswer,emptyanswer,emptyanswer,emptyanswer,emptyanswer
3VQTAXTYN2KTAVUC652IMPD7JMTBUJ,3X0H8UUIT1N865XD2T8GJL4Q1E9SW2,A2SZAM3EZER2PH,Approved,Mon Mar 09 07:49:05 EDT 2015,Mon Mar 09 07:49:51 EDT 2015,Optimal resource,consider the combinatorial problem,We extend those existing models,provide a computationally,job-scheduling domain,emptyanswer,emptyanswer,emptyanswer,emptyanswer,emptyanswer,emptyanswer,emptyanswer,emptyanswer,emptyanswer,emptyanswer,emptyanswer
3VQTAXTYN2KTAVUC652IMPD7JMTBUJ,3DHE4R9OCWAJ4KQFT9PS605Y9W42GU,ACYGMRGAZ22U7,Approved,Mon Mar 09 17:53:59 EDT 2015,Mon Mar 09 17:54:05 EDT 2015,Keyword/Keyphrase 1:,Keyword/Keyphrase 1:,Keyword/Keyphrase 1:,Keyword/Keyphrase 1:,Keyword/Keyphrase 1:,emptyanswer,emptyanswer,emptyanswer,emptyanswer,emptyanswer,emptyanswer,emptyanswer,emptyanswer,emptyanswer,emptyanswer,emptyanswer
3VQTAXTYN2KTAVUC652IMPD7JMTBUJ,3E4GGUZ1T8QO66MYJ0A74SXRGFDK2B,A17JEL4FN1B9TB,Approved,Tue Mar 10 12:12:59 EDT 2015,Tue Mar 10 12:14:05 EDT 2015,Combinatorial,Resource,Scheduling,Multiagent,MDP,Optimal,emptyanswer,emptyanswer,emptyanswer,emptyanswer,emptyanswer,emptyanswer,emptyanswer,emptyanswer,emptyanswer,emptyanswer
3VQTAXTYN2KTAVUC652IMPD7JMTBUJ,3J4Q2Z4UTY2WTPI0APJBOLPPJS1QWS,AW36CVMS3526O,Approved,Tue Mar 10 12:25:26 EDT 2015,Tue Mar 10 12:26:16 EDT 2015,Scheduling,computationally,environments,computing,job-scheduling,emptyanswer,emptyanswer,emptyanswer,emptyanswer,emptyanswer,emptyanswer,emptyanswer,emptyanswer,emptyanswer,emptyanswer,emptyanswer
3VQTAXTYN2KTAVUC652IMPD7JMTBUJ,3Q8GYXHFEP1YM5TX96V7EGNVVHWC5U,A3UY2GVCKC8LSL,Approved,Tue Mar 10 23:50:08 EDT 2015,Tue Mar 10 23:50:44 EDT 2015,Combinatorial Resource,Multiagent,MDPs,Markov decision processes,job-scheduling domain,emptyanswer,emptyanswer,emptyanswer,emptyanswer,emptyanswer,emptyanswer,emptyanswer,emptyanswer,emptyanswer,emptyanswer,emptyanswer
3VQTAXTYN2KTAVUC652IMPD7JMTBUJ,3EWIJTFFVO6EOWRA8RVQN9R7ZLB0E3,ATRHDYWCIYTDJ,Approved,Wed Mar 11 04:27:36 EDT 2015,Wed Mar 11 04:27:50 EDT 2015,systems,challenging,values,resources,procedure,emptyanswer,emptyanswer,emptyanswer,emptyanswer,emptyanswer,emptyanswer,emptyanswer,emptyanswer,emptyanswer,emptyanswer,emptyanswer
3VQTAXTYN2KTAVUC652IMPD7JMTBUJ,3HUTX6F6VUM7WX7DHS20B9E00M82O2,A3CMDYA9USA3MR,Approved,Wed Mar 11 07:24:46 EDT 2015,Wed Mar 11 07:24:57 EDT 2015,resource,resources,extend,empirically,scheduling,emptyanswer,emptyanswer,emptyanswer,emptyanswer,emptyanswer,emptyanswer,emptyanswer,emptyanswer,emptyanswer,emptyanswer,emptyanswer
3VQTAXTYN2KTAVUC652IMPD7JMTBUJ,3TEM0PF1Q5W9WQDACWK6HR9MZARD06,A28IXE702NXWKQ,Approved,Wed Mar 11 13:49:43 EDT 2015,Wed Mar 11 13:51:32 EDT 2015,multiagent systems,challenging task,modeled as Markov decision processes,departure times,job-scheduling domain,emptyanswer,emptyanswer,emptyanswer,emptyanswer,emptyanswer,emptyanswer,emptyanswer,emptyanswer,emptyanswer,emptyanswer,emptyanswer
3VQTAXTYN2KTAVUC652IMPD7JMTBUJ,32ZKVD547FMCYLENHNBJOZJTZ163BR,A2KS418T8MPLJH,Approved,Wed Mar 11 16:34:57 EDT 2015,Wed Mar 11 16:35:54 EDT 2015,our paper provides a practical approach to performance prediction,We consider the combinatorial problem of scheduling the usage of multiple resources,efficient resource-allocation algorithms have been developed for agents,We extend those existing models to the problem of combinatorial resource scheduling,computationally efficient procedure for computing globally optimal resource assignments,emptyanswer,emptyanswer,emptyanswer,emptyanswer,emptyanswer,emptyanswer,emptyanswer,emptyanswer,emptyanswer,emptyanswer,emptyanswer
3VQTAXTYN2KTAVUC652IMPD7JMTBUJ,31IBVUNM9SYMNBSM6Z3LQK2X5J5VFC,ANB69EQROUTQJ,Approved,Wed Mar 11 22:38:37 EDT 2015,Wed Mar 11 22:39:30 EDT 2015,RESOURCE SCHEDULING,MULTIAGENT SYSTEMS,STOCHASTIC ENVIRONMENTS,MARKOV,RESOURCE-ALLOCATION PROBLEMS,emptyanswer,emptyanswer,emptyanswer,emptyanswer,emptyanswer,emptyanswer,emptyanswer,emptyanswer,emptyanswer,emptyanswer,emptyanswer
3VQTAXTYN2KTAVUC652IMPD7JMTBUJ,3V26SBZTBDD91COW88MVEIVB5Z6ZZ5,A2EEL9YYUHL5SK,Approved,Wed Mar 11 23:37:34 EDT 2015,Wed Mar 11 23:38:58 EDT 2015,Combinatorial Resource Scheduling,Multiagent MDP,stochastic environments,resource-allocation algorithms,We illustrate and empirically analyze the method in the context of a stochastic job-scheduling domain,emptyanswer,emptyanswer,emptyanswer,emptyanswer,emptyanswer,emptyanswer,emptyanswer,emptyanswer,emptyanswer,emptyanswer,emptyanswer
3VQTAXTYN2KTAVUC652IMPD7JMTBUJ,3GFK2QRXX9G703Z2QXV8QAUYOZYW5C,A1A7P5LC80G47W,Approved,Thu Mar 12 00:52:12 EDT 2015,Thu Mar 12 00:53:54 EDT 2015,combinatorial resource scheduling,multiagent mdp,combinatorial problem,resource allocation,infinite-horizon mdp,emptyanswer,emptyanswer,emptyanswer,emptyanswer,emptyanswer,emptyanswer,emptyanswer,emptyanswer,emptyanswer,emptyanswer,emptyanswer
3VQTAXTYN2KTAVUC652IMPD7JMTBUJ,3OS46CRSLFYQ4IZB560HWEPKDLYV68,AM1HY736BY3Z8,Approved,Thu Mar 12 11:06:25 EDT 2015,Thu Mar 12 11:09:16 EDT 2015,Combinatorial Resource Scheduling for Multiagent MDPs,"Optimal resource scheduling in multiagent systems is a computationally challenging task, particularly when the values of resources are not additive",this prior work has focused on static resource-allocation problems where resources are distributed once and then utilized in infinite-horizon MDPs,We provide a computationally efficient procedure for computing globally optimal resource assignments to agents over time.,We illustrate and empirically analyze the method in the context of a stochastic job-scheduling domain.,emptyanswer,emptyanswer,emptyanswer,emptyanswer,emptyanswer,emptyanswer,emptyanswer,emptyanswer,emptyanswer,emptyanswer,emptyanswer
3VQTAXTYN2KTAVUC652IMPD7JMTBUJ,30IQTZXKAK5NUWIR3WLIBYCEGTPX0H,AU3WQKISBW5MZ,Approved,Thu Mar 12 13:31:32 EDT 2015,Thu Mar 12 13:32:33 EDT 2015,"Optimal resource scheduling in multiagent systems is a computationally challenging task, particularly when the values of resources are not additive",We consider the combinatorial problem of scheduling the usage of multiple resources among agents that operate in stochastic environments,"modeled as Markov decision processes (MDPs). In recent years, efficient resource-allocation algorithms have been developed for agents","However, this prior work has focused on static resource-allocation problems where resources are distributed once and then utilized in infinite-horizon MDPs.","We extend those existing models to the problem of combinatorial resource scheduling, where agents persist only for finite periods between their (predefined)",emptyanswer,emptyanswer,emptyanswer,emptyanswer,emptyanswer,emptyanswer,emptyanswer,emptyanswer,emptyanswer,emptyanswer,emptyanswer
3VQTAXTYN2KTAVUC652IMPD7JMTBUJ,326O153BMIX8NGS4K3JL2GBQUDPDEL,A3MVLTRGO37TJD,Approved,Thu Mar 12 14:12:36 EDT 2015,Thu Mar 12 14:14:22 EDT 2015,"Optimal resource scheduling in multiagent systems is a computationally challenging task, particularly when the values of resources are not additive.","scheduling the usage of multiple resources among agents that operate in stochastic environments, modeled as Markov decision processes (MDPs).",efficient resource-allocation algorithms have been developed for agents with resource values induced by MDPs.prior work has focused on static resource-allocation problems where resources are distributed once and then utilized in infinite-horizon MDPs,"agents persist only for finite periods between their (predefined) arrival and departure times, requiring resources only for those time periods",efficient procedure for computing globally optimal resource assignments to agents over time. We illustrate and empirically analyze the method in the context of a stochastic job-scheduling domain.,emptyanswer,emptyanswer,emptyanswer,emptyanswer,emptyanswer,emptyanswer,emptyanswer,emptyanswer,emptyanswer,emptyanswer,emptyanswer
3VQTAXTYN2KTAVUC652IMPD7JMTBUJ,3FQ5JJ512LNKVSBR5J8RWG0PSEQKNX,ADVZAZ12Z8N9J,Approved,Thu Mar 12 16:02:02 EDT 2015,Thu Mar 12 16:04:07 EDT 2015,"Optimal resource scheduling in multiagent systems is a computationally challenging task, particularly when the values of resources are not additive.",N/A,N/A,N/A,N/A,emptyanswer,emptyanswer,emptyanswer,emptyanswer,emptyanswer,emptyanswer,emptyanswer,emptyanswer,emptyanswer,emptyanswer,emptyanswer
3VQTAXTYN2KTAVUC652IMPD7JMTBUJ,3NQL1CS15R7SN29HBPV9F59DCYGYV6,A3DTN2OMF6DUSI,Approved,Fri Mar 13 23:21:56 EDT 2015,Fri Mar 13 23:22:01 EDT 2015,model,model,model,model,model,emptyanswer,emptyanswer,emptyanswer,emptyanswer,emptyanswer,emptyanswer,emptyanswer,emptyanswer,emptyanswer,emptyanswer,emptyanswer
3VQTAXTYN2KTAVUC652IMPD7JMTBUJ,3OSWBBLG1EWHTGJLF89DQ5WXAMIDXI,A31EFJBJF2MBZ2,Approved,Sat Mar 14 02:07:39 EDT 2015,Sat Mar 14 02:26:25 EDT 2015,Optimal resource scheduling in multiagent systems - a challenging task,Considers the combinatorial problem - usage of multiple resources among agents that operate in stochastic environments.,modeled as Markov decision processes (MDPs).,efficient resource-allocation algorithms developed for agents with resource values induced by MDPs.,static resource-allocation problems - resources are distributed once and then utilized in infinite-horizon MDPs.,Upgraded existing models to the problem of combinatorial resource scheduling - requiring resources only for those time periods.,computationally efficient procedure for computing globally optimal resource assignments to agents over time.,analyze the method in the context of a stochastic job-scheduling domain,emptyanswer,emptyanswer,emptyanswer,emptyanswer,emptyanswer,emptyanswer,emptyanswer,emptyanswer
3VQTAXTYN2KTAVUC652IMPD7JMTBUJ,3DYGAII7PL769GLZY35GWRHTR3ZQPF,A610SH5RY1NG1,Approved,Sat Mar 14 07:39:40 EDT 2015,Sat Mar 14 07:39:56 EDT 2015,Combinatorial,Resource Scheduling,Multiagent,scheduling,MDPs,emptyanswer,emptyanswer,emptyanswer,emptyanswer,emptyanswer,emptyanswer,emptyanswer,emptyanswer,emptyanswer,emptyanswer,emptyanswer
3VQTAXTYN2KTAVUC652IMPD7JMTBUJ,3SBEHTYCWN2N1WPHCIWQ0GJJ4YVYIO,A2Z9HR2IBD75R9,Approved,Sat Mar 14 09:24:09 EDT 2015,Sat Mar 14 09:24:27 EDT 2015,Combinatorial Resource Scheduling,Multiagent MDPs,procedure,globally,agents,emptyanswer,emptyanswer,emptyanswer,emptyanswer,emptyanswer,emptyanswer,emptyanswer,emptyanswer,emptyanswer,emptyanswer,emptyanswer
3VQTAXTYN2KTAVUC652IMPD7JMTBUJ,3SEPORI8WNY804GOWG6WXP42XLUZAE,AH3ER3EJXHRO2,Approved,Sat Mar 14 17:11:03 EDT 2015,Sat Mar 14 17:11:35 EDT 2015,combinatorial resource scheduling,multiagent MDPs,optimal resource scheduling,multiple resources,resource-allocation problems,emptyanswer,emptyanswer,emptyanswer,emptyanswer,emptyanswer,emptyanswer,emptyanswer,emptyanswer,emptyanswer,emptyanswer,emptyanswer
3VQTAXTYN2KTAVUC652IMPD7JMTBUJ,3O7L7BFSHEOPVR8QCHKWTDR3MNRIEW,A1HDFKT3ZGK25P,Approved,Sat Mar 14 17:26:01 EDT 2015,Sat Mar 14 17:28:17 EDT 2015,Combinatorial Resource Scheduling,Multiagent MDPs,stochastic environments,Markov decision processes (MDPs),resource-allocation algorithms,infinite-horizon,globally optimal resource assignments,algorithms,emptyanswer,emptyanswer,emptyanswer,emptyanswer,emptyanswer,emptyanswer,emptyanswer,emptyanswer
3VQTAXTYN2KTAVUC652IMPD7JMTBUJ,3ZWFC4W1UU6UU4B5XFYBPNDULKSFRI,AWFQ7OX0UPSM5,Approved,Sat Mar 14 18:53:16 EDT 2015,Sat Mar 14 18:54:02 EDT 2015,Combinatorial Resource Scheduling,Multiagent MDPs,stochastic environments,Markov decision processes (MDPs),static resource-allocation problems,emptyanswer,emptyanswer,emptyanswer,emptyanswer,emptyanswer,emptyanswer,emptyanswer,emptyanswer,emptyanswer,emptyanswer,emptyanswer
3VQTAXTYN2KTAVUC652IMPD7JMTBUJ,3D3VGR7TA0EZESVCDKX9OEOXIUOR3M,ATOMPVWZKAE0E,Approved,Sat Mar 14 19:23:13 EDT 2015,Sat Mar 14 19:26:53 EDT 2015,Multi-agent MDPs,Combinatorial Resource Scheduling,multiagent system,stochastic environment,resource-allocation algorithm,Markov decision processes (MDPs),globally optimal resource computing,stochastic job-scheduling domain,emptyanswer,emptyanswer,emptyanswer,emptyanswer,emptyanswer,emptyanswer,emptyanswer,emptyanswer
3VQTAXTYN2KTAVUC652IMPD7JMTBUJ,3V0Z7YWSIYZ2MHGAI4OE6188XM22VG,A1BV5YY1UQCMZY,Approved,Sat Mar 14 19:43:26 EDT 2015,Sat Mar 14 19:44:16 EDT 2015,combinatorics,multiagent MDPs,resource scheduling,resource-allocation algorithm,globally obtimal resource assignments,agents,emptyanswer,emptyanswer,emptyanswer,emptyanswer,emptyanswer,emptyanswer,emptyanswer,emptyanswer,emptyanswer,emptyanswer
3VQTAXTYN2KTAVUC652IMPD7JMTBUJ,3YWRV122CSYDVHTZTVNAK6JS5GNU8Q,A1G94QON7A9K0N,Approved,Sat Mar 14 20:15:20 EDT 2015,Sat Mar 14 20:15:47 EDT 2015,stochastic,markov,time,resource,analyze,emptyanswer,emptyanswer,emptyanswer,emptyanswer,emptyanswer,emptyanswer,emptyanswer,emptyanswer,emptyanswer,emptyanswer,emptyanswer
3VQTAXTYN2KTAVUC652IMPD7JMTBUJ,3T111IHZ5EPLTUKSUTYJFRRJIN49RT,A29ZV4XJB7R1O,Approved,Sat Mar 14 20:29:13 EDT 2015,Sat Mar 14 20:39:48 EDT 2015,Combinatorial,Resource,Scheduling,Multiagent,MDPs,emptyanswer,emptyanswer,emptyanswer,emptyanswer,emptyanswer,emptyanswer,emptyanswer,emptyanswer,emptyanswer,emptyanswer,emptyanswer
