HitId,AssignmentId,WorkerId,Status,AcceptTime,SubmitTime,Answer 1,Answer 2,Answer 3,Answer 4,Answer 5,Answer 6,Answer 7,Answer 8,Answer 9,Answer 10,Answer 11,Answer 12,Answer 13,Answer 14,Answer 15,Answer 16
3VW0145YLXBGF6NFLVODT3FQE5ZJMK,3LQ8PUHQFLR1F1ZS2IS2EGOGD9NIHR,A221FSWO28B4YF,Approved,Mon Mar 02 12:59:40 EST 2015,Mon Mar 02 13:00:44 EST 2015,automated mechanisms,auctions,preference,outcome,preference aggregation,emptyanswer,emptyanswer,emptyanswer,emptyanswer,emptyanswer,emptyanswer,emptyanswer,emptyanswer,emptyanswer,emptyanswer,emptyanswer
3VW0145YLXBGF6NFLVODT3FQE5ZJMK,3GM6G9ZBKNWDGTGENR7JKSYL5D4TMW,A22R7DT2XQIKXV,Approved,Mon Mar 02 14:04:57 EST 2015,Mon Mar 02 14:05:30 EST 2015,aa,aa,aa,aa,aa,emptyanswer,emptyanswer,emptyanswer,emptyanswer,emptyanswer,emptyanswer,emptyanswer,emptyanswer,emptyanswer,emptyanswer,emptyanswer
3VW0145YLXBGF6NFLVODT3FQE5ZJMK,3G5F9DBFOPW617JS1PRLT5EALCPHVV,A3ODG942FG22PJ,Approved,Mon Mar 02 15:21:49 EST 2015,Mon Mar 02 15:22:19 EST 2015,Automated Mechanism,Combinatorial,Auctions,optimal,agents,NA,NA,NA,NA,NA,NA,NA,NA,NA,NA,NA
3VW0145YLXBGF6NFLVODT3FQE5ZJMK,3DL65MZB8DEYIOMQK7OAIAT88PICEC,A1PXJWCNRYCBS5,Approved,Mon Mar 02 15:42:11 EST 2015,Mon Mar 02 15:46:22 EST 2015,Automated Mechanism Design.,Mechanism design is the art of designing the rules of the game.,Optimal Combinatorial Auctions,Optimal randomized auction,Payment maximizing AMD problem is closely related to an interesting variant of the optimal complete,emptyanswer,emptyanswer,emptyanswer,emptyanswer,emptyanswer,emptyanswer,emptyanswer,emptyanswer,emptyanswer,emptyanswer,emptyanswer
3VW0145YLXBGF6NFLVODT3FQE5ZJMK,30ZX6P7VF8UTVMGG1FAV3DXE16K2JX,AXJJYIFR3JVRJ,Approved,Mon Mar 02 21:58:32 EST 2015,Mon Mar 02 22:03:43 EST 2015,automated mechanism design,multi-agent,combinatorial auction,optimal deterministic mechanisms,payment maximizing,emptyanswer,emptyanswer,emptyanswer,emptyanswer,emptyanswer,emptyanswer,emptyanswer,emptyanswer,emptyanswer,emptyanswer,emptyanswer
3VW0145YLXBGF6NFLVODT3FQE5ZJMK,3KV0LJBBH2K00E3MJ22OKDX3HSWRM6,A2R085B34P2LYS,Approved,Mon Mar 02 22:40:15 EST 2015,Mon Mar 02 22:46:29 EST 2015,Automated,Mechanism,Design,Implications,Optimal,optional,optional,optional,optional,optional,optional,optional,optional,optional,optional,optional
3VW0145YLXBGF6NFLVODT3FQE5ZJMK,3YZ8UPK3VTLF7KJCA73FMSFBUDYCUF,A27I79P03I0ZPO,Approved,Mon Mar 02 23:20:18 EST 2015,Mon Mar 02 23:21:29 EST 2015,Self-interested,Automated,Mechanism,Combinatorial,Auctions,emptyanswer,emptyanswer,emptyanswer,emptyanswer,emptyanswer,emptyanswer,emptyanswer,emptyanswer,emptyanswer,emptyanswer,emptyanswer
3VW0145YLXBGF6NFLVODT3FQE5ZJMK,3LYA37P8IQMIUJMU2T3I5L0VA2PKBA,A1B5NXRZQYRC4R,Approved,Tue Mar 03 09:14:13 EST 2015,Tue Mar 03 09:14:36 EST 2015,self-interested,automated,mechanism,design,implications,emptyanswer,emptyanswer,emptyanswer,emptyanswer,emptyanswer,emptyanswer,emptyanswer,emptyanswer,emptyanswer,emptyanswer,emptyanswer
3VW0145YLXBGF6NFLVODT3FQE5ZJMK,3FDJT1UU747G535L1JC52Z030675KY,A26M2B8NZVKWTZ,Approved,Tue Mar 03 11:06:24 EST 2015,Tue Mar 03 11:06:54 EST 2015,Mechanism,Design,Self-interested,auction,NP-complete,emptyanswer,emptyanswer,emptyanswer,emptyanswer,emptyanswer,emptyanswer,emptyanswer,emptyanswer,emptyanswer,emptyanswer,emptyanswer
3VW0145YLXBGF6NFLVODT3FQE5ZJMK,3WSELTNVR31CES7PQOHEB13LBXETAD,A3FG9YWTFFK1AU,Approved,Tue Mar 03 17:13:26 EST 2015,Tue Mar 03 17:26:48 EST 2015,Self-interested Automated Mechanism Design,Implications,Optimal Combinatorial Auctions,agents,payment-maximizing AMD problem,emptyanswer,emptyanswer,emptyanswer,emptyanswer,emptyanswer,emptyanswer,emptyanswer,emptyanswer,emptyanswer,emptyanswer,emptyanswer
3VW0145YLXBGF6NFLVODT3FQE5ZJMK,3R08VXYT7CUMN7DLEQA5OU8UEKJ7WL,A9LA6QK6VCERR,Approved,Wed Mar 04 00:28:02 EST 2015,Wed Mar 04 00:30:33 EST 2015,Self-interested Automated Mechanism Design,Optimal Combinatorial Auctions,preference aggregation setting,mechanism design optimization,self-interested design,optimal  combinatorial auction design,revenue-maximizing,emptyanswer,emptyanswer,emptyanswer,emptyanswer,emptyanswer,emptyanswer,emptyanswer,emptyanswer,emptyanswer
3VW0145YLXBGF6NFLVODT3FQE5ZJMK,3B837J3LDOV3Y9GR3ZYAWMW99KBSRM,A3H35QRODK1C4K,Approved,Wed Mar 04 10:26:19 EST 2015,Wed Mar 04 10:26:36 EST 2015,self-interested,automated,mechanism,design,optimal,emptyanswer,emptyanswer,emptyanswer,emptyanswer,emptyanswer,emptyanswer,emptyanswer,emptyanswer,emptyanswer,emptyanswer,emptyanswer
3VW0145YLXBGF6NFLVODT3FQE5ZJMK,3Z4XG4ZF48Q5CLNUY0YX4DIWY7P8XY,A3FFZN4FO3Q789,Approved,Wed Mar 04 10:36:33 EST 2015,Wed Mar 04 10:39:42 EST 2015,and,easy,making,each,this,emptyanswer,emptyanswer,emptyanswer,emptyanswer,emptyanswer,emptyanswer,emptyanswer,emptyanswer,emptyanswer,emptyanswer,emptyanswer
3VW0145YLXBGF6NFLVODT3FQE5ZJMK,3DY46V3X3PHDNKKIUW8Z0AHL3IK55P,A3LUJSAN4DQ1ZT,Approved,Wed Mar 04 11:45:37 EST 2015,Wed Mar 04 11:46:14 EST 2015,Self-interested,automated,auctions,NP-complete,randomized,preferences,emptyanswer,emptyanswer,emptyanswer,emptyanswer,emptyanswer,emptyanswer,emptyanswer,emptyanswer,emptyanswer,emptyanswer
3VW0145YLXBGF6NFLVODT3FQE5ZJMK,3FQ5JJ512LNKVSBR5J8RWG0PRUSKNU,A2F6ZON8X5EAGL,Approved,Wed Mar 04 15:11:24 EST 2015,Wed Mar 04 15:12:22 EST 2015,Self-interested Automated Mechanism Design and Implications for Optimal Combinatorial Auctions,agents,outcome,problem,auction,emptyanswer,emptyanswer,emptyanswer,emptyanswer,emptyanswer,emptyanswer,emptyanswer,emptyanswer,emptyanswer,emptyanswer,emptyanswer
3VW0145YLXBGF6NFLVODT3FQE5ZJMK,336YQZE83VDBVR5OMVPLHCS7PE15M8,A3OTLWGJFB65KD,Approved,Wed Mar 04 19:13:27 EST 2015,Wed Mar 04 19:13:33 EST 2015,nothing,nothing,nothing,nothing,nothing,emptyanswer,emptyanswer,emptyanswer,emptyanswer,emptyanswer,emptyanswer,emptyanswer,emptyanswer,emptyanswer,emptyanswer,emptyanswer
3VW0145YLXBGF6NFLVODT3FQE5ZJMK,3II4UPYCOJ6XKJI9TUELWX04CWCDQR,A3S81UFDOWF2ST,Approved,Wed Mar 04 22:27:39 EST 2015,Wed Mar 04 22:28:16 EST 2015,Self-interested Automated Mechanism Design,Implications for Optimal Combinatorial Auctions,Multi-agent,Mechanism design,payment-maximizing,emptyanswer,emptyanswer,emptyanswer,emptyanswer,emptyanswer,emptyanswer,emptyanswer,emptyanswer,emptyanswer,emptyanswer,emptyanswer
3VW0145YLXBGF6NFLVODT3FQE5ZJMK,3WS1NTTKEYB6UAR632FW5RC7B6ZF0D,A1YLO4LT02D2F0,Approved,Wed Mar 04 23:09:39 EST 2015,Wed Mar 04 23:11:17 EST 2015,"preference, report,","choose, consider","build, auction","random, complete, combination","variant, optimize, bidder",emptyanswer,emptyanswer,emptyanswer,emptyanswer,emptyanswer,emptyanswer,emptyanswer,emptyanswer,emptyanswer,emptyanswer,emptyanswer
3VW0145YLXBGF6NFLVODT3FQE5ZJMK,3UJ1CZ6IZHOETMIT6SL7TLRDH5FS57,A1QUDNLO95AKS5,Approved,Thu Mar 05 09:01:23 EST 2015,Thu Mar 05 09:35:58 EST 2015,Self-interested,Automated Mechanism Design,Implications,Optimal Combinatorial Auctions,preferences,emptyanswer,emptyanswer,emptyanswer,emptyanswer,emptyanswer,emptyanswer,emptyanswer,emptyanswer,emptyanswer,emptyanswer,emptyanswer
3VW0145YLXBGF6NFLVODT3FQE5ZJMK,3TDXMTX3CBTLICFB6Z1YHPZQ424I61,A3DHYTZ1GPN0T8,Approved,Thu Mar 05 13:14:38 EST 2015,Thu Mar 05 13:15:15 EST 2015,Mechanism,optimization,aggregation,randomized,best-only,emptyanswer,emptyanswer,emptyanswer,emptyanswer,emptyanswer,emptyanswer,emptyanswer,emptyanswer,emptyanswer,emptyanswer,emptyanswer
3VW0145YLXBGF6NFLVODT3FQE5ZJMK,3NLZY2D53POGIV616BC9FA89L8PQL1,A3I10J1GPDAPQR,Approved,Thu Mar 05 15:50:42 EST 2015,Thu Mar 05 15:52:21 EST 2015,Self-interested Automated Mechanism Design,Optimal Combinatorial Auctions,optimal randomized auction,optimal deterministic auction,NP-complete,emptyanswer,emptyanswer,emptyanswer,emptyanswer,emptyanswer,emptyanswer,emptyanswer,emptyanswer,emptyanswer,emptyanswer,emptyanswer
3VW0145YLXBGF6NFLVODT3FQE5ZJMK,3ZY8KE4ISJ2JE0IVKFEF2J6BC6QVQO,A2SDTL2V8VJ25O,Approved,Thu Mar 05 15:57:33 EST 2015,Thu Mar 05 15:58:47 EST 2015,Self-interested,Implications,Mechanism,AMD problem,relevant,emptyanswer,emptyanswer,emptyanswer,emptyanswer,emptyanswer,emptyanswer,emptyanswer,emptyanswer,emptyanswer,emptyanswer,emptyanswer
3VW0145YLXBGF6NFLVODT3FQE5ZJMK,3FIJLY1B6U39IRVQKNUMKSDFJGRFP4,ADUJUZANFOWKW,Approved,Thu Mar 05 17:51:35 EST 2015,Thu Mar 05 17:52:08 EST 2015,design,auction,NP-complete,mechanism,preferences,emptyanswer,emptyanswer,emptyanswer,emptyanswer,emptyanswer,emptyanswer,emptyanswer,emptyanswer,emptyanswer,emptyanswer,emptyanswer
3VW0145YLXBGF6NFLVODT3FQE5ZJMK,34MAJL3QP4MSDMTE281WGLDNPUS43V,A3G4SXD4N30C3L,Approved,Thu Mar 05 18:06:34 EST 2015,Thu Mar 05 18:08:25 EST 2015,Self-interested Automated Mechanism Design,Implications for Optimal Combinatorial Auctions,Mechanism design,benevolent designer,NP-complete,payment-maximizing AMD problem,optimal randomized auction,emptyanswer,emptyanswer,emptyanswer,emptyanswer,emptyanswer,emptyanswer,emptyanswer,emptyanswer,emptyanswer
3VW0145YLXBGF6NFLVODT3FQE5ZJMK,3QHK8ZVMIMHTEP4CNTFJKLDAZAGBL6,A156E6TWVB7GP7,Approved,Thu Mar 05 22:28:56 EST 2015,Thu Mar 05 22:30:57 EST 2015,Automated mechanism design,Computed aggregation,needs renewal,self-interested,outcome chosen,randomization,payment-maxmizing,emptyanswer,emptyanswer,emptyanswer,emptyanswer,emptyanswer,emptyanswer,emptyanswer,emptyanswer,emptyanswer
3VW0145YLXBGF6NFLVODT3FQE5ZJMK,3M68NM076H6YBBIUWMV7VH0HR376RN,A2KELEVTA0306Y,Approved,Fri Mar 06 08:03:11 EST 2015,Fri Mar 06 08:05:36 EST 2015,outcome,preferences,reported,agents,difficulty,insincerely,deterministic,designing,optimal,rules,interested,NP-complete,Finally,special,center,randomized
3VW0145YLXBGF6NFLVODT3FQE5ZJMK,3UNH76FOCS49XFF8XXUIS9Q0KRMYME,AQXSUU4I4DAH8,Approved,Fri Mar 06 11:05:58 EST 2015,Fri Mar 06 11:07:02 EST 2015,group of agents,Self-interested,payment-maximizing AMD problem,Implications for Optimal Combinatorial Auctions,Automated Mechanism Design,emptyanswer,emptyanswer,emptyanswer,emptyanswer,emptyanswer,emptyanswer,emptyanswer,emptyanswer,emptyanswer,emptyanswer,emptyanswer
3VW0145YLXBGF6NFLVODT3FQE5ZJMK,3Z3ZLGNNSITZ2RGC0589JOESLRF3QR,A1W7BQWWGKJ3XF,Approved,Fri Mar 06 16:50:41 EST 2015,Fri Mar 06 16:54:36 EST 2015,Optimal Combinatorial Auctions,Self-interested Automated Mechanism Design,randomization,relevence,outcome,emptyanswer,emptyanswer,emptyanswer,emptyanswer,emptyanswer,emptyanswer,emptyanswer,emptyanswer,emptyanswer,emptyanswer,emptyanswer
3VW0145YLXBGF6NFLVODT3FQE5ZJMK,3M23Y66PO26ACQI7BBVCLR5DD8E6S5,A2Q49PGT1MQAPI,Approved,Sat Mar 07 00:24:45 EST 2015,Sat Mar 07 00:26:37 EST 2015,Mechanism design,automated mechanism design,optimal deterministic mechanisms,auction design problem,auctions,emptyanswer,emptyanswer,emptyanswer,emptyanswer,emptyanswer,emptyanswer,emptyanswer,emptyanswer,emptyanswer,emptyanswer,emptyanswer
3VW0145YLXBGF6NFLVODT3FQE5ZJMK,3NG53N1RLVI03CL3C9OGA0WTWJIP8F,A9HQ3E0F2AGVO,Approved,Sat Mar 07 11:39:21 EST 2015,Sat Mar 07 11:40:33 EST 2015,Mechanism design,desirable outcome,benevolent designer,optimal deterministic mechanisms,randomization,emptyanswer,emptyanswer,emptyanswer,emptyanswer,emptyanswer,emptyanswer,emptyanswer,emptyanswer,emptyanswer,emptyanswer,emptyanswer
3VW0145YLXBGF6NFLVODT3FQE5ZJMK,3VHP9MDGRNJQO2MMFI8G0SE8K4OFCG,A2YW509B0UMSEH,Approved,Sat Mar 07 14:00:52 EST 2015,Sat Mar 07 14:02:01 EST 2015,automated mechanism,Auction,agent,game,bidder,emptyanswer,emptyanswer,emptyanswer,emptyanswer,emptyanswer,emptyanswer,emptyanswer,emptyanswer,emptyanswer,emptyanswer,emptyanswer
3VW0145YLXBGF6NFLVODT3FQE5ZJMK,339ANSOTR51SHR0083VZR84856XIKX,A1AWEM2XEAVOVQ,Approved,Sat Mar 07 19:06:35 EST 2015,Sat Mar 07 19:10:01 EST 2015,mechanism design,optimization problem,automated mechanism design problems,optimal deterministic auction is NP-complete,designing optimal randomized auction is easy,emptyanswer,emptyanswer,emptyanswer,emptyanswer,emptyanswer,emptyanswer,emptyanswer,emptyanswer,emptyanswer,emptyanswer,emptyanswer
3VW0145YLXBGF6NFLVODT3FQE5ZJMK,3VP0C6EFSGV7EV52REZQ9I67LKM6ML,A38IE69ORDCEGY,Approved,Sat Mar 07 23:00:48 EST 2015,Sat Mar 07 23:03:58 EST 2015,Self-interested automated mechanism design,Optimal combinatorial auctions,agent preferences,optimal randomized auction,NP-complete,emptyanswer,emptyanswer,emptyanswer,emptyanswer,emptyanswer,emptyanswer,emptyanswer,emptyanswer,emptyanswer,emptyanswer,emptyanswer
3VW0145YLXBGF6NFLVODT3FQE5ZJMK,36DSNE9QZ5X72T5LOD8SAQ0H2QMOJP,APEB5ERGCYP6D,Approved,Sat Mar 07 23:42:25 EST 2015,Sat Mar 07 23:49:52 EST 2015,an outcome must be chosen on the basis of the preferences,reported by a group of agents,key difficulty is that the agents may report,designing an optimal deterministic auction is NP-complete,but designing an optimal randomized auction is easy,emptyanswer,emptyanswer,emptyanswer,emptyanswer,emptyanswer,emptyanswer,emptyanswer,emptyanswer,emptyanswer,emptyanswer,emptyanswer
3VW0145YLXBGF6NFLVODT3FQE5ZJMK,3X4JMASXCM8GHTFQY0T0M1LMWJGB0M,A1JWEYGDFDB100,Approved,Sun Mar 08 09:59:03 EDT 2015,Sun Mar 08 10:01:06 EDT 2015,Self-interested Automated Mechanism Design,Optimal Combinatorial Auctions,"report their preferences truthfully,",randomization in the mechanism,payment-maximizing AMD problem,emptyanswer,emptyanswer,emptyanswer,emptyanswer,emptyanswer,emptyanswer,emptyanswer,emptyanswer,emptyanswer,emptyanswer,emptyanswer
3VW0145YLXBGF6NFLVODT3FQE5ZJMK,3JMSRU9HQITUHXSQBOJF82HXTCCVE4,A1K9PIQUNAFW51,Approved,Sun Mar 08 13:37:10 EDT 2015,Sun Mar 08 13:38:14 EDT 2015,automated mechanism design,preference aggregation,AMD,randomizarion,optimal deterministic auction,emptyanswer,emptyanswer,emptyanswer,emptyanswer,emptyanswer,emptyanswer,emptyanswer,emptyanswer,emptyanswer,emptyanswer,emptyanswer
3VW0145YLXBGF6NFLVODT3FQE5ZJMK,3WJ1OXY92AFTG8F1NQ6JK57YXZGA8M,A156NFBMKKLDL9,Approved,Sun Mar 08 14:43:39 EDT 2015,Sun Mar 08 14:44:46 EDT 2015,Self-interested Automated Mechanism Design,Implications for Optimal Combinatorial Auctions,revenue-maximizing,chosen outcome,preferences reported by a group of agents,emptyanswer,emptyanswer,emptyanswer,emptyanswer,emptyanswer,emptyanswer,emptyanswer,emptyanswer,emptyanswer,emptyanswer,emptyanswer
3VW0145YLXBGF6NFLVODT3FQE5ZJMK,32Z9ZLUT1LJBBNAV0D57YDK2PZGOHK,A2GBY8O6GYSB89,Approved,Sun Mar 08 19:24:18 EDT 2015,Sun Mar 08 19:25:08 EDT 2015,Self-interested Automated Mechanism Design,Implications,Optimal Combinatorial Auctions,outcome must be chosen,preferences insincerely,"bidders have ""best-only"" preferences",emptyanswer,emptyanswer,emptyanswer,emptyanswer,emptyanswer,emptyanswer,emptyanswer,emptyanswer,emptyanswer,emptyanswer
3VW0145YLXBGF6NFLVODT3FQE5ZJMK,32M8BPYGATLNF54HICAKTGCFYRWIGE,A2EEL9YYUHL5SK,Approved,Mon Mar 09 01:05:37 EDT 2015,Mon Mar 09 01:06:51 EDT 2015,Self-interested Automated Mechanism Design,Implications for Optimal Combinatorial Auctions,Mechanism design is the art of designing the rules of the game,the mechanism design optimization problem needs to be solved anew each time.,we show that designing optimal deterministic mechanisms is NP-complete in two important special cases,emptyanswer,emptyanswer,emptyanswer,emptyanswer,emptyanswer,emptyanswer,emptyanswer,emptyanswer,emptyanswer,emptyanswer,emptyanswer
3VW0145YLXBGF6NFLVODT3FQE5ZJMK,3CTOC39K37P0HNDM7RRQZ4EMC4IJ76,A2E2IQ99W6B7AV,Approved,Mon Mar 09 06:33:07 EDT 2015,Mon Mar 09 06:35:08 EDT 2015,Automated designs,Preference checking,System Design optimization,Auctioning,Outcomes,emptyanswer,emptyanswer,emptyanswer,emptyanswer,emptyanswer,emptyanswer,emptyanswer,emptyanswer,emptyanswer,emptyanswer,emptyanswer
3VW0145YLXBGF6NFLVODT3FQE5ZJMK,3C6FJU71TQSSANKH6ZL4JJ7UXJSUYH,A2SZAM3EZER2PH,Approved,Mon Mar 09 07:11:55 EDT 2015,Mon Mar 09 07:12:48 EDT 2015,"Often, an outcome",Mechanism design,benevolent designer,designing optimal deterministic,randomized auction is easy,emptyanswer,emptyanswer,emptyanswer,emptyanswer,emptyanswer,emptyanswer,emptyanswer,emptyanswer,emptyanswer,emptyanswer,emptyanswer
3VW0145YLXBGF6NFLVODT3FQE5ZJMK,33CUSNVVNNBFXKMMQSM5OE137D1885,A12J6O77R7WG93,Approved,Mon Mar 09 09:05:01 EDT 2015,Mon Mar 09 09:08:49 EDT 2015,Mechanism design,desirable outcome,preference aggregation,benevolent designer,optimal deterministic mechanisms,randomization,emptyanswer,emptyanswer,emptyanswer,emptyanswer,emptyanswer,emptyanswer,emptyanswer,emptyanswer,emptyanswer,emptyanswer
3VW0145YLXBGF6NFLVODT3FQE5ZJMK,3HRMW88U16PC0KJNPPJ90HWG8KX0MH,ACYGMRGAZ22U7,Approved,Mon Mar 09 17:57:55 EDT 2015,Mon Mar 09 17:58:00 EDT 2015,Keyword/Keyphrase 1:,Keyword/Keyphrase 1:,Keyword/Keyphrase 1:,Keyword/Keyphrase 1:,Keyword/Keyphrase 1:,emptyanswer,emptyanswer,emptyanswer,emptyanswer,emptyanswer,emptyanswer,emptyanswer,emptyanswer,emptyanswer,emptyanswer,emptyanswer
3VW0145YLXBGF6NFLVODT3FQE5ZJMK,3RXCAC0YIROUQZS49QYTGRI1VX0G8H,A3HPVFAF1U9WXK,Approved,Tue Mar 10 02:26:29 EDT 2015,Tue Mar 10 02:27:43 EDT 2015,Automated Mechanism Design,Self-interested,Optimal Combinatorial Auctions,agents,optimal deterministic mechanisms,emptyanswer,emptyanswer,emptyanswer,emptyanswer,emptyanswer,emptyanswer,emptyanswer,emptyanswer,emptyanswer,emptyanswer,emptyanswer
3VW0145YLXBGF6NFLVODT3FQE5ZJMK,35H6S234SAZ96OKWZFI4SGVLZUB65K,A3UY2GVCKC8LSL,Approved,Tue Mar 10 06:43:35 EDT 2015,Tue Mar 10 06:44:28 EDT 2015,revenue-maximizing,NP-complete,payment-maximizing,Optimal Combinatorial Auctions,Self-interested Automated Mechanism Design,emptyanswer,emptyanswer,emptyanswer,emptyanswer,emptyanswer,emptyanswer,emptyanswer,emptyanswer,emptyanswer,emptyanswer,emptyanswer
3VW0145YLXBGF6NFLVODT3FQE5ZJMK,37FMASSAYCQROOW62QI6S5LIIH1IB0,AW36CVMS3526O,Approved,Tue Mar 10 11:50:26 EDT 2015,Tue Mar 10 11:51:59 EDT 2015,Automated,reported,truthfully,benevolent,benevolent,emptyanswer,emptyanswer,emptyanswer,emptyanswer,emptyanswer,emptyanswer,emptyanswer,emptyanswer,emptyanswer,emptyanswer,emptyanswer
3VW0145YLXBGF6NFLVODT3FQE5ZJMK,38F71OA9GTV3XOYDS72U3OJKEPRFMB,ATRHDYWCIYTDJ,Approved,Wed Mar 11 04:14:50 EDT 2015,Wed Mar 11 04:15:03 EDT 2015,bidders,preferences,complete,deterministic,automated,emptyanswer,emptyanswer,emptyanswer,emptyanswer,emptyanswer,emptyanswer,emptyanswer,emptyanswer,emptyanswer,emptyanswer,emptyanswer
3VW0145YLXBGF6NFLVODT3FQE5ZJMK,3E1QT0TDFP88MQYZZEYW13VHAD0I8P,A3CMDYA9USA3MR,Approved,Wed Mar 11 07:20:34 EDT 2015,Wed Mar 11 07:20:48 EDT 2015,outcome,preferences,agents,optimal,bidders,emptyanswer,emptyanswer,emptyanswer,emptyanswer,emptyanswer,emptyanswer,emptyanswer,emptyanswer,emptyanswer,emptyanswer,emptyanswer
3VW0145YLXBGF6NFLVODT3FQE5ZJMK,3M68NM076H6YBBIUWMV7VH0HREUR6H,A3K6BSW10S4YKJ,Approved,Wed Mar 11 08:36:07 EDT 2015,Wed Mar 11 08:38:13 EDT 2015,Mechanism design,mechanism design optimization problem needs to be solved anew each time,automated mechanism design problems where the designer is self-interested,NP-complete,the payment-maximizing AMD problem,emptyanswer,emptyanswer,emptyanswer,emptyanswer,emptyanswer,emptyanswer,emptyanswer,emptyanswer,emptyanswer,emptyanswer,emptyanswer
3VW0145YLXBGF6NFLVODT3FQE5ZJMK,3OF2M9AATGNECHPA87JLR37Y1QDKZO,A28IXE702NXWKQ,Approved,Wed Mar 11 15:55:36 EDT 2015,Wed Mar 11 15:57:08 EDT 2015,"Often, an outcome",chosen on the basis of the preferences,Mechanism design is the art of designing,Unlike the earlier work on automated mechanism design,but designing an optimal randomized auction is easy,emptyanswer,emptyanswer,emptyanswer,emptyanswer,emptyanswer,emptyanswer,emptyanswer,emptyanswer,emptyanswer,emptyanswer,emptyanswer
3VW0145YLXBGF6NFLVODT3FQE5ZJMK,3TESA3PJ31993YQUEU67YE3TCS9MM0,A2UNRV6PEOEXG0,Approved,Thu Mar 12 00:44:49 EDT 2015,Thu Mar 12 00:45:36 EDT 2015,Optimal Combinatorial Auctions,auctions,bidders,optimal deterministic auction,randomized auction,emptyanswer,emptyanswer,emptyanswer,emptyanswer,emptyanswer,emptyanswer,emptyanswer,emptyanswer,emptyanswer,emptyanswer,emptyanswer
3VW0145YLXBGF6NFLVODT3FQE5ZJMK,3A1PQ49WVHGQFV3UUB7WMH7UXV91HS,A2JOYXFN8HXXLS,Approved,Thu Mar 12 11:07:33 EDT 2015,Thu Mar 12 12:00:32 EDT 2015,mechanism design,adapting to personal interests,designing a better system,auction design,revenue maximization,emptyanswer,emptyanswer,emptyanswer,emptyanswer,emptyanswer,emptyanswer,emptyanswer,emptyanswer,emptyanswer,emptyanswer,emptyanswer
3VW0145YLXBGF6NFLVODT3FQE5ZJMK,3SB4CE2TJVUJV9G9VYIB04ORPFZAXJ,A2KS418T8MPLJH,Approved,Thu Mar 12 12:07:51 EDT 2015,Thu Mar 12 12:08:42 EDT 2015,Self-interested Automated Mechanism Design,Design and Implications for Optimal Combinatorial Auctions,"Often, an outcome must be chosen on the basis of the preferences reported by a group of agents",Mechanism design is the art of designing the rules of the game so that the agents are motivated to report their preferences truthfully,AMD problem is closely related to an interesting variant of the optimal,emptyanswer,emptyanswer,emptyanswer,emptyanswer,emptyanswer,emptyanswer,emptyanswer,emptyanswer,emptyanswer,emptyanswer,emptyanswer
3VW0145YLXBGF6NFLVODT3FQE5ZJMK,333U7HK6I9EGYWEWY4UCZWOIZKIDJ1,AM1HY736BY3Z8,Approved,Thu Mar 12 12:42:14 EDT 2015,Thu Mar 12 12:43:21 EDT 2015,Self-interested Automated Mechanism Design and Implications for Optimal Combinatorial Auctions,"Often, an outcome must be chosen on the basis of the preferences reported by a group of agents.",The key difficulty is that the agents may report their preferences insincerely to make the chosen outcome more favorable to themselves.,The reason that the agents' preferences are relevant is that the center is constrained to making each agent at least as well off as the agent would have been had it not participated in the mechanism.,"the bidders have ""best-only"" preferences. We show that here, too, designing an optimal deterministic auction is NP-complete, but designing an optimal randomized auction is easy.",emptyanswer,emptyanswer,emptyanswer,emptyanswer,emptyanswer,emptyanswer,emptyanswer,emptyanswer,emptyanswer,emptyanswer,emptyanswer
3VW0145YLXBGF6NFLVODT3FQE5ZJMK,3EG49X351UBI87465L1ZKZM5TXD6XV,AU3WQKISBW5MZ,Approved,Thu Mar 12 14:31:42 EDT 2015,Thu Mar 12 14:32:09 EDT 2015,"Often, an outcome must be chosen on the basis of the preferences reported by a group of agents. The key difficulty is that the agents may report their preferences insincerely to make the chosen outcome more favorable to themselves. Mechanism design is the art of designing the rules of the game so that the agents are motivated to report their preferences truthfully, and a desirable outcome is chosen. In a recently proposed approach---called automated mechanism design ---a mechanism is computed for the preference aggregation setting at hand. This has several advantages, but the downside is that the mechanism design optimization problem needs to be solved anew each time.","Often, an outcome must be chosen on the basis of the preferences reported by a group of agents. The key difficulty is that the agents may report their preferences insincerely to make the chosen outcome more favorable to themselves. Mechanism design is the art of designing the rules of the game so that the agents are motivated to report their preferences truthfully, and a desirable outcome is chosen. In a recently proposed approach---called automated mechanism design ---a mechanism is computed for the preference aggregation setting at hand. This has several advantages, but the downside is that the mechanism design optimization problem needs to be solved anew each time.","Unlike the earlier work on automated mechanism design that studied a benevolent designer, in this paper we study automated mechanism design problems where the designer is self-interested. In this case, the center cares only about which outcome is chosen and what payments are made to it. The reason that the agents' preferences are relevant is that the center is constrained to making each agent at least as well off as the agent would have been had it not participated in the mechanism.","Unlike the earlier work on automated mechanism design that studied a benevolent designer, in this paper we study automated mechanism design problems where the designer is self-interested. In this case, the center cares only about which outcome is chosen and what payments are made to it. The reason that the agents' preferences are relevant is that the center is constrained to making each agent at least as well off as the agent would have been had it not participated in the mechanism.","AMD problem is closely related to an interesting variant of the optimal (revenue-maximizing) combinatorial auction design problem, where the bidders have ""best-only"" preferences. We show that here, too, designing an optimal deterministic auction is NP-complete, but designing an optimal randomized auction is easy.",emptyanswer,emptyanswer,emptyanswer,emptyanswer,emptyanswer,emptyanswer,emptyanswer,emptyanswer,emptyanswer,emptyanswer,emptyanswer
3VW0145YLXBGF6NFLVODT3FQE5ZJMK,38F71OA9GTV3XOYDS72U3OJKFSYMFW,A3MRB8TFD1IUS6,Approved,Thu Mar 12 15:31:48 EDT 2015,Thu Mar 12 15:34:25 EDT 2015,Self interested Automated Mechanism Design,Implications for Optimal Combinatorial Auctions,payment maximizing AMD problem,preference aggregation,advantages,emptyanswer,emptyanswer,emptyanswer,emptyanswer,emptyanswer,emptyanswer,emptyanswer,emptyanswer,emptyanswer,emptyanswer,emptyanswer
3VW0145YLXBGF6NFLVODT3FQE5ZJMK,3TMSXRD2X6Z8CLYJPATWNKHHCKZ1W7,ADVZAZ12Z8N9J,Approved,Thu Mar 12 19:30:56 EDT 2015,Thu Mar 12 19:35:42 EDT 2015,"Often, an outcome must be chosen on the basis of the preferences reported by a group of agents.",N/A,N/A,N/A,N/A,emptyanswer,emptyanswer,emptyanswer,emptyanswer,emptyanswer,emptyanswer,emptyanswer,emptyanswer,emptyanswer,emptyanswer,emptyanswer
3VW0145YLXBGF6NFLVODT3FQE5ZJMK,3VSOLARPKB8TASZQJ3XNXTO3C5Z93S,A3DTN2OMF6DUSI,Approved,Fri Mar 13 23:00:10 EDT 2015,Fri Mar 13 23:00:30 EDT 2015,Automated,Mechanism,Design,Implications,Auctions,emptyanswer,emptyanswer,emptyanswer,emptyanswer,emptyanswer,emptyanswer,emptyanswer,emptyanswer,emptyanswer,emptyanswer,emptyanswer
3VW0145YLXBGF6NFLVODT3FQE5ZJMK,3RRCEFRB7MBXGHXRH1G2Y4BZE50B4R,A8HUG07IE2R3,Approved,Fri Mar 13 23:16:28 EDT 2015,Fri Mar 13 23:19:37 EDT 2015,Mechanism design is the art of designing the rules of the game,problems where the designer is self-interested,not participated in the mechanism,NP-complete in two important special cases,AMD problem is closely related to an interesting variant,designing an optimal randomized auction,emptyanswer,emptyanswer,emptyanswer,emptyanswer,emptyanswer,emptyanswer,emptyanswer,emptyanswer,emptyanswer,emptyanswer
3VW0145YLXBGF6NFLVODT3FQE5ZJMK,3LQ8PUHQFLR1F1ZS2IS2EGOGE28IHZ,A610SH5RY1NG1,Approved,Sat Mar 14 07:36:48 EDT 2015,Sat Mar 14 07:37:02 EDT 2015,Self-interested,Automated,Mechanism,Design,Optimal,emptyanswer,emptyanswer,emptyanswer,emptyanswer,emptyanswer,emptyanswer,emptyanswer,emptyanswer,emptyanswer,emptyanswer,emptyanswer
3VW0145YLXBGF6NFLVODT3FQE5ZJMK,3JMSRU9HQITUHXSQBOJF82HXUOPVE6,A2Z9HR2IBD75R9,Approved,Sat Mar 14 09:47:07 EDT 2015,Sat Mar 14 09:48:37 EDT 2015,Self-interested Automated Mechanism Design,Implications,Optimal Combinatorial Auctions,preferences,auction,emptyanswer,emptyanswer,emptyanswer,emptyanswer,emptyanswer,emptyanswer,emptyanswer,emptyanswer,emptyanswer,emptyanswer,emptyanswer
3VW0145YLXBGF6NFLVODT3FQE5ZJMK,3KB8R4ZV1E6DSXQBC2I37T824DLBGW,AH3ER3EJXHRO2,Approved,Sat Mar 14 16:45:12 EDT 2015,Sat Mar 14 16:46:06 EDT 2015,automated mechanism design,optimal combinatorial auctions,agents,preference aggregation,payment-maximizing,emptyanswer,emptyanswer,emptyanswer,emptyanswer,emptyanswer,emptyanswer,emptyanswer,emptyanswer,emptyanswer,emptyanswer,emptyanswer
3VW0145YLXBGF6NFLVODT3FQE5ZJMK,3HHRAGRYX84IWHSC21HFLWME7ZDO9Q,ATOMPVWZKAE0E,Approved,Sat Mar 14 18:58:47 EDT 2015,Sat Mar 14 19:02:10 EDT 2015,Combinatorial Auction,Self-interested Automated Mechanism Design,preference aggregation,design optimization,agent preference,optimal deterministic mechanism,randomization,revenue maximizing,optimal randomized auction,emptyanswer,emptyanswer,emptyanswer,emptyanswer,emptyanswer,emptyanswer,emptyanswer
3VW0145YLXBGF6NFLVODT3FQE5ZJMK,3KJYX6QCM9A2SDEIPPU65IUPZXOJVK,A1BV5YY1UQCMZY,Approved,Sat Mar 14 19:50:18 EDT 2015,Sat Mar 14 19:51:05 EDT 2015,automated mechanism design,optimal combinatorial auction,revenue-maximizing,bidding,NP-complete,optimal deterministic auction,emptyanswer,emptyanswer,emptyanswer,emptyanswer,emptyanswer,emptyanswer,emptyanswer,emptyanswer,emptyanswer,emptyanswer
3VW0145YLXBGF6NFLVODT3FQE5ZJMK,388U7OUMF703X0WFUXFQMGQQFJ9R0Y,A1G94QON7A9K0N,Approved,Sat Mar 14 20:27:09 EDT 2015,Sat Mar 14 20:27:32 EDT 2015,automated,mechanism,payment,amd,np-complete,emptyanswer,emptyanswer,emptyanswer,emptyanswer,emptyanswer,emptyanswer,emptyanswer,emptyanswer,emptyanswer,emptyanswer,emptyanswer
3VW0145YLXBGF6NFLVODT3FQE5ZJMK,3L6L49WXW0WVR1GIGRPPVIB74D145E,A29ZV4XJB7R1O,Approved,Sat Mar 14 20:28:28 EDT 2015,Sat Mar 14 20:39:05 EDT 2015,Self-interested,Automated,Mechanism Design,Optimal,Combinatorial Auctions,emptyanswer,emptyanswer,emptyanswer,emptyanswer,emptyanswer,emptyanswer,emptyanswer,emptyanswer,emptyanswer,emptyanswer,emptyanswer
3VW0145YLXBGF6NFLVODT3FQE5ZJMK,3ERET4BTVM8Z6Q7X49PMEF55NVHK9I,A2TM0CPAMAO45B,Approved,Sat Mar 14 21:34:43 EDT 2015,Sat Mar 14 21:35:33 EDT 2015,Self-interested Automated Mechanism Design,Combinatorial Auctions,agent problems,designer is self-interested,cares only about outcomes and payment,emptyanswer,emptyanswer,emptyanswer,emptyanswer,emptyanswer,emptyanswer,emptyanswer,emptyanswer,emptyanswer,emptyanswer,emptyanswer
3VW0145YLXBGF6NFLVODT3FQE5ZJMK,35LDD5557A3EDAQRTITRJ1BPNUOKMH,A9VLWY4KW6OCB,Approved,Sat Mar 14 21:43:42 EDT 2015,Sat Mar 14 22:05:26 EDT 2015,Optimal,Auctions,Automated,Mechanism,Design,emptyanswer,emptyanswer,emptyanswer,emptyanswer,emptyanswer,emptyanswer,emptyanswer,emptyanswer,emptyanswer,emptyanswer,emptyanswer
3VW0145YLXBGF6NFLVODT3FQE5ZJMK,38BQUHLA9WZX31B6RALKQISY7ZZMO4,A2I4DDHMIT7HX,Approved,Sat Mar 14 22:20:36 EDT 2015,Sat Mar 14 22:22:20 EDT 2015,optimal combinatorial auctions,automated mechanism design,preference aggregation,mechanism design optimization,NP-complete,randomization,payment-maximizing,revenue-maximizing,emptyanswer,emptyanswer,emptyanswer,emptyanswer,emptyanswer,emptyanswer,emptyanswer,emptyanswer
