HitId,AssignmentId,WorkerId,Status,AcceptTime,SubmitTime,Answer 1,Answer 2,Answer 3,Answer 4,Answer 5,Answer 6,Answer 7,Answer 8,Answer 9,Answer 10,Answer 11,Answer 12,Answer 13,Answer 14,Answer 15,Answer 16
3W1K7D6QSAGAWUOMCS1Q3HSML48ZBW,3Z9WI9EOZZNSLWPG2LDERW3T5DCHK1,A1XRIEYLA7ZJ3B,Approved,Mon Mar 02 12:47:33 EST 2015,Mon Mar 02 12:52:15 EST 2015,Empirical Mechanism Design,Supply-Chain Scenario,mechanism parameter settings,supply-chain trading competition,several rule changes,emptyanswer,emptyanswer,emptyanswer,emptyanswer,emptyanswer,emptyanswer,emptyanswer,emptyanswer,emptyanswer,emptyanswer,emptyanswer
3W1K7D6QSAGAWUOMCS1Q3HSML48ZBW,32SVAV9L3F87FB9VB9BNTOZNHX5A3F,A22R7DT2XQIKXV,Approved,Mon Mar 02 14:57:57 EST 2015,Mon Mar 02 14:58:02 EST 2015,aa,aa,aa,aa,aa,emptyanswer,emptyanswer,emptyanswer,emptyanswer,emptyanswer,emptyanswer,emptyanswer,emptyanswer,emptyanswer,emptyanswer,emptyanswer
3W1K7D6QSAGAWUOMCS1Q3HSML48ZBW,35LDD5557A3EDAQRTITRJ1BPM0YKM2,A3FG9YWTFFK1AU,Approved,Mon Mar 02 20:23:38 EST 2015,Mon Mar 02 20:28:49 EST 2015,Empirical Mechanism Design,Methods,Application to a Supply-Chain Scenario,learning and search techniques,mechanism parameter settings,optimal mechanism parameter setting,emptyanswer,emptyanswer,emptyanswer,emptyanswer,emptyanswer,emptyanswer,emptyanswer,emptyanswer,emptyanswer,emptyanswer
3W1K7D6QSAGAWUOMCS1Q3HSML48ZBW,3B1NLC6UGZVFWRRLV7042DDRKOWPG4,A2R085B34P2LYS,Approved,Mon Mar 02 22:13:05 EST 2015,Mon Mar 02 22:14:59 EST 2015,Empirical,Mechanism,Design,Methods,Application,optional,optional,optional,optional,optional,optional,optional,optional,optional,optional,optional
3W1K7D6QSAGAWUOMCS1Q3HSML48ZBW,3OE22WJIGINJ1LTVFP4A6X4SYSYQUX,A26M2B8NZVKWTZ,Approved,Mon Mar 02 23:03:01 EST 2015,Mon Mar 02 23:03:42 EST 2015,Empirical,Mechanism,Scenario,Methods,Application,emptyanswer,emptyanswer,emptyanswer,emptyanswer,emptyanswer,emptyanswer,emptyanswer,emptyanswer,emptyanswer,emptyanswer,emptyanswer
3W1K7D6QSAGAWUOMCS1Q3HSML48ZBW,3NGI5ARFTT4ISC1IDOF1VQ9LI0WP1P,A1B5NXRZQYRC4R,Approved,Tue Mar 03 06:23:51 EST 2015,Tue Mar 03 06:25:06 EST 2015,Empirical Mechanism Design,Methods,Application to a Supply-Chain,conditions,mechanism parameter,emptyanswer,emptyanswer,emptyanswer,emptyanswer,emptyanswer,emptyanswer,emptyanswer,emptyanswer,emptyanswer,emptyanswer,emptyanswer
3W1K7D6QSAGAWUOMCS1Q3HSML48ZBW,37WLF8U1WPPCO75Z62MAU5E3W1I6KF,A27I79P03I0ZPO,Approved,Tue Mar 03 10:38:36 EST 2015,Tue Mar 03 10:39:50 EST 2015,proposes,Mechanism,Application,Supply-Chain,measures,emptyanswer,emptyanswer,emptyanswer,emptyanswer,emptyanswer,emptyanswer,emptyanswer,emptyanswer,emptyanswer,emptyanswer,emptyanswer
3W1K7D6QSAGAWUOMCS1Q3HSML48ZBW,3NGMS9VZTLHXRE6W6KYH8YZBH6NFFC,A2YW509B0UMSEH,Approved,Wed Mar 04 02:54:15 EST 2015,Wed Mar 04 03:19:42 EST 2015,learning,search,design,mechanism,parameter,emptyanswer,emptyanswer,emptyanswer,emptyanswer,emptyanswer,emptyanswer,emptyanswer,emptyanswer,emptyanswer,emptyanswer,emptyanswer
3W1K7D6QSAGAWUOMCS1Q3HSML48ZBW,34BBWHLWHAAJCRUHXHE2FJY3S1QIWP,A3FFZN4FO3Q789,Approved,Wed Mar 04 10:55:02 EST 2015,Wed Mar 04 11:00:35 EST 2015,preliminary,preliminary,preliminary,preliminary,preliminary,emptyanswer,emptyanswer,emptyanswer,emptyanswer,emptyanswer,emptyanswer,emptyanswer,emptyanswer,emptyanswer,emptyanswer,emptyanswer
3W1K7D6QSAGAWUOMCS1Q3HSML48ZBW,3ZAK8W07I4DVDSOWYRAVRRDALR5U0E,A3H35QRODK1C4K,Approved,Wed Mar 04 12:27:00 EST 2015,Wed Mar 04 12:27:14 EST 2015,empirical,mechanism,design,methods,application,emptyanswer,emptyanswer,emptyanswer,emptyanswer,emptyanswer,emptyanswer,emptyanswer,emptyanswer,emptyanswer,emptyanswer,emptyanswer
3W1K7D6QSAGAWUOMCS1Q3HSML48ZBW,3TDXMTX3CBTLICFB6Z1YHPZQ40CI65,A2F6ZON8X5EAGL,Approved,Wed Mar 04 14:34:40 EST 2015,Wed Mar 04 14:35:15 EST 2015,"Empirical Mechanism Design: Methods, with Application to a Supply-Chain Scenario",parameter,competition,behaviour,consistent,emptyanswer,emptyanswer,emptyanswer,emptyanswer,emptyanswer,emptyanswer,emptyanswer,emptyanswer,emptyanswer,emptyanswer,emptyanswer
3W1K7D6QSAGAWUOMCS1Q3HSML48ZBW,3WOKGM4L71F00N4Z25YMSLLL363O0J,A3OTLWGJFB65KD,Approved,Wed Mar 04 18:57:17 EST 2015,Wed Mar 04 18:57:24 EST 2015,nothing,nothing,nothing,nothing,nothing,emptyanswer,emptyanswer,emptyanswer,emptyanswer,emptyanswer,emptyanswer,emptyanswer,emptyanswer,emptyanswer,emptyanswer,emptyanswer
3W1K7D6QSAGAWUOMCS1Q3HSML48ZBW,3TUI152ZZBM3SO2XD1UQVVZVNZ11QH,A1W7BQWWGKJ3XF,Approved,Wed Mar 04 20:37:23 EST 2015,Wed Mar 04 20:47:22 EST 2015,Empirical Mechanism Design,Supply-Chain,search techniques,parameter settings,empirical data,consistent,emptyanswer,emptyanswer,emptyanswer,emptyanswer,emptyanswer,emptyanswer,emptyanswer,emptyanswer,emptyanswer,emptyanswer
3W1K7D6QSAGAWUOMCS1Q3HSML48ZBW,3LUY3GC63ZZW3YGK24WAW00YLQT7P9,A1YLO4LT02D2F0,Approved,Wed Mar 04 23:07:57 EST 2015,Wed Mar 04 23:09:38 EST 2015,"Estimate, function, feature","mechanism, setting","illustrate, approach","design, rule, change, insufficient","condition, estimator",emptyanswer,emptyanswer,emptyanswer,emptyanswer,emptyanswer,emptyanswer,emptyanswer,emptyanswer,emptyanswer,emptyanswer,emptyanswer
3W1K7D6QSAGAWUOMCS1Q3HSML48ZBW,39ASUFLU6X6MLMXLB3KXWNEI9C7EXR,A3LUJSAN4DQ1ZT,Approved,Wed Mar 04 23:26:45 EST 2015,Wed Mar 04 23:27:31 EST 2015,emperical mechanism design,supply-chain,procurement,estimator,parameter,data,rule changes,emptyanswer,emptyanswer,emptyanswer,emptyanswer,emptyanswer,emptyanswer,emptyanswer,emptyanswer,emptyanswer
3W1K7D6QSAGAWUOMCS1Q3HSML48ZBW,3Q5C1WP23M0EZ2JZT96NXK44R4351Z,A9LA6QK6VCERR,Approved,Thu Mar 05 00:54:20 EST 2015,Thu Mar 05 00:55:40 EST 2015,Empirical Mechanism Design,Supply-Chain Scenario,mechanism parameter settings,key design parameter,empirical data,emptyanswer,emptyanswer,emptyanswer,emptyanswer,emptyanswer,emptyanswer,emptyanswer,emptyanswer,emptyanswer,emptyanswer,emptyanswer
3W1K7D6QSAGAWUOMCS1Q3HSML48ZBW,3UNH76FOCS49XFF8XXUIS9Q0KLMYM2,A3I10J1GPDAPQR,Approved,Thu Mar 05 05:32:26 EST 2015,Thu Mar 05 05:38:43 EST 2015,Empirical Mechanism Design,particular procurement behavior,key design parameter,optimal mechanism parameter setting,Supply-Chain Scenario,emptyanswer,emptyanswer,emptyanswer,emptyanswer,emptyanswer,emptyanswer,emptyanswer,emptyanswer,emptyanswer,emptyanswer,emptyanswer
3W1K7D6QSAGAWUOMCS1Q3HSML48ZBW,3L4PIM1GQTF0UVS025QZE8KAQ8XYR2,A3S81UFDOWF2ST,Approved,Thu Mar 05 07:47:13 EST 2015,Thu Mar 05 07:47:51 EST 2015,Empirical Mechanism Design,Supply-Chain Scenario,outcome features,mechanism parameter settings,supply-chain trading competition,emptyanswer,emptyanswer,emptyanswer,emptyanswer,emptyanswer,emptyanswer,emptyanswer,emptyanswer,emptyanswer,emptyanswer,emptyanswer
3W1K7D6QSAGAWUOMCS1Q3HSML48ZBW,352YTHGROVC77U0DHTQYKFEX8YB4H1,A1QUDNLO95AKS5,Approved,Thu Mar 05 11:41:05 EST 2015,Thu Mar 05 11:41:32 EST 2015,Empirical Mechanism Design,Methods,Application,Supply-Chain Scenario,empirical data,emptyanswer,emptyanswer,emptyanswer,emptyanswer,emptyanswer,emptyanswer,emptyanswer,emptyanswer,emptyanswer,emptyanswer,emptyanswer
3W1K7D6QSAGAWUOMCS1Q3HSML48ZBW,36AHBNMV1RB6TL9VK4VF9J36B8FDYM,ADUJUZANFOWKW,Approved,Thu Mar 05 17:52:37 EST 2015,Thu Mar 05 17:53:11 EST 2015,design,supply-chain,method,parameter,settings,emptyanswer,emptyanswer,emptyanswer,emptyanswer,emptyanswer,emptyanswer,emptyanswer,emptyanswer,emptyanswer,emptyanswer,emptyanswer
3W1K7D6QSAGAWUOMCS1Q3HSML48ZBW,3CFJTT4SXTP4MCTGP96QN3ZMZEF7II,A14TK50KH724N6,Approved,Thu Mar 05 18:12:22 EST 2015,Thu Mar 05 18:14:56 EST 2015,supply-chain trading,analysis,empirical mechanism design,methods,mechanism parameter settings,learning and search techniques,emptyanswer,emptyanswer,emptyanswer,emptyanswer,emptyanswer,emptyanswer,emptyanswer,emptyanswer,emptyanswer,emptyanswer
3W1K7D6QSAGAWUOMCS1Q3HSML48ZBW,3SPJ0334212JW79NU0HQCHYJGTJJYF,A3DHYTZ1GPN0T8,Approved,Thu Mar 05 21:40:22 EST 2015,Thu Mar 05 21:41:32 EST 2015,proposed,supply-chain trading competition,Designers,confirming,consistent,emptyanswer,emptyanswer,emptyanswer,emptyanswer,emptyanswer,emptyanswer,emptyanswer,emptyanswer,emptyanswer,emptyanswer,emptyanswer
3W1K7D6QSAGAWUOMCS1Q3HSML48ZBW,36WLNQG78Z9F8JUK67SF7QNQQGJEBW,AQXSUU4I4DAH8,Approved,Fri Mar 06 12:05:10 EST 2015,Fri Mar 06 12:06:01 EST 2015,Chain Scenario,Empirical Mechanism Design,function of mechanism parameter settings,search techniques,empirical mechanism,emptyanswer,emptyanswer,emptyanswer,emptyanswer,emptyanswer,emptyanswer,emptyanswer,emptyanswer,emptyanswer,emptyanswer,emptyanswer
3W1K7D6QSAGAWUOMCS1Q3HSML48ZBW,3DUZQ9U6SMNVRGX8CJ3KXJLCUZRSV0,A1A7P5LC80G47W,Approved,Fri Mar 06 15:36:45 EST 2015,Fri Mar 06 15:38:39 EST 2015,empirical mechanism design,supply-chain,mechanism parameter settings,design task,trading competition,emptyanswer,emptyanswer,emptyanswer,emptyanswer,emptyanswer,emptyanswer,emptyanswer,emptyanswer,emptyanswer,emptyanswer,emptyanswer
3W1K7D6QSAGAWUOMCS1Q3HSML48ZBW,3R5F3LQFV2JX28AP6ZBEYKO7LL2ZOI,A3G4SXD4N30C3L,Approved,Fri Mar 06 18:49:24 EST 2015,Fri Mar 06 18:50:41 EST 2015,Empirical Mechanism Design: Methods,"Methods, with Application to a Supply-Chain Scenario",learning and search techniques,function of mechanism parameter settings,supply-chain trading competition,optimal mechanism parameter,emptyanswer,emptyanswer,emptyanswer,emptyanswer,emptyanswer,emptyanswer,emptyanswer,emptyanswer,emptyanswer,emptyanswer
3W1K7D6QSAGAWUOMCS1Q3HSML48ZBW,3VP0C6EFSGV7EV52REZQ9I67LJ36M0,A2KELEVTA0306Y,Approved,Sat Mar 07 03:43:23 EST 2015,Sat Mar 07 03:46:44 EST 2015,proposed,methods,employ,learning,search,techniques,estimate,outcome,features,interest,function,mechanism,parameter,illustrate,approach,insufficient
3W1K7D6QSAGAWUOMCS1Q3HSML48ZBW,3DEL4X4EL6KKRRECB4WR3Q6YRXMXYH,APEB5ERGCYP6D,Approved,Sat Mar 07 07:15:12 EST 2015,Sat Mar 07 07:43:40 EST 2015,employ learning and search techniques,estimate outcome features of interest,function of mechanism parameter settings,optimal mechanism parameter setting,key design parameter and outcomes,emptyanswer,emptyanswer,emptyanswer,emptyanswer,emptyanswer,emptyanswer,emptyanswer,emptyanswer,emptyanswer,emptyanswer,emptyanswer
3W1K7D6QSAGAWUOMCS1Q3HSML48ZBW,3JJVG1YBEBWFC01RV6ZC3WHDDP1B5D,AWQK8QA93VLW9,Approved,Sat Mar 07 11:04:25 EST 2015,Sat Mar 07 11:06:08 EST 2015,Empirical Mechanism Design,Supply-Chain Scenario,parameter settings,procurement behavior,empirical data,emptyanswer,emptyanswer,emptyanswer,emptyanswer,emptyanswer,emptyanswer,emptyanswer,emptyanswer,emptyanswer,emptyanswer,emptyanswer
3W1K7D6QSAGAWUOMCS1Q3HSML48ZBW,336KAV9KYQRJQBBFNFBYD0C2EO42YU,A9HQ3E0F2AGVO,Approved,Sat Mar 07 15:31:25 EST 2015,Sat Mar 07 15:32:10 EST 2015,search techniques,outcome features of interest,mechanism parameter settings,supply-chain,procurement behavior,emptyanswer,emptyanswer,emptyanswer,emptyanswer,emptyanswer,emptyanswer,emptyanswer,emptyanswer,emptyanswer,emptyanswer,emptyanswer
3W1K7D6QSAGAWUOMCS1Q3HSML48ZBW,3EKVH9QMEY3GS0GORJOK0F21W12D23,A38IE69ORDCEGY,Approved,Sat Mar 07 18:44:58 EST 2015,Sat Mar 07 18:47:45 EST 2015,Empirical Mechanism Design,Key design paramenter,mechanism parameter settings,supply-chain trading competition,analysis model,emptyanswer,emptyanswer,emptyanswer,emptyanswer,emptyanswer,emptyanswer,emptyanswer,emptyanswer,emptyanswer,emptyanswer,emptyanswer
3W1K7D6QSAGAWUOMCS1Q3HSML48ZBW,30X31N5D63PBZSUA1OCO1W7Z9TEASD,A1JWEYGDFDB100,Approved,Sun Mar 08 09:51:55 EDT 2015,Sun Mar 08 09:53:26 EDT 2015,Empirical Mechanism Design,Methods,Application,Supply-Chain Scenario,a design task,emptyanswer,emptyanswer,emptyanswer,emptyanswer,emptyanswer,emptyanswer,emptyanswer,emptyanswer,emptyanswer,emptyanswer,emptyanswer
3W1K7D6QSAGAWUOMCS1Q3HSML48ZBW,3Z7VU45IPYGC6G3O0XD3MOBZSEDZ1O,A1PGHAOKNZ8FJ4,Approved,Sun Mar 08 13:19:32 EDT 2015,Sun Mar 08 13:23:41 EDT 2015,Economics > Supply-Chain Scenario,application search techniques to scenario,application of machine learning techniques to scenario,"Rule changes influence behavior, but not strongly enough to achieve desired outcome.",Estimator of Optimal Mechanism (parameter),emptyanswer,emptyanswer,emptyanswer,emptyanswer,emptyanswer,emptyanswer,emptyanswer,emptyanswer,emptyanswer,emptyanswer,emptyanswer
3W1K7D6QSAGAWUOMCS1Q3HSML48ZBW,3IHR8NYAM70ZKBY106Y3TOGOUZK4PP,A2GBY8O6GYSB89,Approved,Sun Mar 08 14:55:46 EDT 2015,Sun Mar 08 14:57:19 EDT 2015,Empirical Mechanism Design,Supply-Chain Scenario,function of mechanism parameter settings,supply-chain trading competition,deter particular procurement behavior,emptyanswer,emptyanswer,emptyanswer,emptyanswer,emptyanswer,emptyanswer,emptyanswer,emptyanswer,emptyanswer,emptyanswer,emptyanswer
3W1K7D6QSAGAWUOMCS1Q3HSML48ZBW,3YWRV122CSYDVHTZTVNAK6JS42A8UY,A16MCPIUMNIDW,Approved,Sun Mar 08 15:50:01 EDT 2015,Sun Mar 08 15:51:02 EDT 2015,learning,search,outcome features,outcomes,procurement,behavior,parameter setting,emptyanswer,emptyanswer,emptyanswer,emptyanswer,emptyanswer,emptyanswer,emptyanswer,emptyanswer,emptyanswer
3W1K7D6QSAGAWUOMCS1Q3HSML48ZBW,3A9AA95ATWLHGU21EBHDYGM2UVHP5H,AUH4A0OGHF2CK,Approved,Sun Mar 08 15:54:55 EDT 2015,Sun Mar 08 16:01:39 EDT 2015,Application of Empirical Mechanism designs,Empirical Mechanism designs,A study of Empirical Mechanism designs in Supply chain,Empirical mechanism analysis models,Behavior of parameters in empirical mechanism analysis models,emptyanswer,emptyanswer,emptyanswer,emptyanswer,emptyanswer,emptyanswer,emptyanswer,emptyanswer,emptyanswer,emptyanswer,emptyanswer
3W1K7D6QSAGAWUOMCS1Q3HSML48ZBW,3Z3ZLGNNSITZ2RGC0589JOESLVE3QY,A156NFBMKKLDL9,Approved,Sun Mar 08 16:59:35 EDT 2015,Sun Mar 08 17:01:37 EDT 2015,Empirical Mechanism Design,Methods,Application to a Supply-Chain Scenario,certain conditions,optimal mechanism parameter,emptyanswer,emptyanswer,emptyanswer,emptyanswer,emptyanswer,emptyanswer,emptyanswer,emptyanswer,emptyanswer,emptyanswer,emptyanswer
3W1K7D6QSAGAWUOMCS1Q3HSML48ZBW,3X65QVEQI0MCOUWI1TBEV5JSH4ECLU,A2SZAM3EZER2PH,Approved,Mon Mar 09 06:24:32 EDT 2015,Mon Mar 09 06:25:27 EDT 2015,proposed methods,search techniques,illustrate,design parameter,mechanism parameter,emptyanswer,emptyanswer,emptyanswer,emptyanswer,emptyanswer,emptyanswer,emptyanswer,emptyanswer,emptyanswer,emptyanswer,emptyanswer
3W1K7D6QSAGAWUOMCS1Q3HSML48ZBW,39GAF6DQWRZVXWYEZ0O01IY34511VO,A3GSN49YWM9CLD,Approved,Mon Mar 09 10:54:22 EDT 2015,Mon Mar 09 10:56:30 EDT 2015,employ learning and search techniques,mechanism parameter settings,mechanism parameter,empirical mechanism,optimal mechanism parameter setting,emptyanswer,emptyanswer,emptyanswer,emptyanswer,emptyanswer,emptyanswer,emptyanswer,emptyanswer,emptyanswer,emptyanswer,emptyanswer
3W1K7D6QSAGAWUOMCS1Q3HSML48ZBW,3KGTPGBS6XK292RADEE9AF6PI4K2UV,ACYGMRGAZ22U7,Approved,Mon Mar 09 17:50:31 EDT 2015,Mon Mar 09 17:50:38 EDT 2015,Keyword/Keyphrase 1:,Keyword/Keyphrase 1:,Keyword/Keyphrase 1:,Keyword/Keyphrase 1:,Keyword/Keyphrase 1:,emptyanswer,emptyanswer,emptyanswer,emptyanswer,emptyanswer,emptyanswer,emptyanswer,emptyanswer,emptyanswer,emptyanswer,emptyanswer
3W1K7D6QSAGAWUOMCS1Q3HSML48ZBW,3WLEIWSYHOGX4GLQDF7AR0HZOY92HP,AW36CVMS3526O,Approved,Tue Mar 10 11:40:49 EDT 2015,Tue Mar 10 11:42:35 EDT 2015,Design: Methods,techniques,parameter,empirical mechanism,optimal mechanism,emptyanswer,emptyanswer,emptyanswer,emptyanswer,emptyanswer,emptyanswer,emptyanswer,emptyanswer,emptyanswer,emptyanswer,emptyanswer
3W1K7D6QSAGAWUOMCS1Q3HSML48ZBW,3S4AW7T80BH9TQJ38E5WC774PTH4LX,A5UZTMO507YXX,Approved,Tue Mar 10 12:58:57 EDT 2015,Tue Mar 10 12:59:24 EDT 2015,Empirical Mechanism Design,Supply-Chain Scenario,Methods,parameter settings,trading competition,emptyanswer,emptyanswer,emptyanswer,emptyanswer,emptyanswer,emptyanswer,emptyanswer,emptyanswer,emptyanswer,emptyanswer,emptyanswer
3W1K7D6QSAGAWUOMCS1Q3HSML48ZBW,3VNL7UK1XFI7AJOX1436P2EC8X9TFC,ANB69EQROUTQJ,Approved,Tue Mar 10 23:41:04 EDT 2015,Tue Mar 10 23:42:31 EDT 2015,empirical mechanism design,supply-chain,design task,rule changes,optimal mechanism parameter,emptyanswer,emptyanswer,emptyanswer,emptyanswer,emptyanswer,emptyanswer,emptyanswer,emptyanswer,emptyanswer,emptyanswer,emptyanswer
3W1K7D6QSAGAWUOMCS1Q3HSML48ZBW,3GM6G9ZBKNWDGTGENR7JKSYL5YMMTD,A3UY2GVCKC8LSL,Approved,Tue Mar 10 23:46:21 EDT 2015,Tue Mar 10 23:47:56 EDT 2015,search techniques,procurement behavior,Supply-Chain Scenario,Empirical Mechanism Design,empirical data,emptyanswer,emptyanswer,emptyanswer,emptyanswer,emptyanswer,emptyanswer,emptyanswer,emptyanswer,emptyanswer,emptyanswer,emptyanswer
3W1K7D6QSAGAWUOMCS1Q3HSML48ZBW,3SNVL38CI4R14OE0GTZDG56DS74CKS,ATRHDYWCIYTDJ,Approved,Wed Mar 11 04:48:14 EDT 2015,Wed Mar 11 04:48:24 EDT 2015,methods,techniques,features,conditions,optimal,emptyanswer,emptyanswer,emptyanswer,emptyanswer,emptyanswer,emptyanswer,emptyanswer,emptyanswer,emptyanswer,emptyanswer,emptyanswer
3W1K7D6QSAGAWUOMCS1Q3HSML48ZBW,34QN5IT0TZQXFVHJVO9QVZVLOIG80F,A5OBJUPZLVOKG,Approved,Wed Mar 11 05:38:27 EDT 2015,Wed Mar 11 05:41:36 EDT 2015,Mechanism Design,Supply-Chain,mechanism analysis,mechanism parameter,empirical analysis,emptyanswer,emptyanswer,emptyanswer,emptyanswer,emptyanswer,emptyanswer,emptyanswer,emptyanswer,emptyanswer,emptyanswer,emptyanswer
3W1K7D6QSAGAWUOMCS1Q3HSML48ZBW,3MD9PLUKKIDFKNAD5KB1JVO2VL2ZNS,A3CMDYA9USA3MR,Approved,Wed Mar 11 07:55:24 EDT 2015,Wed Mar 11 07:55:37 EDT 2015,learning,techniques,outcome,effect,generally,emptyanswer,emptyanswer,emptyanswer,emptyanswer,emptyanswer,emptyanswer,emptyanswer,emptyanswer,emptyanswer,emptyanswer,emptyanswer
3W1K7D6QSAGAWUOMCS1Q3HSML48ZBW,3QBD8R3Z21IHZBM0L6LO4OBYK04O4K,A3K6BSW10S4YKJ,Approved,Wed Mar 11 08:33:05 EDT 2015,Wed Mar 11 08:34:48 EDT 2015,Empirical Mechanism Design,supply-chain trading competition,relation between a key design parameter and outcomes,the estimator of optimal mechanism parameter setting based on empirical data,Application to a Supply-Chain Scenario,emptyanswer,emptyanswer,emptyanswer,emptyanswer,emptyanswer,emptyanswer,emptyanswer,emptyanswer,emptyanswer,emptyanswer,emptyanswer
3W1K7D6QSAGAWUOMCS1Q3HSML48ZBW,3IHR8NYAM70ZKBY106Y3TOGOU5D4PU,A28IXE702NXWKQ,Approved,Wed Mar 11 14:53:07 EDT 2015,Wed Mar 11 14:54:05 EDT 2015,Our proposed methods employ,learning and search techniques to estimate outcome,function of mechanism parameter settings,Designers adopted several rule changes,estimator of optimal mechanism parameter setting based on empirical data is consistent,emptyanswer,emptyanswer,emptyanswer,emptyanswer,emptyanswer,emptyanswer,emptyanswer,emptyanswer,emptyanswer,emptyanswer,emptyanswer
3W1K7D6QSAGAWUOMCS1Q3HSML48ZBW,3ZAZR5XV01HWTJDMGU2N3KUQWH3CZ2,A2E2IQ99W6B7AV,Approved,Wed Mar 11 15:27:22 EDT 2015,Wed Mar 11 15:29:28 EDT 2015,Mechanism design,Supply-chain,Analysis models,Optimal parameters,Empirical measurements,emptyanswer,emptyanswer,emptyanswer,emptyanswer,emptyanswer,emptyanswer,emptyanswer,emptyanswer,emptyanswer,emptyanswer,emptyanswer
3W1K7D6QSAGAWUOMCS1Q3HSML48ZBW,3R8YZBNQ9HHH3AHZ2HBZW5Q8R437QP,A3HPVFAF1U9WXK,Approved,Thu Mar 12 09:56:11 EDT 2015,Thu Mar 12 09:56:59 EDT 2015,Supply-Chain Scenario,Empirical Mechanism Design,Designers,models,optimal parameter,emptyanswer,emptyanswer,emptyanswer,emptyanswer,emptyanswer,emptyanswer,emptyanswer,emptyanswer,emptyanswer,emptyanswer,emptyanswer
3W1K7D6QSAGAWUOMCS1Q3HSML48ZBW,3E7TUJ2EGCLRSK1NCS3ZA2AF3F39DZ,ADVZAZ12Z8N9J,Approved,Thu Mar 12 10:31:10 EDT 2015,Thu Mar 12 10:33:41 EDT 2015,Our proposed methods employ learning and search techniques to estimate outcome features of interest as a function of mechanism parameter settings.,n/a,N/A,N/A,N/A,emptyanswer,emptyanswer,emptyanswer,emptyanswer,emptyanswer,emptyanswer,emptyanswer,emptyanswer,emptyanswer,emptyanswer,emptyanswer
3W1K7D6QSAGAWUOMCS1Q3HSML48ZBW,3D8YOU6S9EJQR3AB0GQC0SN1ZERU6K,A2KS418T8MPLJH,Approved,Thu Mar 12 11:52:09 EDT 2015,Thu Mar 12 11:53:21 EDT 2015,"Empirical Mechanism Design: Methods, with Application to a Supply-Chain Scenario",Our proposed methods employ learning and search techniques to estimate outcome features,We illustrate our approach with a design task from a supply-chain trading competition,Designers adopted several rule changes in order to deter particular procurement behavior,estimator of optimal mechanism parameter setting based on empirical data is consistent,emptyanswer,emptyanswer,emptyanswer,emptyanswer,emptyanswer,emptyanswer,emptyanswer,emptyanswer,emptyanswer,emptyanswer,emptyanswer
3W1K7D6QSAGAWUOMCS1Q3HSML48ZBW,3TXD01ZLD4GCCG6XHSXX3U3N3NP4UD,AM1HY736BY3Z8,Approved,Thu Mar 12 13:27:41 EDT 2015,Thu Mar 12 13:28:50 EDT 2015,"Empirical Mechanism Design: Methods, with Application to a Supply-Chain Scenario",Our proposed methods employ learning and search techniques to estimate outcome features of interest as a function of mechanism parameter settings.,"Designers adopted several rule changes in order to deter particular procurement behavior, but the measures proved insufficient.","Our empirical mechanism analysis models the relation between a key design parameter and outcomes, confirming the observed behavior and indicating that no reasonable parameter settings would have been likely to achieve the desired effect.","More generally, we show that under certain conditions, the estimator of optimal mechanism parameter setting based on empirical data is consistent.",emptyanswer,emptyanswer,emptyanswer,emptyanswer,emptyanswer,emptyanswer,emptyanswer,emptyanswer,emptyanswer,emptyanswer,emptyanswer
3W1K7D6QSAGAWUOMCS1Q3HSML48ZBW,3EWIJTFFVO6EOWRA8RVQN9R70OGE0T,AU3WQKISBW5MZ,Approved,Thu Mar 12 14:19:38 EDT 2015,Thu Mar 12 14:20:14 EDT 2015,Our proposed methods employ learning and search techniques to estimate outcome features of interest as a function of mechanism parameter settings.,"We illustrate our approach with a design task from a supply-chain trading competition. Designers adopted several rule changes in order to deter particular procurement behavior, but the measures proved insufficient.","Our empirical mechanism analysis models the relation between a key design parameter and outcomes, confirming the observed behavior and indicating that no reasonable parameter settings would have been likely to achieve the desired effect.","More generally, we show that under certain conditions, the estimator of optimal mechanism parameter setting based on empirical data is consistent.","More generally, we show that under certain conditions, the estimator of optimal mechanism parameter setting based on empirical data is consistent.",emptyanswer,emptyanswer,emptyanswer,emptyanswer,emptyanswer,emptyanswer,emptyanswer,emptyanswer,emptyanswer,emptyanswer,emptyanswer
3W1K7D6QSAGAWUOMCS1Q3HSML48ZBW,39RP059MEHSDK7MXN5GYKYSZ0UFMBN,A2SDTL2V8VJ25O,Approved,Thu Mar 12 20:48:02 EDT 2015,Thu Mar 12 20:48:51 EDT 2015,Mechanism,Application,learning,techniques,features,emptyanswer,emptyanswer,emptyanswer,emptyanswer,emptyanswer,emptyanswer,emptyanswer,emptyanswer,emptyanswer,emptyanswer,emptyanswer
3W1K7D6QSAGAWUOMCS1Q3HSML48ZBW,3NGI5ARFTT4ISC1IDOF1VQ9LJP0P18,A3DTN2OMF6DUSI,Approved,Fri Mar 13 22:41:57 EDT 2015,Fri Mar 13 22:42:25 EDT 2015,Mechanism Design,Methods,Application,Supply-Chain Scenario,optimal mechanism parameter,emptyanswer,emptyanswer,emptyanswer,emptyanswer,emptyanswer,emptyanswer,emptyanswer,emptyanswer,emptyanswer,emptyanswer,emptyanswer
3W1K7D6QSAGAWUOMCS1Q3HSML48ZBW,3S0TNUHWKTHREFID70XLA6F4JD8D89,AL9R6CILUG30X,Approved,Sat Mar 14 01:58:27 EDT 2015,Sat Mar 14 02:00:38 EDT 2015,Empirical Mechanism Design,Supply-Chain,search techniques,procurement behavior,mechanism parameter setting,supply-chain trading,emptyanswer,emptyanswer,emptyanswer,emptyanswer,emptyanswer,emptyanswer,emptyanswer,emptyanswer,emptyanswer,emptyanswer
3W1K7D6QSAGAWUOMCS1Q3HSML48ZBW,34V1S5K3GS0S7BM825VL4W0NMYY69W,A610SH5RY1NG1,Approved,Sat Mar 14 06:42:10 EDT 2015,Sat Mar 14 06:42:35 EDT 2015,Supply-Chain,Methods,Empirical,Scenario,competition,emptyanswer,emptyanswer,emptyanswer,emptyanswer,emptyanswer,emptyanswer,emptyanswer,emptyanswer,emptyanswer,emptyanswer,emptyanswer
3W1K7D6QSAGAWUOMCS1Q3HSML48ZBW,39LNWE0K4UV6KN5C2HZ1XVD68AQIUG,A2Z9HR2IBD75R9,Approved,Sat Mar 14 10:04:22 EDT 2015,Sat Mar 14 10:04:34 EDT 2015,Mechanism,Design,Methods,Application,Scenario,emptyanswer,emptyanswer,emptyanswer,emptyanswer,emptyanswer,emptyanswer,emptyanswer,emptyanswer,emptyanswer,emptyanswer,emptyanswer
3W1K7D6QSAGAWUOMCS1Q3HSML48ZBW,34T446B1C0DZRY7WC0PVXLR4FHN0CG,A2UNRV6PEOEXG0,Approved,Sat Mar 14 13:59:57 EDT 2015,Sat Mar 14 14:00:45 EDT 2015,Empirical Mechanism design,supply-chain scenario,search techniques,mechanism parameter settings,designers,emptyanswer,emptyanswer,emptyanswer,emptyanswer,emptyanswer,emptyanswer,emptyanswer,emptyanswer,emptyanswer,emptyanswer,emptyanswer
3W1K7D6QSAGAWUOMCS1Q3HSML48ZBW,3KGTPGBS6XK292RADEE9AF6PJFLU2B,A1HDFKT3ZGK25P,Approved,Sat Mar 14 16:37:15 EDT 2015,Sat Mar 14 16:39:00 EDT 2015,supply chain,design parameter,empirical mechanism design,search techniques,estimate outcomes,emptyanswer,emptyanswer,emptyanswer,emptyanswer,emptyanswer,emptyanswer,emptyanswer,emptyanswer,emptyanswer,emptyanswer,emptyanswer
3W1K7D6QSAGAWUOMCS1Q3HSML48ZBW,3IHR8NYAM70ZKBY106Y3TOGOVCR4PN,AH3ER3EJXHRO2,Approved,Sat Mar 14 16:58:00 EDT 2015,Sat Mar 14 16:58:40 EDT 2015,empirical mechanism design,supply-chain scenario,mechanism parameter settings,procurement behavior,empirical,emptyanswer,emptyanswer,emptyanswer,emptyanswer,emptyanswer,emptyanswer,emptyanswer,emptyanswer,emptyanswer,emptyanswer,emptyanswer
3W1K7D6QSAGAWUOMCS1Q3HSML48ZBW,3VHP9MDGRNJQO2MMFI8G0SE8LJQCFA,A3LV5FJGIHFQ94,Approved,Sat Mar 14 19:05:45 EDT 2015,Sat Mar 14 19:07:11 EDT 2015,techniques,estimate,outcome,trading,empirical,mechanism,emptyanswer,emptyanswer,emptyanswer,emptyanswer,emptyanswer,emptyanswer,emptyanswer,emptyanswer,emptyanswer,emptyanswer
3W1K7D6QSAGAWUOMCS1Q3HSML48ZBW,37Q970SNZE7F54HA55JVQVEW6DV1SW,A1BV5YY1UQCMZY,Approved,Sat Mar 14 19:53:05 EDT 2015,Sat Mar 14 19:53:55 EDT 2015,emperical mechanism,supply-chain scenario,learning,estimate outcomes,designers,optimal mechanism parameter,emptyanswer,emptyanswer,emptyanswer,emptyanswer,emptyanswer,emptyanswer,emptyanswer,emptyanswer,emptyanswer,emptyanswer
3W1K7D6QSAGAWUOMCS1Q3HSML48ZBW,3Z4AIRP3C6CN1L39ZFPIP3VOLS01X7,A1G94QON7A9K0N,Approved,Sat Mar 14 20:21:28 EDT 2015,Sat Mar 14 20:21:53 EDT 2015,parameter,outcomes,empirical,data,supply-chain,emptyanswer,emptyanswer,emptyanswer,emptyanswer,emptyanswer,emptyanswer,emptyanswer,emptyanswer,emptyanswer,emptyanswer,emptyanswer
3W1K7D6QSAGAWUOMCS1Q3HSML48ZBW,30ZX6P7VF8UTVMGG1FAV3DXE20W2JY,A29ZV4XJB7R1O,Approved,Sat Mar 14 19:58:10 EDT 2015,Sat Mar 14 20:22:18 EDT 2015,Empirical,Supply-Chain,Mechanism,Scenario,parameter settings,emptyanswer,emptyanswer,emptyanswer,emptyanswer,emptyanswer,emptyanswer,emptyanswer,emptyanswer,emptyanswer,emptyanswer,emptyanswer
3W1K7D6QSAGAWUOMCS1Q3HSML48ZBW,3LJ7UR74RHCZHQMOKRLBPZBTVY34N6,ACVJ6IUO9QM4R,Approved,Sat Mar 14 20:42:32 EDT 2015,Sat Mar 14 20:43:16 EDT 2015,rule changes,estimator of optimal mechanism parameter,empirical mechanism design,supply-chain trading competition,parameter settings,emptyanswer,emptyanswer,emptyanswer,emptyanswer,emptyanswer,emptyanswer,emptyanswer,emptyanswer,emptyanswer,emptyanswer,emptyanswer
3W1K7D6QSAGAWUOMCS1Q3HSML48ZBW,3ITXP059PWIM0LXEVUP1UVAI0U2JSP,A2TM0CPAMAO45B,Approved,Sat Mar 14 21:00:39 EDT 2015,Sat Mar 14 21:01:43 EDT 2015,Empirical Mechanism Designs,Supply Chain,search techniques,procurement,estimates,emptyanswer,emptyanswer,emptyanswer,emptyanswer,emptyanswer,emptyanswer,emptyanswer,emptyanswer,emptyanswer,emptyanswer,emptyanswer
3W1K7D6QSAGAWUOMCS1Q3HSML48ZBW,3X1FV8S5JXQS1BOHHJ93852976IGVQ,A9VLWY4KW6OCB,Approved,Sat Mar 14 21:15:43 EDT 2015,Sat Mar 14 21:24:56 EDT 2015,Empirical,Methods,Application,Supply-Chain,Scenario,emptyanswer,emptyanswer,emptyanswer,emptyanswer,emptyanswer,emptyanswer,emptyanswer,emptyanswer,emptyanswer,emptyanswer,emptyanswer
