HitId,AssignmentId,WorkerId,Status,AcceptTime,SubmitTime,Answer 1,Answer 2,Answer 3,Answer 4,Answer 5,Answer 6,Answer 7,Answer 8,Answer 9,Answer 10,Answer 11,Answer 12,Answer 13,Answer 14,Answer 15,Answer 16
3WA2XVDZELG6FNGVKE657R5CJXO6EC,3NGI5ARFTT4ISC1IDOF1VQ9LIZP1PS,A22R7DT2XQIKXV,Approved,Mon Mar 02 14:05:00 EST 2015,Mon Mar 02 14:06:00 EST 2015,aa,aa,aa,aa,aa,emptyanswer,emptyanswer,emptyanswer,emptyanswer,emptyanswer,emptyanswer,emptyanswer,emptyanswer,emptyanswer,emptyanswer,emptyanswer
3WA2XVDZELG6FNGVKE657R5CJXO6EC,3JC6VJ2SABIATQWZPSZG8LX7VT35A7,A3ODG942FG22PJ,Approved,Mon Mar 02 17:34:44 EST 2015,Mon Mar 02 17:35:32 EST 2015,Q-decomposition,Bounded,RTDP,Resource,stochastic,na,na,na,na,na,na,na,na,na,na,na
3WA2XVDZELG6FNGVKE657R5CJXO6EC,3ZR9AIQJUB8WWUUHJLJDENFGMBY40C,A3FG9YWTFFK1AU,Approved,Mon Mar 02 18:48:23 EST 2015,Mon Mar 02 19:06:18 EST 2015,Q-decomposition,Bounded RTDP Approach,Resource Allocation,NP-Complete,Dynamic Programming,Q-decomposition,emptyanswer,emptyanswer,emptyanswer,emptyanswer,emptyanswer,emptyanswer,emptyanswer,emptyanswer,emptyanswer,emptyanswer
3WA2XVDZELG6FNGVKE657R5CJXO6EC,3ITXP059PWIM0LXEVUP1UVAIZ0JSJQ,A26M2B8NZVKWTZ,Approved,Mon Mar 02 21:57:27 EST 2015,Mon Mar 02 21:58:44 EST 2015,Q-decomposition,pruning,Bounded,Resource,Allocation,emptyanswer,emptyanswer,emptyanswer,emptyanswer,emptyanswer,emptyanswer,emptyanswer,emptyanswer,emptyanswer,emptyanswer,emptyanswer
3WA2XVDZELG6FNGVKE657R5CJXO6EC,36W0OB37HWDNARO22MGOEBR69NGHZG,A2R085B34P2LYS,Approved,Mon Mar 02 22:14:35 EST 2015,Mon Mar 02 22:29:32 EST 2015,decomposition,Bounded,Approach,Resource,Allocation,optional,optional,optional,optional,optional,optional,optional,optional,optional,optional,optional
3WA2XVDZELG6FNGVKE657R5CJXO6EC,3S06PH7KSR393FYS8FO6VWSW4HSD1Y,A1B5NXRZQYRC4R,Approved,Tue Mar 03 06:18:37 EST 2015,Tue Mar 03 06:19:23 EST 2015,q-decomposition,bounded rtdp,resource allocation,Real-time Dynamic Programming,proposing tight upper and lower bounds,emptyanswer,emptyanswer,emptyanswer,emptyanswer,emptyanswer,emptyanswer,emptyanswer,emptyanswer,emptyanswer,emptyanswer,emptyanswer
3WA2XVDZELG6FNGVKE657R5CJXO6EC,34Z02EIMISCGDF97YMKLMVR82BNT07,A27I79P03I0ZPO,Approved,Tue Mar 03 11:04:00 EST 2015,Tue Mar 03 11:04:47 EST 2015,Q-decomposition,Approach,Bounded,RTDP,function,emptyanswer,emptyanswer,emptyanswer,emptyanswer,emptyanswer,emptyanswer,emptyanswer,emptyanswer,emptyanswer,emptyanswer,emptyanswer
3WA2XVDZELG6FNGVKE657R5CJXO6EC,3QILPRALQ5U00R9QWUBO6BRYWRNN8X,A1KVDU4R0QLM1O,Approved,Tue Mar 03 14:28:38 EST 2015,Tue Mar 03 14:30:33 EST 2015,resource allocation,Q-decomposition,Real-time Dynamic Programming,resource management,bounds,emptyanswer,emptyanswer,emptyanswer,emptyanswer,emptyanswer,emptyanswer,emptyanswer,emptyanswer,emptyanswer,emptyanswer,emptyanswer
3WA2XVDZELG6FNGVKE657R5CJXO6EC,30ZX6P7VF8UTVMGG1FAV3DXE19E2JX,A3HPVFAF1U9WXK,Approved,Wed Mar 04 08:51:51 EST 2015,Wed Mar 04 08:52:39 EST 2015,Q-decomposition,Bounded RTDP Approach,Resource Allocation,stochastic,bounded Real-time Dynamic Programming,emptyanswer,emptyanswer,emptyanswer,emptyanswer,emptyanswer,emptyanswer,emptyanswer,emptyanswer,emptyanswer,emptyanswer,emptyanswer
3WA2XVDZELG6FNGVKE657R5CJXO6EC,3Z7ISHFUH0UUHGN9ZIMI1YY767P8ZX,A3FFZN4FO3Q789,Approved,Wed Mar 04 10:58:44 EST 2015,Wed Mar 04 11:02:00 EST 2015,preliminary,preliminary,preliminary,preliminary,preliminary,emptyanswer,emptyanswer,emptyanswer,emptyanswer,emptyanswer,emptyanswer,emptyanswer,emptyanswer,emptyanswer,emptyanswer,emptyanswer
3WA2XVDZELG6FNGVKE657R5CJXO6EC,3X08E93BHVH5PSKA4YS9KM9LV8366J,A3H35QRODK1C4K,Approved,Wed Mar 04 11:06:06 EST 2015,Wed Mar 04 11:06:22 EST 2015,decomposition,bounded,approach,resource,allocation,emptyanswer,emptyanswer,emptyanswer,emptyanswer,emptyanswer,emptyanswer,emptyanswer,emptyanswer,emptyanswer,emptyanswer,emptyanswer
3WA2XVDZELG6FNGVKE657R5CJXO6EC,3IAS3U3I0FFND3I4DNXE5PE1T5SB2A,A2F6ZON8X5EAGL,Approved,Wed Mar 04 15:22:50 EST 2015,Wed Mar 04 15:23:41 EST 2015,A Q-decomposition and Bounded RTDP Approach to Resource Allocation,contributes,complex,reward,space,emptyanswer,emptyanswer,emptyanswer,emptyanswer,emptyanswer,emptyanswer,emptyanswer,emptyanswer,emptyanswer,emptyanswer,emptyanswer
3WA2XVDZELG6FNGVKE657R5CJXO6EC,36V4Q8R5ZKZ0ODOM6NDOFNNYLANMQ1,A3OTLWGJFB65KD,Approved,Wed Mar 04 19:13:13 EST 2015,Wed Mar 04 19:13:26 EST 2015,nothing,nothing,nothing,nothing,nothing,emptyanswer,emptyanswer,emptyanswer,emptyanswer,emptyanswer,emptyanswer,emptyanswer,emptyanswer,emptyanswer,emptyanswer,emptyanswer
3WA2XVDZELG6FNGVKE657R5CJXO6EC,3SB5N7Y3O33C8AN1EMLENCCJCL0G0E,A3LUJSAN4DQ1ZT,Approved,Wed Mar 04 23:10:48 EST 2015,Wed Mar 04 23:11:31 EST 2015,Q-decomposition,bounded,RTDP,resource allocation,pruning,action space,lower bounds,value function,emptyanswer,emptyanswer,emptyanswer,emptyanswer,emptyanswer,emptyanswer,emptyanswer,emptyanswer
3WA2XVDZELG6FNGVKE657R5CJXO6EC,369J354OFD97ML9GGB1VWDMAPOWG6P,A9LA6QK6VCERR,Approved,Thu Mar 05 00:48:13 EST 2015,Thu Mar 05 00:49:28 EST 2015,Q-decomposition,Bounded RTDP Approach,Resource Allocation,NP-Complete,Real-time Dynamic Programming,emptyanswer,emptyanswer,emptyanswer,emptyanswer,emptyanswer,emptyanswer,emptyanswer,emptyanswer,emptyanswer,emptyanswer,emptyanswer
3WA2XVDZELG6FNGVKE657R5CJXO6EC,39O5D9O87TRV8Q6TVN7EZJPBH54C37,A1W7BQWWGKJ3XF,Approved,Thu Mar 05 01:01:45 EST 2015,Thu Mar 05 01:02:33 EST 2015,Q-decomposition,Bounded RTDP Approach,Resource Allocation,NP-Complete,action space,value,emptyanswer,emptyanswer,emptyanswer,emptyanswer,emptyanswer,emptyanswer,emptyanswer,emptyanswer,emptyanswer,emptyanswer
3WA2XVDZELG6FNGVKE657R5CJXO6EC,3PQ8K71NHXJ7ZW8GKOQXGWDTNCEAA2,A1YLO4LT02D2F0,Approved,Thu Mar 05 01:55:38 EST 2015,Thu Mar 05 01:58:17 EST 2015,paper contributes to solve effectively stochastic resource,address this complex resource management problem,The Q-decomposition allows to coordinate these reward,"the other hand, when the resources are available to all agents",The pruning is accomplished by proposing tight upper and lower bounds on the value function,emptyanswer,emptyanswer,emptyanswer,emptyanswer,emptyanswer,emptyanswer,emptyanswer,emptyanswer,emptyanswer,emptyanswer,emptyanswer
3WA2XVDZELG6FNGVKE657R5CJXO6EC,38YMOXR4MUY3J7ZGVG5DIG8YJDIW62,A3S81UFDOWF2ST,Approved,Thu Mar 05 07:30:58 EST 2015,Thu Mar 05 07:32:04 EST 2015,Q-decomposition and Bounded RTDP Approach,Resource Allocation,complex resource management,bounded Real-time Dynamic Programming (bounded RTDP),tight upper and lower bounds,emptyanswer,emptyanswer,emptyanswer,emptyanswer,emptyanswer,emptyanswer,emptyanswer,emptyanswer,emptyanswer,emptyanswer,emptyanswer
3WA2XVDZELG6FNGVKE657R5CJXO6EC,3F6HPJW4JDZF16GF8ETAS3RM38JW2O,A3I10J1GPDAPQR,Approved,Thu Mar 05 08:22:59 EST 2015,Thu Mar 05 08:24:07 EST 2015,Q-decomposition,Bounded RTDP Approach,Resource Allocation,complex resource management problem,pruning,emptyanswer,emptyanswer,emptyanswer,emptyanswer,emptyanswer,emptyanswer,emptyanswer,emptyanswer,emptyanswer,emptyanswer,emptyanswer
3WA2XVDZELG6FNGVKE657R5CJXO6EC,3HYA4D452RIDQKUKIPJAOF5M8522F5,A1QUDNLO95AKS5,Approved,Thu Mar 05 11:47:00 EST 2015,Thu Mar 05 11:47:29 EST 2015,Q-decomposition,Bounded RTDP Approach,Resource Allocation,RTDP,agents,emptyanswer,emptyanswer,emptyanswer,emptyanswer,emptyanswer,emptyanswer,emptyanswer,emptyanswer,emptyanswer,emptyanswer,emptyanswer
3WA2XVDZELG6FNGVKE657R5CJXO6EC,31Q0U3WYDPETM6XIH2LKV4I0ICU71G,ADUJUZANFOWKW,Approved,Thu Mar 05 16:20:27 EST 2015,Thu Mar 05 16:21:16 EST 2015,RTDP,allocation,management,Q-decomposition,agent,emptyanswer,emptyanswer,emptyanswer,emptyanswer,emptyanswer,emptyanswer,emptyanswer,emptyanswer,emptyanswer,emptyanswer,emptyanswer
3WA2XVDZELG6FNGVKE657R5CJXO6EC,39GHHAVOMFQ3Y0V35TTJWSUCLT14JY,A3DHYTZ1GPN0T8,Approved,Thu Mar 05 23:07:10 EST 2015,Thu Mar 05 23:07:51 EST 2015,paper contributes,resources,agents,Real-time Dynamic Programming,value function,emptyanswer,emptyanswer,emptyanswer,emptyanswer,emptyanswer,emptyanswer,emptyanswer,emptyanswer,emptyanswer,emptyanswer,emptyanswer
3WA2XVDZELG6FNGVKE657R5CJXO6EC,3S06PH7KSR393FYS8FO6VWSW4Q3D1R,AQXSUU4I4DAH8,Approved,Fri Mar 06 04:24:59 EST 2015,Fri Mar 06 04:25:33 EST 2015,decomposition and Bounded RTDP,NP-Complete,Resource Allocation,Q-decomposition,heuristic search,emptyanswer,emptyanswer,emptyanswer,emptyanswer,emptyanswer,emptyanswer,emptyanswer,emptyanswer,emptyanswer,emptyanswer,emptyanswer
3WA2XVDZELG6FNGVKE657R5CJXO6EC,3KMS4QQVK2P870YA7VPEOBRGPAEFK4,ADVZAZ12Z8N9J,Approved,Fri Mar 06 07:39:49 EST 2015,Fri Mar 06 07:43:33 EST 2015,This paper contributes to solve effectively stochastic resource allocation problems known to be NP-Complete.,"To address this complex resource management problem, a Q-decomposition approach is proposed when the resources which are already shared among the agents, but the actions made by an agent may influence the reward obtained by at least another agent",The Q-decomposition allows to coordinate these reward separated agents and thus permits to reduce the set of states and actions to consider.,"On the other hand, when the resources are available to all agents, no Q-decomposition is possible and we use heuristic search.","In particular, the bounded Real-time Dynamic Programming (bounded RTDP) is used. Bounded RTDP concentrates the planning on significant states only and prunes the action space.",emptyanswer,emptyanswer,emptyanswer,emptyanswer,emptyanswer,emptyanswer,emptyanswer,emptyanswer,emptyanswer,emptyanswer,emptyanswer
3WA2XVDZELG6FNGVKE657R5CJXO6EC,3ZDAD0O1T1COA5FI1Y9SV9EJCSLTXZ,A3G4SXD4N30C3L,Approved,Fri Mar 06 10:39:47 EST 2015,Fri Mar 06 10:40:24 EST 2015,Q-decomposition,Bounded RTDP Approach,Resource Allocation,stochastic resource allocation problems,NP-Complete,bounded Real-time Dynamic Programming (bounded RTDP),emptyanswer,emptyanswer,emptyanswer,emptyanswer,emptyanswer,emptyanswer,emptyanswer,emptyanswer,emptyanswer,emptyanswer
3WA2XVDZELG6FNGVKE657R5CJXO6EC,3A4NIXBJ76YPXG89EI5SY1O4BD6LMZ,APEB5ERGCYP6D,Approved,Fri Mar 06 22:26:06 EST 2015,Fri Mar 06 22:38:03 EST 2015,stochastic resource allocation,Dynamic Programming,Q-decomposition,proposing tight upper and lower bounds,heuristic search,emptyanswer,emptyanswer,emptyanswer,emptyanswer,emptyanswer,emptyanswer,emptyanswer,emptyanswer,emptyanswer,emptyanswer,emptyanswer
3WA2XVDZELG6FNGVKE657R5CJXO6EC,3FQ5JJ512LNKVSBR5J8RWG0PR4AKNW,AWQK8QA93VLW9,Approved,Sat Mar 07 10:49:09 EST 2015,Sat Mar 07 10:50:31 EST 2015,Q-decomposition,Bounded RTDP,Resource Allocation,stochastic resource allocation problems,NP-Complete,resource management,heuristic search,Real-time Dynamic Programming,emptyanswer,emptyanswer,emptyanswer,emptyanswer,emptyanswer,emptyanswer,emptyanswer,emptyanswer
3WA2XVDZELG6FNGVKE657R5CJXO6EC,3SB5N7Y3O33C8AN1EMLENCCJCUPG0L,A2YW509B0UMSEH,Approved,Sat Mar 07 13:06:16 EST 2015,Sat Mar 07 13:19:07 EST 2015,Allocation,resource,problem,Q-decomposition,Bounded RTDP,emptyanswer,emptyanswer,emptyanswer,emptyanswer,emptyanswer,emptyanswer,emptyanswer,emptyanswer,emptyanswer,emptyanswer,emptyanswer
3WA2XVDZELG6FNGVKE657R5CJXO6EC,3CFVK00FWLKN8DNHR2YB95RILEYL6Y,A37WDQ1VG5XN6Z,Approved,Sat Mar 07 13:39:18 EST 2015,Sat Mar 07 13:39:26 EST 2015,nothing,nothing,nothing,nothing,nothing,emptyanswer,emptyanswer,emptyanswer,emptyanswer,emptyanswer,emptyanswer,emptyanswer,emptyanswer,emptyanswer,emptyanswer,emptyanswer
3WA2XVDZELG6FNGVKE657R5CJXO6EC,3AMW0RGHOD1L6J87IBDZSXMOLEPNP9,A28IXE702NXWKQ,Approved,Sat Mar 07 14:09:20 EST 2015,Sat Mar 07 14:10:26 EST 2015,contributes,stochastic resource,NP-Complete,Real-time Dynamic Programming (bounded RTDP),tight upper,emptyanswer,emptyanswer,emptyanswer,emptyanswer,emptyanswer,emptyanswer,emptyanswer,emptyanswer,emptyanswer,emptyanswer,emptyanswer
3WA2XVDZELG6FNGVKE657R5CJXO6EC,3OS4RQUCR9E7EXUG1ICLP88Q2JRFBC,A9HQ3E0F2AGVO,Approved,Sat Mar 07 15:59:01 EST 2015,Sat Mar 07 15:59:46 EST 2015,effectively stochastic resource allocation,NP-Complete,resource management problem,Q-decomposition,Real-time Dynamic Programming (RTDP),emptyanswer,emptyanswer,emptyanswer,emptyanswer,emptyanswer,emptyanswer,emptyanswer,emptyanswer,emptyanswer,emptyanswer,emptyanswer
3WA2XVDZELG6FNGVKE657R5CJXO6EC,3QILPRALQ5U00R9QWUBO6BRYW5P8NC,A38IE69ORDCEGY,Approved,Sat Mar 07 23:46:44 EST 2015,Sat Mar 07 23:47:43 EST 2015,Q-decomposition,Bounded RTDP,Resource allocation,Real-time dynamic programming,heuristic search,emptyanswer,emptyanswer,emptyanswer,emptyanswer,emptyanswer,emptyanswer,emptyanswer,emptyanswer,emptyanswer,emptyanswer,emptyanswer
3WA2XVDZELG6FNGVKE657R5CJXO6EC,3SITXWYCNV8OEJL11CI7VF8X6QZXB1,A2KELEVTA0306Y,Approved,Sun Mar 08 08:53:40 EDT 2015,Sun Mar 08 08:56:36 EDT 2015,paper,contributes,solve,effectively,stochastic,resource,allocation,problems,address,complex,management,Q-decomposition,approach,proposed,already,least
3WA2XVDZELG6FNGVKE657R5CJXO6EC,3WLEIWSYHOGX4GLQDF7AR0HZOUK2HS,A2GBY8O6GYSB89,Approved,Sun Mar 08 19:03:33 EDT 2015,Sun Mar 08 19:04:08 EDT 2015,Q-decomposition,Bounded RTDP Approach,Resource Allocation,NP-Complete,complex resource management problem,emptyanswer,emptyanswer,emptyanswer,emptyanswer,emptyanswer,emptyanswer,emptyanswer,emptyanswer,emptyanswer,emptyanswer,emptyanswer
3WA2XVDZELG6FNGVKE657R5CJXO6EC,3DPNQGW4LLERA5GWLAZUNOP7ZVH468,A156NFBMKKLDL9,Approved,Sun Mar 08 21:57:01 EDT 2015,Sun Mar 08 21:57:25 EDT 2015,Q-decomposition,Bounded RTDP Approach,Resource Allocation,Real-time Dynamic Programming,value function,emptyanswer,emptyanswer,emptyanswer,emptyanswer,emptyanswer,emptyanswer,emptyanswer,emptyanswer,emptyanswer,emptyanswer,emptyanswer
3WA2XVDZELG6FNGVKE657R5CJXO6EC,30OG32W0SUAH9SJH9XXOYLNK7A6EN4,A156E6TWVB7GP7,Approved,Sun Mar 08 22:59:11 EDT 2015,Sun Mar 08 23:01:05 EDT 2015,Stochastic,Resource management problem,Dynamic Programming,Dynamic Programming,Bounded RTDP,emptyanswer,emptyanswer,emptyanswer,emptyanswer,emptyanswer,emptyanswer,emptyanswer,emptyanswer,emptyanswer,emptyanswer,emptyanswer
3WA2XVDZELG6FNGVKE657R5CJXO6EC,3NL0RFNU0FMY9K1LNETVX7UP0QR4K3,A2SZAM3EZER2PH,Approved,Mon Mar 09 06:05:57 EDT 2015,Mon Mar 09 06:06:40 EDT 2015,solve effectively,NP-Complete,Q-decomposition,separated agents,lower bounds,emptyanswer,emptyanswer,emptyanswer,emptyanswer,emptyanswer,emptyanswer,emptyanswer,emptyanswer,emptyanswer,emptyanswer,emptyanswer
3WA2XVDZELG6FNGVKE657R5CJXO6EC,3ITXP059PWIM0LXEVUP1UVAIZIKJSI,ACYGMRGAZ22U7,Approved,Mon Mar 09 17:45:10 EDT 2015,Mon Mar 09 17:45:18 EDT 2015,Keyword/Keyphrase 1:,Keyword/Keyphrase 1:,Keyword/Keyphrase 1:,Keyword/Keyphrase 1:,Keyword/Keyphrase 1:,emptyanswer,emptyanswer,emptyanswer,emptyanswer,emptyanswer,emptyanswer,emptyanswer,emptyanswer,emptyanswer,emptyanswer,emptyanswer
3WA2XVDZELG6FNGVKE657R5CJXO6EC,35LDD5557A3EDAQRTITRJ1BPMKUMK4,AW36CVMS3526O,Approved,Tue Mar 10 12:11:38 EDT 2015,Tue Mar 10 12:12:30 EDT 2015,Allocation,Q-decomposition,resources,influence,significant,emptyanswer,emptyanswer,emptyanswer,emptyanswer,emptyanswer,emptyanswer,emptyanswer,emptyanswer,emptyanswer,emptyanswer,emptyanswer
3WA2XVDZELG6FNGVKE657R5CJXO6EC,3LRLIPTPEQ8DB9H2WF3MAAGPS36AK9,A17JEL4FN1B9TB,Approved,Tue Mar 10 12:14:06 EDT 2015,Tue Mar 10 12:15:07 EDT 2015,Q-decomposition,decomposition,Bounded,RTDP,Approach,Resource,Allocation,emptyanswer,emptyanswer,emptyanswer,emptyanswer,emptyanswer,emptyanswer,emptyanswer,emptyanswer,emptyanswer
3WA2XVDZELG6FNGVKE657R5CJXO6EC,38SKSKU7R1W31XIIT37068HNUBGLIR,A5UZTMO507YXX,Approved,Tue Mar 10 12:27:09 EDT 2015,Tue Mar 10 12:27:50 EDT 2015,Q-decomposition,Bounded RTDP,Resource allocation,NP-Complete,significant states,action space,emptyanswer,emptyanswer,emptyanswer,emptyanswer,emptyanswer,emptyanswer,emptyanswer,emptyanswer,emptyanswer,emptyanswer
3WA2XVDZELG6FNGVKE657R5CJXO6EC,3K9FOBBF2HIVFYT9QJKSBGD4GB8LN7,A3UY2GVCKC8LSL,Approved,Tue Mar 10 23:18:54 EDT 2015,Tue Mar 10 23:19:43 EDT 2015,Q-decomposition,Bounded RTDP Approach,Real-time Dynamic Programming,NP-Complete,Resource Allocation,emptyanswer,emptyanswer,emptyanswer,emptyanswer,emptyanswer,emptyanswer,emptyanswer,emptyanswer,emptyanswer,emptyanswer,emptyanswer
3WA2XVDZELG6FNGVKE657R5CJXO6EC,3LO69W1SU3CP56CN3F7XLW47FZSGL0,A3K6BSW10S4YKJ,Approved,Wed Mar 11 01:24:25 EDT 2015,Wed Mar 11 01:25:24 EDT 2015,stochastic resource allocation problems,NP-Complete,a Q-decomposition approach is proposed,heuristic search,bounded Real-time Dynamic Programming (bounded RTDP),emptyanswer,emptyanswer,emptyanswer,emptyanswer,emptyanswer,emptyanswer,emptyanswer,emptyanswer,emptyanswer,emptyanswer,emptyanswer
3WA2XVDZELG6FNGVKE657R5CJXO6EC,3DZQRBDBSLEBF7VPS9XEEOTT3O5S3S,ATRHDYWCIYTDJ,Approved,Wed Mar 11 05:01:20 EDT 2015,Wed Mar 11 05:01:31 EDT 2015,effectively,resource,problems,Complete,action,emptyanswer,emptyanswer,emptyanswer,emptyanswer,emptyanswer,emptyanswer,emptyanswer,emptyanswer,emptyanswer,emptyanswer,emptyanswer
3WA2XVDZELG6FNGVKE657R5CJXO6EC,3KJYX6QCM9A2SDEIPPU65IUPYQRJV8,A3CMDYA9USA3MR,Approved,Wed Mar 11 07:46:40 EDT 2015,Wed Mar 11 07:47:00 EDT 2015,contributes,effectively,resource,accomplished,pruning,emptyanswer,emptyanswer,emptyanswer,emptyanswer,emptyanswer,emptyanswer,emptyanswer,emptyanswer,emptyanswer,emptyanswer,emptyanswer
3WA2XVDZELG6FNGVKE657R5CJXO6EC,3I2PTA7R3TT5YPOJLB080AVUWNIKQK,AL9R6CILUG30X,Approved,Wed Mar 11 11:29:41 EDT 2015,Wed Mar 11 11:38:59 EDT 2015,Q-decomposition,Bounded Real-time Dynamic Programming (RTDP) Approach,Resource Allocation,Stochastic resource allocation,Heuristic search,Value function,emptyanswer,emptyanswer,emptyanswer,emptyanswer,emptyanswer,emptyanswer,emptyanswer,emptyanswer,emptyanswer,emptyanswer
3WA2XVDZELG6FNGVKE657R5CJXO6EC,3GD6L00D3SWC7945L8N9EMFQDGWM17,A2KS418T8MPLJH,Approved,Wed Mar 11 16:53:22 EDT 2015,Wed Mar 11 16:54:04 EDT 2015,A Q-decomposition and Bounded RTDP Approach to Resource Allocation,solve effectively stochastic resource allocation problems known to be NP-Complete,Q-decomposition approach is proposed when the resources which are already shared among the agents,Q-decomposition allows to coordinate these reward separated agents,Bounded RTDP concentrates the planning on significant states only and prunes the action space,emptyanswer,emptyanswer,emptyanswer,emptyanswer,emptyanswer,emptyanswer,emptyanswer,emptyanswer,emptyanswer,emptyanswer,emptyanswer
3WA2XVDZELG6FNGVKE657R5CJXO6EC,3U5JL4WY5K84TK0SMX8KN12RW4R4XN,ANB69EQROUTQJ,Approved,Wed Mar 11 16:56:13 EDT 2015,Wed Mar 11 16:57:39 EDT 2015,q-decomposition,stochastic resource allocation,actions influence reward,heuristic search,real-time dynamic programming,tight upper and lower bounds,emptyanswer,emptyanswer,emptyanswer,emptyanswer,emptyanswer,emptyanswer,emptyanswer,emptyanswer,emptyanswer,emptyanswer
3WA2XVDZELG6FNGVKE657R5CJXO6EC,3E4GGUZ1T8QO66MYJ0A74SXRGHRK2T,A2SDTL2V8VJ25O,Approved,Wed Mar 11 20:49:53 EDT 2015,Wed Mar 11 20:50:33 EDT 2015,decomposition,Bounded,RTDP,Allocation,proposed,emptyanswer,emptyanswer,emptyanswer,emptyanswer,emptyanswer,emptyanswer,emptyanswer,emptyanswer,emptyanswer,emptyanswer,emptyanswer
3WA2XVDZELG6FNGVKE657R5CJXO6EC,35DR22AR5DJJBOHOMJ31DWALJ553XE,A1JWEYGDFDB100,Approved,Thu Mar 12 10:27:48 EDT 2015,Thu Mar 12 10:29:03 EDT 2015,Q-decomposition,Bounded RTDP Approach,Resource Allocation,NP-Complete,Real-time Dynamic Programming,emptyanswer,emptyanswer,emptyanswer,emptyanswer,emptyanswer,emptyanswer,emptyanswer,emptyanswer,emptyanswer,emptyanswer,emptyanswer
3WA2XVDZELG6FNGVKE657R5CJXO6EC,3OVHNO1VE606YBJ0GQXYNQC8IISZD5,AM1HY736BY3Z8,Approved,Thu Mar 12 11:16:05 EDT 2015,Thu Mar 12 11:17:19 EDT 2015,A Q-decomposition and Bounded RTDP Approach to Resource Allocation,This paper contributes to solve effectively stochastic resource allocation problems known to be NP-Complete.,The Q-decomposition allows to coordinate these reward separated agents and thus permits to reduce the set of states and actions to consider.,", the bounded Real-time Dynamic Programming (bounded RTDP) is used.",The pruning is accomplished by proposing tight upper and lower bounds on the value function.,emptyanswer,emptyanswer,emptyanswer,emptyanswer,emptyanswer,emptyanswer,emptyanswer,emptyanswer,emptyanswer,emptyanswer,emptyanswer
3WA2XVDZELG6FNGVKE657R5CJXO6EC,3MAOD8E57Q9QFSAY42NGMA8ROM1NXJ,AU3WQKISBW5MZ,Approved,Thu Mar 12 13:45:03 EDT 2015,Thu Mar 12 13:46:07 EDT 2015,This paper contributes to solve effectively stochastic resource allocation problems known to be NP-Complete.,"To address this complex resource management problem, a Q-decomposition approach is proposed when the resources which are already shared","among the agents, but the actions made by an agent may influence the reward obtained by at least another agent.",The Q-decomposition allows to coordinate these reward separated agents and thus permits to reduce the set of states and actions to consider,"when the resources are available to all agents, no Q-decomposition is possible and we use heuristic search.",emptyanswer,emptyanswer,emptyanswer,emptyanswer,emptyanswer,emptyanswer,emptyanswer,emptyanswer,emptyanswer,emptyanswer,emptyanswer
3WA2XVDZELG6FNGVKE657R5CJXO6EC,3JW0YLFXRTF1DMEMMYIHGA7B8Y1WWW,A1A9GCQVBEMT58,Approved,Fri Mar 13 07:36:05 EDT 2015,Fri Mar 13 07:39:06 EDT 2015,stochastic resource allocation problem,NP-Complete,Q-decomposition,heuristic search,Real-time Dynamic Programming,proposing tight upper and lower bounds,emptyanswer,emptyanswer,emptyanswer,emptyanswer,emptyanswer,emptyanswer,emptyanswer,emptyanswer,emptyanswer,emptyanswer
3WA2XVDZELG6FNGVKE657R5CJXO6EC,3DIP6YHAPCRW6LWD3V85GOXPJN18EL,A2UNRV6PEOEXG0,Approved,Fri Mar 13 14:01:10 EDT 2015,Fri Mar 13 14:01:48 EDT 2015,Q-decomposition,Bounded RTDP,Resource allocation,reward seperated agents,real-time,emptyanswer,emptyanswer,emptyanswer,emptyanswer,emptyanswer,emptyanswer,emptyanswer,emptyanswer,emptyanswer,emptyanswer,emptyanswer
3WA2XVDZELG6FNGVKE657R5CJXO6EC,3HMVI3QICJRC1QTJ4BBK8H2XNUA1YL,A3DTN2OMF6DUSI,Approved,Fri Mar 13 23:22:17 EDT 2015,Fri Mar 13 23:22:22 EDT 2015,model,model,model,model,model,emptyanswer,emptyanswer,emptyanswer,emptyanswer,emptyanswer,emptyanswer,emptyanswer,emptyanswer,emptyanswer,emptyanswer,emptyanswer
3WA2XVDZELG6FNGVKE657R5CJXO6EC,3U84XHCDICCTYF07NFW5KMI25AOZ4R,A610SH5RY1NG1,Approved,Sat Mar 14 07:42:12 EDT 2015,Sat Mar 14 07:42:26 EDT 2015,Q-decomposition,Bounded,RTDP,Approach,Resource Allocation,emptyanswer,emptyanswer,emptyanswer,emptyanswer,emptyanswer,emptyanswer,emptyanswer,emptyanswer,emptyanswer,emptyanswer,emptyanswer
3WA2XVDZELG6FNGVKE657R5CJXO6EC,31QNSG6A5RSBX6H3GNUZAE58X3N87V,A2Z9HR2IBD75R9,Approved,Sat Mar 14 10:05:04 EDT 2015,Sat Mar 14 10:05:19 EDT 2015,Q-decomposition,Bounded,RTDP,Approach,Resource,emptyanswer,emptyanswer,emptyanswer,emptyanswer,emptyanswer,emptyanswer,emptyanswer,emptyanswer,emptyanswer,emptyanswer,emptyanswer
3WA2XVDZELG6FNGVKE657R5CJXO6EC,3NKQQ8O39Y4PCCPQA3YQ6YXTG6CDU5,AWFQ7OX0UPSM5,Approved,Sat Mar 14 16:40:54 EDT 2015,Sat Mar 14 16:41:56 EDT 2015,Q-decomposition,Bounded RTDP,Resource Allocation,NP-Complete,heuristic search,emptyanswer,emptyanswer,emptyanswer,emptyanswer,emptyanswer,emptyanswer,emptyanswer,emptyanswer,emptyanswer,emptyanswer,emptyanswer
3WA2XVDZELG6FNGVKE657R5CJXO6EC,3TY7ZAOG5FJHAWJK4D6TL44CKQ50K2,AH3ER3EJXHRO2,Approved,Sat Mar 14 16:41:58 EDT 2015,Sat Mar 14 16:42:48 EDT 2015,Q-decomposition,bounded RTDP approach,resource allocation,complex resource management problem,pruning,emptyanswer,emptyanswer,emptyanswer,emptyanswer,emptyanswer,emptyanswer,emptyanswer,emptyanswer,emptyanswer,emptyanswer,emptyanswer
3WA2XVDZELG6FNGVKE657R5CJXO6EC,37XITHEISW8NRSRV6D8AHHSRO7WRCF,ACVJ6IUO9QM4R,Approved,Sat Mar 14 17:19:03 EDT 2015,Sat Mar 14 17:20:25 EDT 2015,complex resource management problem,Q-decomposition approach,Real-time Dynamic Programming (bounded RTDP),Bounded RTDP,heuristic search,emptyanswer,emptyanswer,emptyanswer,emptyanswer,emptyanswer,emptyanswer,emptyanswer,emptyanswer,emptyanswer,emptyanswer,emptyanswer
3WA2XVDZELG6FNGVKE657R5CJXO6EC,30OG32W0SUAH9SJH9XXOYLNK8MNENA,A2EEL9YYUHL5SK,Approved,Sat Mar 14 18:14:02 EDT 2015,Sat Mar 14 18:15:12 EDT 2015,Q-decomposition,Bounded RTDP Approach,Resource Allocation,reward separated agents,heuristic search,emptyanswer,emptyanswer,emptyanswer,emptyanswer,emptyanswer,emptyanswer,emptyanswer,emptyanswer,emptyanswer,emptyanswer,emptyanswer
3WA2XVDZELG6FNGVKE657R5CJXO6EC,3OVR4I9USPIKKNZG0JDSTT6Y09KQ49,A1G94QON7A9K0N,Approved,Sat Mar 14 19:56:11 EDT 2015,Sat Mar 14 19:56:34 EDT 2015,resource,np-complete,rtdp,heuristic,dynamic,emptyanswer,emptyanswer,emptyanswer,emptyanswer,emptyanswer,emptyanswer,emptyanswer,emptyanswer,emptyanswer,emptyanswer,emptyanswer
3WA2XVDZELG6FNGVKE657R5CJXO6EC,3ZAK8W07I4DVDSOWYRAVRRDAMIB0U9,A1BV5YY1UQCMZY,Approved,Sat Mar 14 19:59:43 EDT 2015,Sat Mar 14 20:00:24 EDT 2015,q-decomposition,bounded rtdp approach,resource allocation,np-complete,significant states,action space,value function,emptyanswer,emptyanswer,emptyanswer,emptyanswer,emptyanswer,emptyanswer,emptyanswer,emptyanswer,emptyanswer
3WA2XVDZELG6FNGVKE657R5CJXO6EC,31LVTDXBL79GUWL1JQ19K0IEIHIRL5,A29ZV4XJB7R1O,Approved,Sat Mar 14 20:15:20 EDT 2015,Sat Mar 14 20:32:16 EDT 2015,RTDP,Approach,Resource Allocation,NP-Complete,stochastic,emptyanswer,emptyanswer,emptyanswer,emptyanswer,emptyanswer,emptyanswer,emptyanswer,emptyanswer,emptyanswer,emptyanswer,emptyanswer
3WA2XVDZELG6FNGVKE657R5CJXO6EC,3S3AMIZX3U4TQI8QOCDQCSBN97GDC8,A3MRB8TFD1IUS6,Approved,Sat Mar 14 20:33:27 EDT 2015,Sat Mar 14 20:34:58 EDT 2015,Q decomposition,Bounded RTDP Approach,Resource Allocation,NP Complete,Dynamic Programming,emptyanswer,emptyanswer,emptyanswer,emptyanswer,emptyanswer,emptyanswer,emptyanswer,emptyanswer,emptyanswer,emptyanswer,emptyanswer
3WA2XVDZELG6FNGVKE657R5CJXO6EC,3RKNTXVS3MXSX7SZBNG63TRTWR74AP,A9VLWY4KW6OCB,Approved,Sat Mar 14 21:12:10 EDT 2015,Sat Mar 14 21:21:14 EDT 2015,RTDP,Approach,Resource Allocation,NP-Complete,Real-time Dynamic Programming,emptyanswer,emptyanswer,emptyanswer,emptyanswer,emptyanswer,emptyanswer,emptyanswer,emptyanswer,emptyanswer,emptyanswer,emptyanswer
3WA2XVDZELG6FNGVKE657R5CJXO6EC,3Z7VU45IPYGC6G3O0XD3MOBZTS51ZB,A2TM0CPAMAO45B,Approved,Sat Mar 14 21:12:18 EDT 2015,Sat Mar 14 21:41:54 EDT 2015,Q-decomposition,stochastic resource allocation,NP-Complete,heuristic search,Real-time Dynamic Programming (bounded RTDP),emptyanswer,emptyanswer,emptyanswer,emptyanswer,emptyanswer,emptyanswer,emptyanswer,emptyanswer,emptyanswer,emptyanswer,emptyanswer
3WA2XVDZELG6FNGVKE657R5CJXO6EC,3Z9WI9EOZZNSLWPG2LDERW3T68RHK7,A1GK9ZI7T30X9Z,Approved,Sat Mar 14 22:41:56 EDT 2015,Sat Mar 14 22:43:05 EDT 2015,Q-decomposition,Bounded RTDP,Resource Allocation,stochastic resource allocation,NP-Complete,agents,Real-time Dynamic Programming,pruning,emptyanswer,emptyanswer,emptyanswer,emptyanswer,emptyanswer,emptyanswer,emptyanswer,emptyanswer
3WA2XVDZELG6FNGVKE657R5CJXO6EC,3QY7M81QH7LVS7J4PCR20JEZS547K4,A1YNGE7LM9TQHL,Approved,Sun Mar 15 02:16:59 EDT 2015,Sun Mar 15 02:18:00 EDT 2015,A Q-decomposition and Bounded RTDP Approach to Resource Allocation,This paper contributes to solve effectively stochastic resource allocation problems known to be NP-Complete.,"To address this complex resource management problem, a Q-decomposition approach is proposed when the resources which are already shared among the agents, but the actions made by an agent may influence the reward obtained by at least another agent.",The Q-decomposition allows to coordinate these reward separated agents and thus permits to reduce the set of states and actions to consider.,"On the other hand, when the resources are available to all agents, no Q-decomposition is possible and we use heuristic search.","In particular, the bounded Real-time Dynamic Programming (bounded RTDP) is used.",Bounded RTDP concentrates the planning on significant states only and prunes the action space.,The pruning is accomplished by proposing tight upper and lower bounds on the value function.,emptyanswer,emptyanswer,emptyanswer,emptyanswer,emptyanswer,emptyanswer,emptyanswer,emptyanswer
