HitId,AssignmentId,WorkerId,Status,AcceptTime,SubmitTime,Answer 1,Answer 2,Answer 3,Answer 4,Answer 5,Answer 6,Answer 7,Answer 8,Answer 9,Answer 10,Answer 11,Answer 12,Answer 13,Answer 14,Answer 15,Answer 16
3WA2XVDZELG6FNGVKE657R5CJXOE6K,3NPFYT4IZC3K50TCHYALWQZUMMEXG7,AK81F0NOBFJS3,Approved,Mon Mar 02 12:50:20 EST 2015,Mon Mar 02 12:55:29 EST 2015,Organizational-Self Design,Multiagent,Dynamic environment,Contract-net,Conditions,emptyanswer,emptyanswer,emptyanswer,emptyanswer,emptyanswer,emptyanswer,emptyanswer,emptyanswer,emptyanswer,emptyanswer,emptyanswer
3WA2XVDZELG6FNGVKE657R5CJXOE6K,339ANSOTR51SHR0083VZR8485QRIKV,AXGCH3EOOB0XG,Approved,Mon Mar 02 13:01:08 EST 2015,Mon Mar 02 13:02:02 EST 2015,Self-Design,Orginization,Coordination,MultiAgent,Environmental,emptyanswer,emptyanswer,emptyanswer,emptyanswer,emptyanswer,emptyanswer,emptyanswer,emptyanswer,emptyanswer,emptyanswer,emptyanswer
3WA2XVDZELG6FNGVKE657R5CJXOE6K,3F6HPJW4JDZF16GF8ETAS3RM328W21,A22R7DT2XQIKXV,Approved,Mon Mar 02 15:08:52 EST 2015,Mon Mar 02 15:08:58 EST 2015,aa,aa,aa,aa,aa,emptyanswer,emptyanswer,emptyanswer,emptyanswer,emptyanswer,emptyanswer,emptyanswer,emptyanswer,emptyanswer,emptyanswer,emptyanswer
3WA2XVDZELG6FNGVKE657R5CJXOE6K,3DBQWDE4Y6XHD9QOYW4LURH7U0WN53,A3ODG942FG22PJ,Approved,Mon Mar 02 15:22:45 EST 2015,Mon Mar 02 15:23:25 EST 2015,Semi-dynamic,Organizational-Self Design,optimize,runtime,structures,NA,NA,NA,NA,NA,NA,NA,NA,NA,NA,NA
3WA2XVDZELG6FNGVKE657R5CJXOE6K,3OB0CAO74HON51EX60E504I43TCHYP,A2R085B34P2LYS,Approved,Mon Mar 02 22:14:11 EST 2015,Mon Mar 02 22:28:25 EST 2015,Organizational,Design,Semi,Environments,dynamic,optional,optional,optional,optional,optional,optional,optional,optional,optional,optional,optional
3WA2XVDZELG6FNGVKE657R5CJXOE6K,3BEFOD78W6STZ81O8Q6BCKMTPEE4M2,A27I79P03I0ZPO,Approved,Mon Mar 02 23:04:00 EST 2015,Mon Mar 02 23:04:43 EST 2015,Organizational,Self-Design,Semi-dynamic,Environments,perform,emptyanswer,emptyanswer,emptyanswer,emptyanswer,emptyanswer,emptyanswer,emptyanswer,emptyanswer,emptyanswer,emptyanswer,emptyanswer
3WA2XVDZELG6FNGVKE657R5CJXOE6K,3RKNTXVS3MXSX7SZBNG63TRTVXW4AP,A11B84S796PPW5,Approved,Tue Mar 03 01:46:37 EST 2015,Tue Mar 03 01:49:21 EST 2015,Semi dynamic environments,Organizational structures,Organizational self design,Worth oriented domains,Efficient environment,emptyanswer,emptyanswer,emptyanswer,emptyanswer,emptyanswer,emptyanswer,emptyanswer,emptyanswer,emptyanswer,emptyanswer,emptyanswer
3WA2XVDZELG6FNGVKE657R5CJXOE6K,3RRCEFRB7MBXGHXRH1G2Y4BZDGSB44,A26M2B8NZVKWTZ,Approved,Tue Mar 03 06:46:52 EST 2015,Tue Mar 03 06:47:46 EST 2015,Semi-dynamic,Self-Design,Environments,Organizational,OSD,emptyanswer,emptyanswer,emptyanswer,emptyanswer,emptyanswer,emptyanswer,emptyanswer,emptyanswer,emptyanswer,emptyanswer,emptyanswer
3WA2XVDZELG6FNGVKE657R5CJXOE6K,3DBQWDE4Y6XHD9QOYW4LURH7U125NT,A1XRIEYLA7ZJ3B,Approved,Tue Mar 03 07:11:31 EST 2015,Tue Mar 03 07:22:15 EST 2015,Organizational Self-Design in Semi-dynamic Environments,coordination in multiagent systems,optimize an organizational structure,Organizational-Self Design (OSD),include worth-oriented domains,emptyanswer,emptyanswer,emptyanswer,emptyanswer,emptyanswer,emptyanswer,emptyanswer,emptyanswer,emptyanswer,emptyanswer,emptyanswer
3WA2XVDZELG6FNGVKE657R5CJXOE6K,354P56DE9K2TGQWCUL04R55986A7SR,A1B5NXRZQYRC4R,Approved,Tue Mar 03 09:02:38 EST 2015,Tue Mar 03 09:03:21 EST 2015,organizational,self-design,semi-dynamic,environments,osd,emptyanswer,emptyanswer,emptyanswer,emptyanswer,emptyanswer,emptyanswer,emptyanswer,emptyanswer,emptyanswer,emptyanswer,emptyanswer
3WA2XVDZELG6FNGVKE657R5CJXOE6K,3SPJ0334212JW79NU0HQCHYJGO9YJA,A3A6FIAZ2W81,Approved,Wed Mar 04 09:12:12 EST 2015,Wed Mar 04 09:13:39 EST 2015,organizations,multiagent systems,organizational-self design,OSD,organizational structures,emptyanswer,emptyanswer,emptyanswer,emptyanswer,emptyanswer,emptyanswer,emptyanswer,emptyanswer,emptyanswer,emptyanswer,emptyanswer
3WA2XVDZELG6FNGVKE657R5CJXOE6K,31EUONYN2V2GTO5F52MBDEBBX1MVOM,A3FFZN4FO3Q789,Approved,Wed Mar 04 10:39:57 EST 2015,Wed Mar 04 10:53:54 EST 2015,and,and,and,and,and,emptyanswer,emptyanswer,emptyanswer,emptyanswer,emptyanswer,emptyanswer,emptyanswer,emptyanswer,emptyanswer,emptyanswer,emptyanswer
3WA2XVDZELG6FNGVKE657R5CJXOE6K,3JCG6DTRV3PR9SMEYGK5WW73VAQQQW,A3H35QRODK1C4K,Approved,Wed Mar 04 10:54:32 EST 2015,Wed Mar 04 10:54:56 EST 2015,organization,self-design,semi-dynamic,environments,proposed,emptyanswer,emptyanswer,emptyanswer,emptyanswer,emptyanswer,emptyanswer,emptyanswer,emptyanswer,emptyanswer,emptyanswer,emptyanswer
3WA2XVDZELG6FNGVKE657R5CJXOE6K,3BDCF01OGXTPRXXNXLT3SWBBKE0YL0,A2F6ZON8X5EAGL,Approved,Wed Mar 04 15:04:32 EST 2015,Wed Mar 04 15:05:18 EST 2015,Organizational Self-Design in Semi-dynamic Environments,multiagent,structure,suitable,OSD agents,emptyanswer,emptyanswer,emptyanswer,emptyanswer,emptyanswer,emptyanswer,emptyanswer,emptyanswer,emptyanswer,emptyanswer,emptyanswer
3WA2XVDZELG6FNGVKE657R5CJXOE6K,37Q970SNZE7F54HA55JVQVEW5NF1SZ,A3OTLWGJFB65KD,Approved,Wed Mar 04 19:17:21 EST 2015,Wed Mar 04 19:17:27 EST 2015,nothing,nothing,nothing,nothing,nothing,emptyanswer,emptyanswer,emptyanswer,emptyanswer,emptyanswer,emptyanswer,emptyanswer,emptyanswer,emptyanswer,emptyanswer,emptyanswer
3WA2XVDZELG6FNGVKE657R5CJXOE6K,3URFVVM165HSFDUM2LNNXQGW3ZOZUD,A3LUJSAN4DQ1ZT,Approved,Wed Mar 04 21:58:53 EST 2015,Wed Mar 04 21:59:43 EST 2015,Self-design,Semi-dynamic,Runtime,Contract-net,OSD,emptyanswer,emptyanswer,emptyanswer,emptyanswer,emptyanswer,emptyanswer,emptyanswer,emptyanswer,emptyanswer,emptyanswer,emptyanswer
3WA2XVDZELG6FNGVKE657R5CJXOE6K,3HRMW88U16PC0KJNPPJ90HWG8660MY,A3S81UFDOWF2ST,Approved,Wed Mar 04 22:16:49 EST 2015,Wed Mar 04 22:17:24 EST 2015,Organizational Self-Design,Semi-dynamic Environments,problem task structure,multiagent systems,optimize,emptyanswer,emptyanswer,emptyanswer,emptyanswer,emptyanswer,emptyanswer,emptyanswer,emptyanswer,emptyanswer,emptyanswer,emptyanswer
3WA2XVDZELG6FNGVKE657R5CJXOE6K,3GU1KF0O4I0J5AJAFL8Q12MU4GNBP2,A1YLO4LT02D2F0,Approved,Wed Mar 04 23:38:38 EST 2015,Wed Mar 04 23:40:14 EST 2015,Organizations are an important basis for coordination in multiagent systems,"characteristics, available resources, and agent capabilities","This precludes the use of static, design-time generated","the environment is dynamic, the environmental conditions",evaluate our approach against the contract-net approach,emptyanswer,emptyanswer,emptyanswer,emptyanswer,emptyanswer,emptyanswer,emptyanswer,emptyanswer,emptyanswer,emptyanswer,emptyanswer
3WA2XVDZELG6FNGVKE657R5CJXOE6K,3FFJ6VRIL1NQ41TW4ALH8OPZRY6I0M,A9LA6QK6VCERR,Approved,Thu Mar 05 01:38:08 EST 2015,Thu Mar 05 01:39:28 EST 2015,Organizational Self-Design,Semi-dynamic Environments,OSD,optimize an organizational structure,creating stable organizational structures,emptyanswer,emptyanswer,emptyanswer,emptyanswer,emptyanswer,emptyanswer,emptyanswer,emptyanswer,emptyanswer,emptyanswer,emptyanswer
3WA2XVDZELG6FNGVKE657R5CJXOE6K,3TR2532VIPTHDNZHOHMYTQEQHHE6JM,A1QUDNLO95AKS5,Approved,Thu Mar 05 08:42:23 EST 2015,Thu Mar 05 08:42:56 EST 2015,Organizational Self-Design,coordination,Semi-dynamic Environments,Organizational-Self Design (OSD),changes in the environment,emptyanswer,emptyanswer,emptyanswer,emptyanswer,emptyanswer,emptyanswer,emptyanswer,emptyanswer,emptyanswer,emptyanswer,emptyanswer
3WA2XVDZELG6FNGVKE657R5CJXOE6K,3DY4FPOOA1NJQ1XVXU3F79GG8SBVR8,A2SDTL2V8VJ25O,Approved,Thu Mar 05 18:42:57 EST 2015,Thu Mar 05 18:43:58 EST 2015,Organizational,Self-Design,Environments,approach,flexible,emptyanswer,emptyanswer,emptyanswer,emptyanswer,emptyanswer,emptyanswer,emptyanswer,emptyanswer,emptyanswer,emptyanswer,emptyanswer
3WA2XVDZELG6FNGVKE657R5CJXOE6K,3A4TN5196KHA2YDSA8WG3DQL0CYHCZ,ADUJUZANFOWKW,Approved,Thu Mar 05 18:49:19 EST 2015,Thu Mar 05 18:49:51 EST 2015,design,environment,dynamic,OSD,agents,emptyanswer,emptyanswer,emptyanswer,emptyanswer,emptyanswer,emptyanswer,emptyanswer,emptyanswer,emptyanswer,emptyanswer,emptyanswer
3WA2XVDZELG6FNGVKE657R5CJXOE6K,3W92K5RLWUGULEZX0NQC48BKGC05VM,A3DHYTZ1GPN0T8,Approved,Thu Mar 05 22:55:19 EST 2015,Thu Mar 05 22:55:44 EST 2015,Organizations,strongly,characteristics,Organizational-Self Design (OSD),environment,emptyanswer,emptyanswer,emptyanswer,emptyanswer,emptyanswer,emptyanswer,emptyanswer,emptyanswer,emptyanswer,emptyanswer,emptyanswer
3WA2XVDZELG6FNGVKE657R5CJXOE6K,3TXD01ZLD4GCCG6XHSXX3U3N29M4UH,A156E6TWVB7GP7,Approved,Fri Mar 06 00:59:26 EST 2015,Fri Mar 06 01:00:26 EST 2015,Organizations,multiagent systems,coordination organizational,Self Design,efficient,emptyanswer,emptyanswer,emptyanswer,emptyanswer,emptyanswer,emptyanswer,emptyanswer,emptyanswer,emptyanswer,emptyanswer,emptyanswer
3WA2XVDZELG6FNGVKE657R5CJXOE6K,3DY4FPOOA1NJQ1XVXU3F79GG8W5VRA,A3I10J1GPDAPQR,Approved,Fri Mar 06 09:10:54 EST 2015,Fri Mar 06 09:12:58 EST 2015,Organizational Self-Design,Semi-dynamic Environments,environmental features,stable organizational structures,agent capabilities,emptyanswer,emptyanswer,emptyanswer,emptyanswer,emptyanswer,emptyanswer,emptyanswer,emptyanswer,emptyanswer,emptyanswer,emptyanswer
3WA2XVDZELG6FNGVKE657R5CJXOE6K,3MX2NQ3YC9TMP34S02RUST85WQ35XQ,A2KELEVTA0306Y,Approved,Fri Mar 06 11:13:43 EST 2015,Fri Mar 06 11:15:23 EST 2015,Organizations,important,coordination,multiagent,systems,organize,existing,Attempting,optimize,features,environments,proposed,approach,worth-oriented,processor,robustness
3WA2XVDZELG6FNGVKE657R5CJXOE6K,354P56DE9K2TGQWCUL04R5598H07S3,AQXSUU4I4DAH8,Approved,Fri Mar 06 11:49:18 EST 2015,Fri Mar 06 11:50:10 EST 2015,Semi-dynamic Environments,flexible to changes in the environment,Organizational Self-Design,coordination in multiagent systems,robustness into the organization,emptyanswer,emptyanswer,emptyanswer,emptyanswer,emptyanswer,emptyanswer,emptyanswer,emptyanswer,emptyanswer,emptyanswer,emptyanswer
3WA2XVDZELG6FNGVKE657R5CJXOE6K,340UGXU9DY0B6TPC1OYKCK30FWAVUH,A1A7P5LC80G47W,Approved,Fri Mar 06 15:00:28 EST 2015,Fri Mar 06 15:02:35 EST 2015,semi-dynamic environments,organizational self-design,multiagent systems,organizational structure,contract-net approach,emptyanswer,emptyanswer,emptyanswer,emptyanswer,emptyanswer,emptyanswer,emptyanswer,emptyanswer,emptyanswer,emptyanswer,emptyanswer
3WA2XVDZELG6FNGVKE657R5CJXOE6K,3VSOLARPKB8TASZQJ3XNXTO3BT8396,A3K6BSW10S4YKJ,Approved,Sat Mar 07 10:54:30 EST 2015,Sat Mar 07 10:55:54 EST 2015,use of static,design-time generated,organizational structures,Organizational-Self Design (OSD),worth-oriented domains,emptyanswer,emptyanswer,emptyanswer,emptyanswer,emptyanswer,emptyanswer,emptyanswer,emptyanswer,emptyanswer,emptyanswer,emptyanswer
3WA2XVDZELG6FNGVKE657R5CJXOE6K,3FE2ERCCZX73O48JJQDC7MMTBONPOJ,A2GBY8O6GYSB89,Approved,Sat Mar 07 11:37:33 EST 2015,Sat Mar 07 11:39:07 EST 2015,Organizational Self-Design,Semi-dynamic Environments,coordination in multiagent systems,Attempting to optimize an organizational structure,an approach for constructing suitable organizational structures at runtime,emptyanswer,emptyanswer,emptyanswer,emptyanswer,emptyanswer,emptyanswer,emptyanswer,emptyanswer,emptyanswer,emptyanswer,emptyanswer
3WA2XVDZELG6FNGVKE657R5CJXOE6K,3L0KT67Y8EFCVASDHUQ44IP6CITSYD,A9HQ3E0F2AGVO,Approved,Sat Mar 07 11:42:30 EST 2015,Sat Mar 07 11:43:36 EST 2015,multiagent systems,coordination,environmental features,Organizational-Self Design (OSD),runtime,emptyanswer,emptyanswer,emptyanswer,emptyanswer,emptyanswer,emptyanswer,emptyanswer,emptyanswer,emptyanswer,emptyanswer,emptyanswer
3WA2XVDZELG6FNGVKE657R5CJXOE6K,3DY4FPOOA1NJQ1XVXU3F79GG8ZERVL,A2YW509B0UMSEH,Approved,Sat Mar 07 14:02:02 EST 2015,Sat Mar 07 14:03:40 EST 2015,multiagent,Self-Design,Environment,Organization,task,emptyanswer,emptyanswer,emptyanswer,emptyanswer,emptyanswer,emptyanswer,emptyanswer,emptyanswer,emptyanswer,emptyanswer,emptyanswer
3WA2XVDZELG6FNGVKE657R5CJXOE6K,38JBBYETQO9VNK9BRSISZCHKGQV4ED,A1W7BQWWGKJ3XF,Approved,Sat Mar 07 16:03:35 EST 2015,Sat Mar 07 16:04:42 EST 2015,Organizational Self-Design,Semi-dynamic Environments,multiagent systems,worth-oriented domains,robustness,processor resources,emptyanswer,emptyanswer,emptyanswer,emptyanswer,emptyanswer,emptyanswer,emptyanswer,emptyanswer,emptyanswer,emptyanswer
3WA2XVDZELG6FNGVKE657R5CJXOE6K,3W8CV64QJ2Y8406PYOMP1NPDUZ49HZ,A3G4SXD4N30C3L,Approved,Sat Mar 07 17:32:06 EST 2015,Sat Mar 07 17:32:44 EST 2015,Organizational-Self Design (OSD),Semi-dynamic Environments,multiagent systems,stable organizational structures,flexible to changes in the environment,processor resources,emptyanswer,emptyanswer,emptyanswer,emptyanswer,emptyanswer,emptyanswer,emptyanswer,emptyanswer,emptyanswer,emptyanswer
3WA2XVDZELG6FNGVKE657R5CJXOE6K,3HSYG7LRBJXJNMQO86GB4OJLXADKK1,APEB5ERGCYP6D,Approved,Sat Mar 07 23:42:27 EST 2015,Sat Mar 07 23:51:01 EST 2015,important basis for coordination in multiagent systems,there is no best way to organize,equally effective,constructing suitable organizational structures at runtime,more flexible to changes in the environmen,emptyanswer,emptyanswer,emptyanswer,emptyanswer,emptyanswer,emptyanswer,emptyanswer,emptyanswer,emptyanswer,emptyanswer,emptyanswer
3WA2XVDZELG6FNGVKE657R5CJXOE6K,3HMIGG0U4L5UCQD43WKZNRP50PTY8S,A38IE69ORDCEGY,Approved,Sat Mar 07 23:59:11 EST 2015,Sun Mar 08 00:02:12 EST 2015,organizational self-design,semi-dynamic environmentsoe,multiagent systems,organizational structure optimization,runtime organizational structures,emptyanswer,emptyanswer,emptyanswer,emptyanswer,emptyanswer,emptyanswer,emptyanswer,emptyanswer,emptyanswer,emptyanswer,emptyanswer
3WA2XVDZELG6FNGVKE657R5CJXOE6K,3GNCZX450IMEM0EI978U6R2OMA3APV,A156NFBMKKLDL9,Approved,Sun Mar 08 22:02:19 EDT 2015,Sun Mar 08 22:03:20 EDT 2015,Organizational Self-Design,Semi-dynamic Environments,contract-net approach,flexible to changes,organizational structures in such systems,emptyanswer,emptyanswer,emptyanswer,emptyanswer,emptyanswer,emptyanswer,emptyanswer,emptyanswer,emptyanswer,emptyanswer,emptyanswer
3WA2XVDZELG6FNGVKE657R5CJXOE6K,3AAJC4I4FGRJ1XJSQMJ9QO7LMXZZJI,A2SZAM3EZER2PH,Approved,Mon Mar 09 07:38:45 EDT 2015,Mon Mar 09 07:39:17 EDT 2015,Organizations are an important,multiagent systems,use of static,organizational structures,approach for constructing,emptyanswer,emptyanswer,emptyanswer,emptyanswer,emptyanswer,emptyanswer,emptyanswer,emptyanswer,emptyanswer,emptyanswer,emptyanswer
3WA2XVDZELG6FNGVKE657R5CJXOE6K,3VNXK88KKCHDM1193D3TGOGM2HL9V1,AUH4A0OGHF2CK,Approved,Mon Mar 09 09:19:42 EDT 2015,Mon Mar 09 09:21:32 EDT 2015,Appliction of Organizational Self-Design to  Semi-dynamic Environments,Organizing Semi-dynamic Environments,Runtime organizational structures for Semi-dynamic Environments,Organizational models for Semi-dynamic Environments,OSD for Semi-dynamic Environments,emptyanswer,emptyanswer,emptyanswer,emptyanswer,emptyanswer,emptyanswer,emptyanswer,emptyanswer,emptyanswer,emptyanswer,emptyanswer
3WA2XVDZELG6FNGVKE657R5CJXOE6K,3J4Q2Z4UTY2WTPI0APJBOLPPJQ7QWU,A3UY2GVCKC8LSL,Approved,Mon Mar 09 17:33:13 EDT 2015,Mon Mar 09 17:34:01 EDT 2015,Organizational Self-Design,Semi-dynamic,OSD,organizational structure,robustness,emptyanswer,emptyanswer,emptyanswer,emptyanswer,emptyanswer,emptyanswer,emptyanswer,emptyanswer,emptyanswer,emptyanswer,emptyanswer
3WA2XVDZELG6FNGVKE657R5CJXOE6K,3634BBTX0OTH158M7S42BVC3XD1IFM,ACYGMRGAZ22U7,Approved,Mon Mar 09 17:59:22 EDT 2015,Mon Mar 09 17:59:28 EDT 2015,Keyword/Keyphrase 1:,Keyword/Keyphrase 1:,Keyword/Keyphrase 1:,Keyword/Keyphrase 1:,Keyword/Keyphrase 1:,emptyanswer,emptyanswer,emptyanswer,emptyanswer,emptyanswer,emptyanswer,emptyanswer,emptyanswer,emptyanswer,emptyanswer,emptyanswer
3WA2XVDZELG6FNGVKE657R5CJXOE6K,3VP0C6EFSGV7EV52REZQ9I67LPW6M5,A3HPVFAF1U9WXK,Approved,Tue Mar 10 05:29:12 EDT 2015,Tue Mar 10 05:29:52 EDT 2015,Semi-dynamic Environments,Organizational Self-Design,multiagent systems,organizational structures,domains,emptyanswer,emptyanswer,emptyanswer,emptyanswer,emptyanswer,emptyanswer,emptyanswer,emptyanswer,emptyanswer,emptyanswer,emptyanswer
3WA2XVDZELG6FNGVKE657R5CJXOE6K,3AZHRG4CU4JBEYBDJ7EU4INA8V803X,A1JWEYGDFDB100,Approved,Tue Mar 10 12:11:34 EDT 2015,Tue Mar 10 12:13:24 EDT 2015,Organizational Self-Design,Semi-dynamic Environments,design-time generated,OSD,organizational structures,emptyanswer,emptyanswer,emptyanswer,emptyanswer,emptyanswer,emptyanswer,emptyanswer,emptyanswer,emptyanswer,emptyanswer,emptyanswer
3WA2XVDZELG6FNGVKE657R5CJXOE6K,3WI0P0II61RXWKX9693L1NA98YXRDL,AW36CVMS3526O,Approved,Tue Mar 10 12:31:24 EDT 2015,Tue Mar 10 12:32:29 EDT 2015,Self-Design,Semi-dynamic,effective,characteristics,environment,emptyanswer,emptyanswer,emptyanswer,emptyanswer,emptyanswer,emptyanswer,emptyanswer,emptyanswer,emptyanswer,emptyanswer,emptyanswer
3WA2XVDZELG6FNGVKE657R5CJXOE6K,392CY0QWG1Q73PBXNB8JKRFC8QZ4IX,ATRHDYWCIYTDJ,Approved,Wed Mar 11 04:41:44 EDT 2015,Wed Mar 11 04:41:55 EDT 2015,coordination,systems,best,organize,environment,emptyanswer,emptyanswer,emptyanswer,emptyanswer,emptyanswer,emptyanswer,emptyanswer,emptyanswer,emptyanswer,emptyanswer,emptyanswer
3WA2XVDZELG6FNGVKE657R5CJXOE6K,3DBQWDE4Y6XHD9QOYW4LURH7UMTN58,A3CMDYA9USA3MR,Approved,Wed Mar 11 07:23:40 EDT 2015,Wed Mar 11 07:23:53 EDT 2015,important,multiagent,However,organize,organizational,emptyanswer,emptyanswer,emptyanswer,emptyanswer,emptyanswer,emptyanswer,emptyanswer,emptyanswer,emptyanswer,emptyanswer,emptyanswer
3WA2XVDZELG6FNGVKE657R5CJXOE6K,3H0W84IWBK12OQB924E575SU8CVREF,A28IXE702NXWKQ,Approved,Wed Mar 11 15:04:43 EDT 2015,Wed Mar 11 15:06:45 EDT 2015,Organizations are an important basis,multiagent systems,problem characteristics,build in robustness into the organization,more flexible to changes in the environment,emptyanswer,emptyanswer,emptyanswer,emptyanswer,emptyanswer,emptyanswer,emptyanswer,emptyanswer,emptyanswer,emptyanswer,emptyanswer
3WA2XVDZELG6FNGVKE657R5CJXOE6K,3MYYFCXHJ36T7Y52XN8GZF2WTETG45,A2E2IQ99W6B7AV,Approved,Wed Mar 11 15:56:49 EDT 2015,Wed Mar 11 15:58:26 EDT 2015,Semi-dynamic environments,Multiagent system,Worth-oriented domain,Condition changes,Organization structure,emptyanswer,emptyanswer,emptyanswer,emptyanswer,emptyanswer,emptyanswer,emptyanswer,emptyanswer,emptyanswer,emptyanswer,emptyanswer
3WA2XVDZELG6FNGVKE657R5CJXOE6K,38JBBYETQO9VNK9BRSISZCHKGYG4EE,A2KS418T8MPLJH,Approved,Wed Mar 11 16:46:36 EDT 2015,Wed Mar 11 16:48:30 EDT 2015,Organizational Self-Design in Semi-dynamic Environments,Organizations are an important basis for coordination in multiagent systems,Organizational-Self Design (OSD) has been proposed as an approach for constructing suitable organizational structures,contract-net approach and show that our OSD agents,certain characteristics and conditions change slowly,emptyanswer,emptyanswer,emptyanswer,emptyanswer,emptyanswer,emptyanswer,emptyanswer,emptyanswer,emptyanswer,emptyanswer,emptyanswer
3WA2XVDZELG6FNGVKE657R5CJXOE6K,37UQDCYH6XU98IDGOG592SPG7VGV72,ANB69EQROUTQJ,Approved,Wed Mar 11 20:26:40 EDT 2015,Wed Mar 11 20:28:01 EDT 2015,self-design,semi-dynamic,organizational structure,environmental conditions,processor resources,OSD agents,emptyanswer,emptyanswer,emptyanswer,emptyanswer,emptyanswer,emptyanswer,emptyanswer,emptyanswer,emptyanswer,emptyanswer
3WA2XVDZELG6FNGVKE657R5CJXOE6K,31UV0MXWNQBPZ8FX1GRTPJLQ9OTI5K,ADVZAZ12Z8N9J,Approved,Thu Mar 12 11:30:58 EDT 2015,Thu Mar 12 11:34:00 EDT 2015,Organizations are an important basis for coordination in multiagent systems.,N/A,N/A,N/A,N/A,emptyanswer,emptyanswer,emptyanswer,emptyanswer,emptyanswer,emptyanswer,emptyanswer,emptyanswer,emptyanswer,emptyanswer,emptyanswer
3WA2XVDZELG6FNGVKE657R5CJXOE6K,37U1UTWH9VLLFP1IP1S5FVW8YADR8Z,AM1HY736BY3Z8,Approved,Thu Mar 12 11:51:28 EDT 2015,Thu Mar 12 11:53:20 EDT 2015,Organizational Self-Design in Semi-dynamic Environments,Organizations are an important basis for coordination in multiagent systems.,"Attempting to optimize an organizational structure depends strongly on environmental features including problem characteristics, available resources, and agent capabilities.",these can have an important effect in creating stable organizational structures.,"We then evaluate our approach against the contract-net approach and show that our OSD agents perform better, are more efficient, and more flexible to changes in the environment.",emptyanswer,emptyanswer,emptyanswer,emptyanswer,emptyanswer,emptyanswer,emptyanswer,emptyanswer,emptyanswer,emptyanswer,emptyanswer
3WA2XVDZELG6FNGVKE657R5CJXOE6K,3QILPRALQ5U00R9QWUBO6BRYXETN8E,AU3WQKISBW5MZ,Approved,Thu Mar 12 14:27:52 EDT 2015,Thu Mar 12 14:28:25 EDT 2015,"Organizations are an important basis for coordination in multiagent systems. However, there is no best way to organize and all ways of organizing are not equally effective. Attempting to optimize an organizational structure depends strongly on environmental features including problem characteristics, available resources, and agent capabilities. If the environment is dynamic, the environmental conditions or the problem task structure may change over time. This precludes the use of static, design-time generated, organizational structures in such systems. On the other hand, for many real environments, the problems are not totally unique either: certain characteristics and conditions change slowly, if at all, and these can have an important effect in creating stable organizational structures.","Organizations are an important basis for coordination in multiagent systems. However, there is no best way to organize and all ways of organizing are not equally effective. Attempting to optimize an organizational structure depends strongly on environmental features including problem characteristics, available resources, and agent capabilities. If the environment is dynamic, the environmental conditions or the problem task structure may change over time. This precludes the use of static, design-time generated, organizational structures in such systems. On the other hand, for many real environments, the problems are not totally unique either: certain characteristics and conditions change slowly, if at all, and these can have an important effect in creating stable organizational structures.","Organizations are an important basis for coordination in multiagent systems. However, there is no best way to organize and all ways of organizing are not equally effective. Attempting to optimize an organizational structure depends strongly on environmental features including problem characteristics, available resources, and agent capabilities. If the environment is dynamic, the environmental conditions or the problem task structure may change over time. This precludes the use of static, design-time generated, organizational structures in such systems. On the other hand, for many real environments, the problems are not totally unique either: certain characteristics and conditions change slowly, if at all, and these can have an important effect in creating stable organizational structures.","Organizations are an important basis for coordination in multiagent systems. However, there is no best way to organize and all ways of organizing are not equally effective. Attempting to optimize an organizational structure depends strongly on environmental features including problem characteristics, available resources, and agent capabilities. If the environment is dynamic, the environmental conditions or the problem task structure may change over time. This precludes the use of static, design-time generated, organizational structures in such systems. On the other hand, for many real environments, the problems are not totally unique either: certain characteristics and conditions change slowly, if at all, and these can have an important effect in creating stable organizational structures.","Organizations are an important basis for coordination in multiagent systems. However, there is no best way to organize and all ways of organizing are not equally effective. Attempting to optimize an organizational structure depends strongly on environmental features including problem characteristics, available resources, and agent capabilities. If the environment is dynamic, the environmental conditions or the problem task structure may change over time. This precludes the use of static, design-time generated, organizational structures in such systems. On the other hand, for many real environments, the problems are not totally unique either: certain characteristics and conditions change slowly, if at all, and these can have an important effect in creating stable organizational structures.",emptyanswer,emptyanswer,emptyanswer,emptyanswer,emptyanswer,emptyanswer,emptyanswer,emptyanswer,emptyanswer,emptyanswer,emptyanswer
3WA2XVDZELG6FNGVKE657R5CJXOE6K,3ZR9AIQJUB8WWUUHJLJDENFGN1440Z,A3DTN2OMF6DUSI,Approved,Fri Mar 13 23:16:11 EDT 2015,Fri Mar 13 23:16:18 EDT 2015,Machine,Machine,Machine,Machine,Machine,emptyanswer,emptyanswer,emptyanswer,emptyanswer,emptyanswer,emptyanswer,emptyanswer,emptyanswer,emptyanswer,emptyanswer,emptyanswer
3WA2XVDZELG6FNGVKE657R5CJXOE6K,30MVJZJNHMC4V61FMOPAD05S83C9JX,A8HUG07IE2R3,Approved,Sat Mar 14 01:05:45 EDT 2015,Sat Mar 14 01:08:23 EDT 2015,important basis for coordination,depends strongly on environmental features including problem characteristics,"use of static, design-time generated, organizational structures",Organizational-Self Design,existing OSD approach,more flexible to changes in the environment.,emptyanswer,emptyanswer,emptyanswer,emptyanswer,emptyanswer,emptyanswer,emptyanswer,emptyanswer,emptyanswer,emptyanswer
3WA2XVDZELG6FNGVKE657R5CJXOE6K,3WQQ9FUS6ATYZIKTT46FFGR4GTQB8W,A610SH5RY1NG1,Approved,Sat Mar 14 06:36:34 EDT 2015,Sat Mar 14 06:37:01 EDT 2015,Organizational Self-Design,Semi-dynamic Environments,multiagent systems,OSD,organizational,emptyanswer,emptyanswer,emptyanswer,emptyanswer,emptyanswer,emptyanswer,emptyanswer,emptyanswer,emptyanswer,emptyanswer,emptyanswer
3WA2XVDZELG6FNGVKE657R5CJXOE6K,3WJEQKOXA81B58VGO5X45VKQK5G1AO,A2Z9HR2IBD75R9,Approved,Sat Mar 14 09:08:43 EDT 2015,Sat Mar 14 09:09:05 EDT 2015,Organizational,Self-Design,Semi-dynamic Environments,structure,efficient,emptyanswer,emptyanswer,emptyanswer,emptyanswer,emptyanswer,emptyanswer,emptyanswer,emptyanswer,emptyanswer,emptyanswer,emptyanswer
3WA2XVDZELG6FNGVKE657R5CJXOE6K,3ATTHHXXWANY1RZ77MAOH2CA2TRXI9,A2UNRV6PEOEXG0,Approved,Sat Mar 14 13:57:21 EDT 2015,Sat Mar 14 13:59:11 EDT 2015,Organizations,multiagent systems,semi-dynamic environment,Organizational-Self Design,changes to the environment,emptyanswer,emptyanswer,emptyanswer,emptyanswer,emptyanswer,emptyanswer,emptyanswer,emptyanswer,emptyanswer,emptyanswer,emptyanswer
3WA2XVDZELG6FNGVKE657R5CJXOE6K,3L70J4KAZGL5X3BS4YHZ6XLZ93KDAT,AH3ER3EJXHRO2,Approved,Sat Mar 14 17:08:51 EDT 2015,Sat Mar 14 17:09:28 EDT 2015,organizational self-design,semi-dynamic environments,organizations,organizational structures,worth-oriented domains,emptyanswer,emptyanswer,emptyanswer,emptyanswer,emptyanswer,emptyanswer,emptyanswer,emptyanswer,emptyanswer,emptyanswer,emptyanswer
3WA2XVDZELG6FNGVKE657R5CJXOE6K,3DQQ64TANGKBTDHLAC4MOGZFF5PWP0,ACVJ6IUO9QM4R,Approved,Sat Mar 14 16:58:48 EDT 2015,Sat Mar 14 17:15:30 EDT 2015,r coordination in multiagent systems.,Organizational-Self Design (OSD,constructing suitable organizational structures at runtime.,worth-oriented domains,OSD agents perform better,emptyanswer,emptyanswer,emptyanswer,emptyanswer,emptyanswer,emptyanswer,emptyanswer,emptyanswer,emptyanswer,emptyanswer,emptyanswer
3WA2XVDZELG6FNGVKE657R5CJXOE6K,3K2755HG5S20TUS0FE3RKYWQ6J2DFB,AWFQ7OX0UPSM5,Approved,Sat Mar 14 19:20:03 EDT 2015,Sat Mar 14 19:20:42 EDT 2015,Organizational Self-Design,Semi-dynamic Environments,multiagent systems,environmental features,problem characteristics,emptyanswer,emptyanswer,emptyanswer,emptyanswer,emptyanswer,emptyanswer,emptyanswer,emptyanswer,emptyanswer,emptyanswer,emptyanswer
3WA2XVDZELG6FNGVKE657R5CJXOE6K,3QJOXOW4XJQBRAYHXWIOL6YK3XIEMH,A1G94QON7A9K0N,Approved,Sat Mar 14 20:14:19 EDT 2015,Sat Mar 14 20:14:42 EDT 2015,multiagent,organize,conditions,stable,runtime,emptyanswer,emptyanswer,emptyanswer,emptyanswer,emptyanswer,emptyanswer,emptyanswer,emptyanswer,emptyanswer,emptyanswer,emptyanswer
3WA2XVDZELG6FNGVKE657R5CJXOE6K,3PXX5PX6LXXCI6D8Q2QTB7XZ6JIBAW,A29ZV4XJB7R1O,Approved,Sat Mar 14 20:27:48 EDT 2015,Sat Mar 14 20:38:20 EDT 2015,Organizational,Self-Design,Semi-dynamic,Environments,OSD,emptyanswer,emptyanswer,emptyanswer,emptyanswer,emptyanswer,emptyanswer,emptyanswer,emptyanswer,emptyanswer,emptyanswer,emptyanswer
3WA2XVDZELG6FNGVKE657R5CJXOE6K,3KJYX6QCM9A2SDEIPPU65IUPZYWJVU,A1BV5YY1UQCMZY,Approved,Sat Mar 14 21:00:14 EDT 2015,Sat Mar 14 21:01:50 EDT 2015,Organizational Self-Design,Semi-dynamic environments,multiagent systems,osd,agent capabilities,emptyanswer,emptyanswer,emptyanswer,emptyanswer,emptyanswer,emptyanswer,emptyanswer,emptyanswer,emptyanswer,emptyanswer,emptyanswer
3WA2XVDZELG6FNGVKE657R5CJXOE6K,39GHHAVOMFQ3Y0V35TTJWSUCME2J4L,A2TM0CPAMAO45B,Approved,Sat Mar 14 21:13:51 EDT 2015,Sat Mar 14 21:14:48 EDT 2015,Organizational Self-Design,Semi-dynamic Environments,runtime organizational structures,contract-net approach,optimization,emptyanswer,emptyanswer,emptyanswer,emptyanswer,emptyanswer,emptyanswer,emptyanswer,emptyanswer,emptyanswer,emptyanswer,emptyanswer
3WA2XVDZELG6FNGVKE657R5CJXOE6K,3MD9PLUKKIDFKNAD5KB1JVO2WTBNZ6,A17JEL4FN1B9TB,Approved,Sat Mar 14 21:53:30 EDT 2015,Sat Mar 14 21:54:09 EDT 2015,Organizational,Self,Design,Semi,dynamic,Environments,emptyanswer,emptyanswer,emptyanswer,emptyanswer,emptyanswer,emptyanswer,emptyanswer,emptyanswer,emptyanswer,emptyanswer
3WA2XVDZELG6FNGVKE657R5CJXOE6K,3P4RDNWND55X67UIQIVNQT4VRW5JI2,A9VLWY4KW6OCB,Approved,Sat Mar 14 22:06:51 EDT 2015,Sat Mar 14 22:17:56 EDT 2015,Organizational,Self-Design,Semi-dynamic,Environments,systems,emptyanswer,emptyanswer,emptyanswer,emptyanswer,emptyanswer,emptyanswer,emptyanswer,emptyanswer,emptyanswer,emptyanswer,emptyanswer
3WA2XVDZELG6FNGVKE657R5CJXOE6K,38F5OAUN5NB4QHIWJRO5NRY70OXH77,A1YNGE7LM9TQHL,Approved,Sun Mar 15 01:14:00 EDT 2015,Sun Mar 15 01:16:42 EDT 2015,Organizational Self-Design in Semi-dynamic Environments,Organizations are an important basis for coordination in multiagent systems.,"However, there is no best way to organize and all ways of organizing are not equally effective.","Attempting to optimize an organizational structure depends strongly on environmental features including problem characteristics, available resources, and agent capabilities.","If the environment is dynamic, the environmental conditions or the problem task structure may change over time.","This precludes the use of static, design-time generated, organizational structures in such systems.","On the other hand, for many real environments, the problems are not totally unique either:","certain characteristics and conditions change slowly, if at all, and these can have an important effect in creating stable organizational structures.",Organizational-Self Design (OSD) has been proposed as an approach for constructing suitable organizational structures at runtime.,"We extend the existing OSD approach to include worth-oriented domains, model other resources in addition to only processor resources and build in robustness into the organization.","We then evaluate our approach against the contract-net approach and show that our OSD agents perform better, are more efficient, and more flexible to changes in the environment.",emptyanswer,emptyanswer,emptyanswer,emptyanswer,emptyanswer
3WA2XVDZELG6FNGVKE657R5CJXOE6K,3C2NJ6JBKAGPEC71GD2NWKEVBKMN28,AHAJG2TJ4P3G2,Approved,Sun Mar 15 01:50:30 EDT 2015,Sun Mar 15 01:52:50 EDT 2015,Organizational Self-Design (OSD),Semi-dynamic Environments,multiagent system,organizational structures at runtime,worth-oriented domains,emptyanswer,emptyanswer,emptyanswer,emptyanswer,emptyanswer,emptyanswer,emptyanswer,emptyanswer,emptyanswer,emptyanswer,emptyanswer
