HitId,AssignmentId,WorkerId,Status,AcceptTime,SubmitTime,Answer 1,Answer 2,Answer 3,Answer 4,Answer 5,Answer 6,Answer 7,Answer 8,Answer 9,Answer 10,Answer 11,Answer 12,Answer 13,Answer 14,Answer 15,Answer 16
3WUVMVA7OA25DKJU6E1U868G3MNZA1,3A1COHJ8NJU8QVNFTWGB1RU2ADIH8I,A1XRIEYLA7ZJ3B,Approved,Mon Mar 02 12:41:27 EST 2015,Mon Mar 02 12:44:50 EST 2015,Authority Assignment mechanism,Multi-Player Proxy-based Games,better game playing experience,Multi-player Online games,communication proxies,division of authority,cheat detection techniques,emptyanswer,emptyanswer,emptyanswer,emptyanswer,emptyanswer,emptyanswer,emptyanswer,emptyanswer,emptyanswer
3WUVMVA7OA25DKJU6E1U868G3MNZA1,3YGXWBAF70GGQMPXV1CX9OHHV0K4CU,A22R7DT2XQIKXV,Approved,Mon Mar 02 14:04:57 EST 2015,Mon Mar 02 14:05:37 EST 2015,aa,aa,aa,aa,aa,emptyanswer,emptyanswer,emptyanswer,emptyanswer,emptyanswer,emptyanswer,emptyanswer,emptyanswer,emptyanswer,emptyanswer,emptyanswer
3WUVMVA7OA25DKJU6E1U868G3MNZA1,3ZPPDN2SLVVWKQFN8NEJGKS024M9EZ,A3FG9YWTFFK1AU,Approved,Mon Mar 02 18:57:19 EST 2015,Mon Mar 02 19:12:17 EST 2015,Authority Assignment,Distributed,Multi-Player,Proxy-based Games,communication proxies,RPGQuest,emptyanswer,emptyanswer,emptyanswer,emptyanswer,emptyanswer,emptyanswer,emptyanswer,emptyanswer,emptyanswer,emptyanswer
3WUVMVA7OA25DKJU6E1U868G3MNZA1,3F0BG9B9MPMQCC8LTRST9RTAPQGY74,A2R085B34P2LYS,Approved,Mon Mar 02 22:19:56 EST 2015,Mon Mar 02 22:39:14 EST 2015,Authority,Assignment,Distributed,Proxy,Games,optional,optional,optional,optional,optional,optional,optional,optional,optional,optional,optional
3WUVMVA7OA25DKJU6E1U868G3MNZA1,3DR23U6WE5DF45O16TJ07KTCWB4ETJ,A27I79P03I0ZPO,Approved,Mon Mar 02 23:07:00 EST 2015,Mon Mar 02 23:07:47 EST 2015,Authority,Assignment,Games,Multi-Player,Proxy-based,emptyanswer,emptyanswer,emptyanswer,emptyanswer,emptyanswer,emptyanswer,emptyanswer,emptyanswer,emptyanswer,emptyanswer,emptyanswer
3WUVMVA7OA25DKJU6E1U868G3MNZA1,3DH6GAKTYYO9WMERCMKC0BM9ZK9ZYF,A19HCBT1EH8484,Approved,Tue Mar 03 05:15:36 EST 2015,Tue Mar 03 05:23:47 EST 2015,architecture,communication,clients,outcome,servers,NA,NA,NA,NA,NA,NA,NA,NA,NA,NA,NA
3WUVMVA7OA25DKJU6E1U868G3MNZA1,3GNA64GUZE32G63GEOW2YLCCZCSQ54,A1B5NXRZQYRC4R,Approved,Tue Mar 03 08:48:45 EST 2015,Tue Mar 03 08:49:21 EST 2015,Authority,Assignment,Distributed,Multi-Player,Proxy-based Games,emptyanswer,emptyanswer,emptyanswer,emptyanswer,emptyanswer,emptyanswer,emptyanswer,emptyanswer,emptyanswer,emptyanswer,emptyanswer
3WUVMVA7OA25DKJU6E1U868G3MNZA1,3JWH6J9I9SCJ2P7XZ6VYXDHZ4XSNBG,A3ODG942FG22PJ,Approved,Tue Mar 03 08:55:54 EST 2015,Tue Mar 03 08:56:19 EST 2015,Authority,Assignment,Distributed,Multi-Player,Proxy-based Games,na,na,na,na,na,na,na,na,na,na,na
3WUVMVA7OA25DKJU6E1U868G3MNZA1,3EWIJTFFVO6EOWRA8RVQN9R7Z1YE00,A26M2B8NZVKWTZ,Approved,Tue Mar 03 10:11:13 EST 2015,Tue Mar 03 10:11:59 EST 2015,Distributed,Multi-Player,Proxy-based,Games,Authority,emptyanswer,emptyanswer,emptyanswer,emptyanswer,emptyanswer,emptyanswer,emptyanswer,emptyanswer,emptyanswer,emptyanswer,emptyanswer
3WUVMVA7OA25DKJU6E1U868G3MNZA1,3NVC2EB65QY8BT7YRFP3WAHUKQ33YH,A9LA6QK6VCERR,Approved,Wed Mar 04 01:26:45 EST 2015,Wed Mar 04 01:28:49 EST 2015,Distributed Multi-Player Proxy-based Games,proxy-based gaming architecture,Massively Multi-player Online games,communication proxies,authority assignment mechanism,RPGQuest,game-play mechanics,emptyanswer,emptyanswer,emptyanswer,emptyanswer,emptyanswer,emptyanswer,emptyanswer,emptyanswer,emptyanswer
3WUVMVA7OA25DKJU6E1U868G3MNZA1,3O7L7BFSHEOPVR8QCHKWTDR3LWVIEH,A3HPVFAF1U9WXK,Approved,Wed Mar 04 01:41:06 EST 2015,Wed Mar 04 01:41:54 EST 2015,Authority Assignment,Distributed Multi-Player Proxy-based Games,gaming architecture,communication proxies,games,emptyanswer,emptyanswer,emptyanswer,emptyanswer,emptyanswer,emptyanswer,emptyanswer,emptyanswer,emptyanswer,emptyanswer,emptyanswer
3WUVMVA7OA25DKJU6E1U868G3MNZA1,30ZX6P7VF8UTVMGG1FAV3DXE19HJ2H,A3H35QRODK1C4K,Approved,Wed Mar 04 10:13:34 EST 2015,Wed Mar 04 10:13:54 EST 2015,authority,assignment,distributed,multiplayer,proxy,emptyanswer,emptyanswer,emptyanswer,emptyanswer,emptyanswer,emptyanswer,emptyanswer,emptyanswer,emptyanswer,emptyanswer,emptyanswer
3WUVMVA7OA25DKJU6E1U868G3MNZA1,3YMTUJH0DSFXC3R8HN7NYYHLJP94T8,A3FFZN4FO3Q789,Approved,Wed Mar 04 11:08:16 EST 2015,Wed Mar 04 11:11:51 EST 2015,fairness,fairness,fairness,fairness,fairness,emptyanswer,emptyanswer,emptyanswer,emptyanswer,emptyanswer,emptyanswer,emptyanswer,emptyanswer,emptyanswer,emptyanswer,emptyanswer
3WUVMVA7OA25DKJU6E1U868G3MNZA1,3VFJCI1K4ZY084708Z4T78D6L9KRG4,A390PB9CI9WW9E,Approved,Wed Mar 04 11:10:40 EST 2015,Wed Mar 04 11:12:17 EST 2015,Authority Assignment,Dustrubuted multiplayer games,Proxy based games,Distributed game clients,Action/event authority decisions,emptyanswer,emptyanswer,emptyanswer,emptyanswer,emptyanswer,emptyanswer,emptyanswer,emptyanswer,emptyanswer,emptyanswer,emptyanswer
3WUVMVA7OA25DKJU6E1U868G3MNZA1,3137ONMDKG4BZ02VMTKT81EN6L8GEW,A2F6ZON8X5EAGL,Approved,Wed Mar 04 14:44:32 EST 2015,Wed Mar 04 14:45:04 EST 2015,Authority Assignment in Distributed Multi-Player Proxy-based Games,architecture,experience,servers,communication,emptyanswer,emptyanswer,emptyanswer,emptyanswer,emptyanswer,emptyanswer,emptyanswer,emptyanswer,emptyanswer,emptyanswer,emptyanswer
3WUVMVA7OA25DKJU6E1U868G3MNZA1,3X0H8UUIT1N865XD2T8GJL4Q10NWSS,A3OTLWGJFB65KD,Approved,Wed Mar 04 19:17:59 EST 2015,Wed Mar 04 19:18:08 EST 2015,nothing,nothing,nothing,nothing,nothing,emptyanswer,emptyanswer,emptyanswer,emptyanswer,emptyanswer,emptyanswer,emptyanswer,emptyanswer,emptyanswer,emptyanswer,emptyanswer
3WUVMVA7OA25DKJU6E1U868G3MNZA1,3OONKJ5DKCI1KA790LVBC2H4UBOBOI,A3LUJSAN4DQ1ZT,Approved,Wed Mar 04 23:12:46 EST 2015,Wed Mar 04 23:13:43 EST 2015,authority assignment,distributed,multi-player,proxy-based games,massively multi-player,RPGQuest,communication proxies,game-play mechanics,emptyanswer,emptyanswer,emptyanswer,emptyanswer,emptyanswer,emptyanswer,emptyanswer,emptyanswer
3WUVMVA7OA25DKJU6E1U868G3MNZA1,3YZ8UPK3VTLF7KJCA73FMSFBUIEUCN,A1YLO4LT02D2F0,Approved,Wed Mar 04 23:33:04 EST 2015,Wed Mar 04 23:34:07 EST 2015,present a proxy-based gaming architecture,assignment within this architecture that can lead to better game playing experience,The proposed game architecture consists of distributed game clients that connect to game proxies,the communication proxies in the proposed architecture support clients that are in proximity,cheat detection techniques can be easily implemented at the communication proxies if they are made aware of the game-play mechanics.,emptyanswer,emptyanswer,emptyanswer,emptyanswer,emptyanswer,emptyanswer,emptyanswer,emptyanswer,emptyanswer,emptyanswer,emptyanswer
3WUVMVA7OA25DKJU6E1U868G3MNZA1,3PJ71Z61R41X0PLBWZJ49096D1J19L,A3S81UFDOWF2ST,Approved,Thu Mar 05 07:41:48 EST 2015,Thu Mar 05 07:42:38 EST 2015,Authority Assignment,Distributed Multi-Player Proxy-based Games,Online,division of authority,smoother game playing,emptyanswer,emptyanswer,emptyanswer,emptyanswer,emptyanswer,emptyanswer,emptyanswer,emptyanswer,emptyanswer,emptyanswer,emptyanswer
3WUVMVA7OA25DKJU6E1U868G3MNZA1,3MB8LZR5BFSU7S86T6SCJOW0M13KL7,A2YW509B0UMSEH,Approved,Thu Mar 05 08:56:04 EST 2015,Thu Mar 05 08:56:49 EST 2015,Games,architecture,Online,clients,user,emptyanswer,emptyanswer,emptyanswer,emptyanswer,emptyanswer,emptyanswer,emptyanswer,emptyanswer,emptyanswer,emptyanswer,emptyanswer
3WUVMVA7OA25DKJU6E1U868G3MNZA1,3NS0A6KXC479AVTRIGY6TBF5UTUGZJ,A3I10J1GPDAPQR,Approved,Thu Mar 05 09:19:17 EST 2015,Thu Mar 05 09:20:29 EST 2015,Authority Assignment,Distributed Multi-Player Proxy-based Games,game-play mechanics,RPGQuest,multi-player online game,emptyanswer,emptyanswer,emptyanswer,emptyanswer,emptyanswer,emptyanswer,emptyanswer,emptyanswer,emptyanswer,emptyanswer,emptyanswer
3WUVMVA7OA25DKJU6E1U868G3MNZA1,30BXRYBRP4WJGWJXRZWHF7XOSR7WHC,A1QUDNLO95AKS5,Approved,Thu Mar 05 10:57:30 EST 2015,Thu Mar 05 10:58:04 EST 2015,Authority Assignment,Distributed Multi-Player Proxy-based Games,communication proxies,Multi-player Online games,RPGQuest,emptyanswer,emptyanswer,emptyanswer,emptyanswer,emptyanswer,emptyanswer,emptyanswer,emptyanswer,emptyanswer,emptyanswer,emptyanswer
3WUVMVA7OA25DKJU6E1U868G3MNZA1,3R08VXYT7CUMN7DLEQA5OU8UEOLW7K,A3DHYTZ1GPN0T8,Approved,Thu Mar 05 13:07:15 EST 2015,Thu Mar 05 13:08:11 EST 2015,proxy-based,assignment,Massively,proxy-based,game-play mechanics,emptyanswer,emptyanswer,emptyanswer,emptyanswer,emptyanswer,emptyanswer,emptyanswer,emptyanswer,emptyanswer,emptyanswer,emptyanswer
3WUVMVA7OA25DKJU6E1U868G3MNZA1,37Z929RLG97GEOTJ7O35W1XRX9USTT,A2SDTL2V8VJ25O,Approved,Thu Mar 05 15:44:56 EST 2015,Thu Mar 05 15:45:52 EST 2015,Distributed,Multi-Player,architecture,authority,communication,emptyanswer,emptyanswer,emptyanswer,emptyanswer,emptyanswer,emptyanswer,emptyanswer,emptyanswer,emptyanswer,emptyanswer,emptyanswer
3WUVMVA7OA25DKJU6E1U868G3MNZA1,3PMBY0YE272HNSV9CW8OQWSXHZ8C9M,A1W7BQWWGKJ3XF,Approved,Thu Mar 05 16:09:16 EST 2015,Thu Mar 05 16:09:55 EST 2015,Authority Assignment,Distributed Multi-Player Proxy-based Games,architecture,RPGQuest,game-play mechanics,emptyanswer,emptyanswer,emptyanswer,emptyanswer,emptyanswer,emptyanswer,emptyanswer,emptyanswer,emptyanswer,emptyanswer,emptyanswer
3WUVMVA7OA25DKJU6E1U868G3MNZA1,3EJJQNKU9R4E802BS5MBS8P70DLHRP,ADUJUZANFOWKW,Approved,Thu Mar 05 16:33:34 EST 2015,Thu Mar 05 16:34:15 EST 2015,games,distribution,client,architecture,proxies,emptyanswer,emptyanswer,emptyanswer,emptyanswer,emptyanswer,emptyanswer,emptyanswer,emptyanswer,emptyanswer,emptyanswer,emptyanswer
3WUVMVA7OA25DKJU6E1U868G3MNZA1,3UN61F00HWO2S7IGR3L23BMHV5WR5M,A3G4SXD4N30C3L,Approved,Thu Mar 05 20:18:07 EST 2015,Thu Mar 05 20:19:18 EST 2015,Authority Assignment,Distributed Multi-Player Proxy-based Games,proxy-based gaming architecture,RPGQuest,game-play mechanics,communication proxies,emptyanswer,emptyanswer,emptyanswer,emptyanswer,emptyanswer,emptyanswer,emptyanswer,emptyanswer,emptyanswer,emptyanswer
3WUVMVA7OA25DKJU6E1U868G3MNZA1,379J5II41OFRLSGWXKH9LTJV2ATELF,AQXSUU4I4DAH8,Approved,Fri Mar 06 11:27:18 EST 2015,Fri Mar 06 11:28:11 EST 2015,game architecture,Authority Assignment,Proxy-based Games,cheat detection techniques,Distributed Multi-Player,emptyanswer,emptyanswer,emptyanswer,emptyanswer,emptyanswer,emptyanswer,emptyanswer,emptyanswer,emptyanswer,emptyanswer,emptyanswer
3WUVMVA7OA25DKJU6E1U868G3MNZA1,3J88R45B2GXQIDMBKH08QZDMNS5XP9,A2Q49PGT1MQAPI,Approved,Sat Mar 07 00:37:42 EST 2015,Sat Mar 07 00:38:38 EST 2015,Authority Assignment,Distributed Multi-Player Proxy-based Games,Massively Multi-player Online games,game proxies,smoother game playing experience,RPGQuest,game-play mechanics,emptyanswer,emptyanswer,emptyanswer,emptyanswer,emptyanswer,emptyanswer,emptyanswer,emptyanswer,emptyanswer
3WUVMVA7OA25DKJU6E1U868G3MNZA1,3QFUFYSY9YENTY97M32YHU2KSRMF4I,A2KELEVTA0306Y,Approved,Sat Mar 07 05:00:07 EST 2015,Sat Mar 07 05:03:18 EST 2015,standards,recent,research,sought,define,best,practices,improve,workflow,composition,area,explored,scheduling,service,requests,actual
3WUVMVA7OA25DKJU6E1U868G3MNZA1,34X6J5FLPTXAN5I13Q0WZVVHHQXQJQ,A2GBY8O6GYSB89,Approved,Sat Mar 07 10:58:44 EST 2015,Sat Mar 07 11:00:37 EST 2015,Distributed Multi-Player Proxy-based Games,proxy-based gaming architecture,better game playing experience in Massively Multi-player Online games,distributed game clients that connect to game proxies,cheat detection techniques,emptyanswer,emptyanswer,emptyanswer,emptyanswer,emptyanswer,emptyanswer,emptyanswer,emptyanswer,emptyanswer,emptyanswer,emptyanswer
3WUVMVA7OA25DKJU6E1U868G3MNZA1,3K4J6M3CXES89NLJ6OI7CIOWLIOGA3,A38IE69ORDCEGY,Approved,Sun Mar 08 12:16:49 EDT 2015,Sun Mar 08 12:17:40 EDT 2015,Authority assignment,multi-player games,proxy-based gaming,MMO,game server,emptyanswer,emptyanswer,emptyanswer,emptyanswer,emptyanswer,emptyanswer,emptyanswer,emptyanswer,emptyanswer,emptyanswer,emptyanswer
3WUVMVA7OA25DKJU6E1U868G3MNZA1,3MRNMEIQW55MTM2W1P6PFB1A22BDLC,A156NFBMKKLDL9,Approved,Sun Mar 08 14:44:47 EDT 2015,Sun Mar 08 14:45:44 EDT 2015,Authority Assignment,Distributed Multi-Player Proxy-based Games,proxy-based gaming architecture,communication proxies,client and servers,emptyanswer,emptyanswer,emptyanswer,emptyanswer,emptyanswer,emptyanswer,emptyanswer,emptyanswer,emptyanswer,emptyanswer,emptyanswer
3WUVMVA7OA25DKJU6E1U868G3MNZA1,35K3O9HUABC5L060B9EBQGEB5IRFE3,ANB69EQROUTQJ,Approved,Sun Mar 08 14:57:36 EDT 2015,Sun Mar 08 14:59:01 EDT 2015,authority assignment,proxy-based gaming architecture,multi-player online games,distributed game clients,division of authority,game-play mechanics,emptyanswer,emptyanswer,emptyanswer,emptyanswer,emptyanswer,emptyanswer,emptyanswer,emptyanswer,emptyanswer,emptyanswer
3WUVMVA7OA25DKJU6E1U868G3MNZA1,3Z7VU45IPYGC6G3O0XD3MOBZSGY1ZF,A2SZAM3EZER2PH,Approved,Mon Mar 09 07:07:12 EDT 2015,Mon Mar 09 07:08:33 EDT 2015,present a proxy-based gaming,game playing experience,communication proxies,deciding the outcome,easily implemented,emptyanswer,emptyanswer,emptyanswer,emptyanswer,emptyanswer,emptyanswer,emptyanswer,emptyanswer,emptyanswer,emptyanswer,emptyanswer
3WUVMVA7OA25DKJU6E1U868G3MNZA1,3G5W44VEU7HEL0U5IFVW6WRSQWQKGY,ACYGMRGAZ22U7,Approved,Mon Mar 09 17:53:46 EDT 2015,Mon Mar 09 17:53:52 EDT 2015,Keyword/Keyphrase 1:,Keyword/Keyphrase 1:,Keyword/Keyphrase 1:,Keyword/Keyphrase 1:,Keyword/Keyphrase 1:,emptyanswer,emptyanswer,emptyanswer,emptyanswer,emptyanswer,emptyanswer,emptyanswer,emptyanswer,emptyanswer,emptyanswer,emptyanswer
3WUVMVA7OA25DKJU6E1U868G3MNZA1,3F0BG9B9MPMQCC8LTRST9RTAP9FY75,APEB5ERGCYP6D,Approved,Tue Mar 10 01:25:45 EDT 2015,Tue Mar 10 02:09:04 EDT 2015,a proxy-based gaming architecture,assignment within this architecture,proxies replicate all of the game state,proximity to it in the physical networ,easily implemented at the communication proxies,emptyanswer,emptyanswer,emptyanswer,emptyanswer,emptyanswer,emptyanswer,emptyanswer,emptyanswer,emptyanswer,emptyanswer,emptyanswer
3WUVMVA7OA25DKJU6E1U868G3MNZA1,39RP059MEHSDK7MXN5GYKYSZZQPBMD,A1JWEYGDFDB100,Approved,Tue Mar 10 13:37:34 EDT 2015,Tue Mar 10 13:39:04 EDT 2015,Authority Assignment,Distributed Multi-Player Proxy-based Games,communication proxies,authority assignment mechanism,RPGQuest,emptyanswer,emptyanswer,emptyanswer,emptyanswer,emptyanswer,emptyanswer,emptyanswer,emptyanswer,emptyanswer,emptyanswer,emptyanswer
3WUVMVA7OA25DKJU6E1U868G3MNZA1,3483FV8BEEIH7R19HWG6U9S9FKZ26U,AW36CVMS3526O,Approved,Tue Mar 10 13:56:13 EDT 2015,Tue Mar 10 13:57:01 EDT 2015,Assignment,assignment,mechanism,communication,mechanics,emptyanswer,emptyanswer,emptyanswer,emptyanswer,emptyanswer,emptyanswer,emptyanswer,emptyanswer,emptyanswer,emptyanswer,emptyanswer
3WUVMVA7OA25DKJU6E1U868G3MNZA1,33ISQZVXPPLJLQ2COGIFSMT5NYJCC3,A3UY2GVCKC8LSL,Approved,Wed Mar 11 00:07:48 EDT 2015,Wed Mar 11 00:08:29 EDT 2015,Authority Assignment,Proxy-based Games,RPGQuest,communication proxies,Massively Multi-player Online games,emptyanswer,emptyanswer,emptyanswer,emptyanswer,emptyanswer,emptyanswer,emptyanswer,emptyanswer,emptyanswer,emptyanswer,emptyanswer
3WUVMVA7OA25DKJU6E1U868G3MNZA1,3SB4CE2TJVUJV9G9VYIB04ORODVXAX,A3K6BSW10S4YKJ,Approved,Wed Mar 11 03:27:34 EDT 2015,Wed Mar 11 03:28:50 EDT 2015,proxy-based gaming architecture,Massively Multi-player Online games,communication proxies,RPGQuest,cheat detection techniques can be easily implemented,emptyanswer,emptyanswer,emptyanswer,emptyanswer,emptyanswer,emptyanswer,emptyanswer,emptyanswer,emptyanswer,emptyanswer,emptyanswer
3WUVMVA7OA25DKJU6E1U868G3MNZA1,3VHP9MDGRNJQO2MMFI8G0SE8KBNFCT,ATRHDYWCIYTDJ,Approved,Wed Mar 11 04:49:38 EDT 2015,Wed Mar 11 05:00:39 EDT 2015,architecture,assignment,architecture,playing,RPGQuest,emptyanswer,emptyanswer,emptyanswer,emptyanswer,emptyanswer,emptyanswer,emptyanswer,emptyanswer,emptyanswer,emptyanswer,emptyanswer
3WUVMVA7OA25DKJU6E1U868G3MNZA1,3EJPLAJKEMF7D24L63PKHK2G0VCZ6H,A3CMDYA9USA3MR,Approved,Wed Mar 11 07:59:06 EDT 2015,Wed Mar 11 07:59:16 EDT 2015,mechanics,present,architecture,assignment,argue,emptyanswer,emptyanswer,emptyanswer,emptyanswer,emptyanswer,emptyanswer,emptyanswer,emptyanswer,emptyanswer,emptyanswer,emptyanswer
3WUVMVA7OA25DKJU6E1U868G3MNZA1,3ON104KXQKVP4KV2CSCYLIOKN2IW4J,A28IXE702NXWKQ,Approved,Wed Mar 11 15:37:57 EDT 2015,Wed Mar 11 15:39:26 EDT 2015,We present a proxy-based,gaming architecture and authority assignment,Unlike proxy-based architectures that have been proposed,different actions/events that occur within the game between client and servers,communication proxies if they are made aware of the game-play mechanics.,emptyanswer,emptyanswer,emptyanswer,emptyanswer,emptyanswer,emptyanswer,emptyanswer,emptyanswer,emptyanswer,emptyanswer,emptyanswer
3WUVMVA7OA25DKJU6E1U868G3MNZA1,3G5W44VEU7HEL0U5IFVW6WRSQ0KGKW,A2E2IQ99W6B7AV,Approved,Wed Mar 11 16:49:46 EDT 2015,Wed Mar 11 16:50:46 EDT 2015,Authority assignment,Multi-player,Proxy-based game,Per-action basis,Information network,emptyanswer,emptyanswer,emptyanswer,emptyanswer,emptyanswer,emptyanswer,emptyanswer,emptyanswer,emptyanswer,emptyanswer,emptyanswer
3WUVMVA7OA25DKJU6E1U868G3MNZA1,3N4BPTXIO8RXQIV02KKDABSJZ8ZUKA,A2KS418T8MPLJH,Approved,Wed Mar 11 16:54:04 EDT 2015,Wed Mar 11 16:55:19 EDT 2015,Authority Assignment in Distributed Multi-Player Proxy-based Games,The proposed game architecture consists of distributed game clients that connect to game proxies,Unlike proxy-based architectures that have been proposed in the literature,we propose an authority assignment mechanism that divides the authority for deciding the outcome of different actions,we argue that cheat detection techniques can be easily implemented at the communication proxies if they are made aware of the game-play mechanics.,emptyanswer,emptyanswer,emptyanswer,emptyanswer,emptyanswer,emptyanswer,emptyanswer,emptyanswer,emptyanswer,emptyanswer,emptyanswer
3WUVMVA7OA25DKJU6E1U868G3MNZA1,3QBD8R3Z21IHZBM0L6LO4OBYK014OX,A2UNRV6PEOEXG0,Approved,Wed Mar 11 23:36:35 EDT 2015,Wed Mar 11 23:37:50 EDT 2015,Proxy-based Games,MMO,RPGQuest,communication proxies,authority assignment,emptyanswer,emptyanswer,emptyanswer,emptyanswer,emptyanswer,emptyanswer,emptyanswer,emptyanswer,emptyanswer,emptyanswer,emptyanswer
3WUVMVA7OA25DKJU6E1U868G3MNZA1,3IGI0VL647J3LJW63B0K3XHYCISONB,AM1HY736BY3Z8,Approved,Thu Mar 12 11:57:13 EDT 2015,Thu Mar 12 11:58:37 EDT 2015,Authority Assignment in Distributed Multi-Player Proxy-based Games,We present a proxy-based gaming architecture and authority assignment within this architecture that can lead to better game playing experience in Massively Multi-player Online games.,"The proposed game architecture consists of distributed game clients that connect to game proxies (referred to as ""communication proxies"") which forward game related messages from the clients to one or more game servers.",We show that such division of authority leads to a smoother game playing experience by implementing this mechanism in a massively multi-player online game called RPGQuest,we argue that cheat detection techniques can be easily implemented at the communication proxies if they are made aware of the game-play mechanics.,emptyanswer,emptyanswer,emptyanswer,emptyanswer,emptyanswer,emptyanswer,emptyanswer,emptyanswer,emptyanswer,emptyanswer,emptyanswer
3WUVMVA7OA25DKJU6E1U868G3MNZA1,3M0BCWMB8VV9PJGBR7MLTWUQYVDBWL,ADVZAZ12Z8N9J,Approved,Thu Mar 12 12:02:57 EDT 2015,Thu Mar 12 12:08:13 EDT 2015,"The proposed game architecture consists of distributed game clients that connect to game proxies (referred to as ""communication proxies"") which forward game related messages from the clients to one or more game servers.",N/A,N/A,N/A,N/A,emptyanswer,emptyanswer,emptyanswer,emptyanswer,emptyanswer,emptyanswer,emptyanswer,emptyanswer,emptyanswer,emptyanswer,emptyanswer
3WUVMVA7OA25DKJU6E1U868G3MNZA1,3X3OR7WPZZZACR65KHV9TJN9SISL87,A2SJC9VRBGNC58,Approved,Thu Mar 12 13:42:10 EDT 2015,Thu Mar 12 13:45:00 EDT 2015,Proxy-based Games,Massively Multi-player Online games,game architecture,communication proxies,smoother game playing experience,emptyanswer,emptyanswer,emptyanswer,emptyanswer,emptyanswer,emptyanswer,emptyanswer,emptyanswer,emptyanswer,emptyanswer,emptyanswer
3WUVMVA7OA25DKJU6E1U868G3MNZA1,37Q970SNZE7F54HA55JVQVEW67VS1B,AU3WQKISBW5MZ,Approved,Thu Mar 12 14:34:14 EDT 2015,Thu Mar 12 14:34:29 EDT 2015,"We present a proxy-based gaming architecture and authority assignment within this architecture that can lead to better game playing experience in Massively Multi-player Online games. The proposed game architecture consists of distributed game clients that connect to game proxies (referred to as ""communication proxies"") which forward game related messages from the clients to one or more game servers. Unlike proxy-based architectures that have been proposed in the literature where the proxies replicate all of the game state, the communication proxies in the proposed architecture support clients that are in proximity to it in the physical network and maintain information about selected portions of the game space that are relevant only to the clients that they support.","We present a proxy-based gaming architecture and authority assignment within this architecture that can lead to better game playing experience in Massively Multi-player Online games. The proposed game architecture consists of distributed game clients that connect to game proxies (referred to as ""communication proxies"") which forward game related messages from the clients to one or more game servers. Unlike proxy-based architectures that have been proposed in the literature where the proxies replicate all of the game state, the communication proxies in the proposed architecture support clients that are in proximity to it in the physical network and maintain information about selected portions of the game space that are relevant only to the clients that they support.","We present a proxy-based gaming architecture and authority assignment within this architecture that can lead to better game playing experience in Massively Multi-player Online games. The proposed game architecture consists of distributed game clients that connect to game proxies (referred to as ""communication proxies"") which forward game related messages from the clients to one or more game servers. Unlike proxy-based architectures that have been proposed in the literature where the proxies replicate all of the game state, the communication proxies in the proposed architecture support clients that are in proximity to it in the physical network and maintain information about selected portions of the game space that are relevant only to the clients that they support.","We present a proxy-based gaming architecture and authority assignment within this architecture that can lead to better game playing experience in Massively Multi-player Online games. The proposed game architecture consists of distributed game clients that connect to game proxies (referred to as ""communication proxies"") which forward game related messages from the clients to one or more game servers. Unlike proxy-based architectures that have been proposed in the literature where the proxies replicate all of the game state, the communication proxies in the proposed architecture support clients that are in proximity to it in the physical network and maintain information about selected portions of the game space that are relevant only to the clients that they support.","We present a proxy-based gaming architecture and authority assignment within this architecture that can lead to better game playing experience in Massively Multi-player Online games. The proposed game architecture consists of distributed game clients that connect to game proxies (referred to as ""communication proxies"") which forward game related messages from the clients to one or more game servers. Unlike proxy-based architectures that have been proposed in the literature where the proxies replicate all of the game state, the communication proxies in the proposed architecture support clients that are in proximity to it in the physical network and maintain information about selected portions of the game space that are relevant only to the clients that they support.",emptyanswer,emptyanswer,emptyanswer,emptyanswer,emptyanswer,emptyanswer,emptyanswer,emptyanswer,emptyanswer,emptyanswer,emptyanswer
3WUVMVA7OA25DKJU6E1U868G3MNZA1,3YDGXNSEOZTEEJZKEPWS72LY6X584B,AL9R6CILUG30X,Approved,Thu Mar 12 17:32:18 EDT 2015,Thu Mar 12 17:34:34 EDT 2015,Multi-Player Proxy-based Games,Gaming architecture,Communication proxies,authority assignment mechanism,RPGQuest - online game,Multi-player Online games,cheat detection techniques,emptyanswer,emptyanswer,emptyanswer,emptyanswer,emptyanswer,emptyanswer,emptyanswer,emptyanswer,emptyanswer
3WUVMVA7OA25DKJU6E1U868G3MNZA1,3OCHAWUVGOJP7MPV7PV0UIRNUTYXKU,A1A9GCQVBEMT58,Approved,Fri Mar 13 08:05:15 EDT 2015,Fri Mar 13 08:10:04 EDT 2015,proxy-based gaming architecture,authority assignment,Massively Multi-player Online games,distributed game clients,game proxies or communication proxies,relevant only to the clients,division of authority,smoother game playing experience,RPGQuest.,cheat detection techniques,game-play mechanics,emptyanswer,emptyanswer,emptyanswer,emptyanswer,emptyanswer
3WUVMVA7OA25DKJU6E1U868G3MNZA1,3V5Q80FXIXQIA8ERYUI8N6GP6YK23M,AUH4A0OGHF2CK,Approved,Fri Mar 13 14:16:29 EDT 2015,Fri Mar 13 14:17:35 EDT 2015,Authority Assignment,Distributed Multi-Player Proxy-based Games,Authority Assignment and  Distributed Multi-Player Proxy-based Games,A study of Authority Assignment in Distributed Multi-Player Proxy-based Games,A study of Authority Assignment in Distributed Multi-Player Proxy-based Games for massively multi-player online game,emptyanswer,emptyanswer,emptyanswer,emptyanswer,emptyanswer,emptyanswer,emptyanswer,emptyanswer,emptyanswer,emptyanswer,emptyanswer
3WUVMVA7OA25DKJU6E1U868G3MNZA1,317HQ483I7RTPXL35GNFJ0LC0C9NI1,AYSAS2T3FXW40,Approved,Fri Mar 13 22:39:22 EDT 2015,Fri Mar 13 22:43:42 EDT 2015,proxy-based gaming architecture,Multi-player Online games,communication proxies,physical network,authority assignment mechanism,RPGQuest,game-play mechanics.,emptyanswer,emptyanswer,emptyanswer,emptyanswer,emptyanswer,emptyanswer,emptyanswer,emptyanswer,emptyanswer
3WUVMVA7OA25DKJU6E1U868G3MNZA1,3F6HPJW4JDZF16GF8ETAS3RM4SK2W0,A3DTN2OMF6DUSI,Approved,Fri Mar 13 23:05:27 EDT 2015,Fri Mar 13 23:05:46 EDT 2015,Authority,Assignment,Distributed,Multi,Player,emptyanswer,emptyanswer,emptyanswer,emptyanswer,emptyanswer,emptyanswer,emptyanswer,emptyanswer,emptyanswer,emptyanswer,emptyanswer
3WUVMVA7OA25DKJU6E1U868G3MNZA1,3XC1O3LBOSLTABYTNF64KFJW6YRLTG,A8HUG07IE2R3,Approved,Fri Mar 13 22:55:26 EDT 2015,Fri Mar 13 23:12:39 EDT 2015,Multi-player Online games,communication proxies in the proposed architecture support clients that are in proximity,authority assignment mechanism,outcome of different actions/events that occur within the game,cheat detection techniques can be easily implemented at the communication proxies,made aware of the game-play mechanics.,emptyanswer,emptyanswer,emptyanswer,emptyanswer,emptyanswer,emptyanswer,emptyanswer,emptyanswer,emptyanswer,emptyanswer
3WUVMVA7OA25DKJU6E1U868G3MNZA1,3PM8NZGV8YFBIPNQKUFXQ43WT26QX1,A610SH5RY1NG1,Approved,Sat Mar 14 07:23:08 EDT 2015,Sat Mar 14 07:23:23 EDT 2015,Distributed,Assignment,Multi-Player,Proxy-based,Games,emptyanswer,emptyanswer,emptyanswer,emptyanswer,emptyanswer,emptyanswer,emptyanswer,emptyanswer,emptyanswer,emptyanswer,emptyanswer
3WUVMVA7OA25DKJU6E1U868G3MNZA1,3FPRZHYEPY6R7ZCTM42JPBD03Z1V3H,A2Z9HR2IBD75R9,Approved,Sat Mar 14 10:02:38 EDT 2015,Sat Mar 14 10:02:52 EDT 2015,Authority,Assignment,Distributed,Games,communication,emptyanswer,emptyanswer,emptyanswer,emptyanswer,emptyanswer,emptyanswer,emptyanswer,emptyanswer,emptyanswer,emptyanswer,emptyanswer
3WUVMVA7OA25DKJU6E1U868G3MNZA1,3U84XHCDICCTYF07NFW5KMI25BYZ43,A1HDFKT3ZGK25P,Approved,Sat Mar 14 17:09:12 EDT 2015,Sat Mar 14 17:11:38 EDT 2015,Distributed Multi-Player Proxy-based Games,Authority Assignment,improve game playing experience,Massively Multi-player Online game,communication proxies,division of authority leads to smoother experience,cheat detection techniques,emptyanswer,emptyanswer,emptyanswer,emptyanswer,emptyanswer,emptyanswer,emptyanswer,emptyanswer,emptyanswer
3WUVMVA7OA25DKJU6E1U868G3MNZA1,3GFK2QRXX9G703Z2QXV8QAUYO5T5WS,AH3ER3EJXHRO2,Approved,Sat Mar 14 18:55:29 EDT 2015,Sat Mar 14 19:11:23 EDT 2015,authority assignment,distributed multi-player,proxy-based games,game architecture,massively multi-player online games,emptyanswer,emptyanswer,emptyanswer,emptyanswer,emptyanswer,emptyanswer,emptyanswer,emptyanswer,emptyanswer,emptyanswer,emptyanswer
3WUVMVA7OA25DKJU6E1U868G3MNZA1,3KRVW3HTZNKC1T3ZYR2TAN2Z4NPMSM,A1G94QON7A9K0N,Approved,Sat Mar 14 19:56:34 EDT 2015,Sat Mar 14 19:56:53 EDT 2015,proxy,gaming,playing,clients,actions,emptyanswer,emptyanswer,emptyanswer,emptyanswer,emptyanswer,emptyanswer,emptyanswer,emptyanswer,emptyanswer,emptyanswer,emptyanswer
3WUVMVA7OA25DKJU6E1U868G3MNZA1,3IAEQB9FMEJ24GEV53DROMIQ1NXDWG,ACVJ6IUO9QM4R,Approved,Sat Mar 14 20:26:41 EDT 2015,Sat Mar 14 20:27:39 EDT 2015,gaming architecture,proxy-based,communication proxies,Massively Multi-player Online games,better and improved online gaming experiences.,emptyanswer,emptyanswer,emptyanswer,emptyanswer,emptyanswer,emptyanswer,emptyanswer,emptyanswer,emptyanswer,emptyanswer,emptyanswer
3WUVMVA7OA25DKJU6E1U868G3MNZA1,36PW28KO4ZVAP9PS0TSJCF3K9GWAEW,A29ZV4XJB7R1O,Approved,Sat Mar 14 20:30:53 EDT 2015,Sat Mar 14 20:42:25 EDT 2015,Authority,Assignment,Distributed,Multi-Player,Games,emptyanswer,emptyanswer,emptyanswer,emptyanswer,emptyanswer,emptyanswer,emptyanswer,emptyanswer,emptyanswer,emptyanswer,emptyanswer
3WUVMVA7OA25DKJU6E1U868G3MNZA1,37UEWGM5HT734PHXQGJQ0L90KBKR16,A1BV5YY1UQCMZY,Approved,Sat Mar 14 21:05:28 EDT 2015,Sat Mar 14 21:06:13 EDT 2015,authority assignment,distributed multi-player proxy-based games,mmo,rpgquest,cheat detection,communication proxies,emptyanswer,emptyanswer,emptyanswer,emptyanswer,emptyanswer,emptyanswer,emptyanswer,emptyanswer,emptyanswer,emptyanswer
3WUVMVA7OA25DKJU6E1U868G3MNZA1,3UOUJI6MTDD3AIU713Z2050LWP5XUA,A2TM0CPAMAO45B,Approved,Sat Mar 14 21:26:18 EDT 2015,Sat Mar 14 21:26:52 EDT 2015,Distributed Multi-Player Proxy-based Games,architecture and authority assignment,enhanced gameplay experience,distributed game clients,game proxies,emptyanswer,emptyanswer,emptyanswer,emptyanswer,emptyanswer,emptyanswer,emptyanswer,emptyanswer,emptyanswer,emptyanswer,emptyanswer
3WUVMVA7OA25DKJU6E1U868G3MNZA1,32EYX73OY08JDM8VS4TABNEXV8KRU8,A9VLWY4KW6OCB,Approved,Sat Mar 14 21:22:01 EDT 2015,Sat Mar 14 21:31:37 EDT 2015,Authority,Assignment,Distributed,Multi-Player,Games,emptyanswer,emptyanswer,emptyanswer,emptyanswer,emptyanswer,emptyanswer,emptyanswer,emptyanswer,emptyanswer,emptyanswer,emptyanswer
3WUVMVA7OA25DKJU6E1U868G3MNZA1,3J4Q2Z4UTY2WTPI0APJBOLPPK2WWQE,A1GK9ZI7T30X9Z,Approved,Sat Mar 14 22:40:51 EDT 2015,Sat Mar 14 22:41:55 EDT 2015,Authority Assignment,Distributed Multi-Player Proxy-based Games,Games,Multi-Player,RPGQuest,mechanics,emptyanswer,emptyanswer,emptyanswer,emptyanswer,emptyanswer,emptyanswer,emptyanswer,emptyanswer,emptyanswer,emptyanswer
3WUVMVA7OA25DKJU6E1U868G3MNZA1,3IJXV6UZ1XIE4VDVYN4WSKQM1D1IRV,AWFQ7OX0UPSM5,Approved,Sat Mar 14 23:29:01 EDT 2015,Sat Mar 14 23:29:47 EDT 2015,Distributed Multi-Player Proxy-based Games,proxy-based gaming architecture,authority assignment,Massively Multi-player Online games,communication proxies,emptyanswer,emptyanswer,emptyanswer,emptyanswer,emptyanswer,emptyanswer,emptyanswer,emptyanswer,emptyanswer,emptyanswer,emptyanswer
