HitId,AssignmentId,WorkerId,Status,AcceptTime,SubmitTime,Answer 1,Answer 2,Answer 3,Answer 4,Answer 5,Answer 6,Answer 7,Answer 8,Answer 9,Answer 10,Answer 11,Answer 12,Answer 13,Answer 14,Answer 15,Answer 16
3WYZV0QBFICLRZO7BAD56WCBD4ABXB,3Z7VU45IPYGC6G3O0XD3MOBZSYV1ZC,A28O0LXEATB5XE,Approved,Mon Mar 02 13:35:45 EST 2015,Mon Mar 02 13:37:32 EST 2015,machine learning approach,general documents,automatic title extraction,machine learning models,improve search ranking results,emptyanswer,emptyanswer,emptyanswer,emptyanswer,emptyanswer,emptyanswer,emptyanswer,emptyanswer,emptyanswer,emptyanswer,emptyanswer
3WYZV0QBFICLRZO7BAD56WCBD4ABXB,3E47SOBEYQVAYTOCGQE13PR00IKCIG,A1XRIEYLA7ZJ3B,Approved,Mon Mar 02 13:44:44 EST 2015,Mon Mar 02 13:49:44 EST 2015,Automatic Extraction of Titles,General Documents,Machine Learning approach,number of specific genres,Word and PowerPoint,train machine learning models,formatting information such as font size,Precision and recall for title extraction,search ranking results in document retrieval,emptyanswer,emptyanswer,emptyanswer,emptyanswer,emptyanswer,emptyanswer,emptyanswer
3WYZV0QBFICLRZO7BAD56WCBD4ABXB,37ZHEEHM6WLPW9BX46Z3JXXXGPZ37H,A22R7DT2XQIKXV,Approved,Mon Mar 02 15:10:23 EST 2015,Mon Mar 02 15:10:29 EST 2015,aa,aa,aa,aa,aa,emptyanswer,emptyanswer,emptyanswer,emptyanswer,emptyanswer,emptyanswer,emptyanswer,emptyanswer,emptyanswer,emptyanswer,emptyanswer
3WYZV0QBFICLRZO7BAD56WCBD4ABXB,3EQHHY4HQSRB3H92BSRQ478ATO95GC,A1PXJWCNRYCBS5,Approved,Mon Mar 02 15:07:37 EST 2015,Mon Mar 02 15:11:23 EST 2015,Machine Learning Approach,Title Extraction from general documents,Annotating,Train models in one domain and apply them to other domains,Train models in one language and apply them to other languages,emptyanswer,emptyanswer,emptyanswer,emptyanswer,emptyanswer,emptyanswer,emptyanswer,emptyanswer,emptyanswer,emptyanswer,emptyanswer
3WYZV0QBFICLRZO7BAD56WCBD4ABXB,3KV0LJBBH2K00E3MJ22OKDX3HSDMRI,A3ODG942FG22PJ,Approved,Mon Mar 02 16:30:58 EST 2015,Mon Mar 02 16:31:32 EST 2015,Extraction,Machine Learning,documents,PowerPoint,automatic,na,na,na,na,na,na,na,na,na,na,na
3WYZV0QBFICLRZO7BAD56WCBD4ABXB,3BEFOD78W6STZ81O8Q6BCKMTPEZM45,A3FG9YWTFFK1AU,Approved,Mon Mar 02 18:46:32 EST 2015,Mon Mar 02 19:05:34 EST 2015,Automatic Extraction,Titles,General Documents,Machine Learning,search ranking results,emptyanswer,emptyanswer,emptyanswer,emptyanswer,emptyanswer,emptyanswer,emptyanswer,emptyanswer,emptyanswer,emptyanswer,emptyanswer
3WYZV0QBFICLRZO7BAD56WCBD4ABXB,36W0OB37HWDNARO22MGOEBR69NDZHV,A26M2B8NZVKWTZ,Approved,Mon Mar 02 21:26:17 EST 2015,Mon Mar 02 21:26:54 EST 2015,Documents,Titles,Extraction,Automatic,Machine,emptyanswer,emptyanswer,emptyanswer,emptyanswer,emptyanswer,emptyanswer,emptyanswer,emptyanswer,emptyanswer,emptyanswer,emptyanswer
3WYZV0QBFICLRZO7BAD56WCBD4ABXB,3S4AW7T80BH9TQJ38E5WC774P9KL4D,A27I79P03I0ZPO,Approved,Mon Mar 02 21:37:32 EST 2015,Mon Mar 02 21:40:28 EST 2015,Automatic,Extraction,Machine,languages,search,ranking,emptyanswer,emptyanswer,emptyanswer,emptyanswer,emptyanswer,emptyanswer,emptyanswer,emptyanswer,emptyanswer,emptyanswer
3WYZV0QBFICLRZO7BAD56WCBD4ABXB,3WAKVUDHUWF9V3OGJQV466NXT267UG,A2R085B34P2LYS,Approved,Mon Mar 02 22:46:22 EST 2015,Mon Mar 02 22:54:57 EST 2015,Automatic,Extraction,Titles,General,Documents,emptyanswer,emptyanswer,emptyanswer,emptyanswer,emptyanswer,emptyanswer,emptyanswer,emptyanswer,emptyanswer,emptyanswer,emptyanswer
3WYZV0QBFICLRZO7BAD56WCBD4ABXB,3ATTHHXXWANY1RZ77MAOH2CA11FXIC,A1B5NXRZQYRC4R,Approved,Tue Mar 03 06:12:26 EST 2015,Tue Mar 03 06:12:48 EST 2015,machine,learning,approach,general,documents,emptyanswer,emptyanswer,emptyanswer,emptyanswer,emptyanswer,emptyanswer,emptyanswer,emptyanswer,emptyanswer,emptyanswer,emptyanswer
3WYZV0QBFICLRZO7BAD56WCBD4ABXB,3MTMREQS4VH469BJLTMPYLAKFSLAWB,A2YW509B0UMSEH,Approved,Tue Mar 03 23:21:45 EST 2015,Tue Mar 03 23:27:25 EST 2015,machine learning,Extraction,document,Title,model,emptyanswer,emptyanswer,emptyanswer,emptyanswer,emptyanswer,emptyanswer,emptyanswer,emptyanswer,emptyanswer,emptyanswer,emptyanswer
3WYZV0QBFICLRZO7BAD56WCBD4ABXB,3QXNC7EIPIUXT00T0GF4VVQW85T90Y,A9LA6QK6VCERR,Approved,Wed Mar 04 00:30:33 EST 2015,Wed Mar 04 00:33:40 EST 2015,Automatic Extraction of Titles,Machine Learning,machine learning approach to title extraction,title extraction from research papers,automatic title extraction from general documents,annotate titles,title extraction from Word,improve search ranking results in document retrieval,emptyanswer,emptyanswer,emptyanswer,emptyanswer,emptyanswer,emptyanswer,emptyanswer,emptyanswer
3WYZV0QBFICLRZO7BAD56WCBD4ABXB,354P56DE9K2TGQWCUL04R55988W7SH,A3LUJSAN4DQ1ZT,Approved,Wed Mar 04 02:24:01 EST 2015,Wed Mar 04 02:25:21 EST 2015,general documents,powerpoint,office,word,formatting,domain,models,search ranking results,emptyanswer,emptyanswer,emptyanswer,emptyanswer,emptyanswer,emptyanswer,emptyanswer,emptyanswer
3WYZV0QBFICLRZO7BAD56WCBD4ABXB,3L6L49WXW0WVR1GIGRPPVIB73MK45E,A3FFZN4FO3Q789,Approved,Wed Mar 04 10:36:38 EST 2015,Wed Mar 04 10:39:56 EST 2015,quite,perofrm,from,word,his,emptyanswer,emptyanswer,emptyanswer,emptyanswer,emptyanswer,emptyanswer,emptyanswer,emptyanswer,emptyanswer,emptyanswer,emptyanswer
3WYZV0QBFICLRZO7BAD56WCBD4ABXB,3Y54SXRO1LKWT1LNWTY5B2FFI2WTUJ,A3H35QRODK1C4K,Approved,Wed Mar 04 11:06:47 EST 2015,Wed Mar 04 11:07:07 EST 2015,automatic,extraction,titles,general,documents,emptyanswer,emptyanswer,emptyanswer,emptyanswer,emptyanswer,emptyanswer,emptyanswer,emptyanswer,emptyanswer,emptyanswer,emptyanswer
3WYZV0QBFICLRZO7BAD56WCBD4ABXB,3ON104KXQKVP4KV2CSCYLIOKNK64WF,A2F6ZON8X5EAGL,Approved,Wed Mar 04 15:14:44 EST 2015,Wed Mar 04 15:15:30 EST 2015,Automatic Extraction of Titles from General Documents using Machine Learning,general,genres,information,ranking,emptyanswer,emptyanswer,emptyanswer,emptyanswer,emptyanswer,emptyanswer,emptyanswer,emptyanswer,emptyanswer,emptyanswer,emptyanswer
3WYZV0QBFICLRZO7BAD56WCBD4ABXB,3I0BTBYZAXKCU1818S7KUCJNHG40Y8,A3OTLWGJFB65KD,Approved,Wed Mar 04 19:17:28 EST 2015,Wed Mar 04 19:17:34 EST 2015,nothing,nothing,nothing,nothing,nothing,emptyanswer,emptyanswer,emptyanswer,emptyanswer,emptyanswer,emptyanswer,emptyanswer,emptyanswer,emptyanswer,emptyanswer,emptyanswer
3WYZV0QBFICLRZO7BAD56WCBD4ABXB,34V1S5K3GS0S7BM825VL4W0NLBT96J,A3S81UFDOWF2ST,Approved,Wed Mar 04 23:33:52 EST 2015,Wed Mar 04 23:34:32 EST 2015,Automatic Extraction,Machine Learning,Word,PowerPoint,Office,emptyanswer,emptyanswer,emptyanswer,emptyanswer,emptyanswer,emptyanswer,emptyanswer,emptyanswer,emptyanswer,emptyanswer,emptyanswer
3WYZV0QBFICLRZO7BAD56WCBD4ABXB,3A4TN5196KHA2YDSA8WG3DQL0AKCHC,A1W7BQWWGKJ3XF,Approved,Thu Mar 05 00:42:51 EST 2015,Thu Mar 05 00:44:14 EST 2015,Automation,Extraction of Titles,Documents,Machine Learning,search ranking results,formatting information,emptyanswer,emptyanswer,emptyanswer,emptyanswer,emptyanswer,emptyanswer,emptyanswer,emptyanswer,emptyanswer,emptyanswer
3WYZV0QBFICLRZO7BAD56WCBD4ABXB,3ATPCQ38J898VE6J0U4DJIV0Q3FAYA,A3HPVFAF1U9WXK,Approved,Thu Mar 05 01:29:09 EST 2015,Thu Mar 05 01:30:05 EST 2015,Machine Learning,Extraction,Documents,automatic title extraction,models,emptyanswer,emptyanswer,emptyanswer,emptyanswer,emptyanswer,emptyanswer,emptyanswer,emptyanswer,emptyanswer,emptyanswer,emptyanswer
3WYZV0QBFICLRZO7BAD56WCBD4ABXB,3XIQGXAUMC71C7IBOV6RQDM1NPG7XB,A1YLO4LT02D2F0,Approved,Thu Mar 05 01:43:45 EST 2015,Thu Mar 05 01:46:17 EST 2015,we propose a machine learning approach to title extraction,"we mean documents that can belong to any one of a number of specific genres,","a case study, we consider extraction from Office including Word and PowerPoint",Precision and recall for title extraction from Word are 0.810 and 0.837,precision and recall for title extraction from PowerPoint are 0.875 and 0.895,we can significantly improve search ranking results in document retrieval by using the extracted titles.,emptyanswer,emptyanswer,emptyanswer,emptyanswer,emptyanswer,emptyanswer,emptyanswer,emptyanswer,emptyanswer,emptyanswer
3WYZV0QBFICLRZO7BAD56WCBD4ABXB,3570Y55XZPI955JMMUWNF463OZPGYR,A1QUDNLO95AKS5,Approved,Thu Mar 05 08:58:49 EST 2015,Thu Mar 05 09:00:23 EST 2015,Automatic Extraction,General Documents,Titles,Machine Learning,languages,emptyanswer,emptyanswer,emptyanswer,emptyanswer,emptyanswer,emptyanswer,emptyanswer,emptyanswer,emptyanswer,emptyanswer,emptyanswer
3WYZV0QBFICLRZO7BAD56WCBD4ABXB,39PAAFCODMZW6GAN1J8A7OHYWDKTVV,AQXSUU4I4DAH8,Approved,Thu Mar 05 14:46:23 EST 2015,Thu Mar 05 14:47:19 EST 2015,technical papers,Automatic Extraction of Titles from General Documents using Machine Learning,extraction from research paper,Precision and recall for title extraction,domains,emptyanswer,emptyanswer,emptyanswer,emptyanswer,emptyanswer,emptyanswer,emptyanswer,emptyanswer,emptyanswer,emptyanswer,emptyanswer
3WYZV0QBFICLRZO7BAD56WCBD4ABXB,3EO896NRAWUNFLATKUUR40641R9TJ8,ADUJUZANFOWKW,Approved,Thu Mar 05 19:14:59 EST 2015,Thu Mar 05 19:15:41 EST 2015,extraction,learning,machine,documents,titles,emptyanswer,emptyanswer,emptyanswer,emptyanswer,emptyanswer,emptyanswer,emptyanswer,emptyanswer,emptyanswer,emptyanswer,emptyanswer
3WYZV0QBFICLRZO7BAD56WCBD4ABXB,37TRT2X24QQNJZGCK836460IVK1JB0,A3DHYTZ1GPN0T8,Approved,Thu Mar 05 21:37:40 EST 2015,Thu Mar 05 21:38:29 EST 2015,paper,presentations,automatic title,documents,significantly,emptyanswer,emptyanswer,emptyanswer,emptyanswer,emptyanswer,emptyanswer,emptyanswer,emptyanswer,emptyanswer,emptyanswer,emptyanswer
3WYZV0QBFICLRZO7BAD56WCBD4ABXB,31N2WW6R9RP2B2Q3MPXF7PAEEMAF37,A156E6TWVB7GP7,Approved,Fri Mar 06 00:54:18 EST 2015,Fri Mar 06 00:55:53 EST 2015,general documents,specific genres,extraction,Word and Powerpoint,Precision,ranking,document retrieval,emptyanswer,emptyanswer,emptyanswer,emptyanswer,emptyanswer,emptyanswer,emptyanswer,emptyanswer,emptyanswer
3WYZV0QBFICLRZO7BAD56WCBD4ABXB,3HL8HNGX450OQ4FJ3YYPY2D0EF69F6,A3AXUJH8NNO9S8,Approved,Fri Mar 06 04:14:52 EST 2015,Fri Mar 06 04:17:46 EST 2015,Automatic,Extraction of Titles,General Documents,Machine Learning,Case Study,Office,Word,Powerpoint,emptyanswer,emptyanswer,emptyanswer,emptyanswer,emptyanswer,emptyanswer,emptyanswer,emptyanswer
3WYZV0QBFICLRZO7BAD56WCBD4ABXB,3PMBY0YE272HNSV9CW8OQWSXH429CN,A2KELEVTA0306Y,Approved,Fri Mar 06 11:57:11 EST 2015,Fri Mar 06 11:59:44 EST 2015,paper,propose,machine,learning,approach,title,extraction,general,documents,belong,specific,genres,significantly,improve,search,ranking
3WYZV0QBFICLRZO7BAD56WCBD4ABXB,3Q8GYXHFEP1YM5TX96V7EGNVVAP5C2,A3QV0NIFU1WDE4,Approved,Sat Mar 07 04:11:02 EST 2015,Sat Mar 07 04:17:13 EST 2015,Automatic Extraction of Titles,Machine Learning,general documents,extraction from Word and Powerpoint,annotate titles in sample documents,training data,train machine learning model,perform title extraction using the trained models,mainly utilize formatting information,train models in one domain and apply them to other domains,emptyanswer,emptyanswer,emptyanswer,emptyanswer,emptyanswer,emptyanswer
3WYZV0QBFICLRZO7BAD56WCBD4ABXB,3AWETUDC92RN6MZM84Y9ENSL9E0IZ7,A1VOWQJOBWOVKG,Approved,Sat Mar 07 13:09:20 EST 2015,Sat Mar 07 13:10:20 EST 2015,Automatic Extraction,Titles,General Documents,Machine Learning,formatting,emptyanswer,emptyanswer,emptyanswer,emptyanswer,emptyanswer,emptyanswer,emptyanswer,emptyanswer,emptyanswer,emptyanswer,emptyanswer
3WYZV0QBFICLRZO7BAD56WCBD4ABXB,3X87C8JFV6A3M81RQK9ARWM4D9HQSD,A37WDQ1VG5XN6Z,Approved,Sat Mar 07 13:10:17 EST 2015,Sat Mar 07 13:10:23 EST 2015,nothing,nothing,nothing,nothing,nothing,emptyanswer,emptyanswer,emptyanswer,emptyanswer,emptyanswer,emptyanswer,emptyanswer,emptyanswer,emptyanswer,emptyanswer,emptyanswer
3WYZV0QBFICLRZO7BAD56WCBD4ABXB,3NL0RFNU0FMY9K1LNETVX7UP0OHK45,A38IE69ORDCEGY,Approved,Sat Mar 07 22:02:45 EST 2015,Sat Mar 07 22:04:52 EST 2015,Machine learning,automatic title extraction,training machine learning models,search ranking,document retrieval,emptyanswer,emptyanswer,emptyanswer,emptyanswer,emptyanswer,emptyanswer,emptyanswer,emptyanswer,emptyanswer,emptyanswer,emptyanswer
3WYZV0QBFICLRZO7BAD56WCBD4ABXB,3OUYGIZWR7XILNG0H5B1HLQBDNWP0M,A1JWEYGDFDB100,Approved,Sun Mar 08 10:36:21 EDT 2015,Sun Mar 08 10:37:29 EDT 2015,Automatic Extraction,Titles,General Documents,Machine Learning,Word and PowerPoint,emptyanswer,emptyanswer,emptyanswer,emptyanswer,emptyanswer,emptyanswer,emptyanswer,emptyanswer,emptyanswer,emptyanswer,emptyanswer
3WYZV0QBFICLRZO7BAD56WCBD4ABXB,3WJ1OXY92AFTG8F1NQ6JK57YXZF8AJ,A156NFBMKKLDL9,Approved,Sun Mar 08 13:54:22 EDT 2015,Sun Mar 08 13:54:54 EDT 2015,Automatic Extraction of Titles,General Documents,Machine Learning,annotate titles in sample documents,train models,emptyanswer,emptyanswer,emptyanswer,emptyanswer,emptyanswer,emptyanswer,emptyanswer,emptyanswer,emptyanswer,emptyanswer,emptyanswer
3WYZV0QBFICLRZO7BAD56WCBD4ABXB,3U84XHCDICCTYF07NFW5KMI24YQZ44,A3G4SXD4N30C3L,Approved,Sun Mar 08 14:56:27 EDT 2015,Sun Mar 08 14:57:28 EDT 2015,Automatic Extraction of Titles,General Documents,Machine Learning,microsoft word,microsoft PowerPoint,formatting information,emptyanswer,emptyanswer,emptyanswer,emptyanswer,emptyanswer,emptyanswer,emptyanswer,emptyanswer,emptyanswer,emptyanswer
3WYZV0QBFICLRZO7BAD56WCBD4ABXB,33OOO72IVHK0774NA2D5HWT9BFOTCY,A3TTG9ALOZM8RC,Approved,Sun Mar 08 16:24:49 EDT 2015,Sun Mar 08 16:27:04 EDT 2015,Machine Learning,Automatic Extraction,Titles,General documents,Document retrieval,emptyanswer,emptyanswer,emptyanswer,emptyanswer,emptyanswer,emptyanswer,emptyanswer,emptyanswer,emptyanswer,emptyanswer,emptyanswer
3WYZV0QBFICLRZO7BAD56WCBD4ABXB,3YJ6NA41JBFPNTHM3DL7ZQ57CWGJP1,A2GBY8O6GYSB89,Approved,Sun Mar 08 19:31:26 EDT 2015,Sun Mar 08 19:32:12 EDT 2015,Automatic Extraction,Titles from General Documents,Machine Learning,title extraction,general documents,using the extracted titles,emptyanswer,emptyanswer,emptyanswer,emptyanswer,emptyanswer,emptyanswer,emptyanswer,emptyanswer,emptyanswer,emptyanswer
3WYZV0QBFICLRZO7BAD56WCBD4ABXB,33IZTU6J810NV523CY42L4IXAF7SXL,A3GSN49YWM9CLD,Approved,Mon Mar 09 05:41:49 EDT 2015,Mon Mar 09 05:43:12 EDT 2015,machine learning approach to title extraction from general document,extraction from Office including Word and PowerPoint.,title extraction from research papers.,document retrieval by using the extracted titles.,"g presentations, book chapters, technical papers, brochures, reports, and letters.",emptyanswer,emptyanswer,emptyanswer,emptyanswer,emptyanswer,emptyanswer,emptyanswer,emptyanswer,emptyanswer,emptyanswer,emptyanswer
3WYZV0QBFICLRZO7BAD56WCBD4ABXB,34T446B1C0DZRY7WC0PVXLR4E680CE,A2SZAM3EZER2PH,Approved,Mon Mar 09 08:05:14 EDT 2015,Mon Mar 09 08:05:56 EDT 2015,propose a machine,"Previously, methods",general documents,significantly improve,extracted titles,emptyanswer,emptyanswer,emptyanswer,emptyanswer,emptyanswer,emptyanswer,emptyanswer,emptyanswer,emptyanswer,emptyanswer,emptyanswer
3WYZV0QBFICLRZO7BAD56WCBD4ABXB,3HFNH7HEMHD0W3S0VKFT2I31P2BQGP,A2E2IQ99W6B7AV,Approved,Mon Mar 09 14:27:35 EDT 2015,Mon Mar 09 14:28:28 EDT 2015,Title extraction,Document information,Precision testing,Microsoft Office,Data retrieval,emptyanswer,emptyanswer,emptyanswer,emptyanswer,emptyanswer,emptyanswer,emptyanswer,emptyanswer,emptyanswer,emptyanswer,emptyanswer
3WYZV0QBFICLRZO7BAD56WCBD4ABXB,3RGU30DZTA7J2QK9BXTFIMBC7T2JM6,A3UY2GVCKC8LSL,Approved,Mon Mar 09 17:42:15 EDT 2015,Mon Mar 09 17:42:52 EDT 2015,Automatic Extraction,Titles from General Documents,Machine Learning,Word and PowerPoint,0.875 and 0.895,emptyanswer,emptyanswer,emptyanswer,emptyanswer,emptyanswer,emptyanswer,emptyanswer,emptyanswer,emptyanswer,emptyanswer,emptyanswer
3WYZV0QBFICLRZO7BAD56WCBD4ABXB,3SNLUL3WO4M8AODINKWEPB5YO4AULB,ACYGMRGAZ22U7,Approved,Mon Mar 09 17:44:26 EDT 2015,Mon Mar 09 17:44:33 EDT 2015,Keyword/Keyphrase 1:,Keyword/Keyphrase 1:,Keyword/Keyphrase 1:,Keyword/Keyphrase 1:,Keyword/Keyphrase 1:,emptyanswer,emptyanswer,emptyanswer,emptyanswer,emptyanswer,emptyanswer,emptyanswer,emptyanswer,emptyanswer,emptyanswer,emptyanswer
3WYZV0QBFICLRZO7BAD56WCBD4ABXB,3Z7VU45IPYGC6G3O0XD3MOBZSHLZ12,APEB5ERGCYP6D,Approved,Tue Mar 10 01:43:57 EDT 2015,Tue Mar 10 02:12:07 EDT 2015,machine learning approach,technical papers,book chapters,a number of specific genres,improve search ranking results in document retrieval,emptyanswer,emptyanswer,emptyanswer,emptyanswer,emptyanswer,emptyanswer,emptyanswer,emptyanswer,emptyanswer,emptyanswer,emptyanswer
3WYZV0QBFICLRZO7BAD56WCBD4ABXB,3BV8HQ2ZZW06CUWDUB9L0RB7R8PA67,AW36CVMS3526O,Approved,Tue Mar 10 13:49:50 EDT 2015,Tue Mar 10 13:51:51 EDT 2015,Documents,specific,PowerPoint,ranking,titles,emptyanswer,emptyanswer,emptyanswer,emptyanswer,emptyanswer,emptyanswer,emptyanswer,emptyanswer,emptyanswer,emptyanswer,emptyanswer
3WYZV0QBFICLRZO7BAD56WCBD4ABXB,3IJXV6UZ1XIE4VDVYN4WSKQM03KIRT,ANB69EQROUTQJ,Approved,Tue Mar 10 18:34:37 EDT 2015,Tue Mar 10 18:36:18 EDT 2015,machine learning approach,title extraction,general documents,formatting information,Word,improve search ranking results,emptyanswer,emptyanswer,emptyanswer,emptyanswer,emptyanswer,emptyanswer,emptyanswer,emptyanswer,emptyanswer,emptyanswer
3WYZV0QBFICLRZO7BAD56WCBD4ABXB,3LS2AMNW5FPOOG9YJ3S17RC3GRFOQT,ATRHDYWCIYTDJ,Approved,Wed Mar 11 04:32:03 EDT 2015,Wed Mar 11 04:32:17 EDT 2015,machine,extraction,documents,belong,retrieval,emptyanswer,emptyanswer,emptyanswer,emptyanswer,emptyanswer,emptyanswer,emptyanswer,emptyanswer,emptyanswer,emptyanswer,emptyanswer
3WYZV0QBFICLRZO7BAD56WCBD4ABXB,3I02618YA05Y19SGFCPL6SEITIOPUP,A3CMDYA9USA3MR,Approved,Wed Mar 11 07:54:54 EDT 2015,Wed Mar 11 07:55:05 EDT 2015,propose,learning,extraction,general,retrieval,emptyanswer,emptyanswer,emptyanswer,emptyanswer,emptyanswer,emptyanswer,emptyanswer,emptyanswer,emptyanswer,emptyanswer,emptyanswer
3WYZV0QBFICLRZO7BAD56WCBD4ABXB,3DOCMVPBTNDL3YWU2W07O8HTL77NNC,A28IXE702NXWKQ,Approved,Wed Mar 11 14:58:06 EDT 2015,Wed Mar 11 14:59:33 EDT 2015,propose a machine learning approach,extraction from general documents,we mean documents that can belong to any one of a number of specific genres,extraction from Office including Word and PowerPoint,significantly improve search ranking results in document,emptyanswer,emptyanswer,emptyanswer,emptyanswer,emptyanswer,emptyanswer,emptyanswer,emptyanswer,emptyanswer,emptyanswer,emptyanswer
3WYZV0QBFICLRZO7BAD56WCBD4ABXB,32N49TQG3GHRRKBEVJHTCJR683QVAX,A2SDTL2V8VJ25O,Approved,Wed Mar 11 20:54:01 EDT 2015,Wed Mar 11 20:54:33 EDT 2015,Automatic,Extraction,General,Documents,Learning,emptyanswer,emptyanswer,emptyanswer,emptyanswer,emptyanswer,emptyanswer,emptyanswer,emptyanswer,emptyanswer,emptyanswer,emptyanswer
3WYZV0QBFICLRZO7BAD56WCBD4ABXB,3KMS4QQVK2P870YA7VPEOBRGQMLKF5,AL9R6CILUG30X,Approved,Thu Mar 12 06:14:31 EDT 2015,Thu Mar 12 06:17:55 EDT 2015,Automatic title extraction,Machine Learning,general documents,search ranking results,intranet data,Language,emptyanswer,emptyanswer,emptyanswer,emptyanswer,emptyanswer,emptyanswer,emptyanswer,emptyanswer,emptyanswer,emptyanswer
3WYZV0QBFICLRZO7BAD56WCBD4ABXB,3X3OR7WPZZZACR65KHV9TJN9SIOL83,A2KS418T8MPLJH,Approved,Thu Mar 12 11:41:51 EDT 2015,Thu Mar 12 11:43:38 EDT 2015,"In this paper, we propose a machine learning approach to title extraction from general documents. By general documents, we mean documents that can belong to any one of a number of specific genres, including presentations, book chapters, technical papers, brochures, reports, and letters. Previously, methods have been proposed mainly for title extraction from research papers.","It has not been clear whether it could be possible to conduct automatic title extraction from general documents. As a case study, we consider extraction from Office including Word and PowerPoint. In our approach, we annotate titles in sample documents (for Word and PowerPoint, respectively) and take them as training data, train machine learning models, and perform title extraction using the trained models.",Our method is unique in that we mainly utilize formatting information such as font size as features in the models.,"It turns out that the use of formatting information can lead to quite accurate extraction from general documents. Precision and recall for title extraction from Word are 0.810 and 0.837, respectively, and precision and recall for title extraction from PowerPoint are 0.875 and 0.895, respectively in an experiment on intranet data.","Other important new findings in this work include that we can train models in one domain and apply them to other domains, and more surprisingly we can even train models in one language and apply them to other languages. Moreover, we can significantly improve search ranking results in document retrieval by using the extracted titles.",emptyanswer,emptyanswer,emptyanswer,emptyanswer,emptyanswer,emptyanswer,emptyanswer,emptyanswer,emptyanswer,emptyanswer,emptyanswer
3WYZV0QBFICLRZO7BAD56WCBD4ABXB,32SVAV9L3F87FB9VB9BNTOZNIK03AE,AU3WQKISBW5MZ,Approved,Thu Mar 12 13:13:18 EDT 2015,Thu Mar 12 13:14:31 EDT 2015,"In this paper, we propose a machine learning approach to title extraction from general documents.","By general documents, we mean documents that can belong to any one of a number of specific genres","including presentations, book chapters, technical papers, brochures, reports, and letters. Previously",methods have been proposed mainly for title extraction from research papers. It has not been clear whether it could be possible,"As a case study, we consider extraction from Office including Word and PowerPoint",emptyanswer,emptyanswer,emptyanswer,emptyanswer,emptyanswer,emptyanswer,emptyanswer,emptyanswer,emptyanswer,emptyanswer,emptyanswer
3WYZV0QBFICLRZO7BAD56WCBD4ABXB,308XBLVESI34HNZPSDCF6XM96G1BRL,AM1HY736BY3Z8,Approved,Thu Mar 12 13:28:50 EDT 2015,Thu Mar 12 13:29:55 EDT 2015,Automatic Extraction of Titles from General Documents using Machine Learning,we propose a machine learning approach to title extraction from general documents.,"we mean documents that can belong to any one of a number of specific genres, including presentations, book chapters, technical papers, brochures, reports, and letters.","we consider extraction from Office including Word and PowerPoint. In our approach, we annotate titles in sample documents (for Word and PowerPoint, respectively) and take them as training data, train machine learning models, and perform title extraction using the trained models.",we can significantly improve search ranking results in document retrieval by using the extracted titles.,emptyanswer,emptyanswer,emptyanswer,emptyanswer,emptyanswer,emptyanswer,emptyanswer,emptyanswer,emptyanswer,emptyanswer,emptyanswer
3WYZV0QBFICLRZO7BAD56WCBD4ABXB,35H6S234SAZ96OKWZFI4SGVL0ZD65X,A330N7LVL2IOVZ,Approved,Fri Mar 13 14:53:55 EDT 2015,Fri Mar 13 14:59:26 EDT 2015,machine learning approach,automatic extraction,annotate titles,search ranking results,document retrieval,emptyanswer,emptyanswer,emptyanswer,emptyanswer,emptyanswer,emptyanswer,emptyanswer,emptyanswer,emptyanswer,emptyanswer,emptyanswer
3WYZV0QBFICLRZO7BAD56WCBD4ABXB,3U088ZLJVKS85WD1TRPW9FY77U00WE,A3DTN2OMF6DUSI,Approved,Fri Mar 13 22:59:52 EDT 2015,Fri Mar 13 23:00:09 EDT 2015,Automatic,Extraction,Documents,Machine,Learning,emptyanswer,emptyanswer,emptyanswer,emptyanswer,emptyanswer,emptyanswer,emptyanswer,emptyanswer,emptyanswer,emptyanswer,emptyanswer
3WYZV0QBFICLRZO7BAD56WCBD4ABXB,3ITXP059PWIM0LXEVUP1UVAI0RDSJ3,A8HUG07IE2R3,Approved,Sat Mar 14 02:13:48 EDT 2015,Sat Mar 14 02:18:22 EDT 2015,a machine learning approach to title extraction from general documents,to conduct automatic title extraction from general documents,extraction from Office including Word and PowerPoint,use of formatting information,we can even train models in one language and apply them to other language,improve search ranking results in document retrieval,emptyanswer,emptyanswer,emptyanswer,emptyanswer,emptyanswer,emptyanswer,emptyanswer,emptyanswer,emptyanswer,emptyanswer
3WYZV0QBFICLRZO7BAD56WCBD4ABXB,3TMSXRD2X6Z8CLYJPATWNKHHCOAW1L,A610SH5RY1NG1,Approved,Sat Mar 14 07:38:18 EDT 2015,Sat Mar 14 07:38:33 EDT 2015,Extraction,Automatic,Titles,General,Documents,emptyanswer,emptyanswer,emptyanswer,emptyanswer,emptyanswer,emptyanswer,emptyanswer,emptyanswer,emptyanswer,emptyanswer,emptyanswer
3WYZV0QBFICLRZO7BAD56WCBD4ABXB,3IX2EGZR7BIAZ6X1G5PW4L5MEQ9RJV,A2Z9HR2IBD75R9,Approved,Sat Mar 14 09:51:32 EDT 2015,Sat Mar 14 09:51:45 EDT 2015,Automatic,Titles,Machine,Documents,titles,emptyanswer,emptyanswer,emptyanswer,emptyanswer,emptyanswer,emptyanswer,emptyanswer,emptyanswer,emptyanswer,emptyanswer,emptyanswer
3WYZV0QBFICLRZO7BAD56WCBD4ABXB,3G5F9DBFOPW617JS1PRLT5EAM52VH9,A2UNRV6PEOEXG0,Approved,Sat Mar 14 13:41:59 EDT 2015,Sat Mar 14 13:42:28 EDT 2015,Automatic Extraction of Titles,Machine learning,general documents,PowerPoint,search ranking,emptyanswer,emptyanswer,emptyanswer,emptyanswer,emptyanswer,emptyanswer,emptyanswer,emptyanswer,emptyanswer,emptyanswer,emptyanswer
3WYZV0QBFICLRZO7BAD56WCBD4ABXB,3A4NIXBJ76YPXG89EI5SY1O4CT9LMZ,A3HEJEVDXYX2K9,Approved,Sat Mar 14 16:26:47 EDT 2015,Sat Mar 14 16:28:07 EDT 2015,Automatic Extraction of Titles,Machine Learning,General Documents,search ranking result,document retrieval,emptyanswer,emptyanswer,emptyanswer,emptyanswer,emptyanswer,emptyanswer,emptyanswer,emptyanswer,emptyanswer,emptyanswer,emptyanswer
3WYZV0QBFICLRZO7BAD56WCBD4ABXB,31HQ4X3T3S9SVBLEYF1EAANA4ITLSD,AH3ER3EJXHRO2,Approved,Sat Mar 14 17:11:36 EDT 2015,Sat Mar 14 17:12:14 EDT 2015,automatic extraction of titles,general documents,machine learning,Office,search ranking results,emptyanswer,emptyanswer,emptyanswer,emptyanswer,emptyanswer,emptyanswer,emptyanswer,emptyanswer,emptyanswer,emptyanswer,emptyanswer
3WYZV0QBFICLRZO7BAD56WCBD4ABXB,3TPWUS5F890SZO8H57IG4G08GMDCW5,A1GK9ZI7T30X9Z,Approved,Sat Mar 14 17:57:01 EDT 2015,Sat Mar 14 17:58:27 EDT 2015,Automatic Extraction of Titles,Machine Learning,title extraction,general documents,annotate titles,office,word,search ranking,emptyanswer,emptyanswer,emptyanswer,emptyanswer,emptyanswer,emptyanswer,emptyanswer,emptyanswer
3WYZV0QBFICLRZO7BAD56WCBD4ABXB,36ZN444YTRXB7ILF6VNSYPLHQPYIO1,AWFQ7OX0UPSM5,Approved,Sat Mar 14 18:02:57 EDT 2015,Sat Mar 14 18:04:06 EDT 2015,Automatic Extraction of Titles,General Documents,Machine Learning,title extraction from research papers,extraction from Office including Word and PowerPoint,emptyanswer,emptyanswer,emptyanswer,emptyanswer,emptyanswer,emptyanswer,emptyanswer,emptyanswer,emptyanswer,emptyanswer,emptyanswer
3WYZV0QBFICLRZO7BAD56WCBD4ABXB,3MHW492WW0CSTLK3SM7YLAM63RHVMY,A14IPKOBOPID9H,Approved,Sat Mar 14 18:51:18 EDT 2015,Sat Mar 14 18:53:46 EDT 2015,title extraction,Word and PowerPoint,annotate,utilize formatting information,improve search ranking,emptyanswer,emptyanswer,emptyanswer,emptyanswer,emptyanswer,emptyanswer,emptyanswer,emptyanswer,emptyanswer,emptyanswer,emptyanswer
3WYZV0QBFICLRZO7BAD56WCBD4ABXB,3A7Y0R2P2ONUW2JDP4VOT3RAF8WJXN,A29ZV4XJB7R1O,Approved,Sat Mar 14 19:50:51 EDT 2015,Sat Mar 14 19:51:45 EDT 2015,Automatic Extraction,Machine Learning,improve ranking,Extraction,machine learning approach,title extraction,emptyanswer,emptyanswer,emptyanswer,emptyanswer,emptyanswer,emptyanswer,emptyanswer,emptyanswer,emptyanswer,emptyanswer
3WYZV0QBFICLRZO7BAD56WCBD4ABXB,3P529IW9KYKJR6GSSV1F3B4VFTAFL1,A1BV5YY1UQCMZY,Approved,Sat Mar 14 20:30:59 EDT 2015,Sat Mar 14 20:32:08 EDT 2015,automatic extraction,titles,general documents,machine learning,annotate titles,emptyanswer,emptyanswer,emptyanswer,emptyanswer,emptyanswer,emptyanswer,emptyanswer,emptyanswer,emptyanswer,emptyanswer,emptyanswer
3WYZV0QBFICLRZO7BAD56WCBD4ABXB,3QL2OFSM96H2CUZ3D6RT8XNHNBLCNS,ACVJ6IUO9QM4R,Approved,Sat Mar 14 20:51:21 EDT 2015,Sat Mar 14 20:52:04 EDT 2015,machine learning approach,title extraction from general documents.,PowerPoint,Microsoft Office,document retrieva,emptyanswer,emptyanswer,emptyanswer,emptyanswer,emptyanswer,emptyanswer,emptyanswer,emptyanswer,emptyanswer,emptyanswer,emptyanswer
3WYZV0QBFICLRZO7BAD56WCBD4ABXB,351SEKWQS0G6Z4KH1174FOGZ3LODMU,A1G94QON7A9K0N,Approved,Sat Mar 14 21:04:57 EDT 2015,Sat Mar 14 21:05:14 EDT 2015,machine learning,title,documents,genre,extraction,emptyanswer,emptyanswer,emptyanswer,emptyanswer,emptyanswer,emptyanswer,emptyanswer,emptyanswer,emptyanswer,emptyanswer,emptyanswer
3WYZV0QBFICLRZO7BAD56WCBD4ABXB,3FDJT1UU747G535L1JC52Z031ZYK5R,A2TM0CPAMAO45B,Approved,Sat Mar 14 21:33:01 EDT 2015,Sat Mar 14 21:33:50 EDT 2015,automatic title extraction,machine learning,train machine learning models,languages,improve search rankings,emptyanswer,emptyanswer,emptyanswer,emptyanswer,emptyanswer,emptyanswer,emptyanswer,emptyanswer,emptyanswer,emptyanswer,emptyanswer
