HitId,AssignmentId,WorkerId,Status,AcceptTime,SubmitTime,Answer 1,Answer 2,Answer 3,Answer 4,Answer 5,Answer 6,Answer 7,Answer 8,Answer 9,Answer 10,Answer 11,Answer 12,Answer 13,Answer 14,Answer 15,Answer 16
3X7837UUACXEQ32NYFHW47I4O5K6JX,3G2UL9A02DDOTSYFN8X1Q09HQFX67K,AXGCH3EOOB0XG,Approved,Mon Mar 02 13:02:02 EST 2015,Mon Mar 02 13:03:46 EST 2015,Distributions,Text,Classifier,Decisions,Probability,emptyanswer,emptyanswer,emptyanswer,emptyanswer,emptyanswer,emptyanswer,emptyanswer,emptyanswer,emptyanswer,emptyanswer,emptyanswer
3X7837UUACXEQ32NYFHW47I4O5K6JX,34J10VATJFXESUYVL8FWNUGH4XOQI2,A22R7DT2XQIKXV,Approved,Mon Mar 02 15:07:22 EST 2015,Mon Mar 02 15:07:28 EST 2015,aa,aa,aa,aa,aa,emptyanswer,emptyanswer,emptyanswer,emptyanswer,emptyanswer,emptyanswer,emptyanswer,emptyanswer,emptyanswer,emptyanswer,emptyanswer
3X7837UUACXEQ32NYFHW47I4O5K6JX,345LHZDEDXRRUKNTHESETPBHO003UN,A2A4LHPXF2E2GS,Approved,Mon Mar 02 16:02:56 EST 2015,Mon Mar 02 16:10:24 EST 2015,Text classifiers,probability estimates,one set decision threshold,used in a Bayesian risk model,issue a run-time decision,minimizes a user-specified cost function,chosen at prediction time,empirical score distribution significantly different,extremely irrelevant,hard to discriminate,obviously relevant,Use Asymmetric Distributions,theoretically attractive,computationally efficient,empirically preferable,emptyanswer
3X7837UUACXEQ32NYFHW47I4O5K6JX,36NEMU28XFC58AK8IWCU7C5K97VMWO,A3ODG942FG22PJ,Approved,Mon Mar 02 17:37:54 EST 2015,Mon Mar 02 17:38:11 EST 2015,Asymmetric,Distributions,Classifier,Probability,Estimates,na,na,na,na,na,na,na,na,na,na,na
3X7837UUACXEQ32NYFHW47I4O5K6JX,3VAR3R6G1P0IIC92X9B1L0R3M0C8OF,A3FG9YWTFFK1AU,Approved,Mon Mar 02 19:08:53 EST 2015,Mon Mar 02 19:28:38 EST 2015,Asymmetric Distributions,Improve,Text Classifier,Probability Estimates,Bayesian risk model,emptyanswer,emptyanswer,emptyanswer,emptyanswer,emptyanswer,emptyanswer,emptyanswer,emptyanswer,emptyanswer,emptyanswer,emptyanswer
3X7837UUACXEQ32NYFHW47I4O5K6JX,358010RM5ES3NXJ76T97WR2492QVXK,A27I79P03I0ZPO,Approved,Mon Mar 02 21:16:41 EST 2015,Mon Mar 02 21:17:33 EST 2015,Distributions,Asymmetric,Classifier,Probability,Estimates,emptyanswer,emptyanswer,emptyanswer,emptyanswer,emptyanswer,emptyanswer,emptyanswer,emptyanswer,emptyanswer,emptyanswer,emptyanswer
3X7837UUACXEQ32NYFHW47I4O5K6JX,3OE22WJIGINJ1LTVFP4A6X4SYSXUQ0,A2R085B34P2LYS,Approved,Mon Mar 02 22:12:56 EST 2015,Mon Mar 02 22:14:33 EST 2015,Asymmetric,Distributions,Improve,Text,Probability,optional,optional,optional,optional,optional,optional,optional,optional,optional,optional,optional
3X7837UUACXEQ32NYFHW47I4O5K6JX,37W3JXSD66752R9M1Z0517SRIHRWY6,A2YW509B0UMSEH,Approved,Mon Mar 02 23:35:42 EST 2015,Mon Mar 02 23:38:20 EST 2015,Text classifiers,probability,quality,Asymmetric Distributions,model,emptyanswer,emptyanswer,emptyanswer,emptyanswer,emptyanswer,emptyanswer,emptyanswer,emptyanswer,emptyanswer,emptyanswer,emptyanswer
3X7837UUACXEQ32NYFHW47I4O5K6JX,3IQ1VMJRYTJTUDYBSICXK129HP4A9L,A1XRIEYLA7ZJ3B,Approved,Mon Mar 02 23:44:05 EST 2015,Mon Mar 02 23:49:36 EST 2015,Asymmetric Distributions,Improve Text Classifier Probability Estimates,Bayesian risk model,user-specified cost function,high quality estimates,extremely irrelevant,hard to discriminate,obviously relevant,theoretically attractive (introducing few new parameters while increasing flexibility),computationally efficient,empirically preferable,emptyanswer,emptyanswer,emptyanswer,emptyanswer,emptyanswer
3X7837UUACXEQ32NYFHW47I4O5K6JX,31Z0PCVWUKEUVQ9RJL5U1A1VAPGT7U,A1B5NXRZQYRC4R,Approved,Tue Mar 03 06:21:46 EST 2015,Tue Mar 03 06:22:16 EST 2015,Asymmetric,Distributions,Improve Text,Classifier,Probability Estimates,emptyanswer,emptyanswer,emptyanswer,emptyanswer,emptyanswer,emptyanswer,emptyanswer,emptyanswer,emptyanswer,emptyanswer,emptyanswer
3X7837UUACXEQ32NYFHW47I4O5K6JX,3WRFBPLXRANEZU3KKDGSFUJNG5K3NA,A26M2B8NZVKWTZ,Approved,Tue Mar 03 10:18:45 EST 2015,Tue Mar 03 10:23:11 EST 2015,Asymmetric,Distributions,Classifier,Estimates,Improve,emptyanswer,emptyanswer,emptyanswer,emptyanswer,emptyanswer,emptyanswer,emptyanswer,emptyanswer,emptyanswer,emptyanswer,emptyanswer
3X7837UUACXEQ32NYFHW47I4O5K6JX,3IAS3U3I0FFND3I4DNXE5PE1T292BC,A3S81UFDOWF2ST,Approved,Tue Mar 03 11:42:20 EST 2015,Tue Mar 03 11:44:17 EST 2015,Text classifiers,Bayesian risk model,quality of the probability estimates,computationally efficient,high quality estimates,emptyanswer,emptyanswer,emptyanswer,emptyanswer,emptyanswer,emptyanswer,emptyanswer,emptyanswer,emptyanswer,emptyanswer,emptyanswer
3X7837UUACXEQ32NYFHW47I4O5K6JX,3O7L7BFSHEOPVR8QCHKWTDR3LWUEIC,A9LA6QK6VCERR,Approved,Wed Mar 04 01:33:49 EST 2015,Wed Mar 04 01:36:26 EST 2015,Asymmetric Distributions,Text Classifier Probability Estimates,Bayesian risk model,user-specified cost function,empirical score distribution,emptyanswer,emptyanswer,emptyanswer,emptyanswer,emptyanswer,emptyanswer,emptyanswer,emptyanswer,emptyanswer,emptyanswer,emptyanswer
3X7837UUACXEQ32NYFHW47I4O5K6JX,3HVVDCPGTERDAA5S6UVUENLSEQ3YTI,A3LUJSAN4DQ1ZT,Approved,Wed Mar 04 10:14:03 EST 2015,Wed Mar 04 10:15:03 EST 2015,Asymmetric,Distributions,Text classifiers,Flexibility,Efficient,emptyanswer,emptyanswer,emptyanswer,emptyanswer,emptyanswer,emptyanswer,emptyanswer,emptyanswer,emptyanswer,emptyanswer,emptyanswer
3X7837UUACXEQ32NYFHW47I4O5K6JX,3U5NZHP4LR1TWNMWFDIMNDPSZR6PH6,A3FFZN4FO3Q789,Approved,Wed Mar 04 10:38:49 EST 2015,Wed Mar 04 10:53:19 EST 2015,changes,changes,changes,changes,changes,emptyanswer,emptyanswer,emptyanswer,emptyanswer,emptyanswer,emptyanswer,emptyanswer,emptyanswer,emptyanswer,emptyanswer,emptyanswer
3X7837UUACXEQ32NYFHW47I4O5K6JX,3S0TNUHWKTHREFID70XLA6F4IPL8D4,A3UY2GVCKC8LSL,Approved,Wed Mar 04 12:09:40 EST 2015,Wed Mar 04 12:11:26 EST 2015,Asymmetric Distributions,Text Classifier,Probability Estimates,Bayesian risk model,new models,emptyanswer,emptyanswer,emptyanswer,emptyanswer,emptyanswer,emptyanswer,emptyanswer,emptyanswer,emptyanswer,emptyanswer,emptyanswer
3X7837UUACXEQ32NYFHW47I4O5K6JX,3E7TUJ2EGCLRSK1NCS3ZA2AF2V4D9Z,A3H35QRODK1C4K,Approved,Wed Mar 04 12:23:30 EST 2015,Wed Mar 04 12:23:59 EST 2015,asymmetric,distributions,to improve,text,classifier,emptyanswer,emptyanswer,emptyanswer,emptyanswer,emptyanswer,emptyanswer,emptyanswer,emptyanswer,emptyanswer,emptyanswer,emptyanswer
3X7837UUACXEQ32NYFHW47I4O5K6JX,3TK8OJTYM1KYEOHGK2ZQ2EG177XPVE,A2F6ZON8X5EAGL,Approved,Wed Mar 04 14:20:26 EST 2015,Wed Mar 04 14:21:29 EST 2015,Using Asymmetric Distributions to Improve Text Classifier Probability Estimates,bayesian risk,prediction time,extremely irrelevant,text classifiers,emptyanswer,emptyanswer,emptyanswer,emptyanswer,emptyanswer,emptyanswer,emptyanswer,emptyanswer,emptyanswer,emptyanswer,emptyanswer
3X7837UUACXEQ32NYFHW47I4O5K6JX,3YGXWBAF70GGQMPXV1CX9OHHV44C4U,A3OTLWGJFB65KD,Approved,Wed Mar 04 19:31:42 EST 2015,Wed Mar 04 19:31:49 EST 2015,John Legend,John Legend,John Legend,John Legend,John Legend,emptyanswer,emptyanswer,emptyanswer,emptyanswer,emptyanswer,emptyanswer,emptyanswer,emptyanswer,emptyanswer,emptyanswer,emptyanswer
3X7837UUACXEQ32NYFHW47I4O5K6JX,3WR9XG3T63AAE5U14K4MT2P3UVD740,A1QUDNLO95AKS5,Approved,Thu Mar 05 10:56:59 EST 2015,Thu Mar 05 10:57:30 EST 2015,Asymmetric Distributions,Improve Text Classifier Probability Estimates,high quality estimates,theoretically attractive,text classifiers,emptyanswer,emptyanswer,emptyanswer,emptyanswer,emptyanswer,emptyanswer,emptyanswer,emptyanswer,emptyanswer,emptyanswer,emptyanswer
3X7837UUACXEQ32NYFHW47I4O5K6JX,3AAPLD8UCCGROFF3WUR6SNQPOXQHT8,A1YLO4LT02D2F0,Approved,Thu Mar 05 11:21:32 EST 2015,Thu Mar 05 11:22:02 EST 2015,estimates are more readily,applicable in a variety of scenarios,choosing one set decision,used in a Bayesian,outputs of two text classifiers,emptyanswer,emptyanswer,emptyanswer,emptyanswer,emptyanswer,emptyanswer,emptyanswer,emptyanswer,emptyanswer,emptyanswer,emptyanswer
3X7837UUACXEQ32NYFHW47I4O5K6JX,3HUTX6F6VUM7WX7DHS20B9E006Z2OX,A3DHYTZ1GPN0T8,Approved,Thu Mar 05 12:47:52 EST 2015,Thu Mar 05 12:48:20 EST 2015,classifiers,decision,dynamically,intuition,distribution,emptyanswer,emptyanswer,emptyanswer,emptyanswer,emptyanswer,emptyanswer,emptyanswer,emptyanswer,emptyanswer,emptyanswer,emptyanswer
3X7837UUACXEQ32NYFHW47I4O5K6JX,3R5F3LQFV2JX28AP6ZBEYKO7LG9OZ4,AQXSUU4I4DAH8,Approved,Thu Mar 05 14:49:20 EST 2015,Thu Mar 05 14:49:54 EST 2015,Asymmetric Distributions,cost function dynamically,Text Classifier Probability Estimates,motivated by the intuition,extremely irrelevant,emptyanswer,emptyanswer,emptyanswer,emptyanswer,emptyanswer,emptyanswer,emptyanswer,emptyanswer,emptyanswer,emptyanswer,emptyanswer
3X7837UUACXEQ32NYFHW47I4O5K6JX,3PJ71Z61R41X0PLBWZJ49096D2E91Q,A5UZTMO507YXX,Approved,Thu Mar 05 15:39:30 EST 2015,Thu Mar 05 15:40:37 EST 2015,Asymmetric Distribution,Text Classifiers,Probability Estimate,Bayesian Risk Model,run-time decision,Score conversion,emptyanswer,emptyanswer,emptyanswer,emptyanswer,emptyanswer,emptyanswer,emptyanswer,emptyanswer,emptyanswer,emptyanswer
3X7837UUACXEQ32NYFHW47I4O5K6JX,3B2X28YI3WEBV4150P9HV2VD9D2B65,ADUJUZANFOWKW,Approved,Thu Mar 05 16:25:06 EST 2015,Thu Mar 05 16:25:43 EST 2015,classifer,probability,distributions,function,model,emptyanswer,emptyanswer,emptyanswer,emptyanswer,emptyanswer,emptyanswer,emptyanswer,emptyanswer,emptyanswer,emptyanswer,emptyanswer
3X7837UUACXEQ32NYFHW47I4O5K6JX,32Q90QCQ1SKG1MYECK586T6GD7DEKV,A156E6TWVB7GP7,Approved,Fri Mar 06 00:32:03 EST 2015,Fri Mar 06 00:42:06 EST 2015,Text classifiers,minimizes,prediction time,theoretically attractive,empirically preferable,emptyanswer,emptyanswer,emptyanswer,emptyanswer,emptyanswer,emptyanswer,emptyanswer,emptyanswer,emptyanswer,emptyanswer,emptyanswer
3X7837UUACXEQ32NYFHW47I4O5K6JX,34T446B1C0DZRY7WC0PVXLR4EZYC02,A2KELEVTA0306Y,Approved,Fri Mar 06 10:13:45 EST 2015,Fri Mar 06 10:15:29 EST 2015,Text,classifiers,probability,estimates,readily,applicable,variety,scenarios,decision,Bayesian,function,dynamically,chosen,demonstrates,theoretically,computationally
3X7837UUACXEQ32NYFHW47I4O5K6JX,3S3AMIZX3U4TQI8QOCDQCSBN8O8CDW,A14TK50KH724N6,Approved,Fri Mar 06 10:24:00 EST 2015,Fri Mar 06 10:25:26 EST 2015,Asymmetric Distributions,Text Classifier Probability Estimates,Text classifier,decision threshold,Bayesian risk mode,run-time decision,cost function,computationally efficien,emptyanswer,emptyanswer,emptyanswer,emptyanswer,emptyanswer,emptyanswer,emptyanswer,emptyanswer
3X7837UUACXEQ32NYFHW47I4O5K6JX,3ZY8KE4ISJ2JE0IVKFEF2J6BCBHQVK,A3G4SXD4N30C3L,Approved,Fri Mar 06 11:06:00 EST 2015,Fri Mar 06 11:06:46 EST 2015,Asymmetric Distributions,Improve Text Classifier Probability Estimates,Text classifiers,robability estimates,Bayesian risk model,run-time decision,user-specified cost function,emptyanswer,emptyanswer,emptyanswer,emptyanswer,emptyanswer,emptyanswer,emptyanswer,emptyanswer,emptyanswer
3X7837UUACXEQ32NYFHW47I4O5K6JX,3QIYRE09Y3GIPRP5X929R14QIY0N1M,A3EOFHEPL3L07Y,Approved,Sat Mar 07 06:11:21 EST 2015,Sat Mar 07 06:13:26 EST 2015,asymmetric distributions,improve text classifier probability estimates,probability estimates,text classifier,bayesian risk model,emptyanswer,emptyanswer,emptyanswer,emptyanswer,emptyanswer,emptyanswer,emptyanswer,emptyanswer,emptyanswer,emptyanswer,emptyanswer
3X7837UUACXEQ32NYFHW47I4O5K6JX,30ZX6P7VF8UTVMGG1FAV3DXE1KFJ21,APEB5ERGCYP6D,Approved,Sat Mar 07 08:20:39 EST 2015,Sat Mar 07 08:32:41 EST 2015,probability estimates,Bayesian risk model issue a run-time decision,we analyze the experimental performance,computationally efficient,empirically preferable,emptyanswer,emptyanswer,emptyanswer,emptyanswer,emptyanswer,emptyanswer,emptyanswer,emptyanswer,emptyanswer,emptyanswer,emptyanswer
3X7837UUACXEQ32NYFHW47I4O5K6JX,3PM8NZGV8YFBIPNQKUFXQ43WSOKQXM,A37WDQ1VG5XN6Z,Approved,Sat Mar 07 13:43:39 EST 2015,Sat Mar 07 13:43:46 EST 2015,nothing,nothing,nothing,nothing,nothing,emptyanswer,emptyanswer,emptyanswer,emptyanswer,emptyanswer,emptyanswer,emptyanswer,emptyanswer,emptyanswer,emptyanswer,emptyanswer
3X7837UUACXEQ32NYFHW47I4O5K6JX,3DHE4R9OCWAJ4KQFT9PS605Y9T92GT,A38IE69ORDCEGY,Approved,Sat Mar 07 23:05:33 EST 2015,Sat Mar 07 23:07:22 EST 2015,Asymmetric Distributions,Text classifier probability,Bayesian risk model,dynamic user-defined functions,probability estimates,emptyanswer,emptyanswer,emptyanswer,emptyanswer,emptyanswer,emptyanswer,emptyanswer,emptyanswer,emptyanswer,emptyanswer,emptyanswer
3X7837UUACXEQ32NYFHW47I4O5K6JX,3WR9XG3T63AAE5U14K4MT2P3U5E74L,A2GBY8O6GYSB89,Approved,Sun Mar 08 14:39:54 EDT 2015,Sun Mar 08 14:41:09 EDT 2015,Asymmetric Distributions,Improve Text Classifier Probability Estimates,Text classifiers,Bayesian risk model,prediction time,emptyanswer,emptyanswer,emptyanswer,emptyanswer,emptyanswer,emptyanswer,emptyanswer,emptyanswer,emptyanswer,emptyanswer,emptyanswer
3X7837UUACXEQ32NYFHW47I4O5K6JX,37Q970SNZE7F54HA55JVQVEW5ZH1SP,A156NFBMKKLDL9,Approved,Sun Mar 08 14:46:20 EDT 2015,Sun Mar 08 14:47:22 EDT 2015,Asymmetric Distributions,Text Classifier Probability Estimates,minimizes a user-specified cost,"empirical score distribution for the ""extremely irrelevant""",obviously relevant,emptyanswer,emptyanswer,emptyanswer,emptyanswer,emptyanswer,emptyanswer,emptyanswer,emptyanswer,emptyanswer,emptyanswer,emptyanswer
3X7837UUACXEQ32NYFHW47I4O5K6JX,3TU5ZICBRD0L3OMICM35A5M31H4Q8B,AUH4A0OGHF2CK,Approved,Sun Mar 08 16:10:20 EDT 2015,Sun Mar 08 16:14:12 EDT 2015,Improvization techniques for Text Classifier Probability Estimates,Application of Asymmetric Distributions,Probability estimates for Text classifiers,High quality estimates,Probability estimates and  Asymmetric Distributions,emptyanswer,emptyanswer,emptyanswer,emptyanswer,emptyanswer,emptyanswer,emptyanswer,emptyanswer,emptyanswer,emptyanswer,emptyanswer
3X7837UUACXEQ32NYFHW47I4O5K6JX,3TVRFO09GKE0RS7DSP719I42IM2LX5,A2SZAM3EZER2PH,Approved,Mon Mar 09 06:36:38 EDT 2015,Mon Mar 09 06:37:26 EDT 2015,Text classifiers,readily applicable,probability estimates,significantly different,parameters,emptyanswer,emptyanswer,emptyanswer,emptyanswer,emptyanswer,emptyanswer,emptyanswer,emptyanswer,emptyanswer,emptyanswer,emptyanswer
3X7837UUACXEQ32NYFHW47I4O5K6JX,3A7Y0R2P2ONUW2JDP4VOT3RAEX7XJP,A3GSN49YWM9CLD,Approved,Mon Mar 09 10:40:38 EDT 2015,Mon Mar 09 10:41:47 EDT 2015,Bayesian risk model,minimizes a user-specified cost function dynamically,estimates and introduce new models motivated by the intuition,The analysis demonstrates that one of these models is theoretically attractive,run-time decision,emptyanswer,emptyanswer,emptyanswer,emptyanswer,emptyanswer,emptyanswer,emptyanswer,emptyanswer,emptyanswer,emptyanswer,emptyanswer
3X7837UUACXEQ32NYFHW47I4O5K6JX,33C7UALJVLXXMK21R7DQ94EVT7281S,A17JEL4FN1B9TB,Approved,Mon Mar 09 12:02:11 EDT 2015,Mon Mar 09 12:03:13 EDT 2015,Asymmetric,Distributions,Improve,Text,Classifier,Probability,Estimates,emptyanswer,emptyanswer,emptyanswer,emptyanswer,emptyanswer,emptyanswer,emptyanswer,emptyanswer,emptyanswer
3X7837UUACXEQ32NYFHW47I4O5K6JX,39LNWE0K4UV6KN5C2HZ1XVD6706IUB,A2SDTL2V8VJ25O,Approved,Mon Mar 09 12:17:33 EDT 2015,Mon Mar 09 12:18:55 EDT 2015,Asymmetric,Distributions,Improve,Classifier,Estimates,emptyanswer,emptyanswer,emptyanswer,emptyanswer,emptyanswer,emptyanswer,emptyanswer,emptyanswer,emptyanswer,emptyanswer,emptyanswer
3X7837UUACXEQ32NYFHW47I4O5K6JX,3TAYZSBPLL7MUPZ6O9J9VEO1X9S2SC,AW36CVMS3526O,Approved,Tue Mar 10 12:44:14 EDT 2015,Tue Mar 10 12:44:54 EDT 2015,Asymmetric,Probability,estimates,computationally,preferable,emptyanswer,emptyanswer,emptyanswer,emptyanswer,emptyanswer,emptyanswer,emptyanswer,emptyanswer,emptyanswer,emptyanswer,emptyanswer
3X7837UUACXEQ32NYFHW47I4O5K6JX,3E337GFOL97FT6F8FSNCYO8WKUPGNZ,A3K6BSW10S4YKJ,Approved,Wed Mar 11 00:26:32 EDT 2015,Wed Mar 11 00:28:12 EDT 2015,Bayesian risk model,quality of the probability estimates is crucial,Asymmetric Distributions,Improvement of  Text Classifier Probability Estimates,is theoretically attractive,emptyanswer,emptyanswer,emptyanswer,emptyanswer,emptyanswer,emptyanswer,emptyanswer,emptyanswer,emptyanswer,emptyanswer,emptyanswer
3X7837UUACXEQ32NYFHW47I4O5K6JX,3N1FSUEFL5ZQVEVBVX78TUZZGLQD43,ATRHDYWCIYTDJ,Approved,Wed Mar 11 04:22:31 EDT 2015,Wed Mar 11 04:22:43 EDT 2015,probability,estimates,applicable,scenarios,choosing,emptyanswer,emptyanswer,emptyanswer,emptyanswer,emptyanswer,emptyanswer,emptyanswer,emptyanswer,emptyanswer,emptyanswer,emptyanswer
3X7837UUACXEQ32NYFHW47I4O5K6JX,37Q970SNZE7F54HA55JVQVEW55XS18,A3CMDYA9USA3MR,Approved,Wed Mar 11 07:50:40 EDT 2015,Wed Mar 11 07:50:50 EDT 2015,classifiers,probability,estimates,applicable,computationally,emptyanswer,emptyanswer,emptyanswer,emptyanswer,emptyanswer,emptyanswer,emptyanswer,emptyanswer,emptyanswer,emptyanswer,emptyanswer
3X7837UUACXEQ32NYFHW47I4O5K6JX,3LYA37P8IQMIUJMU2T3I5L0VANOKBF,A28IXE702NXWKQ,Approved,Wed Mar 11 15:16:57 EDT 2015,Wed Mar 11 15:18:36 EDT 2015,Text classifiers that give probability estimates,more readily applicable in a variety of scenarios,rather than choosing one set decision threshold,and poor probability estimates,"hard to discriminate"", and ""obviously relevant",emptyanswer,emptyanswer,emptyanswer,emptyanswer,emptyanswer,emptyanswer,emptyanswer,emptyanswer,emptyanswer,emptyanswer,emptyanswer
3X7837UUACXEQ32NYFHW47I4O5K6JX,3VW6495TLJZ9RW4MG0ITM4D7TBHYY5,A2E2IQ99W6B7AV,Approved,Wed Mar 11 15:36:26 EDT 2015,Wed Mar 11 15:37:32 EDT 2015,Asymmetric distribution,Text classification,High quality estimates,Score distribution,Experiment performance,emptyanswer,emptyanswer,emptyanswer,emptyanswer,emptyanswer,emptyanswer,emptyanswer,emptyanswer,emptyanswer,emptyanswer,emptyanswer
3X7837UUACXEQ32NYFHW47I4O5K6JX,3JNQLM5FT4LZQC4G40M8JSA65HKL2L,A2KS418T8MPLJH,Approved,Wed Mar 11 16:31:21 EDT 2015,Wed Mar 11 16:32:07 EDT 2015,Using Asymmetric Distributions to Improve Text Classifier Probability Estimates,probability estimates are more readily applicable in a variety of scenarios,"""extremely irrelevant"", ""hard to discriminate"", and ""obviously relevant"" items",we analyze the experimental performance of these models,analysis demonstrates that one of these models,emptyanswer,emptyanswer,emptyanswer,emptyanswer,emptyanswer,emptyanswer,emptyanswer,emptyanswer,emptyanswer,emptyanswer,emptyanswer
3X7837UUACXEQ32NYFHW47I4O5K6JX,3VE8AYVF8MWOCZW9Y6SBY6IPVM2F8S,AM1HY736BY3Z8,Approved,Thu Mar 12 11:29:58 EDT 2015,Thu Mar 12 11:31:42 EDT 2015,Using Asymmetric Distributions to Improve Text Classifier Probability Estimates,Text classifiers that give probability estimates are more readily applicable in a variety of scenarios.,the quality of the probability estimates is crucial.,We review a variety of standard approaches to converting scores (and poor probability estimates) from text classifiers to high quality estimates,"The analysis demonstrates that one of these models is theoretically attractive (introducing few new parameters while increasing flexibility), computationally efficient, and empirically preferable.",emptyanswer,emptyanswer,emptyanswer,emptyanswer,emptyanswer,emptyanswer,emptyanswer,emptyanswer,emptyanswer,emptyanswer,emptyanswer
3X7837UUACXEQ32NYFHW47I4O5K6JX,3VAR3R6G1P0IIC92X9B1L0R3NNVO8P,AU3WQKISBW5MZ,Approved,Thu Mar 12 12:43:59 EDT 2015,Thu Mar 12 12:49:39 EDT 2015,Text classifiers that give probability estimates are more readily applicable in a variety of scenarios,rather than choosing one set decision threshold,they can be used in a Bayesian risk model to issue a run-time decision,specified cost function dynamically chosen at prediction time,We review a variety of standard approaches to converting scores,emptyanswer,emptyanswer,emptyanswer,emptyanswer,emptyanswer,emptyanswer,emptyanswer,emptyanswer,emptyanswer,emptyanswer,emptyanswer
3X7837UUACXEQ32NYFHW47I4O5K6JX,373ERPL3YO74D9T6SZ306RSVCOART2,A3MRB8TFD1IUS6,Approved,Thu Mar 12 18:07:27 EDT 2015,Thu Mar 12 18:09:35 EDT 2015,Asymmetric Distributions,Text Classifier Probability Estimates,Bayesian Risk Model,probability estimates,efficient,emptyanswer,emptyanswer,emptyanswer,emptyanswer,emptyanswer,emptyanswer,emptyanswer,emptyanswer,emptyanswer,emptyanswer,emptyanswer
3X7837UUACXEQ32NYFHW47I4O5K6JX,3U5NZHP4LR1TWNMWFDIMNDPS0CRPHY,ADVZAZ12Z8N9J,Approved,Thu Mar 12 18:10:20 EDT 2015,Thu Mar 12 18:18:53 EDT 2015,Text classifiers that give probability estimates are more readily applicable in a variety of scenarios.,N/A,N/A,N/A,N/A,emptyanswer,emptyanswer,emptyanswer,emptyanswer,emptyanswer,emptyanswer,emptyanswer,emptyanswer,emptyanswer,emptyanswer,emptyanswer
3X7837UUACXEQ32NYFHW47I4O5K6JX,3OUYGIZWR7XILNG0H5B1HLQBEV70PP,AL9R6CILUG30X,Approved,Fri Mar 13 02:13:44 EDT 2015,Fri Mar 13 02:23:44 EDT 2015,Asymmetric Distributions,user-specified cost,Text Classifier Probability Estimates,decision threshold,Bayesian risk model,text classifiers,emptyanswer,emptyanswer,emptyanswer,emptyanswer,emptyanswer,emptyanswer,emptyanswer,emptyanswer,emptyanswer,emptyanswer
3X7837UUACXEQ32NYFHW47I4O5K6JX,3TMSXRD2X6Z8CLYJPATWNKHHCLU1W4,A1A9GCQVBEMT58,Approved,Fri Mar 13 08:42:49 EDT 2015,Fri Mar 13 08:46:37 EDT 2015,set decision threshold,Bayesian risk model,probability estimates,empirical score distribution,extremely irrelevant,hard to discriminate,text classifiers,increasing flexibility,computationally efficient,empirically preferable,emptyanswer,emptyanswer,emptyanswer,emptyanswer,emptyanswer,emptyanswer
3X7837UUACXEQ32NYFHW47I4O5K6JX,3ZAZR5XV01HWTJDMGU2N3KUQXKPCZV,A3HPVFAF1U9WXK,Approved,Fri Mar 13 09:21:13 EDT 2015,Fri Mar 13 09:35:40 EDT 2015,Asymmetric Distributions,Text Classifier,Probability Estimates,scores,models,emptyanswer,emptyanswer,emptyanswer,emptyanswer,emptyanswer,emptyanswer,emptyanswer,emptyanswer,emptyanswer,emptyanswer,emptyanswer
3X7837UUACXEQ32NYFHW47I4O5K6JX,3O6CYIULED0OLIPHRY3GYMMENJ6UWD,A3DTN2OMF6DUSI,Approved,Fri Mar 13 23:19:44 EDT 2015,Fri Mar 13 23:19:50 EDT 2015,model,model,model,model,model,emptyanswer,emptyanswer,emptyanswer,emptyanswer,emptyanswer,emptyanswer,emptyanswer,emptyanswer,emptyanswer,emptyanswer,emptyanswer
3X7837UUACXEQ32NYFHW47I4O5K6JX,30OG32W0SUAH9SJH9XXOYLNK8L2ENN,A610SH5RY1NG1,Approved,Sat Mar 14 06:39:03 EDT 2015,Sat Mar 14 06:39:23 EDT 2015,Asymmetric,Improve,Text Classifier,decision threshold,computationally,emptyanswer,emptyanswer,emptyanswer,emptyanswer,emptyanswer,emptyanswer,emptyanswer,emptyanswer,emptyanswer,emptyanswer,emptyanswer
3X7837UUACXEQ32NYFHW47I4O5K6JX,3R5F3LQFV2JX28AP6ZBEYKO7M13ZOG,A2Z9HR2IBD75R9,Approved,Sat Mar 14 10:00:29 EDT 2015,Sat Mar 14 10:00:44 EDT 2015,Asymmetric,Distributions,Classifier,Estimates,parameters,emptyanswer,emptyanswer,emptyanswer,emptyanswer,emptyanswer,emptyanswer,emptyanswer,emptyanswer,emptyanswer,emptyanswer,emptyanswer
3X7837UUACXEQ32NYFHW47I4O5K6JX,3F1567XTNW4LHT5SHE9JA1HEM0G9Q4,A2UNRV6PEOEXG0,Approved,Sat Mar 14 13:43:18 EDT 2015,Sat Mar 14 13:44:18 EDT 2015,Asymmetric Distributions,Text Classifier Probability Estimates,Bayesian risk model,score conversion,empirical score distribution,emptyanswer,emptyanswer,emptyanswer,emptyanswer,emptyanswer,emptyanswer,emptyanswer,emptyanswer,emptyanswer,emptyanswer,emptyanswer
3X7837UUACXEQ32NYFHW47I4O5K6JX,33CID57104SOBU0Z800D22FYC2TL3K,A1GK9ZI7T30X9Z,Approved,Sat Mar 14 16:28:26 EDT 2015,Sat Mar 14 16:29:56 EDT 2015,Text Classifier,Probability Estimates,Scenarios,Bayesian Risk Model,run-time deision,computationally efficient,emptyanswer,emptyanswer,emptyanswer,emptyanswer,emptyanswer,emptyanswer,emptyanswer,emptyanswer,emptyanswer,emptyanswer
3X7837UUACXEQ32NYFHW47I4O5K6JX,3S3AMIZX3U4TQI8QOCDQCSBN965DCV,AWFQ7OX0UPSM5,Approved,Sat Mar 14 17:09:19 EDT 2015,Sat Mar 14 17:10:15 EDT 2015,Asymmetric Distributions,Text Classifier Probability Estimates,Text classifiers,Bayesian risk model,empirical score distribution,emptyanswer,emptyanswer,emptyanswer,emptyanswer,emptyanswer,emptyanswer,emptyanswer,emptyanswer,emptyanswer,emptyanswer,emptyanswer
3X7837UUACXEQ32NYFHW47I4O5K6JX,3N1FSUEFL5ZQVEVBVX78TUZZHTS4DD,A2EEL9YYUHL5SK,Approved,Sat Mar 14 18:43:03 EDT 2015,Sat Mar 14 18:43:51 EDT 2015,Asymmetric Distributions,Improve Text Classifier Probability Estimates,one set decision threshold,Bayesian risk model,run-time decision,emptyanswer,emptyanswer,emptyanswer,emptyanswer,emptyanswer,emptyanswer,emptyanswer,emptyanswer,emptyanswer,emptyanswer,emptyanswer
3X7837UUACXEQ32NYFHW47I4O5K6JX,3QBD8R3Z21IHZBM0L6LO4OBYL704OB,A3LV5FJGIHFQ94,Approved,Sat Mar 14 19:01:43 EDT 2015,Sat Mar 14 19:03:36 EDT 2015,text,classify,estimates,probability,quality,score,emptyanswer,emptyanswer,emptyanswer,emptyanswer,emptyanswer,emptyanswer,emptyanswer,emptyanswer,emptyanswer,emptyanswer
3X7837UUACXEQ32NYFHW47I4O5K6JX,3KWTYT08702RP9N3MJO6HZDIQYRL5H,A1BV5YY1UQCMZY,Approved,Sat Mar 14 19:37:51 EDT 2015,Sat Mar 14 19:39:46 EDT 2015,asymmetric distributions,text classifier probability,estimates,experimental performance,Bayesian risk model,emptyanswer,emptyanswer,emptyanswer,emptyanswer,emptyanswer,emptyanswer,emptyanswer,emptyanswer,emptyanswer,emptyanswer,emptyanswer
3X7837UUACXEQ32NYFHW47I4O5K6JX,3R08VXYT7CUMN7DLEQA5OU8UFCT7WG,A1G94QON7A9K0N,Approved,Sat Mar 14 20:16:31 EDT 2015,Sat Mar 14 20:16:55 EDT 2015,classifier,text,parameters,cost,user-specified,emptyanswer,emptyanswer,emptyanswer,emptyanswer,emptyanswer,emptyanswer,emptyanswer,emptyanswer,emptyanswer,emptyanswer,emptyanswer
3X7837UUACXEQ32NYFHW47I4O5K6JX,33M4IA01QG0BUQ2QX94XVUD1PQUXRZ,A29ZV4XJB7R1O,Approved,Sat Mar 14 20:33:13 EDT 2015,Sat Mar 14 20:44:04 EDT 2015,Asymmetric,Distributions,Improve,Probability,Estimates,emptyanswer,emptyanswer,emptyanswer,emptyanswer,emptyanswer,emptyanswer,emptyanswer,emptyanswer,emptyanswer,emptyanswer,emptyanswer
3X7837UUACXEQ32NYFHW47I4O5K6JX,39GAF6DQWRZVXWYEZ0O01IY35HUV10,ACVJ6IUO9QM4R,Approved,Sat Mar 14 20:46:16 EDT 2015,Sat Mar 14 20:47:14 EDT 2015,Text classifiers,probability estimates,"""extremely irrelevant",asymmetric distributions,"""obviously relevant",emptyanswer,emptyanswer,emptyanswer,emptyanswer,emptyanswer,emptyanswer,emptyanswer,emptyanswer,emptyanswer,emptyanswer,emptyanswer
3X7837UUACXEQ32NYFHW47I4O5K6JX,3HMVI3QICJRC1QTJ4BBK8H2XNY11YK,A9VLWY4KW6OCB,Approved,Sat Mar 14 21:12:15 EDT 2015,Sat Mar 14 21:21:35 EDT 2015,Asymmetric,Distributions,Classifier,Probability,Estimates,emptyanswer,emptyanswer,emptyanswer,emptyanswer,emptyanswer,emptyanswer,emptyanswer,emptyanswer,emptyanswer,emptyanswer,emptyanswer
3X7837UUACXEQ32NYFHW47I4O5K6JX,3A4TN5196KHA2YDSA8WG3DQL1ZRHC3,A1YNGE7LM9TQHL,Approved,Sun Mar 15 02:10:46 EDT 2015,Sun Mar 15 02:12:29 EDT 2015,Using Asymmetric Distributions to Improve Text Classifier Probability Estimates,Text classifiers that give probability estimates are more readily applicable in a variety of scenarios.,"For example, rather than choosing one set decision threshold, they can be used in a Bayesian risk model to issue a run-time decision which minimizes a user-specified cost function dynamically chosen at prediction time.","However, the quality of the probability estimates is crucial. We review a variety of standard approaches to converting scores (and poor probability estimates) from text classifiers to high quality estimates and introduce new models motivated by the intuition that the empirical score distribution for the ""extremely irrelevant"", ""hard to discriminate""","And ""obviously relevant"" items are often significantly different. Finally, we analyze the experimental performance of these models over the outputs of two text classifiers.","The analysis demonstrates that one of these models is theoretically attractive (introducing few new parameters while increasing flexibility), computationally efficient, and empirically preferable.",emptyanswer,emptyanswer,emptyanswer,emptyanswer,emptyanswer,emptyanswer,emptyanswer,emptyanswer,emptyanswer,emptyanswer
3X7837UUACXEQ32NYFHW47I4O5K6JX,3YW4XOSQKQKVKH9EUAEV5WWKRA31UZ,ATOMPVWZKAE0E,Approved,Sun Mar 15 02:28:33 EDT 2015,Sun Mar 15 02:30:30 EDT 2015,Text classifiers,Bayesian risk model,empirical score distribution,Asymmetric Distributions,experimental performance,computationally efficient,emptyanswer,emptyanswer,emptyanswer,emptyanswer,emptyanswer,emptyanswer,emptyanswer,emptyanswer,emptyanswer,emptyanswer
