HitId,AssignmentId,WorkerId,Status,AcceptTime,SubmitTime,Answer 1,Answer 2,Answer 3,Answer 4,Answer 5,Answer 6,Answer 7,Answer 8,Answer 9,Answer 10,Answer 11,Answer 12,Answer 13,Answer 14,Answer 15,Answer 16
3XBYQ44Z6O36YLDY1R84474QA94TWQ,31HQ4X3T3S9SVBLEYF1EAANA3OYLST,A2YW509B0UMSEH,Approved,Mon Mar 02 13:07:44 EST 2015,Mon Mar 02 13:09:27 EST 2015,Database,cryptographic,web content,caching,data transmission,emptyanswer,emptyanswer,emptyanswer,emptyanswer,emptyanswer,emptyanswer,emptyanswer,emptyanswer,emptyanswer,emptyanswer,emptyanswer
3XBYQ44Z6O36YLDY1R84474QA94TWQ,37QW5D2ZRGLXG41V4QSA5514JP48S1,A22R7DT2XQIKXV,Approved,Mon Mar 02 15:11:40 EST 2015,Mon Mar 02 15:11:45 EST 2015,aa,aa,aa,aa,aa,emptyanswer,emptyanswer,emptyanswer,emptyanswer,emptyanswer,emptyanswer,emptyanswer,emptyanswer,emptyanswer,emptyanswer,emptyanswer
3XBYQ44Z6O36YLDY1R84474QA94TWQ,3XIQGXAUMC71C7IBOV6RQDM1NK9X7K,A3FG9YWTFFK1AU,Approved,Mon Mar 02 18:55:33 EST 2015,Mon Mar 02 19:10:55 EST 2015,Consistency-preserving Caching,Dynamic Database Content,relational databases,Ganesh,dynamic web sites,non-data intensive applications,emptyanswer,emptyanswer,emptyanswer,emptyanswer,emptyanswer,emptyanswer,emptyanswer,emptyanswer,emptyanswer,emptyanswer
3XBYQ44Z6O36YLDY1R84474QA94TWQ,3P529IW9KYKJR6GSSV1F3B4VEZSLF0,A26M2B8NZVKWTZ,Approved,Mon Mar 02 21:09:14 EST 2015,Mon Mar 02 21:11:55 EST 2015,Dynamic,Database,Content,detect similarities,solutions,emptyanswer,emptyanswer,emptyanswer,emptyanswer,emptyanswer,emptyanswer,emptyanswer,emptyanswer,emptyanswer,emptyanswer,emptyanswer
3XBYQ44Z6O36YLDY1R84474QA94TWQ,369J354OFD97ML9GGB1VWDMAPJ46GD,A1XRIEYLA7ZJ3B,Approved,Mon Mar 02 21:14:54 EST 2015,Mon Mar 02 21:22:29 EST 2015,Consistency-preserving Caching,Dynamic Database Content,middleware layer called Ganesh,reduces the volume of data transmitted without semantic interpretation of queries or results,cryptographic hashing,works with closed-source applications and databases,emptyanswer,emptyanswer,emptyanswer,emptyanswer,emptyanswer,emptyanswer,emptyanswer,emptyanswer,emptyanswer,emptyanswer
3XBYQ44Z6O36YLDY1R84474QA94TWQ,3180JW2OT4BLUJZ3JYCT1K0QLGBJ5F,A2R085B34P2LYS,Approved,Mon Mar 02 22:13:30 EST 2015,Mon Mar 02 22:24:49 EST 2015,Consistency,Caching,Dynamic,Database,Content,optional,optional,optional,optional,optional,optional,optional,optional,optional,optional,optional
3XBYQ44Z6O36YLDY1R84474QA94TWQ,3QHK8ZVMIMHTEP4CNTFJKLDAZ2NBLX,A1B5NXRZQYRC4R,Approved,Tue Mar 03 06:53:33 EST 2015,Tue Mar 03 06:53:54 EST 2015,consistency-preserving,caching,dynamic,database,content,emptyanswer,emptyanswer,emptyanswer,emptyanswer,emptyanswer,emptyanswer,emptyanswer,emptyanswer,emptyanswer,emptyanswer,emptyanswer
3XBYQ44Z6O36YLDY1R84474QA94TWQ,3I2PTA7R3TT5YPOJLB080AVUW2NQKP,A3ODG942FG22PJ,Approved,Tue Mar 03 08:51:03 EST 2015,Tue Mar 03 08:51:23 EST 2015,Consistency-preserving,Caching,Dynamic,Database,Ganesh,na,na,na,na,na,na,na,na,na,na,na
3XBYQ44Z6O36YLDY1R84474QA94TWQ,3WRFBPLXRANEZU3KKDGSFUJNG5IN3S,A27I79P03I0ZPO,Approved,Tue Mar 03 09:40:34 EST 2015,Tue Mar 03 09:41:21 EST 2015,Consistency-preserving,Caching,Dynamic,Database,representative,emptyanswer,emptyanswer,emptyanswer,emptyanswer,emptyanswer,emptyanswer,emptyanswer,emptyanswer,emptyanswer,emptyanswer,emptyanswer
3XBYQ44Z6O36YLDY1R84474QA94TWQ,3X73LLYYQ1DTT2AJZY5UJOKXZC8HN5,A3FFZN4FO3Q789,Approved,Wed Mar 04 11:06:30 EST 2015,Wed Mar 04 11:09:57 EST 2015,replicate,replicate,replicate,replicate,replicate,emptyanswer,emptyanswer,emptyanswer,emptyanswer,emptyanswer,emptyanswer,emptyanswer,emptyanswer,emptyanswer,emptyanswer,emptyanswer
3XBYQ44Z6O36YLDY1R84474QA94TWQ,3DBQWDE4Y6XHD9QOYW4LURH7U3MN5Z,A3H35QRODK1C4K,Approved,Wed Mar 04 12:19:46 EST 2015,Wed Mar 04 12:20:03 EST 2015,consistency-preserving,caching,dynamic,database,content,emptyanswer,emptyanswer,emptyanswer,emptyanswer,emptyanswer,emptyanswer,emptyanswer,emptyanswer,emptyanswer,emptyanswer,emptyanswer
3XBYQ44Z6O36YLDY1R84474QA94TWQ,3OONKJ5DKCI1KA790LVBC2H4U9EOBH,A3UY2GVCKC8LSL,Approved,Wed Mar 04 12:23:44 EST 2015,Wed Mar 04 12:24:42 EST 2015,consistency-preserving,caching,dynamic database content,web content,Ganesh,emptyanswer,emptyanswer,emptyanswer,emptyanswer,emptyanswer,emptyanswer,emptyanswer,emptyanswer,emptyanswer,emptyanswer,emptyanswer
3XBYQ44Z6O36YLDY1R84474QA94TWQ,3JWH6J9I9SCJ2P7XZ6VYXDHZ40INBC,A2F6ZON8X5EAGL,Approved,Wed Mar 04 15:00:58 EST 2015,Wed Mar 04 15:01:42 EST 2015,Consistency-preserving Caching of Dynamic Database Content,dynamic,solutions,results,prototype,emptyanswer,emptyanswer,emptyanswer,emptyanswer,emptyanswer,emptyanswer,emptyanswer,emptyanswer,emptyanswer,emptyanswer,emptyanswer
3XBYQ44Z6O36YLDY1R84474QA94TWQ,3TR2532VIPTHDNZHOHMYTQEQHFE6JI,A3OTLWGJFB65KD,Approved,Wed Mar 04 18:57:33 EST 2015,Wed Mar 04 18:57:44 EST 2015,nothing,nothing,nothing,nothing,nothing,emptyanswer,emptyanswer,emptyanswer,emptyanswer,emptyanswer,emptyanswer,emptyanswer,emptyanswer,emptyanswer,emptyanswer,emptyanswer
3XBYQ44Z6O36YLDY1R84474QA94TWQ,388U7OUMF703X0WFUXFQMGQQEU9R0J,A3LUJSAN4DQ1ZT,Approved,Wed Mar 04 22:56:52 EST 2015,Wed Mar 04 22:58:00 EST 2015,consistency-preserving,caching,dynamic database,bench marks,prototype,end-to-end,non-data,dataintensive,emptyanswer,emptyanswer,emptyanswer,emptyanswer,emptyanswer,emptyanswer,emptyanswer,emptyanswer
3XBYQ44Z6O36YLDY1R84474QA94TWQ,3M68NM076H6YBBIUWMV7VH0HRXZR6O,A3S81UFDOWF2ST,Approved,Wed Mar 04 23:31:11 EST 2015,Wed Mar 04 23:31:41 EST 2015,Consistency-preserving Caching,Dynamic Database Content,traditional caching solutions,latency improvements,Ganesh,emptyanswer,emptyanswer,emptyanswer,emptyanswer,emptyanswer,emptyanswer,emptyanswer,emptyanswer,emptyanswer,emptyanswer,emptyanswer
3XBYQ44Z6O36YLDY1R84474QA94TWQ,3RGU30DZTA7J2QK9BXTFIMBC7GXJMB,A9LA6QK6VCERR,Approved,Thu Mar 05 01:47:54 EST 2015,Thu Mar 05 01:49:40 EST 2015,Dynamic Database Content,cryptographic hashing,Ganesh,middleware layer,back-end database,non-data intensive applications,data intensive ones,emptyanswer,emptyanswer,emptyanswer,emptyanswer,emptyanswer,emptyanswer,emptyanswer,emptyanswer,emptyanswer
3XBYQ44Z6O36YLDY1R84474QA94TWQ,3COPXFW7XBBKYDN4LYLJ055KRAEKPD,A1YLO4LT02D2F0,Approved,Thu Mar 05 03:33:47 EST 2015,Thu Mar 05 03:34:31 EST 2015,growing use of dynamic web content,It achieves this reduction through the use of cryptographic,semantics provided by the back-end database,These benefits do not require any compromise,measurements of our prototype show that it can increase end-to-end,emptyanswer,emptyanswer,emptyanswer,emptyanswer,emptyanswer,emptyanswer,emptyanswer,emptyanswer,emptyanswer,emptyanswer,emptyanswer
3XBYQ44Z6O36YLDY1R84474QA94TWQ,3K5TEWLKGVA6X2UC7796THFPLVFVIP,A1QUDNLO95AKS5,Approved,Thu Mar 05 08:39:34 EST 2015,Thu Mar 05 08:40:12 EST 2015,Consistency-preserving Caching,Dynamic Database Content,Ganesh,middleware layer,strict consistency semantics,emptyanswer,emptyanswer,emptyanswer,emptyanswer,emptyanswer,emptyanswer,emptyanswer,emptyanswer,emptyanswer,emptyanswer,emptyanswer
3XBYQ44Z6O36YLDY1R84474QA94TWQ,3JWH6J9I9SCJ2P7XZ6VYXDHZ42VBNH,A3I10J1GPDAPQR,Approved,Thu Mar 05 09:30:24 EST 2015,Thu Mar 05 09:32:22 EST 2015,Consistency-preserving Caching,Dynamic Database Content,closed-source applications,dynamic web sites,prototype show,emptyanswer,emptyanswer,emptyanswer,emptyanswer,emptyanswer,emptyanswer,emptyanswer,emptyanswer,emptyanswer,emptyanswer,emptyanswer
3XBYQ44Z6O36YLDY1R84474QA94TWQ,3ERMJ6L4DYRQIVJ7AO4IFW63GNXM7B,ADUJUZANFOWKW,Approved,Thu Mar 05 17:38:44 EST 2015,Thu Mar 05 17:39:23 EST 2015,caching,database,data,server,transmitted,emptyanswer,emptyanswer,emptyanswer,emptyanswer,emptyanswer,emptyanswer,emptyanswer,emptyanswer,emptyanswer,emptyanswer,emptyanswer
3XBYQ44Z6O36YLDY1R84474QA94TWQ,3VNL7UK1XFI7AJOX1436P2EC8KJFTI,A3DHYTZ1GPN0T8,Approved,Thu Mar 05 21:29:43 EST 2015,Thu Mar 05 21:30:20 EST 2015,dynamic web,Ganesh,database,data transmitted,dataintensive ones,emptyanswer,emptyanswer,emptyanswer,emptyanswer,emptyanswer,emptyanswer,emptyanswer,emptyanswer,emptyanswer,emptyanswer,emptyanswer
3XBYQ44Z6O36YLDY1R84474QA94TWQ,32SVAV9L3F87FB9VB9BNTOZNH64A3W,A1W7BQWWGKJ3XF,Approved,Thu Mar 05 22:31:53 EST 2015,Thu Mar 05 22:41:59 EST 2015,Consistency-preserving Caching,Dynamic Database Content,middleware,Ganesh,cryptographic hashing,end-to-end throughput,emptyanswer,emptyanswer,emptyanswer,emptyanswer,emptyanswer,emptyanswer,emptyanswer,emptyanswer,emptyanswer,emptyanswer
3XBYQ44Z6O36YLDY1R84474QA94TWQ,3EKVH9QMEY3GS0GORJOK0F21WXYD2R,AQXSUU4I4DAH8,Approved,Fri Mar 06 10:53:40 EST 2015,Fri Mar 06 10:56:21 EST 2015,web content generated from relational databases,Consistency-preserving Caching,cryptographic hashing,Dynamic Database Content,back-end database,emptyanswer,emptyanswer,emptyanswer,emptyanswer,emptyanswer,emptyanswer,emptyanswer,emptyanswer,emptyanswer,emptyanswer,emptyanswer
3XBYQ44Z6O36YLDY1R84474QA94TWQ,35USIKEBNRFDWDQ23FEQMXV7Q75N65,A2KELEVTA0306Y,Approved,Fri Mar 06 11:31:30 EST 2015,Fri Mar 06 11:33:02 EST 2015,growing,dynamic,web,content,generated,relational,databases,traditional,latency,improvements,ineffective,describe,reduces,semantic,prototype,applications
3XBYQ44Z6O36YLDY1R84474QA94TWQ,3DBQWDE4Y6XHD9QOYW4LURH7UCBN56,A3K6BSW10S4YKJ,Approved,Fri Mar 06 14:02:01 EST 2015,Fri Mar 06 14:05:04 EST 2015,middleware layer,Ganesh,reduces the volume of data transmitted,use of cryptographic hashing,increase end-to-end throughput,two fold for non-data intensive applications,ten fold for dataintensive ones,emptyanswer,emptyanswer,emptyanswer,emptyanswer,emptyanswer,emptyanswer,emptyanswer,emptyanswer,emptyanswer
3XBYQ44Z6O36YLDY1R84474QA94TWQ,3D8YOU6S9EJQR3AB0GQC0SN1Y5JU6T,A2GBY8O6GYSB89,Approved,Sat Mar 07 11:08:32 EST 2015,Sat Mar 07 11:10:36 EST 2015,Dynamic Database Content,reducing the volume of data transmitted without semantic interpretation of queries or results,middleware layer called Ganesh,"does not require modifications to applications, web servers, or database servers",works with closed-source applications and databases,emptyanswer,emptyanswer,emptyanswer,emptyanswer,emptyanswer,emptyanswer,emptyanswer,emptyanswer,emptyanswer,emptyanswer,emptyanswer
3XBYQ44Z6O36YLDY1R84474QA94TWQ,3VAR3R6G1P0IIC92X9B1L0R3MESO83,A37WDQ1VG5XN6Z,Approved,Sat Mar 07 13:10:53 EST 2015,Sat Mar 07 13:16:13 EST 2015,nothinnothingnothingg,nothingnothing,nothingnothingnothing,nothingnothingnothing,nothingnothinothing,emptyanswer,emptyanswer,emptyanswer,emptyanswer,emptyanswer,emptyanswer,emptyanswer,emptyanswer,emptyanswer,emptyanswer,emptyanswer
3XBYQ44Z6O36YLDY1R84474QA94TWQ,39GAF6DQWRZVXWYEZ0O01IY342I1VZ,A38IE69ORDCEGY,Approved,Sat Mar 07 23:03:58 EST 2015,Sat Mar 07 23:05:32 EST 2015,Consistency-perserving caching,Dynamic database content,relational databases,Ganesh,cryptographic hashing,emptyanswer,emptyanswer,emptyanswer,emptyanswer,emptyanswer,emptyanswer,emptyanswer,emptyanswer,emptyanswer,emptyanswer,emptyanswer
3XBYQ44Z6O36YLDY1R84474QA94TWQ,37U1UTWH9VLLFP1IP1S5FVW8X2CR8H,APEB5ERGCYP6D,Approved,Sat Mar 07 23:42:22 EST 2015,Sat Mar 07 23:47:59 EST 2015,growing use of dynamic web content,traditional caching solutions,a middleware layer called Ganesh,reduces the volume of data transmitted without semantic interpretatio,ten fold for dataintensive ones,emptyanswer,emptyanswer,emptyanswer,emptyanswer,emptyanswer,emptyanswer,emptyanswer,emptyanswer,emptyanswer,emptyanswer,emptyanswer
3XBYQ44Z6O36YLDY1R84474QA94TWQ,3I33IC7ZWF1IUTDC79XIAEUVBZJA2E,A3EOFHEPL3L07Y,Approved,Sun Mar 08 12:43:02 EDT 2015,Sun Mar 08 12:44:16 EDT 2015,Consistency-preserving Caching of Dynamic Database Content,Dynamic Database Content,Ganesh,cryptographic hashing,ineffective traditional caching solutions,emptyanswer,emptyanswer,emptyanswer,emptyanswer,emptyanswer,emptyanswer,emptyanswer,emptyanswer,emptyanswer,emptyanswer,emptyanswer
3XBYQ44Z6O36YLDY1R84474QA94TWQ,3OLF68YTN902VNPOV4CPUXOKK3QFA5,A3G4SXD4N30C3L,Approved,Sun Mar 08 13:16:40 EDT 2015,Sun Mar 08 13:17:17 EDT 2015,Consistency-preserving Caching,Dynamic Database Content,middleware layer called Ganesh,semantic interpretation of queries or results,back-end database,end-to-end throughput,emptyanswer,emptyanswer,emptyanswer,emptyanswer,emptyanswer,emptyanswer,emptyanswer,emptyanswer,emptyanswer,emptyanswer
3XBYQ44Z6O36YLDY1R84474QA94TWQ,3LO69W1SU3CP56CN3F7XLW47FUQLGT,ANB69EQROUTQJ,Approved,Sun Mar 08 14:04:18 EDT 2015,Sun Mar 08 14:05:42 EDT 2015,consistency-preserving caching,dynamic web content,relational databases,traditional caching solutions,reduce volume of data,increase end-to-end throughput,emptyanswer,emptyanswer,emptyanswer,emptyanswer,emptyanswer,emptyanswer,emptyanswer,emptyanswer,emptyanswer,emptyanswer
3XBYQ44Z6O36YLDY1R84474QA94TWQ,3S06PH7KSR393FYS8FO6VWSW4WAD1A,A156NFBMKKLDL9,Approved,Sun Mar 08 16:57:58 EDT 2015,Sun Mar 08 16:58:27 EDT 2015,Consistency-preserving Caching,Dynamic Database Content,semantic interpretation of queries or results,semantic interpretation of queries or results,dynamic web sites,emptyanswer,emptyanswer,emptyanswer,emptyanswer,emptyanswer,emptyanswer,emptyanswer,emptyanswer,emptyanswer,emptyanswer,emptyanswer
3XBYQ44Z6O36YLDY1R84474QA94TWQ,3DBQWDE4Y6XHD9QOYW4LURH7UHCN5H,A2EEL9YYUHL5SK,Approved,Mon Mar 09 00:59:35 EDT 2015,Mon Mar 09 01:00:47 EDT 2015,Consistency-preserving Caching,Dynamic Database Content,middleware layer called Ganesh that reduces the volume of data transmitted,through the use of cryptographic hashing,These benefits do not require any compromise of the strict consistency semantics provided by the back-end database,emptyanswer,emptyanswer,emptyanswer,emptyanswer,emptyanswer,emptyanswer,emptyanswer,emptyanswer,emptyanswer,emptyanswer,emptyanswer
3XBYQ44Z6O36YLDY1R84474QA94TWQ,3QRYMNZ7FYGJYB1EZSMJX7NLAK8NTI,A2E2IQ99W6B7AV,Approved,Mon Mar 09 04:44:08 EDT 2015,Mon Mar 09 04:45:38 EDT 2015,Dynamic information gathering,Latency improvement,Throughput,Data Caching,Speed measurement,emptyanswer,emptyanswer,emptyanswer,emptyanswer,emptyanswer,emptyanswer,emptyanswer,emptyanswer,emptyanswer,emptyanswer,emptyanswer
3XBYQ44Z6O36YLDY1R84474QA94TWQ,33C7UALJVLXXMK21R7DQ94EVT7Q189,A2SZAM3EZER2PH,Approved,Mon Mar 09 06:48:32 EDT 2015,Mon Mar 09 06:49:08 EDT 2015,growing use of dynamic,traditional caching solutions,reduction through,consistency semantics,dataintensive ones,emptyanswer,emptyanswer,emptyanswer,emptyanswer,emptyanswer,emptyanswer,emptyanswer,emptyanswer,emptyanswer,emptyanswer,emptyanswer
3XBYQ44Z6O36YLDY1R84474QA94TWQ,3ATPCQ38J898VE6J0U4DJIV0QG8YAH,A3GSN49YWM9CLD,Approved,Mon Mar 09 11:15:49 EDT 2015,Mon Mar 09 11:17:32 EDT 2015,dynamic web content,"relational databases,",cryptographic hashing to detect similarities,"dynamic web sites,",measurements of our prototype,emptyanswer,emptyanswer,emptyanswer,emptyanswer,emptyanswer,emptyanswer,emptyanswer,emptyanswer,emptyanswer,emptyanswer,emptyanswer
3XBYQ44Z6O36YLDY1R84474QA94TWQ,3R2UR8A0IAF8XDAA5HNT1Z8WDRLOX3,A17JEL4FN1B9TB,Approved,Mon Mar 09 12:08:16 EDT 2015,Mon Mar 09 12:08:59 EDT 2015,Consistency,preserving,Caching,Dynamic,Database,Content,emptyanswer,emptyanswer,emptyanswer,emptyanswer,emptyanswer,emptyanswer,emptyanswer,emptyanswer,emptyanswer,emptyanswer
3XBYQ44Z6O36YLDY1R84474QA94TWQ,3E13VNJ1NNUQBQEE0TPHMT89W3II1L,ACYGMRGAZ22U7,Approved,Mon Mar 09 17:55:55 EDT 2015,Mon Mar 09 17:56:01 EDT 2015,Keyword/Keyphrase 1:,Keyword/Keyphrase 1:,Keyword/Keyphrase 1:,Keyword/Keyphrase 1:,Keyword/Keyphrase 1:,emptyanswer,emptyanswer,emptyanswer,emptyanswer,emptyanswer,emptyanswer,emptyanswer,emptyanswer,emptyanswer,emptyanswer,emptyanswer
3XBYQ44Z6O36YLDY1R84474QA94TWQ,33NF62TLXJ1OC2K6QLGZ39J8IQLJKJ,A3HPVFAF1U9WXK,Approved,Tue Mar 10 05:30:43 EDT 2015,Tue Mar 10 05:31:33 EDT 2015,Dynamic Database Content,Consistency-preserving Caching,Ganesh,middleware,dynamic content,emptyanswer,emptyanswer,emptyanswer,emptyanswer,emptyanswer,emptyanswer,emptyanswer,emptyanswer,emptyanswer,emptyanswer,emptyanswer
3XBYQ44Z6O36YLDY1R84474QA94TWQ,3NLZY2D53POGIV616BC9FA89LL0LQX,A1JWEYGDFDB100,Approved,Tue Mar 10 13:28:32 EDT 2015,Tue Mar 10 13:29:42 EDT 2015,Consistency,preserving Caching,Dynamic Database Content,relational databases,cryptographic hashing,emptyanswer,emptyanswer,emptyanswer,emptyanswer,emptyanswer,emptyanswer,emptyanswer,emptyanswer,emptyanswer,emptyanswer,emptyanswer
3XBYQ44Z6O36YLDY1R84474QA94TWQ,3TPZPLC3M0BE2FFX0STKJJOIG3R3PE,AW36CVMS3526O,Approved,Tue Mar 10 14:45:32 EDT 2015,Tue Mar 10 14:46:25 EDT 2015,Database,traditional,ineffective,throughput,dataintensive,emptyanswer,emptyanswer,emptyanswer,emptyanswer,emptyanswer,emptyanswer,emptyanswer,emptyanswer,emptyanswer,emptyanswer,emptyanswer
3XBYQ44Z6O36YLDY1R84474QA94TWQ,3O6CYIULED0OLIPHRY3GYMMEMEKWUI,ATRHDYWCIYTDJ,Approved,Wed Mar 11 04:45:23 EDT 2015,Wed Mar 11 04:45:38 EDT 2015,dynamic,generated,traditional,prototype,throughput,emptyanswer,emptyanswer,emptyanswer,emptyanswer,emptyanswer,emptyanswer,emptyanswer,emptyanswer,emptyanswer,emptyanswer,emptyanswer
3XBYQ44Z6O36YLDY1R84474QA94TWQ,3ERET4BTVM8Z6Q7X49PMEF55MN89KH,A3CMDYA9USA3MR,Approved,Wed Mar 11 08:00:05 EDT 2015,Wed Mar 11 08:00:21 EDT 2015,dynamic,relational,increase,throughput,applications,emptyanswer,emptyanswer,emptyanswer,emptyanswer,emptyanswer,emptyanswer,emptyanswer,emptyanswer,emptyanswer,emptyanswer,emptyanswer
3XBYQ44Z6O36YLDY1R84474QA94TWQ,3PJUZCGDJ6FFBP5WVKSJOAWERNR89A,AL9R6CILUG30X,Approved,Wed Mar 11 14:58:56 EDT 2015,Wed Mar 11 15:02:08 EDT 2015,Dynamic Database Content,traditional caching,Consistency-preserving Caching,web content,Ganesh - The middleware layer,semantic interpretation,non-data intensive applications,emptyanswer,emptyanswer,emptyanswer,emptyanswer,emptyanswer,emptyanswer,emptyanswer,emptyanswer,emptyanswer
3XBYQ44Z6O36YLDY1R84474QA94TWQ,33FOTY3KEMKZYNSE8JTVBQAEJ2P1C1,A28IXE702NXWKQ,Approved,Wed Mar 11 15:01:58 EDT 2015,Wed Mar 11 15:03:18 EDT 2015,With the growing use of dynamic,web content generated from relational databases,Ganesh that reduces the volume of data transmitted,back-end database,Using two bench marks representative of dynamic web sites,emptyanswer,emptyanswer,emptyanswer,emptyanswer,emptyanswer,emptyanswer,emptyanswer,emptyanswer,emptyanswer,emptyanswer,emptyanswer
3XBYQ44Z6O36YLDY1R84474QA94TWQ,3QECW5O0KH0F8MV8VSQX3QNZK595TO,A2KS418T8MPLJH,Approved,Thu Mar 12 11:43:39 EDT 2015,Thu Mar 12 11:44:58 EDT 2015,"With the growing use of dynamic web content generated from relational databases, traditional caching solutions for through put and latency improvements are ineffective",We describe a middleware layer called Ganesh that reduces the volume of data transmitted without semantic interpretation of queries or results.,"These benefits do not require any compromise of the strict consistency semantics provided by the back-end database. Further, Ganesh does not require modifications to applications, web servers, or database servers, and works with closed-source applications and databases.","Using two bench marks representative of dynamic web sites, measurements of our prototype show that it can increase end-to-end throughput by as much as two fold for non-data intensive applications and by as much as ten fold for dataintensive ones.",It achieves this reduction through the use of cryptographic hashing to detect similarities with previous results.,emptyanswer,emptyanswer,emptyanswer,emptyanswer,emptyanswer,emptyanswer,emptyanswer,emptyanswer,emptyanswer,emptyanswer,emptyanswer
3XBYQ44Z6O36YLDY1R84474QA94TWQ,3M1CVSFP604ZMCFX9KNJ6WSYSCDQA3,AM1HY736BY3Z8,Approved,Thu Mar 12 13:22:11 EDT 2015,Thu Mar 12 13:24:08 EDT 2015,Consistency-preserving Caching of Dynamic Database Content,"With the growing use of dynamic web content generated from relational databases, traditional caching solutions for through put and latency improvements are ineffective.",These benefits do not require any compromise of the strict consistency semantics provided by the back-end database.,"Ganesh does not require modifications to applications, web servers, or database servers, and works with closed-source applications and databases.","Using two bench marks representative of dynamic web sites, measurements of our prototype show that it can increase end-to-end throughput by as much as two fold for non-data intensive applications and by as much as ten fold for dataintensive ones.",emptyanswer,emptyanswer,emptyanswer,emptyanswer,emptyanswer,emptyanswer,emptyanswer,emptyanswer,emptyanswer,emptyanswer,emptyanswer
3XBYQ44Z6O36YLDY1R84474QA94TWQ,3X31TUMD7XLS1RMKLWMUE901EDN1L6,AU3WQKISBW5MZ,Approved,Thu Mar 12 14:31:29 EDT 2015,Thu Mar 12 14:31:41 EDT 2015,"With the growing use of dynamic web content generated from relational databases, traditional caching solutions for through put and latency improvements are ineffective. We describe a middleware layer called Ganesh that reduces the volume of data transmitted without semantic interpretation of queries or results. It achieves this reduction through the use of cryptographic hashing to detect similarities with previous results. These benefits do not require any compromise of the strict consistency semantics provided by the back-end database. Further, Ganesh does not require modifications to applications, web servers, or database servers, and works with closed-source applications and databases. Using two bench marks representative of dynamic web sites, measurements of our prototype show that it can increase end-to-end throughput by as much as two fold for non-data intensive applications and by as much as ten fold for dataintensive ones.","With the growing use of dynamic web content generated from relational databases, traditional caching solutions for through put and latency improvements are ineffective. We describe a middleware layer called Ganesh that reduces the volume of data transmitted without semantic interpretation of queries or results. It achieves this reduction through the use of cryptographic hashing to detect similarities with previous results. These benefits do not require any compromise of the strict consistency semantics provided by the back-end database. Further, Ganesh does not require modifications to applications, web servers, or database servers, and works with closed-source applications and databases. Using two bench marks representative of dynamic web sites, measurements of our prototype show that it can increase end-to-end throughput by as much as two fold for non-data intensive applications and by as much as ten fold for dataintensive ones.","With the growing use of dynamic web content generated from relational databases, traditional caching solutions for through put and latency improvements are ineffective. We describe a middleware layer called Ganesh that reduces the volume of data transmitted without semantic interpretation of queries or results. It achieves this reduction through the use of cryptographic hashing to detect similarities with previous results. These benefits do not require any compromise of the strict consistency semantics provided by the back-end database. Further, Ganesh does not require modifications to applications, web servers, or database servers, and works with closed-source applications and databases. Using two bench marks representative of dynamic web sites, measurements of our prototype show that it can increase end-to-end throughput by as much as two fold for non-data intensive applications and by as much as ten fold for dataintensive ones.","With the growing use of dynamic web content generated from relational databases, traditional caching solutions for through put and latency improvements are ineffective. We describe a middleware layer called Ganesh that reduces the volume of data transmitted without semantic interpretation of queries or results. It achieves this reduction through the use of cryptographic hashing to detect similarities with previous results. These benefits do not require any compromise of the strict consistency semantics provided by the back-end database. Further, Ganesh does not require modifications to applications, web servers, or database servers, and works with closed-source applications and databases. Using two bench marks representative of dynamic web sites, measurements of our prototype show that it can increase end-to-end throughput by as much as two fold for non-data intensive applications and by as much as ten fold for dataintensive ones.","With the growing use of dynamic web content generated from relational databases, traditional caching solutions for through put and latency improvements are ineffective. We describe a middleware layer called Ganesh that reduces the volume of data transmitted without semantic interpretation of queries or results. It achieves this reduction through the use of cryptographic hashing to detect similarities with previous results. These benefits do not require any compromise of the strict consistency semantics provided by the back-end database. Further, Ganesh does not require modifications to applications, web servers, or database servers, and works with closed-source applications and databases. Using two bench marks representative of dynamic web sites, measurements of our prototype show that it can increase end-to-end throughput by as much as two fold for non-data intensive applications and by as much as ten fold for dataintensive ones.",emptyanswer,emptyanswer,emptyanswer,emptyanswer,emptyanswer,emptyanswer,emptyanswer,emptyanswer,emptyanswer,emptyanswer,emptyanswer
3XBYQ44Z6O36YLDY1R84474QA94TWQ,3ZY8KE4ISJ2JE0IVKFEF2J6BDNNQVF,A2SDTL2V8VJ25O,Approved,Thu Mar 12 18:04:31 EDT 2015,Thu Mar 12 18:05:01 EDT 2015,Consistency,Caching,Database,applications,dataintensive,emptyanswer,emptyanswer,emptyanswer,emptyanswer,emptyanswer,emptyanswer,emptyanswer,emptyanswer,emptyanswer,emptyanswer,emptyanswer
3XBYQ44Z6O36YLDY1R84474QA94TWQ,3PIWWX1FJJ5T1IEO80GN2UJV46SJJ2,A330N7LVL2IOVZ,Approved,Fri Mar 13 15:06:54 EDT 2015,Fri Mar 13 15:07:44 EDT 2015,dynamic web content,traditional caching solutions,latency improvements,back-end database,cryptographic hashing,emptyanswer,emptyanswer,emptyanswer,emptyanswer,emptyanswer,emptyanswer,emptyanswer,emptyanswer,emptyanswer,emptyanswer,emptyanswer
3XBYQ44Z6O36YLDY1R84474QA94TWQ,36V4Q8R5ZKZ0ODOM6NDOFNNYMWMQMD,A3DTN2OMF6DUSI,Approved,Fri Mar 13 23:15:37 EDT 2015,Fri Mar 13 23:15:45 EDT 2015,Machine,Machine,Machine,Machine,Machine,emptyanswer,emptyanswer,emptyanswer,emptyanswer,emptyanswer,emptyanswer,emptyanswer,emptyanswer,emptyanswer,emptyanswer,emptyanswer
3XBYQ44Z6O36YLDY1R84474QA94TWQ,3E47SOBEYQVAYTOCGQE13PR01AZCIG,A610SH5RY1NG1,Approved,Sat Mar 14 07:04:52 EDT 2015,Sat Mar 14 07:05:08 EDT 2015,Dynamic,Database,Content,Consistency-preserving,Caching,emptyanswer,emptyanswer,emptyanswer,emptyanswer,emptyanswer,emptyanswer,emptyanswer,emptyanswer,emptyanswer,emptyanswer,emptyanswer
3XBYQ44Z6O36YLDY1R84474QA94TWQ,3OJSZ2ATDSVSAOY1IPNWYUVHVDK75Q,A2Z9HR2IBD75R9,Approved,Sat Mar 14 09:54:31 EDT 2015,Sat Mar 14 09:54:51 EDT 2015,Consistency-preserving Caching,Dynamic Database Content,volume,data,applications,emptyanswer,emptyanswer,emptyanswer,emptyanswer,emptyanswer,emptyanswer,emptyanswer,emptyanswer,emptyanswer,emptyanswer,emptyanswer
3XBYQ44Z6O36YLDY1R84474QA94TWQ,3R2PKQ87NW7N7F03TF8F6LWCVP7IMA,A2UNRV6PEOEXG0,Approved,Sat Mar 14 13:49:01 EDT 2015,Sat Mar 14 13:49:48 EDT 2015,Consistency-preserving,Caching,Dynamic Database Content,Dynamic web content,middleware layer,data intensive applications,emptyanswer,emptyanswer,emptyanswer,emptyanswer,emptyanswer,emptyanswer,emptyanswer,emptyanswer,emptyanswer,emptyanswer
3XBYQ44Z6O36YLDY1R84474QA94TWQ,3NLZY2D53POGIV616BC9FA89MU9LQP,ACVJ6IUO9QM4R,Approved,Sat Mar 14 17:40:46 EDT 2015,Sat Mar 14 18:29:55 EDT 2015,perserving consistency,dynamic web content,Dynamic Database Content,We describe a middleware layer called Ganesh .,dynamic web sites,emptyanswer,emptyanswer,emptyanswer,emptyanswer,emptyanswer,emptyanswer,emptyanswer,emptyanswer,emptyanswer,emptyanswer,emptyanswer
3XBYQ44Z6O36YLDY1R84474QA94TWQ,3CFVK00FWLKN8DNHR2YB95RIMU5L62,A1G94QON7A9K0N,Approved,Sat Mar 14 20:18:46 EDT 2015,Sat Mar 14 20:19:11 EDT 2015,dynamic,semantics,database,ganesh,web sites,emptyanswer,emptyanswer,emptyanswer,emptyanswer,emptyanswer,emptyanswer,emptyanswer,emptyanswer,emptyanswer,emptyanswer,emptyanswer
3XBYQ44Z6O36YLDY1R84474QA94TWQ,3C6FJU71TQSSANKH6ZL4JJ7UYVUUY8,A29ZV4XJB7R1O,Approved,Sat Mar 14 20:45:58 EDT 2015,Sat Mar 14 20:56:24 EDT 2015,Consistency,preserving,Caching,Dynamic,Database,emptyanswer,emptyanswer,emptyanswer,emptyanswer,emptyanswer,emptyanswer,emptyanswer,emptyanswer,emptyanswer,emptyanswer,emptyanswer
3XBYQ44Z6O36YLDY1R84474QA94TWQ,3DIP6YHAPCRW6LWD3V85GOXPJS48EY,A9VLWY4KW6OCB,Approved,Sat Mar 14 21:59:51 EDT 2015,Sat Mar 14 22:14:35 EDT 2015,Consistency,preserving,Caching,Dynamic,Database,emptyanswer,emptyanswer,emptyanswer,emptyanswer,emptyanswer,emptyanswer,emptyanswer,emptyanswer,emptyanswer,emptyanswer,emptyanswer
3XBYQ44Z6O36YLDY1R84474QA94TWQ,3U088ZLJVKS85WD1TRPW9FY77YY0WK,A1GK9ZI7T30X9Z,Approved,Sat Mar 14 22:32:23 EDT 2015,Sat Mar 14 22:33:24 EDT 2015,Consistency-preserving Caching,Dynamic Database,cache,Ganesh,semantic interpretation,search,cryptographic hashing,emptyanswer,emptyanswer,emptyanswer,emptyanswer,emptyanswer,emptyanswer,emptyanswer,emptyanswer,emptyanswer
3XBYQ44Z6O36YLDY1R84474QA94TWQ,3TK8OJTYM1KYEOHGK2ZQ2EG18X9PV7,AWFQ7OX0UPSM5,Approved,Sat Mar 14 23:11:27 EDT 2015,Sat Mar 14 23:12:12 EDT 2015,Consistency-preserving Caching,Dynamic Database Content,relational databases,middleware layer,Ganesh,emptyanswer,emptyanswer,emptyanswer,emptyanswer,emptyanswer,emptyanswer,emptyanswer,emptyanswer,emptyanswer,emptyanswer,emptyanswer
3XBYQ44Z6O36YLDY1R84474QA94TWQ,3X87C8JFV6A3M81RQK9ARWM4EP3SQY,ATOMPVWZKAE0E,Approved,Sun Mar 15 00:24:30 EDT 2015,Sun Mar 15 00:26:45 EDT 2015,dynamic web content,relational databases,Ganesh middleware layer,data volume reduction,semantic interpretation,cryptographic hashing,strict consistency semantic,increase end-to-end throughput,data intensive application,emptyanswer,emptyanswer,emptyanswer,emptyanswer,emptyanswer,emptyanswer,emptyanswer
3XBYQ44Z6O36YLDY1R84474QA94TWQ,3E47SOBEYQVAYTOCGQE13PR01C1CIM,A389JBZP3NGJUF,Approved,Sun Mar 15 00:30:33 EDT 2015,Sun Mar 15 00:32:56 EDT 2015,Traditional caching solutions for through put and latency improvements are ineffective,We describe a middleware layer called Ganesh that reduces the volume of data transmitted without semantic interpretation of queries or results,It achieves this reduction through the use of cryptographic hashing to detect similarities with previous results,"Ganesh does not require modifications to applications, web servers, or database servers, and works with closed-source applications and databases",Measurements of our prototype show that it can increase end-to-end throughput by as much as two fold for non-data intensive applications and by as much as ten fold for dataintensive ones,emptyanswer,emptyanswer,emptyanswer,emptyanswer,emptyanswer,emptyanswer,emptyanswer,emptyanswer,emptyanswer,emptyanswer,emptyanswer
3XBYQ44Z6O36YLDY1R84474QA94TWQ,39JEC7537U0FKZ8CFXDKIEHU9EXCVJ,A1BV5YY1UQCMZY,Approved,Sun Mar 15 00:33:24 EDT 2015,Sun Mar 15 00:35:40 EDT 2015,caching,dynamic database content,ganesh,cryptographic hashing,databse,closed-source applications,emptyanswer,emptyanswer,emptyanswer,emptyanswer,emptyanswer,emptyanswer,emptyanswer,emptyanswer,emptyanswer,emptyanswer
3XBYQ44Z6O36YLDY1R84474QA94TWQ,308XBLVESI34HNZPSDCF6XM96NPBRN,A1YNGE7LM9TQHL,Approved,Sun Mar 15 02:07:42 EDT 2015,Sun Mar 15 02:08:43 EDT 2015,Consistency-preserving Caching of Dynamic Database Content,"With the growing use of dynamic web content generated from relational databases, traditional caching solutions for through put and latency improvements are ineffective.",We describe a middleware layer called Ganesh that reduces the volume of data transmitted without semantic interpretation of queries or results.,It achieves this reduction through the use of cryptographic hashing to detect similarities with previous results.,These benefits do not require any compromise of the strict consistency semantics provided by the back-end database.,"Further, Ganesh does not require modifications to applications, web servers, or database servers, and works with closed-source applications and databases.","Using two bench marks representative of dynamic web sites, measurements of our prototype show that it can increase end-to-end throughput by as much as two fold for non-data intensive applications and by as much as ten fold for dataintensive ones.",emptyanswer,emptyanswer,emptyanswer,emptyanswer,emptyanswer,emptyanswer,emptyanswer,emptyanswer,emptyanswer
3XBYQ44Z6O36YLDY1R84474QA94TWQ,352YTHGROVC77U0DHTQYKFEX9MB4HE,AHAJG2TJ4P3G2,Approved,Sun Mar 15 02:34:15 EDT 2015,Sun Mar 15 02:37:34 EDT 2015,Caching of Dynamic Database Content,caching solutions,middleware layer called Ganesh,works with closed-source applications and databases,cryptographic hashing,dynamic web content,emptyanswer,emptyanswer,emptyanswer,emptyanswer,emptyanswer,emptyanswer,emptyanswer,emptyanswer,emptyanswer,emptyanswer
3XBYQ44Z6O36YLDY1R84474QA94TWQ,36TFCYNS449Y5WON14S3HQBV2HFXHL,A3UN57EC5AXY1Z,Approved,Sun Mar 15 02:47:59 EDT 2015,Sun Mar 15 02:48:35 EDT 2015,ganesh,semantic interpretation,cryptographic,semantics,caching,dynamic database content,emptyanswer,emptyanswer,emptyanswer,emptyanswer,emptyanswer,emptyanswer,emptyanswer,emptyanswer,emptyanswer,emptyanswer
3XBYQ44Z6O36YLDY1R84474QA94TWQ,3S96KQ6I9M3ACZA1AY8G12BRXTZDTA,A2TM0CPAMAO45B,Approved,Sun Mar 15 03:09:52 EDT 2015,Sun Mar 15 03:10:35 EDT 2015,Dynamic Database Content,caching,Ganesh middleware,data transmission,increased thoroughput,emptyanswer,emptyanswer,emptyanswer,emptyanswer,emptyanswer,emptyanswer,emptyanswer,emptyanswer,emptyanswer,emptyanswer,emptyanswer
