HitId,AssignmentId,WorkerId,Status,AcceptTime,SubmitTime,Answer 1,Answer 2,Answer 3,Answer 4,Answer 5,Answer 6,Answer 7,Answer 8,Answer 9,Answer 10,Answer 11,Answer 12,Answer 13,Answer 14,Answer 15,Answer 16
3XEIP58NLZMM93AY35QKHKORXYMZLJ,32VNZTT0A73KWOEGDY2SYJG3V1N4R0,AXH1BDK251PWC,Approved,Mon Mar 02 14:13:04 EST 2015,Mon Mar 02 14:15:28 EST 2015,Ensemble Kalman filter data,assimilation methodology,hydrocrabon reservoir simulations,energy exploration,dynamic response of oil wells,Schlumberger ECLIPSE software,TIGRE grid computing environment,GridWay metascheduler,increasing computational accuracy,emptyanswer,emptyanswer,emptyanswer,emptyanswer,emptyanswer,emptyanswer,emptyanswer
3XEIP58NLZMM93AY35QKHKORXYMZLJ,31UV0MXWNQBPZ8FX1GRTPJLQ81Z5I2,A22R7DT2XQIKXV,Approved,Mon Mar 02 14:24:27 EST 2015,Mon Mar 02 14:24:32 EST 2015,aa,aa,aa,aa,aa,emptyanswer,emptyanswer,emptyanswer,emptyanswer,emptyanswer,emptyanswer,emptyanswer,emptyanswer,emptyanswer,emptyanswer,emptyanswer
3XEIP58NLZMM93AY35QKHKORXYMZLJ,336YQZE83VDBVR5OMVPLHCS7PA3M5J,A1W7BQWWGKJ3XF,Approved,Mon Mar 02 20:12:50 EST 2015,Mon Mar 02 20:15:17 EST 2015,Kalman Filter,Data Assimilation Methodology,Reservoir Characterization,hydrocarbon,computational accuracy,Grid-enabling,emptyanswer,emptyanswer,emptyanswer,emptyanswer,emptyanswer,emptyanswer,emptyanswer,emptyanswer,emptyanswer,emptyanswer
3XEIP58NLZMM93AY35QKHKORXYMZLJ,38BQUHLA9WZX31B6RALKQISY65BOMT,A2R085B34P2LYS,Approved,Mon Mar 02 22:14:17 EST 2015,Mon Mar 02 22:28:47 EST 2015,Demonstration,Ensemble,Kalman,Filter,Assimilation,optional,optional,optional,optional,optional,optional,optional,optional,optional,optional,optional
3XEIP58NLZMM93AY35QKHKORXYMZLJ,39RP059MEHSDK7MXN5GYKYSZZ6UMBP,A27I79P03I0ZPO,Approved,Mon Mar 02 23:05:36 EST 2015,Mon Mar 02 23:06:17 EST 2015,Demonstration,Demonstration,Demonstration,Demonstration,Demonstration,Demonstration,emptyanswer,emptyanswer,emptyanswer,emptyanswer,emptyanswer,emptyanswer,emptyanswer,emptyanswer,emptyanswer,emptyanswer
3XEIP58NLZMM93AY35QKHKORXYMZLJ,3NPFYT4IZC3K50TCHYALWQZUMOUGXA,A3ODG942FG22PJ,Approved,Tue Mar 03 08:48:18 EST 2015,Tue Mar 03 08:48:37 EST 2015,Grid-Enabled,Ensemble,Kalman,Filter,Reservoir,na,na,na,na,na,na,na,na,na,na,na
3XEIP58NLZMM93AY35QKHKORXYMZLJ,3AAPLD8UCCGROFF3WUR6SNQPOSLHTT,A1B5NXRZQYRC4R,Approved,Tue Mar 03 09:17:21 EST 2015,Tue Mar 03 09:17:48 EST 2015,demonstration,grid-enabled,ensemble,kalman,filter,emptyanswer,emptyanswer,emptyanswer,emptyanswer,emptyanswer,emptyanswer,emptyanswer,emptyanswer,emptyanswer,emptyanswer,emptyanswer
3XEIP58NLZMM93AY35QKHKORXYMZLJ,3RXCAC0YIROUQZS49QYTGRI1VFR8G0,A26M2B8NZVKWTZ,Approved,Tue Mar 03 11:03:38 EST 2015,Tue Mar 03 11:04:20 EST 2015,Demonstration,discussed,Ensemble,Grid-Enabled,Methodology,emptyanswer,emptyanswer,emptyanswer,emptyanswer,emptyanswer,emptyanswer,emptyanswer,emptyanswer,emptyanswer,emptyanswer,emptyanswer
3XEIP58NLZMM93AY35QKHKORXYMZLJ,31JLPPHS2UTWHF3WLSG5UJJS6FS3OS,A2AWDYE8TVVZMV,Approved,Tue Mar 03 11:53:47 EST 2015,Tue Mar 03 11:55:44 EST 2015,Demonstration of Grid-Enabled Ensemble Kalman Filter Data Assimilation Methodology for Reservoir Characterization,Ensemble Kalman filter data assimilation methodology is a popular approach for hydrocarbon reservoir simulations in energy exploration.,"By pooling the licenses and computing resources across the collaborating institutions using GridWay metascheduler and TIGRE environment, the computational accuracy can be increased while reducing the simulation runtime.","Since models in the ensemble do not communicate, message-passing implementation is a good choice.","Each model checks out an ECLIPSE license and therefore, parallelizability of reservoir simulations depends on the number licenses available.",emptyanswer,emptyanswer,emptyanswer,emptyanswer,emptyanswer,emptyanswer,emptyanswer,emptyanswer,emptyanswer,emptyanswer,emptyanswer
3XEIP58NLZMM93AY35QKHKORXYMZLJ,3NL0RFNU0FMY9K1LNETVX7UP0AMK4I,A1PXJWCNRYCBS5,Approved,Tue Mar 03 14:25:21 EST 2015,Tue Mar 03 14:27:03 EST 2015,Grid enabled ensemble kalman filter,EKF is a popular approach for hydrocarbon reservoir simulations in energy exploration,the schlumberger eclipse software is used for simulations,gridway metaschedular,TIGRE environment,emptyanswer,emptyanswer,emptyanswer,emptyanswer,emptyanswer,emptyanswer,emptyanswer,emptyanswer,emptyanswer,emptyanswer,emptyanswer
3XEIP58NLZMM93AY35QKHKORXYMZLJ,3W8CV64QJ2Y8406PYOMP1NPDUM99HE,A3FG9YWTFFK1AU,Approved,Tue Mar 03 19:14:02 EST 2015,Tue Mar 03 19:17:27 EST 2015,Schlumberger ECLIPSE software,Grid-Enabled Ensemble,Kalman Filter Data Assimilation,Reservoir Characterization,TIGRE environment,GridWay metascheduler,emptyanswer,emptyanswer,emptyanswer,emptyanswer,emptyanswer,emptyanswer,emptyanswer,emptyanswer,emptyanswer,emptyanswer
3XEIP58NLZMM93AY35QKHKORXYMZLJ,3TDXMTX3CBTLICFB6Z1YHPZQ4Z9I60,A3LUJSAN4DQ1ZT,Approved,Wed Mar 04 02:02:02 EST 2015,Wed Mar 04 02:03:55 EST 2015,hyrocarbon,ensemble kalman filter data assimilation methodology,geological models,Schlumberger Eclipse software,Gridway metascheduler,reducing simulation runtime,emptyanswer,emptyanswer,emptyanswer,emptyanswer,emptyanswer,emptyanswer,emptyanswer,emptyanswer,emptyanswer,emptyanswer
3XEIP58NLZMM93AY35QKHKORXYMZLJ,33OOO72IVHK0774NA2D5HWT9B2PTC9,A3FFZN4FO3Q789,Approved,Wed Mar 04 11:04:15 EST 2015,Wed Mar 04 11:07:22 EST 2015,preliminary,preliminary,preliminary,preliminary,preliminary,emptyanswer,emptyanswer,emptyanswer,emptyanswer,emptyanswer,emptyanswer,emptyanswer,emptyanswer,emptyanswer,emptyanswer,emptyanswer
3XEIP58NLZMM93AY35QKHKORXYMZLJ,3WZ36BJEV3FHX2CHW2HA6CNRTHVBTQ,A3H35QRODK1C4K,Approved,Wed Mar 04 12:34:27 EST 2015,Wed Mar 04 12:34:50 EST 2015,demonstration,grid-enabled,ensemble,kalman filter,data,emptyanswer,emptyanswer,emptyanswer,emptyanswer,emptyanswer,emptyanswer,emptyanswer,emptyanswer,emptyanswer,emptyanswer,emptyanswer
3XEIP58NLZMM93AY35QKHKORXYMZLJ,3SB5N7Y3O33C8AN1EMLENCCJCK3G0F,A2F6ZON8X5EAGL,Approved,Wed Mar 04 16:22:15 EST 2015,Wed Mar 04 16:22:45 EST 2015,Demonstration of Grid-Enabled Ensemble Kalman Filter Data Assimilation Methodology for Reservoir Characterization,increased,reducing,simulation,runtime,emptyanswer,emptyanswer,emptyanswer,emptyanswer,emptyanswer,emptyanswer,emptyanswer,emptyanswer,emptyanswer,emptyanswer,emptyanswer
3XEIP58NLZMM93AY35QKHKORXYMZLJ,3WOKGM4L71F00N4Z25YMSLLL3650OX,A3OTLWGJFB65KD,Approved,Wed Mar 04 19:16:18 EST 2015,Wed Mar 04 19:16:25 EST 2015,nothing,nothing,nothing,nothing,nothing,emptyanswer,emptyanswer,emptyanswer,emptyanswer,emptyanswer,emptyanswer,emptyanswer,emptyanswer,emptyanswer,emptyanswer,emptyanswer
3XEIP58NLZMM93AY35QKHKORXYMZLJ,3SLE99ER0NCDJELG2U6SS0O8EFTZBA,A3S81UFDOWF2ST,Approved,Wed Mar 04 23:30:37 EST 2015,Wed Mar 04 23:31:11 EST 2015,Grid-Enabled Ensemble Kalman Filter,Data Assimilation Methodology,Reservoir Characterization,energy exploration,geological models,emptyanswer,emptyanswer,emptyanswer,emptyanswer,emptyanswer,emptyanswer,emptyanswer,emptyanswer,emptyanswer,emptyanswer,emptyanswer
3XEIP58NLZMM93AY35QKHKORXYMZLJ,3HHRAGRYX84IWHSC21HFLWME6CIO9K,A1QUDNLO95AKS5,Approved,Thu Mar 05 05:51:04 EST 2015,Thu Mar 05 05:55:23 EST 2015,Demonstration of Grid-Enabled Ensemble Kalman Filter Data Assimilation Methodology for Reservoir Characterization,energy exploration,geological models,dynamic response of oil wells,Schlumberger ECLIPSE software,message-passing implementation,ECLIPSE license,TIGRE Grid computing environment.,collaborating institutions,GridWay metascheduler,Potential benefits,emptyanswer,emptyanswer,emptyanswer,emptyanswer,emptyanswer
3XEIP58NLZMM93AY35QKHKORXYMZLJ,3WI0P0II61RXWKX9693L1NA98KURDQ,A3I10J1GPDAPQR,Approved,Thu Mar 05 08:50:28 EST 2015,Thu Mar 05 08:52:09 EST 2015,Grid-Enabled Ensemble Kalman Filter Data Assimilation Methodology,Reservoir Characterization,Schlumberger ECLIPSE software,TIGRE Grid computing environment,GridWay metascheduler,emptyanswer,emptyanswer,emptyanswer,emptyanswer,emptyanswer,emptyanswer,emptyanswer,emptyanswer,emptyanswer,emptyanswer,emptyanswer
3XEIP58NLZMM93AY35QKHKORXYMZLJ,3E47SOBEYQVAYTOCGQE13PR00O5CID,A1YLO4LT02D2F0,Approved,Thu Mar 05 11:28:41 EST 2015,Thu Mar 05 11:29:19 EST 2015,popular approach for hydrocarbon,reservoir simulations in energy,ensemble of geological models,the ensemble Kalman filter,Potential benefits,emptyanswer,emptyanswer,emptyanswer,emptyanswer,emptyanswer,emptyanswer,emptyanswer,emptyanswer,emptyanswer,emptyanswer,emptyanswer
3XEIP58NLZMM93AY35QKHKORXYMZLJ,33CKWXB73JJFBKIGSM4BUURNFPF11W,A3DHYTZ1GPN0T8,Approved,Thu Mar 05 13:24:32 EST 2015,Thu Mar 05 13:25:14 EST 2015,Ensemble Kalman,oil fields,TIGRE environment,methodology,observations,emptyanswer,emptyanswer,emptyanswer,emptyanswer,emptyanswer,emptyanswer,emptyanswer,emptyanswer,emptyanswer,emptyanswer,emptyanswer
3XEIP58NLZMM93AY35QKHKORXYMZLJ,38JBBYETQO9VNK9BRSISZCHKGJZE4D,AQXSUU4I4DAH8,Approved,Thu Mar 05 14:35:31 EST 2015,Thu Mar 05 14:38:02 EST 2015,parallelizability of reservoir simulations,Demonstration of Grid-Enabled Ensemble Kalman Filter Data,ECLIPSE license,Assimilation Methodology for Reservoir Characterization,Potential benefits,emptyanswer,emptyanswer,emptyanswer,emptyanswer,emptyanswer,emptyanswer,emptyanswer,emptyanswer,emptyanswer,emptyanswer,emptyanswer
3XEIP58NLZMM93AY35QKHKORXYMZLJ,31EUONYN2V2GTO5F52MBDEBBX5UOVV,ADUJUZANFOWKW,Approved,Thu Mar 05 18:57:34 EST 2015,Thu Mar 05 18:58:02 EST 2015,data,assimilation,characterization,ECLIPSE,TIGRE,emptyanswer,emptyanswer,emptyanswer,emptyanswer,emptyanswer,emptyanswer,emptyanswer,emptyanswer,emptyanswer,emptyanswer,emptyanswer
3XEIP58NLZMM93AY35QKHKORXYMZLJ,354P56DE9K2TGQWCUL04R5598ER7SO,A156E6TWVB7GP7,Approved,Fri Mar 06 01:00:26 EST 2015,Fri Mar 06 01:01:18 EST 2015,Kalman filter data,methodology,hydrocarbon reservoir,geological models,accuracy increased,Grid-enabling,emptyanswer,emptyanswer,emptyanswer,emptyanswer,emptyanswer,emptyanswer,emptyanswer,emptyanswer,emptyanswer,emptyanswer
3XEIP58NLZMM93AY35QKHKORXYMZLJ,373ERPL3YO74D9T6SZ306RSVB92RTZ,A9LA6QK6VCERR,Approved,Fri Mar 06 01:24:44 EST 2015,Fri Mar 06 01:26:37 EST 2015,Grid-Enabled Ensemble Kalman Filter,Data Assimilation Methodology,Reservoir Characterization,Kalman filter data assimilation methodology,Schlumberger ECLIPSE software,GridWay metascheduler,TIGRE environment,emptyanswer,emptyanswer,emptyanswer,emptyanswer,emptyanswer,emptyanswer,emptyanswer,emptyanswer,emptyanswer
3XEIP58NLZMM93AY35QKHKORXYMZLJ,308XBLVESI34HNZPSDCF6XM955ABR7,A2A4LHPXF2E2GS,Approved,Fri Mar 06 12:13:15 EST 2015,Fri Mar 06 12:22:28 EST 2015,ensemble Kalman filter data assimilation methodology,reservoir characterization,geological models and oil-field production data,forecast response of oil wells,Schlumberger ECLIPSE software,message-passing implementation,reservoir-simulations parallelizability dependent upon number licenses available,GridWay metascheduler and TIGRE,increase computational accuracy,reduce simulation-runtime,emptyanswer,emptyanswer,emptyanswer,emptyanswer,emptyanswer,emptyanswer
3XEIP58NLZMM93AY35QKHKORXYMZLJ,3A1COHJ8NJU8QVNFTWGB1RU2AQAH80,A2SDTL2V8VJ25O,Approved,Fri Mar 06 16:15:38 EST 2015,Fri Mar 06 16:16:34 EST 2015,Demonstration,Ensemble,Assimilation,Methodology,Characterization,emptyanswer,emptyanswer,emptyanswer,emptyanswer,emptyanswer,emptyanswer,emptyanswer,emptyanswer,emptyanswer,emptyanswer,emptyanswer
3XEIP58NLZMM93AY35QKHKORXYMZLJ,39GAF6DQWRZVXWYEZ0O01IY341E1VT,A9HQ3E0F2AGVO,Approved,Sat Mar 07 11:34:56 EST 2015,Sat Mar 07 11:35:47 EST 2015,Ensemble Kalman filter data assimilation methodology,hydrocarbon reservoir simulations,energy exploration,forecast,dynamic response,Schlumberger ECLIPSE software,emptyanswer,emptyanswer,emptyanswer,emptyanswer,emptyanswer,emptyanswer,emptyanswer,emptyanswer,emptyanswer,emptyanswer
3XEIP58NLZMM93AY35QKHKORXYMZLJ,3KJYX6QCM9A2SDEIPPU65IUPYIIJVJ,A3G4SXD4N30C3L,Approved,Sat Mar 07 12:59:42 EST 2015,Sat Mar 07 13:00:39 EST 2015,Grid-Enabled,Ensemble Kalman Filter Data Assimilation Methodology,Reservoir Characterization,Schlumberger ECLIPSE software,TIGRE environment,GridWay metascheduler,emptyanswer,emptyanswer,emptyanswer,emptyanswer,emptyanswer,emptyanswer,emptyanswer,emptyanswer,emptyanswer,emptyanswer
3XEIP58NLZMM93AY35QKHKORXYMZLJ,33FOTY3KEMKZYNSE8JTVBQAEJU3C1A,A2YW509B0UMSEH,Approved,Sat Mar 07 13:19:54 EST 2015,Sat Mar 07 13:21:02 EST 2015,Kalman filter,data,forecast,Data,Reservoir,emptyanswer,emptyanswer,emptyanswer,emptyanswer,emptyanswer,emptyanswer,emptyanswer,emptyanswer,emptyanswer,emptyanswer,emptyanswer
3XEIP58NLZMM93AY35QKHKORXYMZLJ,3H7Z272LX76VIJ5M6YXKF5IZGLUPLI,A38IE69ORDCEGY,Approved,Sun Mar 08 00:58:59 EST 2015,Sun Mar 08 01:01:30 EST 2015,Ensemble Kalman filter data assimilation,reservoir characterization,energy exploration,ECLIPSE,TIGRE Grid,emptyanswer,emptyanswer,emptyanswer,emptyanswer,emptyanswer,emptyanswer,emptyanswer,emptyanswer,emptyanswer,emptyanswer,emptyanswer
3XEIP58NLZMM93AY35QKHKORXYMZLJ,3N1FSUEFL5ZQVEVBVX78TUZZGGE4D8,ANB69EQROUTQJ,Approved,Sun Mar 08 13:19:31 EDT 2015,Sun Mar 08 13:21:15 EDT 2015,ensemble kalman filter data assimilation,hydrocarbon reservoir simulations,geological models,eclipse software,grid-enabled,increased computational accuracy,emptyanswer,emptyanswer,emptyanswer,emptyanswer,emptyanswer,emptyanswer,emptyanswer,emptyanswer,emptyanswer,emptyanswer
3XEIP58NLZMM93AY35QKHKORXYMZLJ,3PEIJLRY6TSG2MJCW3E3ITLIGRPXWP,A1K9PIQUNAFW51,Approved,Sun Mar 08 13:38:15 EDT 2015,Sun Mar 08 13:39:37 EDT 2015,Ensemble Kalman filter data assimilation methodology,hydrocarbon reservoir simulations,message-passing implementation,computational accuracy,Grid-enabling,emptyanswer,emptyanswer,emptyanswer,emptyanswer,emptyanswer,emptyanswer,emptyanswer,emptyanswer,emptyanswer,emptyanswer,emptyanswer
3XEIP58NLZMM93AY35QKHKORXYMZLJ,3Q8GYXHFEP1YM5TX96V7EGNVVC5C5T,A2GBY8O6GYSB89,Approved,Sun Mar 08 18:12:58 EDT 2015,Sun Mar 08 18:14:09 EDT 2015,Demonstration of Grid-Enabled Ensemble Kalman Filter Data Assimilation Methodology,Reservoir Characterization,assimilation methodology,The Schlumberger ECLIPSE software,TIGRE Grid computing environment,emptyanswer,emptyanswer,emptyanswer,emptyanswer,emptyanswer,emptyanswer,emptyanswer,emptyanswer,emptyanswer,emptyanswer,emptyanswer
3XEIP58NLZMM93AY35QKHKORXYMZLJ,3N4BPTXIO8RXQIV02KKDABSJZ3RUKS,A156NFBMKKLDL9,Approved,Sun Mar 08 22:15:51 EDT 2015,Sun Mar 08 22:16:17 EDT 2015,Demonstration of Grid-Enabled Ensemble,Kalman Filter Data,Assimilation Methodology,Reservoir Characterization,computing environment,emptyanswer,emptyanswer,emptyanswer,emptyanswer,emptyanswer,emptyanswer,emptyanswer,emptyanswer,emptyanswer,emptyanswer,emptyanswer
3XEIP58NLZMM93AY35QKHKORXYMZLJ,31LM9EDVOLRPK859NY8FV10CCIKJNC,A3GSN49YWM9CLD,Approved,Mon Mar 09 05:28:51 EDT 2015,Mon Mar 09 05:30:00 EDT 2015,filter data assimilation,Schlumberger ECLIPSE software,parallelizability,Grid-enabled the ensemble Kalman filter data,production data of oil fields,emptyanswer,emptyanswer,emptyanswer,emptyanswer,emptyanswer,emptyanswer,emptyanswer,emptyanswer,emptyanswer,emptyanswer,emptyanswer
3XEIP58NLZMM93AY35QKHKORXYMZLJ,3GD6L00D3SWC7945L8N9EMFQDCDM1G,A2SZAM3EZER2PH,Approved,Mon Mar 09 06:38:17 EDT 2015,Mon Mar 09 06:38:58 EDT 2015,Ensemble Kalman,hydrocarbon,Grid computing environment,TIGRE environment,collaborating institutions,emptyanswer,emptyanswer,emptyanswer,emptyanswer,emptyanswer,emptyanswer,emptyanswer,emptyanswer,emptyanswer,emptyanswer,emptyanswer
3XEIP58NLZMM93AY35QKHKORXYMZLJ,3OVHNO1VE606YBJ0GQXYNQC8HDODZ4,ACYGMRGAZ22U7,Approved,Mon Mar 09 17:57:10 EDT 2015,Mon Mar 09 17:57:16 EDT 2015,Keyword/Keyphrase 1:,Keyword/Keyphrase 1:,Keyword/Keyphrase 1:,Keyword/Keyphrase 1:,Keyword/Keyphrase 1:,emptyanswer,emptyanswer,emptyanswer,emptyanswer,emptyanswer,emptyanswer,emptyanswer,emptyanswer,emptyanswer,emptyanswer,emptyanswer
3XEIP58NLZMM93AY35QKHKORXYMZLJ,3VE8AYVF8MWOCZW9Y6SBY6IPUIW8F6,APEB5ERGCYP6D,Approved,Tue Mar 10 01:25:15 EDT 2015,Tue Mar 10 01:59:37 EDT 2015,Ensemble Kalman filter data assimilation,popular approach for hydrocarbon reservoir,forecast the dynamic response of oil wells,computing resources across the collaborating institutions,Kalman Filter data assimilation methodology,emptyanswer,emptyanswer,emptyanswer,emptyanswer,emptyanswer,emptyanswer,emptyanswer,emptyanswer,emptyanswer,emptyanswer,emptyanswer
3XEIP58NLZMM93AY35QKHKORXYMZLJ,3XUHV3NRVKXP3D4DVY98P7KB87G5H7,A2E2IQ99W6B7AV,Approved,Tue Mar 10 03:19:55 EDT 2015,Tue Mar 10 03:21:18 EDT 2015,Grid data filtration,Production data,Oil field dynamics,Computational accuracy,Run-time reduction,emptyanswer,emptyanswer,emptyanswer,emptyanswer,emptyanswer,emptyanswer,emptyanswer,emptyanswer,emptyanswer,emptyanswer,emptyanswer
3XEIP58NLZMM93AY35QKHKORXYMZLJ,3LOTDFNYA7YZ20SRW98HCMLBCQXFWS,A1JWEYGDFDB100,Approved,Tue Mar 10 14:25:08 EDT 2015,Tue Mar 10 14:26:20 EDT 2015,Grid-Enabled,Ensemble Kalman Filter Data Assimilation Methodology,Reservoir Characterization,hydrocarbon reservoir simulations,energy exploration,emptyanswer,emptyanswer,emptyanswer,emptyanswer,emptyanswer,emptyanswer,emptyanswer,emptyanswer,emptyanswer,emptyanswer,emptyanswer
3XEIP58NLZMM93AY35QKHKORXYMZLJ,3KMS4QQVK2P870YA7VPEOBRGPJPKF2,AW36CVMS3526O,Approved,Tue Mar 10 14:41:45 EDT 2015,Tue Mar 10 14:42:57 EDT 2015,Characterization,methodology,geological,parallelizability,discussed,emptyanswer,emptyanswer,emptyanswer,emptyanswer,emptyanswer,emptyanswer,emptyanswer,emptyanswer,emptyanswer,emptyanswer,emptyanswer
3XEIP58NLZMM93AY35QKHKORXYMZLJ,30BUDKLTXDUDJ3DB5X1244NYGT85EF,A3UY2GVCKC8LSL,Approved,Tue Mar 10 23:37:31 EDT 2015,Tue Mar 10 23:38:17 EDT 2015,hydrocarbon reservoir,data assimilation methodology,Kalman Filter,Grid computing,TIGRE,emptyanswer,emptyanswer,emptyanswer,emptyanswer,emptyanswer,emptyanswer,emptyanswer,emptyanswer,emptyanswer,emptyanswer,emptyanswer
3XEIP58NLZMM93AY35QKHKORXYMZLJ,3DIP6YHAPCRW6LWD3V85GOXPIJN8EY,ATRHDYWCIYTDJ,Approved,Wed Mar 11 04:31:04 EDT 2015,Wed Mar 11 04:31:15 EDT 2015,assimilation,popular,hydrocarbon,enabling,assimilation,emptyanswer,emptyanswer,emptyanswer,emptyanswer,emptyanswer,emptyanswer,emptyanswer,emptyanswer,emptyanswer,emptyanswer,emptyanswer
3XEIP58NLZMM93AY35QKHKORXYMZLJ,3D4CH1LGEASU44BEEI47GNDCF6Q9GD,A3CMDYA9USA3MR,Approved,Wed Mar 11 07:17:07 EDT 2015,Wed Mar 11 07:17:21 EDT 2015,filter,methodology,approach,reservoir,energy,emptyanswer,emptyanswer,emptyanswer,emptyanswer,emptyanswer,emptyanswer,emptyanswer,emptyanswer,emptyanswer,emptyanswer,emptyanswer
3XEIP58NLZMM93AY35QKHKORXYMZLJ,3FUI0JHJPXX7VQAA2UWD6GLHB9E33L,A3K6BSW10S4YKJ,Approved,Wed Mar 11 09:11:54 EDT 2015,Wed Mar 11 09:13:06 EDT 2015,Ensemble Kalman filter data assimilation methodology,hydrocarbon reservoir simulations,The Schlumberger ECLIPSE software,Grid-enabled the ensemble Kalman filter data assimilation methodology,TIGRE Grid computing environment,emptyanswer,emptyanswer,emptyanswer,emptyanswer,emptyanswer,emptyanswer,emptyanswer,emptyanswer,emptyanswer,emptyanswer,emptyanswer
3XEIP58NLZMM93AY35QKHKORXYMZLJ,320DUZ38G7LJAGON0UVK5HRFBBEGJR,A28IXE702NXWKQ,Approved,Wed Mar 11 14:25:14 EDT 2015,Wed Mar 11 14:26:19 EDT 2015,Ensemble Kalman,popular approach for hydrocarbon reservoir simulations,energy exploration,TIGRE environment,Grid-enabling,emptyanswer,emptyanswer,emptyanswer,emptyanswer,emptyanswer,emptyanswer,emptyanswer,emptyanswer,emptyanswer,emptyanswer,emptyanswer
3XEIP58NLZMM93AY35QKHKORXYMZLJ,3NVC2EB65QY8BT7YRFP3WAHULBAY3Q,A3HPVFAF1U9WXK,Approved,Thu Mar 12 01:52:09 EDT 2015,Thu Mar 12 01:53:14 EDT 2015,Kalman filter,geological models,Ensemble,simulations,Grid-enabled,emptyanswer,emptyanswer,emptyanswer,emptyanswer,emptyanswer,emptyanswer,emptyanswer,emptyanswer,emptyanswer,emptyanswer,emptyanswer
3XEIP58NLZMM93AY35QKHKORXYMZLJ,340UGXU9DY0B6TPC1OYKCK30G7IVUC,A2KS418T8MPLJH,Approved,Thu Mar 12 11:32:55 EDT 2015,Thu Mar 12 11:39:01 EDT 2015,Demonstration of Grid-Enabled Ensemble Kalman Filter Data,Data Assimilation Methodology for Reservoir Characterization,Schlumberger ECLIPSE software is used for these simulations,Grid-enabled the ensemble Kalman filter data assimilation methodology for the TIGRE Grid computing environment,we provide an account of our efforts in Grid-enabling the ensemble Kalman Filter data assimilation methodology,emptyanswer,emptyanswer,emptyanswer,emptyanswer,emptyanswer,emptyanswer,emptyanswer,emptyanswer,emptyanswer,emptyanswer,emptyanswer
3XEIP58NLZMM93AY35QKHKORXYMZLJ,3CPLWGV3MOY0EWS01MH267M9HJ8N9Y,AM1HY736BY3Z8,Approved,Thu Mar 12 13:08:35 EDT 2015,Thu Mar 12 13:09:28 EDT 2015,Demonstration of Grid-Enabled Ensemble Kalman Filter Data Assimilation Methodology for Reservoir Characterization,Ensemble Kalman filter data assimilation methodology is a popular approach for hydrocarbon reservoir simulations in energy exploration.,"The Schlumberger ECLIPSE software is used for these simulations. Since models in the ensemble do not communicate, message-passing implementation is a good choice. Each model checks out an ECLIPSE license and therefore, parallelizability of reservoir simulations depends on the number licenses available.",We have Grid-enabled the ensemble Kalman filter data assimilation methodology for the TIGRE Grid computing environment.,"Potential benefits of this approach, observations and lessons learned will be discussed.",emptyanswer,emptyanswer,emptyanswer,emptyanswer,emptyanswer,emptyanswer,emptyanswer,emptyanswer,emptyanswer,emptyanswer,emptyanswer
3XEIP58NLZMM93AY35QKHKORXYMZLJ,3BWI6RSP7G8S67RUTQGZ2O1U82ME7T,AU3WQKISBW5MZ,Approved,Thu Mar 12 14:21:05 EDT 2015,Thu Mar 12 14:21:53 EDT 2015,Ensemble Kalman filter data assimilation methodology is a popular approach for hydrocarbon reservoir simulations in energy exploration.,"In this approach, an ensemble of geological models and production data of oil fields is used to forecast the dynamic response of oil wells. The Schlumberger ECLIPSE software is used for these simulations.","Since models in the ensemble do not communicate, message-passing implementation is a good choice. Each model checks out an ECLIPSE license and therefore, parallelizability of reservoir simulations depends on the number licenses available.","We have Grid-enabled the ensemble Kalman filter data assimilation methodology for the TIGRE Grid computing environment. By pooling the licenses and computing resources across the collaborating institutions using GridWay metascheduler and TIGRE environment, the computational accuracy can be increased while reducing the simulation runtime.","In this paper, we provide an account of our efforts in Grid-enabling the ensemble Kalman Filter data assimilation methodology. Potential benefits of this approach, observations and lessons learned will be discussed.",emptyanswer,emptyanswer,emptyanswer,emptyanswer,emptyanswer,emptyanswer,emptyanswer,emptyanswer,emptyanswer,emptyanswer,emptyanswer
3XEIP58NLZMM93AY35QKHKORXYMZLJ,3WQ3B2KGE8FGOI08UJX0064W2JEB1Y,ADVZAZ12Z8N9J,Approved,Thu Mar 12 16:42:24 EDT 2015,Thu Mar 12 16:50:21 EDT 2015,Ensemble Kalman filter data assimilation methodology is a popular approach for hydrocarbon reservoir simulations in energy exploration.,N/A,N/A,N/A,N/A,emptyanswer,emptyanswer,emptyanswer,emptyanswer,emptyanswer,emptyanswer,emptyanswer,emptyanswer,emptyanswer,emptyanswer,emptyanswer
3XEIP58NLZMM93AY35QKHKORXYMZLJ,3AWETUDC92RN6MZM84Y9ENSLAOCZIL,A3MRB8TFD1IUS6,Approved,Thu Mar 12 18:15:37 EDT 2015,Thu Mar 12 18:17:28 EDT 2015,Grid Enabled Ensemble,Kalman Filter Data Assimilation Methodology,Reservoir Characterization,Demonstration,Schlumberger ECLIPSE software,TIGRE Grid computing environment,GridWay metascheduler,emptyanswer,emptyanswer,emptyanswer,emptyanswer,emptyanswer,emptyanswer,emptyanswer,emptyanswer,emptyanswer
3XEIP58NLZMM93AY35QKHKORXYMZLJ,3WQ3B2KGE8FGOI08UJX0064W2KH1BT,A2UNRV6PEOEXG0,Approved,Fri Mar 13 12:46:15 EDT 2015,Fri Mar 13 12:47:40 EDT 2015,Reservoir Characterization,ECLIPSE,Ensemble Kalman,TIGRE,data assimilation technology,emptyanswer,emptyanswer,emptyanswer,emptyanswer,emptyanswer,emptyanswer,emptyanswer,emptyanswer,emptyanswer,emptyanswer,emptyanswer
3XEIP58NLZMM93AY35QKHKORXYMZLJ,3D3VGR7TA0EZESVCDKX9OEOXIR8R30,A3DTN2OMF6DUSI,Approved,Fri Mar 13 23:20:40 EDT 2015,Fri Mar 13 23:20:48 EDT 2015,model,model,model,model,model,emptyanswer,emptyanswer,emptyanswer,emptyanswer,emptyanswer,emptyanswer,emptyanswer,emptyanswer,emptyanswer,emptyanswer,emptyanswer
3XEIP58NLZMM93AY35QKHKORXYMZLJ,3XLBSAQ9Z4BQH2IQPDUCNY2CWB9Z74,A31EFJBJF2MBZ2,Approved,Sat Mar 14 01:43:41 EDT 2015,Sat Mar 14 02:07:38 EDT 2015,methodology for hydrocarbon reservoir simulations in energy exploration,geological models and production data used to forecast the dynamic response of oil wells,For Simulations uses Schlumberger ECLIPSE software,message-passing implementation,ECLIPSE license,parallelizability of reservoir simulations,Grid-enabled,For TIGRE Grid computing environment,pooling the licenses and computing resources - the collaborating institutions,GridWay metascheduler and TIGRE environment,computational accuracy increased while reducing the simulation runtime,Grid-enabling the ensemble Kalman Filter data assimilation methodology - Discussed,emptyanswer,emptyanswer,emptyanswer,emptyanswer
3XEIP58NLZMM93AY35QKHKORXYMZLJ,3L2IS5HSFAHYYOG3ZXCT239NU9WUNK,A610SH5RY1NG1,Approved,Sat Mar 14 06:38:37 EDT 2015,Sat Mar 14 06:39:02 EDT 2015,Demonstration,Grid-Enabled,methodology,data assimilation,computing,emptyanswer,emptyanswer,emptyanswer,emptyanswer,emptyanswer,emptyanswer,emptyanswer,emptyanswer,emptyanswer,emptyanswer,emptyanswer
3XEIP58NLZMM93AY35QKHKORXYMZLJ,3D8YOU6S9EJQR3AB0GQC0SN1ZJU6U9,A2Z9HR2IBD75R9,Approved,Sat Mar 14 10:00:58 EDT 2015,Sat Mar 14 10:01:13 EDT 2015,Demonstration,Grid-Enabled Ensemble,observations,approach,account,emptyanswer,emptyanswer,emptyanswer,emptyanswer,emptyanswer,emptyanswer,emptyanswer,emptyanswer,emptyanswer,emptyanswer,emptyanswer
3XEIP58NLZMM93AY35QKHKORXYMZLJ,3M0NZ3JDP1XBUY471KFFPEOG56YZ5B,A9JNBWXAFAATJ,Approved,Sat Mar 14 10:10:26 EDT 2015,Sat Mar 14 10:12:47 EDT 2015,Kalman filter,reservoir characterization,ECLIPSE software,TIGRE Grid,GridWay metascheduler,Grid-enabling,data assimilation methodology,emptyanswer,emptyanswer,emptyanswer,emptyanswer,emptyanswer,emptyanswer,emptyanswer,emptyanswer,emptyanswer
3XEIP58NLZMM93AY35QKHKORXYMZLJ,3XUHV3NRVKXP3D4DVY98P7KB9HAH5Y,AH3ER3EJXHRO2,Approved,Sat Mar 14 16:10:42 EDT 2015,Sat Mar 14 16:11:28 EDT 2015,filter data,hydrocarbon reservoir simulations,geological models,grind-enabling,ECLIPSE software,emptyanswer,emptyanswer,emptyanswer,emptyanswer,emptyanswer,emptyanswer,emptyanswer,emptyanswer,emptyanswer,emptyanswer,emptyanswer
3XEIP58NLZMM93AY35QKHKORXYMZLJ,352YTHGROVC77U0DHTQYKFEX9LEH4S,A3PRX6CU0P34NE,Approved,Sat Mar 14 15:54:41 EDT 2015,Sat Mar 14 16:17:18 EDT 2015,Grid-Enabled,Filter Data,Assimilation Methodology,Reservoir Characterization,Ensemble Kalman,emptyanswer,emptyanswer,emptyanswer,emptyanswer,emptyanswer,emptyanswer,emptyanswer,emptyanswer,emptyanswer,emptyanswer,emptyanswer
3XEIP58NLZMM93AY35QKHKORXYMZLJ,3WRFBPLXRANEZU3KKDGSFUJNHXVN3Q,ACVJ6IUO9QM4R,Approved,Sat Mar 14 17:23:09 EDT 2015,Sat Mar 14 17:23:51 EDT 2015,Ensemble Kalman filter data assimilation methodology,simulations in energy exploration,popular approaches,geological models and production data of oil,ECLIPSE license,emptyanswer,emptyanswer,emptyanswer,emptyanswer,emptyanswer,emptyanswer,emptyanswer,emptyanswer,emptyanswer,emptyanswer,emptyanswer
3XEIP58NLZMM93AY35QKHKORXYMZLJ,3KMS4QQVK2P870YA7VPEOBRGQSYKFU,ATOMPVWZKAE0E,Approved,Sat Mar 14 18:47:19 EDT 2015,Sat Mar 14 18:50:29 EDT 2015,Grid-Enabled,Ensemble Kalman Filter Data Assimilation Methodology,Reservoir Characterization,hydrocarbon reservoir simulation,energy exploration,geological model,oil field production data,Schlumberger ECLIPSE software,message-passing implementation,GridWay metascheduler,TIGRE environment,computational accuracy,reducing simulation runtime,emptyanswer,emptyanswer,emptyanswer
3XEIP58NLZMM93AY35QKHKORXYMZLJ,3B3WTRP3DB14PA37F3JIEJJB6UJ290,A17JEL4FN1B9TB,Approved,Sat Mar 14 19:36:55 EDT 2015,Sat Mar 14 19:37:55 EDT 2015,Demonstration,Grid,Enabled,Ensemble,Kalman,Filter,Data,Assimilation,Methodology,Reservoir,Characterization,emptyanswer,emptyanswer,emptyanswer,emptyanswer,emptyanswer
3XEIP58NLZMM93AY35QKHKORXYMZLJ,3LEP4MGT3GZAGDGKACHV1855RLBDBU,AHAJG2TJ4P3G2,Approved,Sat Mar 14 19:37:36 EDT 2015,Sat Mar 14 19:40:52 EDT 2015,Grid-Enabled Ensemble Kalman Filter,Data Assimilation Methodology for Reservoir Characterization,Ensemble Kalman filter data assimilation methodology,Schlumberger ECLIPSE software,ECLIPSE license,TIGRE Grid computing environment,GridWay metascheduler,emptyanswer,emptyanswer,emptyanswer,emptyanswer,emptyanswer,emptyanswer,emptyanswer,emptyanswer,emptyanswer
3XEIP58NLZMM93AY35QKHKORXYMZLJ,34HJIJKLP5VCPVVXMI72ZG56H104VI,A1G94QON7A9K0N,Approved,Sat Mar 14 20:09:20 EDT 2015,Sat Mar 14 20:09:37 EDT 2015,kalman,filter,eclipse,tigre,grid,emptyanswer,emptyanswer,emptyanswer,emptyanswer,emptyanswer,emptyanswer,emptyanswer,emptyanswer,emptyanswer,emptyanswer,emptyanswer
3XEIP58NLZMM93AY35QKHKORXYMZLJ,3TMSXRD2X6Z8CLYJPATWNKHHCQT1WD,A1BV5YY1UQCMZY,Approved,Sat Mar 14 20:14:51 EDT 2015,Sat Mar 14 20:15:40 EDT 2015,grid-enabled ensemble,kalman filter data assimilation methodology,reservoir characterization,tigre,gridway,eclipse,computational accuracy,licenses,kalman filter data,emptyanswer,emptyanswer,emptyanswer,emptyanswer,emptyanswer,emptyanswer,emptyanswer
3XEIP58NLZMM93AY35QKHKORXYMZLJ,3URFVVM165HSFDUM2LNNXQGW4PWUZX,A29ZV4XJB7R1O,Approved,Sat Mar 14 20:32:48 EDT 2015,Sat Mar 14 20:43:49 EDT 2015,Demonstration,Grid-Enabled,Ensemble,Methodology,hydrocarbon,emptyanswer,emptyanswer,emptyanswer,emptyanswer,emptyanswer,emptyanswer,emptyanswer,emptyanswer,emptyanswer,emptyanswer,emptyanswer
3XEIP58NLZMM93AY35QKHKORXYMZLJ,3JV9LGBJWTDXBRFKG7NPDD81BDMOGX,A2TM0CPAMAO45B,Approved,Sat Mar 14 21:22:49 EDT 2015,Sat Mar 14 21:23:36 EDT 2015,Ensemble Kalman filter data assimilation methodology,hydrocarbon reservoir simulations in energy exploration,Grid-enabled,ECLIPSE license,TIGRE Grid computing environment,emptyanswer,emptyanswer,emptyanswer,emptyanswer,emptyanswer,emptyanswer,emptyanswer,emptyanswer,emptyanswer,emptyanswer,emptyanswer
