HitId,AssignmentId,WorkerId,Status,AcceptTime,SubmitTime,Answer 1,Answer 2,Answer 3,Answer 4,Answer 5,Answer 6,Answer 7,Answer 8,Answer 9,Answer 10,Answer 11,Answer 12,Answer 13,Answer 14,Answer 15,Answer 16
3Z56AA6EK3Z4RB881CUOKZALSZF6M1,3AQF3RZ558H18LDL5RVDESMYO4L6FV,A22R7DT2XQIKXV,Approved,Mon Mar 02 15:10:36 EST 2015,Mon Mar 02 15:10:42 EST 2015,aa,aa,aa,aa,aa,emptyanswer,emptyanswer,emptyanswer,emptyanswer,emptyanswer,emptyanswer,emptyanswer,emptyanswer,emptyanswer,emptyanswer,emptyanswer
3Z56AA6EK3Z4RB881CUOKZALSZF6M1,3X31TUMD7XLS1RMKLWMUE901DPXL1N,A3ODG942FG22PJ,Approved,Mon Mar 02 17:41:35 EST 2015,Mon Mar 02 17:41:52 EST 2015,Multi-Attribute,Coalitional,Games,cooperation,agents,na,na,na,na,na,na,na,na,na,na,na
3Z56AA6EK3Z4RB881CUOKZALSZF6M1,33PPUNGG3840ZL25YRSISFTCWWCZRT,A2R085B34P2LYS,Approved,Mon Mar 02 21:54:00 EST 2015,Mon Mar 02 21:58:57 EST 2015,Multi,Attribute,Coalitional,Games,cooperation,optional,optional,optional,optional,optional,optional,optional,optional,optional,optional,optional
3Z56AA6EK3Z4RB881CUOKZALSZF6M1,3B1NLC6UGZVFWRRLV7042DDRKOXGPW,A27I79P03I0ZPO,Approved,Mon Mar 02 23:00:29 EST 2015,Mon Mar 02 23:01:12 EST 2015,Multi-Attribute,Coalitional,Games,value,comparable,emptyanswer,emptyanswer,emptyanswer,emptyanswer,emptyanswer,emptyanswer,emptyanswer,emptyanswer,emptyanswer,emptyanswer,emptyanswer
3Z56AA6EK3Z4RB881CUOKZALSZF6M1,3MB8LZR5BFSU7S86T6SCJOW0MW2KLW,A1B5NXRZQYRC4R,Approved,Tue Mar 03 09:01:34 EST 2015,Tue Mar 03 09:01:58 EST 2015,multi-attribute,coalitoinal,games,shapley,values,emptyanswer,emptyanswer,emptyanswer,emptyanswer,emptyanswer,emptyanswer,emptyanswer,emptyanswer,emptyanswer,emptyanswer,emptyanswer
3Z56AA6EK3Z4RB881CUOKZALSZF6M1,3RUIQRXJBBN5RYQOE64DYO9FBWBLL4,A26M2B8NZVKWTZ,Approved,Tue Mar 03 10:47:59 EST 2015,Tue Mar 03 10:50:14 EST 2015,Multi-Attribute,Coalitional,Games,comparable,value,emptyanswer,emptyanswer,emptyanswer,emptyanswer,emptyanswer,emptyanswer,emptyanswer,emptyanswer,emptyanswer,emptyanswer,emptyanswer
3Z56AA6EK3Z4RB881CUOKZALSZF6M1,3X4JMASXCM8GHTFQY0T0M1LMW4O0BP,A2A4LHPXF2E2GS,Approved,Tue Mar 03 11:32:06 EST 2015,Tue Mar 03 11:36:55 EST 2015,multi-attribute coalitional games,value of cooperation,determined by attributes the agents possess,model diverse economic interactions,computational complexity,Shapley value and the core,positive results,emptyanswer,emptyanswer,emptyanswer,emptyanswer,emptyanswer,emptyanswer,emptyanswer,emptyanswer,emptyanswer
3Z56AA6EK3Z4RB881CUOKZALSZF6M1,3L70J4KAZGL5X3BS4YHZ6XLZ8CXADK,A3FG9YWTFFK1AU,Approved,Tue Mar 03 19:09:50 EST 2015,Tue Mar 03 19:14:29 EST 2015,Multi-Attribute,Coalitional Games,cooperation,agents,Shapley value,core,emptyanswer,emptyanswer,emptyanswer,emptyanswer,emptyanswer,emptyanswer,emptyanswer,emptyanswer,emptyanswer,emptyanswer
3Z56AA6EK3Z4RB881CUOKZALSZF6M1,33FOTY3KEMKZYNSE8JTVBQAEJJVC1G,A3LUJSAN4DQ1ZT,Approved,Wed Mar 04 10:10:41 EST 2015,Wed Mar 04 10:12:11 EST 2015,Coalitional games,Value,Computational,Framework,Shapely,emptyanswer,emptyanswer,emptyanswer,emptyanswer,emptyanswer,emptyanswer,emptyanswer,emptyanswer,emptyanswer,emptyanswer,emptyanswer
3Z56AA6EK3Z4RB881CUOKZALSZF6M1,3KMS4QQVK2P870YA7VPEOBRGP2NFKX,A3S81UFDOWF2ST,Approved,Wed Mar 04 10:20:24 EST 2015,Wed Mar 04 10:22:05 EST 2015,Multi-Attribute Coalitional Games,cooperation,dependent attribute system,diverse economy,Multiplayer,emptyanswer,emptyanswer,emptyanswer,emptyanswer,emptyanswer,emptyanswer,emptyanswer,emptyanswer,emptyanswer,emptyanswer,emptyanswer
3Z56AA6EK3Z4RB881CUOKZALSZF6M1,34J10VATJFXESUYVL8FWNUGH409IQL,A3FFZN4FO3Q789,Approved,Wed Mar 04 10:54:06 EST 2015,Wed Mar 04 11:00:10 EST 2015,preliminary,preliminary,preliminary,preliminary,preliminary,emptyanswer,emptyanswer,emptyanswer,emptyanswer,emptyanswer,emptyanswer,emptyanswer,emptyanswer,emptyanswer,emptyanswer,emptyanswer
3Z56AA6EK3Z4RB881CUOKZALSZF6M1,35H6S234SAZ96OKWZFI4SGVLZDS653,A390PB9CI9WW9E,Approved,Wed Mar 04 11:06:12 EST 2015,Wed Mar 04 11:08:09 EST 2015,Coalitional games,Model diverse economic interactions,Shapely value,Multi-Attribute Game,Value of co-operation and agent attributes,emptyanswer,emptyanswer,emptyanswer,emptyanswer,emptyanswer,emptyanswer,emptyanswer,emptyanswer,emptyanswer,emptyanswer,emptyanswer
3Z56AA6EK3Z4RB881CUOKZALSZF6M1,3V5Q80FXIXQIA8ERYUI8N6GP5C532Z,A3H35QRODK1C4K,Approved,Wed Mar 04 12:24:24 EST 2015,Wed Mar 04 12:24:48 EST 2015,multi-attribute,coalitional,games,shapley,value,emptyanswer,emptyanswer,emptyanswer,emptyanswer,emptyanswer,emptyanswer,emptyanswer,emptyanswer,emptyanswer,emptyanswer,emptyanswer
3Z56AA6EK3Z4RB881CUOKZALSZF6M1,31LM9EDVOLRPK859NY8FV10CC5PNJV,A2F6ZON8X5EAGL,Approved,Wed Mar 04 14:21:30 EST 2015,Wed Mar 04 14:22:18 EST 2015,Multi-Attribute Coalitional Games,attributes,value,framework,literature,emptyanswer,emptyanswer,emptyanswer,emptyanswer,emptyanswer,emptyanswer,emptyanswer,emptyanswer,emptyanswer,emptyanswer,emptyanswer
3Z56AA6EK3Z4RB881CUOKZALSZF6M1,32EYX73OY08JDM8VS4TABNEXUIURU1,A3OTLWGJFB65KD,Approved,Wed Mar 04 19:27:19 EST 2015,Wed Mar 04 19:27:26 EST 2015,nothing,nothing,nothing,nothing,nothing,emptyanswer,emptyanswer,emptyanswer,emptyanswer,emptyanswer,emptyanswer,emptyanswer,emptyanswer,emptyanswer,emptyanswer,emptyanswer
3Z56AA6EK3Z4RB881CUOKZALSZF6M1,36PW28KO4ZVAP9PS0TSJCF3K8QOEAB,A1W7BQWWGKJ3XF,Approved,Wed Mar 04 21:47:55 EST 2015,Wed Mar 04 21:49:39 EST 2015,coalitional games,cooperation,Shapley value,framework,computational complexity,coalitional solution concepts,emptyanswer,emptyanswer,emptyanswer,emptyanswer,emptyanswer,emptyanswer,emptyanswer,emptyanswer,emptyanswer,emptyanswer
3Z56AA6EK3Z4RB881CUOKZALSZF6M1,3O7L7BFSHEOPVR8QCHKWTDR3LZYIEQ,A1YLO4LT02D2F0,Approved,Wed Mar 04 22:42:28 EST 2015,Wed Mar 04 22:44:18 EST 2015,"Games, inspiration",cooperation,"attribute, communication","framework, diverse","result, literature",emptyanswer,emptyanswer,emptyanswer,emptyanswer,emptyanswer,emptyanswer,emptyanswer,emptyanswer,emptyanswer,emptyanswer,emptyanswer
3Z56AA6EK3Z4RB881CUOKZALSZF6M1,39L1G8WVWQQBLNWVFQIUIN6KD8G31B,A9LA6QK6VCERR,Approved,Thu Mar 05 01:41:13 EST 2015,Thu Mar 05 01:42:19 EST 2015,Multi-Attribute Coalitional Games,economic interactions,two coalitional solution concept,Shapley value,core,emptyanswer,emptyanswer,emptyanswer,emptyanswer,emptyanswer,emptyanswer,emptyanswer,emptyanswer,emptyanswer,emptyanswer,emptyanswer
3Z56AA6EK3Z4RB881CUOKZALSZF6M1,378XPAWRUCCM5EREWCIAXU1C0L1IAY,A3I10J1GPDAPQR,Approved,Thu Mar 05 05:47:46 EST 2015,Thu Mar 05 05:49:12 EST 2015,Multi-Attribute Coalitional Games,attributes,framework,diverse economic interactions,computational complexity,emptyanswer,emptyanswer,emptyanswer,emptyanswer,emptyanswer,emptyanswer,emptyanswer,emptyanswer,emptyanswer,emptyanswer,emptyanswer
3Z56AA6EK3Z4RB881CUOKZALSZF6M1,3SPJ0334212JW79NU0HQCHYJGRBJY3,A1QUDNLO95AKS5,Approved,Thu Mar 05 10:58:04 EST 2015,Thu Mar 05 10:58:33 EST 2015,Multi-Attribute Coalitional Games,Games,value of cooperation,attributes,literature,emptyanswer,emptyanswer,emptyanswer,emptyanswer,emptyanswer,emptyanswer,emptyanswer,emptyanswer,emptyanswer,emptyanswer,emptyanswer
3Z56AA6EK3Z4RB881CUOKZALSZF6M1,3N4BPTXIO8RXQIV02KKDABSJZSCUKR,A3DHYTZ1GPN0T8,Approved,Thu Mar 05 13:21:08 EST 2015,Thu Mar 05 13:21:48 EST 2015,coalitional,framework,attributes,literature,positive results,emptyanswer,emptyanswer,emptyanswer,emptyanswer,emptyanswer,emptyanswer,emptyanswer,emptyanswer,emptyanswer,emptyanswer,emptyanswer
3Z56AA6EK3Z4RB881CUOKZALSZF6M1,3N1FSUEFL5ZQVEVBVX78TUZZG764DI,A2SDTL2V8VJ25O,Approved,Thu Mar 05 15:54:05 EST 2015,Thu Mar 05 15:55:14 EST 2015,value,Coalitional,cooperation,solution,positive,emptyanswer,emptyanswer,emptyanswer,emptyanswer,emptyanswer,emptyanswer,emptyanswer,emptyanswer,emptyanswer,emptyanswer,emptyanswer
3Z56AA6EK3Z4RB881CUOKZALSZF6M1,3SBEHTYCWN2N1WPHCIWQ0GJJ3DFYI1,ADUJUZANFOWKW,Approved,Thu Mar 05 16:37:38 EST 2015,Thu Mar 05 16:38:30 EST 2015,games,coalition,agents,interactions,results,emptyanswer,emptyanswer,emptyanswer,emptyanswer,emptyanswer,emptyanswer,emptyanswer,emptyanswer,emptyanswer,emptyanswer,emptyanswer
3Z56AA6EK3Z4RB881CUOKZALSZF6M1,3F1567XTNW4LHT5SHE9JA1HELG19QK,A156E6TWVB7GP7,Approved,Thu Mar 05 22:36:00 EST 2015,Thu Mar 05 22:36:52 EST 2015,coalitional games,cooperation,value,model diverse economic,Shapley value,positive,emptyanswer,emptyanswer,emptyanswer,emptyanswer,emptyanswer,emptyanswer,emptyanswer,emptyanswer,emptyanswer,emptyanswer
3Z56AA6EK3Z4RB881CUOKZALSZF6M1,3NKQQ8O39Y4PCCPQA3YQ6YXTFOHDU9,AQXSUU4I4DAH8,Approved,Fri Mar 06 10:48:59 EST 2015,Fri Mar 06 10:49:47 EST 2015,positive results,Multi-Attribute Coalitional Games,agents are solely determined,no assumption,picking the right attributes,emptyanswer,emptyanswer,emptyanswer,emptyanswer,emptyanswer,emptyanswer,emptyanswer,emptyanswer,emptyanswer,emptyanswer,emptyanswer
3Z56AA6EK3Z4RB881CUOKZALSZF6M1,3TYCR1GOTCIPWN7ST7VM63KDQG5LZV,A3G4SXD4N30C3L,Approved,Fri Mar 06 11:58:02 EST 2015,Fri Mar 06 11:58:47 EST 2015,Multi-Attribute Coalitional Games,value of cooperation,attributes the agents,diverse economic interactions,computational complexity,Shapley value,core,emptyanswer,emptyanswer,emptyanswer,emptyanswer,emptyanswer,emptyanswer,emptyanswer,emptyanswer,emptyanswer
3Z56AA6EK3Z4RB881CUOKZALSZF6M1,3RGU30DZTA7J2QK9BXTFIMBC7NKJMC,A2KELEVTA0306Y,Approved,Fri Mar 06 12:14:09 EST 2015,Fri Mar 06 12:16:54 EST 2015,study,coalitional,games,where,value,cooperation,among,agents,solely,determined,attributes,assumption,jointly,framework,economic,interactions
3Z56AA6EK3Z4RB881CUOKZALSZF6M1,31QNSG6A5RSBX6H3GNUZAE58WNE78O,A1A7P5LC80G47W,Approved,Fri Mar 06 15:52:35 EST 2015,Fri Mar 06 15:53:53 EST 2015,multi-attribute,coalitional fames,cooperation,computational complexity,diverse economic interactions,emptyanswer,emptyanswer,emptyanswer,emptyanswer,emptyanswer,emptyanswer,emptyanswer,emptyanswer,emptyanswer,emptyanswer,emptyanswer
3Z56AA6EK3Z4RB881CUOKZALSZF6M1,3S3AMIZX3U4TQI8QOCDQCSBN8R0CDU,A2GBY8O6GYSB89,Approved,Sat Mar 07 11:13:19 EST 2015,Sat Mar 07 11:15:09 EST 2015,Multi-Attribute Coalitional Games,diverse economic interactions,computational complexity of two coalitional solution concepts,the Shapley value,value of cooperation,emptyanswer,emptyanswer,emptyanswer,emptyanswer,emptyanswer,emptyanswer,emptyanswer,emptyanswer,emptyanswer,emptyanswer,emptyanswer
3Z56AA6EK3Z4RB881CUOKZALSZF6M1,3GFK2QRXX9G703Z2QXV8QAUYNQV5WZ,A9HQ3E0F2AGVO,Approved,Sat Mar 07 15:41:21 EST 2015,Sat Mar 07 15:42:01 EST 2015,coalitional games,attributes,diverse economic interactions,computational complexity,Shapley value,core,emptyanswer,emptyanswer,emptyanswer,emptyanswer,emptyanswer,emptyanswer,emptyanswer,emptyanswer,emptyanswer,emptyanswer
3Z56AA6EK3Z4RB881CUOKZALSZF6M1,351SEKWQS0G6Z4KH1174FOGZ26EMDY,APEB5ERGCYP6D,Approved,Sun Mar 08 00:13:37 EST 2015,Sun Mar 08 00:46:41 EST 2015,coalitional games where the value of cooperation,framework allows us to model diverse economic interactions,computational complexity of two coalitional solution,comparable results for other games,the positive results obtained in this paper,emptyanswer,emptyanswer,emptyanswer,emptyanswer,emptyanswer,emptyanswer,emptyanswer,emptyanswer,emptyanswer,emptyanswer,emptyanswer
3Z56AA6EK3Z4RB881CUOKZALSZF6M1,3IQ1VMJRYTJTUDYBSICXK129H5PA92,A2YW509B0UMSEH,Approved,Sun Mar 08 09:38:22 EDT 2015,Sun Mar 08 09:39:24 EDT 2015,Game,Multi-Attribute,concept,Shapley value,core,emptyanswer,emptyanswer,emptyanswer,emptyanswer,emptyanswer,emptyanswer,emptyanswer,emptyanswer,emptyanswer,emptyanswer,emptyanswer
3Z56AA6EK3Z4RB881CUOKZALSZF6M1,39N5ACM9HEM0HH4DH1UUAWR4GRS9PK,A38IE69ORDCEGY,Approved,Sun Mar 08 12:07:51 EDT 2015,Sun Mar 08 12:09:11 EDT 2015,coalitional games,agent cooperation,the Shapley value,game study,agent attributes,emptyanswer,emptyanswer,emptyanswer,emptyanswer,emptyanswer,emptyanswer,emptyanswer,emptyanswer,emptyanswer,emptyanswer,emptyanswer
3Z56AA6EK3Z4RB881CUOKZALSZF6M1,3LRKMWOKB5GJV1LKJ1DHR7L4KKUZ28,A156NFBMKKLDL9,Approved,Sun Mar 08 14:54:40 EDT 2015,Sun Mar 08 14:55:24 EDT 2015,Multi-Attribute,Coalitional Games,cooperation,computational complexity,concepts,emptyanswer,emptyanswer,emptyanswer,emptyanswer,emptyanswer,emptyanswer,emptyanswer,emptyanswer,emptyanswer,emptyanswer,emptyanswer
3Z56AA6EK3Z4RB881CUOKZALSZF6M1,31QTRG6Q2TCFIICLPDMA9DKVP1SPY6,A3GSN49YWM9CLD,Approved,Mon Mar 09 05:07:57 EDT 2015,Mon Mar 09 05:09:14 EDT 2015,coalitional games,games,Shapley,attributes the agents possess,games studied in the literature.,emptyanswer,emptyanswer,emptyanswer,emptyanswer,emptyanswer,emptyanswer,emptyanswer,emptyanswer,emptyanswer,emptyanswer,emptyanswer
3Z56AA6EK3Z4RB881CUOKZALSZF6M1,308Q0PEVB8C80VH9464A1ZQSUFK9IZ,A2E2IQ99W6B7AV,Approved,Mon Mar 09 07:10:29 EDT 2015,Mon Mar 09 07:11:41 EDT 2015,Coalition gaming,Agent cooperation,Positive results,Literature comparison,Attribute collection,emptyanswer,emptyanswer,emptyanswer,emptyanswer,emptyanswer,emptyanswer,emptyanswer,emptyanswer,emptyanswer,emptyanswer,emptyanswer
3Z56AA6EK3Z4RB881CUOKZALSZF6M1,3WOKGM4L71F00N4Z25YMSLLL3KRO0Z,A2SZAM3EZER2PH,Approved,Mon Mar 09 07:46:36 EDT 2015,Mon Mar 09 07:47:10 EDT 2015,study coalitional,solely determined,computational complexity,positive results obtained,games studied,emptyanswer,emptyanswer,emptyanswer,emptyanswer,emptyanswer,emptyanswer,emptyanswer,emptyanswer,emptyanswer,emptyanswer,emptyanswer
3Z56AA6EK3Z4RB881CUOKZALSZF6M1,3M23Y66PO26ACQI7BBVCLR5DDC06SZ,A3UY2GVCKC8LSL,Approved,Mon Mar 09 17:38:19 EDT 2015,Mon Mar 09 17:39:17 EDT 2015,Multi-Attribute,Coalitional Games,computational complexity,Shapley value,economic interactions,emptyanswer,emptyanswer,emptyanswer,emptyanswer,emptyanswer,emptyanswer,emptyanswer,emptyanswer,emptyanswer,emptyanswer,emptyanswer
3Z56AA6EK3Z4RB881CUOKZALSZF6M1,38F5OAUN5NB4QHIWJRO5NRY7ZC37HE,ACYGMRGAZ22U7,Approved,Mon Mar 09 17:50:39 EDT 2015,Mon Mar 09 17:50:45 EDT 2015,Keyword/Keyphrase 1:,Keyword/Keyphrase 1:,Keyword/Keyphrase 1:,Keyword/Keyphrase 1:,Keyword/Keyphrase 1:,emptyanswer,emptyanswer,emptyanswer,emptyanswer,emptyanswer,emptyanswer,emptyanswer,emptyanswer,emptyanswer,emptyanswer,emptyanswer
3Z56AA6EK3Z4RB881CUOKZALSZF6M1,3OJSZ2ATDSVSAOY1IPNWYUVHU4F570,A3HPVFAF1U9WXK,Approved,Tue Mar 10 02:06:46 EDT 2015,Tue Mar 10 02:15:22 EDT 2015,Coalitional Games,Multi-Attribute,cooperation,agents,solution,emptyanswer,emptyanswer,emptyanswer,emptyanswer,emptyanswer,emptyanswer,emptyanswer,emptyanswer,emptyanswer,emptyanswer,emptyanswer
3Z56AA6EK3Z4RB881CUOKZALSZF6M1,3RRCEFRB7MBXGHXRH1G2Y4BZDZ44BB,AW36CVMS3526O,Approved,Tue Mar 10 13:42:33 EDT 2015,Tue Mar 10 13:43:52 EDT 2015,Coalitional,determined,assumption,coalitional,literature,emptyanswer,emptyanswer,emptyanswer,emptyanswer,emptyanswer,emptyanswer,emptyanswer,emptyanswer,emptyanswer,emptyanswer,emptyanswer
3Z56AA6EK3Z4RB881CUOKZALSZF6M1,37Q970SNZE7F54HA55JVQVEW53I1SY,A1JWEYGDFDB100,Approved,Tue Mar 10 14:16:54 EDT 2015,Tue Mar 10 14:18:07 EDT 2015,Multi-Attribute Coalitional Games,coalitional games,model diverse economic interactions,Shapley value,the core,emptyanswer,emptyanswer,emptyanswer,emptyanswer,emptyanswer,emptyanswer,emptyanswer,emptyanswer,emptyanswer,emptyanswer,emptyanswer
3Z56AA6EK3Z4RB881CUOKZALSZF6M1,3CP1TO84PT0LON1VCD6123E9JQI52D,ANB69EQROUTQJ,Approved,Tue Mar 10 23:34:06 EDT 2015,Tue Mar 10 23:35:01 EDT 2015,coalition games,cooperation,attributes,diverse economic interactions,computational complexity,emptyanswer,emptyanswer,emptyanswer,emptyanswer,emptyanswer,emptyanswer,emptyanswer,emptyanswer,emptyanswer,emptyanswer,emptyanswer
3Z56AA6EK3Z4RB881CUOKZALSZF6M1,3WAKVUDHUWF9V3OGJQV466NXTN1U74,A3K6BSW10S4YKJ,Approved,Wed Mar 11 01:05:30 EDT 2015,Wed Mar 11 01:06:26 EDT 2015,coalitional games,value of cooperation among the agents are solely determined by the attributes the agents possess,to model diverse economic interactions,the Shapley value and the core,games studied in the literature,emptyanswer,emptyanswer,emptyanswer,emptyanswer,emptyanswer,emptyanswer,emptyanswer,emptyanswer,emptyanswer,emptyanswer,emptyanswer
3Z56AA6EK3Z4RB881CUOKZALSZF6M1,3GGAI1SQEVXWUCE315CTVIYHHCZMC7,ATRHDYWCIYTDJ,Approved,Wed Mar 11 04:35:45 EDT 2015,Wed Mar 11 04:35:57 EDT 2015,value,among,solely,determined,Shapley,emptyanswer,emptyanswer,emptyanswer,emptyanswer,emptyanswer,emptyanswer,emptyanswer,emptyanswer,emptyanswer,emptyanswer,emptyanswer
3Z56AA6EK3Z4RB881CUOKZALSZF6M1,384PI804XS0FYFWS9MFVCQVM0CO0S8,A16KDMZ7CEDHNV,Approved,Wed Mar 11 06:24:48 EDT 2015,Wed Mar 11 06:27:18 EDT 2015,coalitional games,economic models,Shapley value,coalitional solution,core,emptyanswer,emptyanswer,emptyanswer,emptyanswer,emptyanswer,emptyanswer,emptyanswer,emptyanswer,emptyanswer,emptyanswer,emptyanswer
3Z56AA6EK3Z4RB881CUOKZALSZF6M1,3PDJHANYK5FLMH4R0HJDHDYB45WH6A,A3CMDYA9USA3MR,Approved,Wed Mar 11 07:34:22 EDT 2015,Wed Mar 11 07:34:33 EDT 2015,coalitional,where,among,value,show,emptyanswer,emptyanswer,emptyanswer,emptyanswer,emptyanswer,emptyanswer,emptyanswer,emptyanswer,emptyanswer,emptyanswer,emptyanswer
3Z56AA6EK3Z4RB881CUOKZALSZF6M1,31QNSG6A5RSBX6H3GNUZAE58WX6871,A28IXE702NXWKQ,Approved,Wed Mar 11 15:57:09 EDT 2015,Wed Mar 11 15:58:41 EDT 2015,We study coalitional games,where the value of cooperation,among the agents are solely determined,picking the right attributes,comparable results for other games,emptyanswer,emptyanswer,emptyanswer,emptyanswer,emptyanswer,emptyanswer,emptyanswer,emptyanswer,emptyanswer,emptyanswer,emptyanswer
3Z56AA6EK3Z4RB881CUOKZALSZF6M1,3O7L7BFSHEOPVR8QCHKWTDR3LGUIEK,A1XRIEYLA7ZJ3B,Approved,Wed Mar 11 22:33:44 EDT 2015,Wed Mar 11 22:47:49 EDT 2015,Multi-Attribute Coalitional Games,study coalitional games where the value of cooperation among the agents are solely determined by the attributes the agents possess,no assumption as to how these attributes jointly determine this value,model diverse economic interactions by picking the right attributes,study the computational complexity,two coalitional solution concepts for these games -- the Shapley value and the core,emptyanswer,emptyanswer,emptyanswer,emptyanswer,emptyanswer,emptyanswer,emptyanswer,emptyanswer,emptyanswer,emptyanswer
3Z56AA6EK3Z4RB881CUOKZALSZF6M1,3Z7ISHFUH0UUHGN9ZIMI1YY76Q08ZA,A2KEOU752LUBZC,Approved,Wed Mar 11 23:17:38 EDT 2015,Wed Mar 11 23:26:10 EDT 2015,coalitional games,value of cooperation,solely determined,the attributes the agents possess,with no assumption,attributes jointly determine this value,framework,model diverse economic interactions,picking the right attributes,computational complexity,two coalitional solution concepts,games,Shapley value and the core,how the positive results obtained,imply comparable results,games studied in the literature.
3Z56AA6EK3Z4RB881CUOKZALSZF6M1,3KB8R4ZV1E6DSXQBC2I37T8247MBGL,A2KS418T8MPLJH,Approved,Thu Mar 12 11:21:49 EDT 2015,Thu Mar 12 11:23:38 EDT 2015,"We study coalitional games where the value of cooperation among the agents are solely determined by the attributes the agents possess,",with no assumption as to how these attributes jointly determine this value.,This framework allows us to model diverse economic interactions by picking the right attributes.,We show how the positive results obtained in this paper imply comparable results for other games studied in the literature.,We study the computational complexity of two coalitional solution concepts for these games -- the Shapley value and the core.,emptyanswer,emptyanswer,emptyanswer,emptyanswer,emptyanswer,emptyanswer,emptyanswer,emptyanswer,emptyanswer,emptyanswer,emptyanswer
3Z56AA6EK3Z4RB881CUOKZALSZF6M1,3634BBTX0OTH158M7S42BVC3YI9IF5,AM1HY736BY3Z8,Approved,Thu Mar 12 12:34:12 EDT 2015,Thu Mar 12 12:35:28 EDT 2015,Multi-Attribute Coalitional Games,"We study coalitional games where the value of cooperation among the agents are solely determined by the attributes the agents possess, with no assumption as to how these attributes jointly determine this value.",This framework allows us to model diverse economic interactions by picking the right attributes.,We study the computational complexity of two coalitional solution concepts for these games -- the Shapley value and the core.,We show how the positive results obtained in this paper imply comparable results for other games studied in the literature.,emptyanswer,emptyanswer,emptyanswer,emptyanswer,emptyanswer,emptyanswer,emptyanswer,emptyanswer,emptyanswer,emptyanswer,emptyanswer
3Z56AA6EK3Z4RB881CUOKZALSZF6M1,3N4BPTXIO8RXQIV02KKDABSJ09EKUI,AU3WQKISBW5MZ,Approved,Thu Mar 12 13:52:57 EDT 2015,Thu Mar 12 13:55:01 EDT 2015,We study coalitional games where the value of cooperation among the agents,"are solely determined by the attributes the agents possess, with no assumption as to how these attributes",jointly determine this value. This framework allows us to model diverse,economic interactions by picking the right attributes. We study the computational complexity of two coalitional solution concepts for these games,the Shapley value and the core. We show how the positive results obtained in this paper imply comparable results for other games studied in the literature.,emptyanswer,emptyanswer,emptyanswer,emptyanswer,emptyanswer,emptyanswer,emptyanswer,emptyanswer,emptyanswer,emptyanswer,emptyanswer
3Z56AA6EK3Z4RB881CUOKZALSZF6M1,39RP059MEHSDK7MXN5GYKYSZ0U9BM6,A2QXX0EHO2CZHV,Approved,Thu Mar 12 16:53:24 EDT 2015,Thu Mar 12 16:59:27 EDT 2015,We study coalitional games,cooperation among the agents are solely determined by the attributes the agents possess,there is no assumption about how these attributes jointly determine the value,we model diverse economic interactions by picking the right attributes,the computational complexity of two coalitional solution concepts for these games are studied,the Shapley value and the core are used,positive results obtained in this paper imply comparable results for other games studied,emptyanswer,emptyanswer,emptyanswer,emptyanswer,emptyanswer,emptyanswer,emptyanswer,emptyanswer,emptyanswer
3Z56AA6EK3Z4RB881CUOKZALSZF6M1,3GS6S824SQWBQS58UXRUKRUKFL1NWY,ADVZAZ12Z8N9J,Approved,Thu Mar 12 17:14:27 EDT 2015,Thu Mar 12 17:22:05 EDT 2015,"We study coalitional games where the value of cooperation among the agents are solely determined by the attributes the agents possess, with no assumption as to how these attributes jointly determine this value.",N/A,N/A,N/A,N/A,emptyanswer,emptyanswer,emptyanswer,emptyanswer,emptyanswer,emptyanswer,emptyanswer,emptyanswer,emptyanswer,emptyanswer,emptyanswer
3Z56AA6EK3Z4RB881CUOKZALSZF6M1,3L70J4KAZGL5X3BS4YHZ6XLZ9ZVDAW,AUH4A0OGHF2CK,Approved,Fri Mar 13 09:56:51 EDT 2015,Fri Mar 13 09:58:36 EDT 2015,Games with Multi-Attribute Coalitional,A study of games with Multi-Attribute Coalitional,computational complexity  of  Multi-Attribute Coalitional  games,A framework  for computational complexity  of  Multi-Attribute Coalitional  games,A model for computational complexity  of  Multi-Attribute Coalitional  games,emptyanswer,emptyanswer,emptyanswer,emptyanswer,emptyanswer,emptyanswer,emptyanswer,emptyanswer,emptyanswer,emptyanswer,emptyanswer
3Z56AA6EK3Z4RB881CUOKZALSZF6M1,3ZAK8W07I4DVDSOWYRAVRRDAMESU0C,A3DTN2OMF6DUSI,Approved,Fri Mar 13 23:21:09 EDT 2015,Fri Mar 13 23:21:14 EDT 2015,model,model,model,model,model,emptyanswer,emptyanswer,emptyanswer,emptyanswer,emptyanswer,emptyanswer,emptyanswer,emptyanswer,emptyanswer,emptyanswer,emptyanswer
3Z56AA6EK3Z4RB881CUOKZALSZF6M1,3R5F3LQFV2JX28AP6ZBEYKO7M1MOZO,A610SH5RY1NG1,Approved,Sat Mar 14 07:25:50 EDT 2015,Sat Mar 14 07:26:06 EDT 2015,Multi-Attribute,Coalitional,Games,cooperation,Shapley,emptyanswer,emptyanswer,emptyanswer,emptyanswer,emptyanswer,emptyanswer,emptyanswer,emptyanswer,emptyanswer,emptyanswer,emptyanswer
3Z56AA6EK3Z4RB881CUOKZALSZF6M1,3IQ1VMJRYTJTUDYBSICXK129IH79A8,A2Z9HR2IBD75R9,Approved,Sat Mar 14 09:31:01 EDT 2015,Sat Mar 14 09:31:16 EDT 2015,Multi-Attribute Coalitional Games,results,literature,paper,games,emptyanswer,emptyanswer,emptyanswer,emptyanswer,emptyanswer,emptyanswer,emptyanswer,emptyanswer,emptyanswer,emptyanswer,emptyanswer
3Z56AA6EK3Z4RB881CUOKZALSZF6M1,3R5F3LQFV2JX28AP6ZBEYKO7M2WZOB,A1HDFKT3ZGK25P,Approved,Sat Mar 14 16:39:01 EDT 2015,Sat Mar 14 16:41:07 EDT 2015,cooperation,multi-attribute,framework,coalitional games study,Shapley value,model economic interactions,emptyanswer,emptyanswer,emptyanswer,emptyanswer,emptyanswer,emptyanswer,emptyanswer,emptyanswer,emptyanswer,emptyanswer
3Z56AA6EK3Z4RB881CUOKZALSZF6M1,3I33IC7ZWF1IUTDC79XIAEUVCCV2A9,AH3ER3EJXHRO2,Approved,Sat Mar 14 17:02:36 EDT 2015,Sat Mar 14 17:02:58 EDT 2015,multi-attribute,coalitional games,cooperation,agents,evonomic interactions,emptyanswer,emptyanswer,emptyanswer,emptyanswer,emptyanswer,emptyanswer,emptyanswer,emptyanswer,emptyanswer,emptyanswer,emptyanswer
3Z56AA6EK3Z4RB881CUOKZALSZF6M1,3FE7TXL1LIMAH9KTW5U40E90GVPQ2E,A2I4DDHMIT7HX,Approved,Sat Mar 14 20:09:34 EDT 2015,Sat Mar 14 20:10:26 EDT 2015,coalitional games,Shapley value,economic interactions,agent attributes,cooperation,emptyanswer,emptyanswer,emptyanswer,emptyanswer,emptyanswer,emptyanswer,emptyanswer,emptyanswer,emptyanswer,emptyanswer,emptyanswer
3Z56AA6EK3Z4RB881CUOKZALSZF6M1,3RXPCZQMQPACFZ8JA5PE1HVTI25G1V,A29ZV4XJB7R1O,Approved,Sat Mar 14 20:32:18 EDT 2015,Sat Mar 14 20:43:30 EDT 2015,Multi,Attribute,Coalitional,Games,value,emptyanswer,emptyanswer,emptyanswer,emptyanswer,emptyanswer,emptyanswer,emptyanswer,emptyanswer,emptyanswer,emptyanswer,emptyanswer
3Z56AA6EK3Z4RB881CUOKZALSZF6M1,3WOKGM4L71F00N4Z25YMSLLL4WTO0Q,A1G94QON7A9K0N,Approved,Sat Mar 14 20:56:06 EDT 2015,Sat Mar 14 20:56:29 EDT 2015,coalitional,game,economic,complexity,shapley,emptyanswer,emptyanswer,emptyanswer,emptyanswer,emptyanswer,emptyanswer,emptyanswer,emptyanswer,emptyanswer,emptyanswer,emptyanswer
3Z56AA6EK3Z4RB881CUOKZALSZF6M1,3JRJSWSMQHKA5OQ7RED9P7PE365E35,A1BV5YY1UQCMZY,Approved,Sat Mar 14 20:42:32 EDT 2015,Sat Mar 14 20:57:56 EDT 2015,multi-attribute coalition games,cooperation,shapley value,economic interactions,computational complexity,core,emptyanswer,emptyanswer,emptyanswer,emptyanswer,emptyanswer,emptyanswer,emptyanswer,emptyanswer,emptyanswer,emptyanswer
3Z56AA6EK3Z4RB881CUOKZALSZF6M1,3TPWUS5F890SZO8H57IG4G08GNTCWN,A9VLWY4KW6OCB,Approved,Sat Mar 14 22:00:36 EDT 2015,Sat Mar 14 22:15:17 EDT 2015,Multi-Attribute,Coalitional,Games,cooperation,interactions,emptyanswer,emptyanswer,emptyanswer,emptyanswer,emptyanswer,emptyanswer,emptyanswer,emptyanswer,emptyanswer,emptyanswer,emptyanswer
3Z56AA6EK3Z4RB881CUOKZALSZF6M1,31N2WW6R9RP2B2Q3MPXF7PAEF7SF3W,ACVJ6IUO9QM4R,Approved,Sat Mar 14 22:34:05 EDT 2015,Sat Mar 14 22:34:52 EDT 2015,coalitional games,value of cooperation among the agents,diverse economic interactions,computational complexity of two coalition solution concepts,Shapley value,emptyanswer,emptyanswer,emptyanswer,emptyanswer,emptyanswer,emptyanswer,emptyanswer,emptyanswer,emptyanswer,emptyanswer,emptyanswer
3Z56AA6EK3Z4RB881CUOKZALSZF6M1,3K5TEWLKGVA6X2UC7796THFPMJFVI2,AWFQ7OX0UPSM5,Approved,Sat Mar 14 23:49:20 EDT 2015,Sat Mar 14 23:50:41 EDT 2015,Multi-Attribute Coalitional Games,diverse economic interactions,computational complexity,the Shapley value,the core,emptyanswer,emptyanswer,emptyanswer,emptyanswer,emptyanswer,emptyanswer,emptyanswer,emptyanswer,emptyanswer,emptyanswer,emptyanswer
3Z56AA6EK3Z4RB881CUOKZALSZF6M1,3D3VGR7TA0EZESVCDKX9OEOXIVAR3A,A1YNGE7LM9TQHL,Approved,Sun Mar 15 01:54:25 EDT 2015,Sun Mar 15 01:55:11 EDT 2015,Multi-Attribute Coalitional Games,"We study coalitional games where the value of cooperation among the agents are solely determined by the attributes the agents possess, with no assumption as to how these attributes jointly determine this value.",This framework allows us to model diverse economic interactions by picking the right attributes.,We study the computational complexity of two coalitional solution concepts for these games -- the Shapley value and the core.,We show how the positive results obtained in this paper imply comparable results for other games studied in the literature.,emptyanswer,emptyanswer,emptyanswer,emptyanswer,emptyanswer,emptyanswer,emptyanswer,emptyanswer,emptyanswer,emptyanswer,emptyanswer
