HitId,AssignmentId,WorkerId,Status,AcceptTime,SubmitTime,Answer 1,Answer 2,Answer 3,Answer 4,Answer 5,Answer 6,Answer 7,Answer 8,Answer 9,Answer 10,Answer 11,Answer 12,Answer 13,Answer 14,Answer 15,Answer 16
3ZLW647WAKUFNOHX8SD6YNK3C3X231,3ZDAD0O1T1COA5FI1Y9SV9EJCGLTXB,A2YW509B0UMSEH,Approved,Mon Mar 02 12:46:44 EST 2015,Mon Mar 02 12:51:48 EST 2015,Frequency,Probability,inverse document frequency (idf),Poisson,document,emptyanswer,emptyanswer,emptyanswer,emptyanswer,emptyanswer,emptyanswer,emptyanswer,emptyanswer,emptyanswer,emptyanswer,emptyanswer
3ZLW647WAKUFNOHX8SD6YNK3C3X231,35GCEFQ6I5N8GJH3N1RMAHQWQICZ35,A22R7DT2XQIKXV,Approved,Mon Mar 02 15:09:42 EST 2015,Mon Mar 02 15:09:47 EST 2015,aa,aa,aa,aa,aa,emptyanswer,emptyanswer,emptyanswer,emptyanswer,emptyanswer,emptyanswer,emptyanswer,emptyanswer,emptyanswer,emptyanswer,emptyanswer
3ZLW647WAKUFNOHX8SD6YNK3C3X231,323Q6SJS8IFH5AX21AMHBJBOXI6HFC,A3ODG942FG22PJ,Approved,Mon Mar 02 17:36:56 EST 2015,Mon Mar 02 17:37:13 EST 2015,Frequency,Poisson,Probability,Informative,idf,na,na,na,na,na,na,na,na,na,na,na
3ZLW647WAKUFNOHX8SD6YNK3C3X231,36V4Q8R5ZKZ0ODOM6NDOFNNYL6HQMR,A3FG9YWTFFK1AU,Approved,Mon Mar 02 18:32:22 EST 2015,Mon Mar 02 18:53:48 EST 2015,Frequency-based,Poisson-based,Definition of,Probability of Being Informative,theoretical investigations,inverse document frequency (idf),probabilistic retrieval models,emptyanswer,emptyanswer,emptyanswer,emptyanswer,emptyanswer,emptyanswer,emptyanswer,emptyanswer,emptyanswer
3ZLW647WAKUFNOHX8SD6YNK3C3X231,31N2WW6R9RP2B2Q3MPXF7PAEED53F8,A2R085B34P2LYS,Approved,Mon Mar 02 22:23:26 EST 2015,Mon Mar 02 22:40:06 EST 2015,Frequency,Poisson,Definition,Probability,Informative,optional,optional,optional,optional,optional,optional,optional,optional,optional,optional,optional
3ZLW647WAKUFNOHX8SD6YNK3C3X231,3I33IC7ZWF1IUTDC79XIAEUVBJT2AK,A27I79P03I0ZPO,Approved,Mon Mar 02 23:15:21 EST 2015,Mon Mar 02 23:16:41 EST 2015,Frequency-based,Probability,Poisson-based,Informative,Definition,emptyanswer,emptyanswer,emptyanswer,emptyanswer,emptyanswer,emptyanswer,emptyanswer,emptyanswer,emptyanswer,emptyanswer,emptyanswer
3ZLW647WAKUFNOHX8SD6YNK3C3X231,336YQZE83VDBVR5OMVPLHCS7PBR5MS,A26M2B8NZVKWTZ,Approved,Tue Mar 03 06:45:49 EST 2015,Tue Mar 03 06:46:51 EST 2015,Frequency-based,Informative,Probability,Definition,Poisson-based,emptyanswer,emptyanswer,emptyanswer,emptyanswer,emptyanswer,emptyanswer,emptyanswer,emptyanswer,emptyanswer,emptyanswer,emptyanswer
3ZLW647WAKUFNOHX8SD6YNK3C3X231,38SKSKU7R1W31XIIT37068HNUS7LIG,AAOGFQY8JCVOD,Approved,Tue Mar 03 07:23:09 EST 2015,Tue Mar 03 07:24:53 EST 2015,Frequency-based,Poisson-based,probability,informative,framework,understanding,estimation,deciding,retrieval models,emptyanswer,emptyanswer,emptyanswer,emptyanswer,emptyanswer,emptyanswer,emptyanswer
3ZLW647WAKUFNOHX8SD6YNK3C3X231,3I2PTA7R3TT5YPOJLB080AVUW2OKQK,A1B5NXRZQYRC4R,Approved,Tue Mar 03 08:53:25 EST 2015,Tue Mar 03 08:53:56 EST 2015,Frequency-based,Poisson-based,definition,probability,informative,emptyanswer,emptyanswer,emptyanswer,emptyanswer,emptyanswer,emptyanswer,emptyanswer,emptyanswer,emptyanswer,emptyanswer,emptyanswer
3ZLW647WAKUFNOHX8SD6YNK3C3X231,3QEMNNSB2XYNE1DUXV5FW6J973F7DC,A1PXJWCNRYCBS5,Approved,Tue Mar 03 14:32:01 EST 2015,Tue Mar 03 14:38:01 EST 2015,Frequency base,poisson- based,probability of being informative,paper reports on theoretical investigations,useful for understanding and deciding the parameter estimation and combination in a probabilistic retrieval model,emptyanswer,emptyanswer,emptyanswer,emptyanswer,emptyanswer,emptyanswer,emptyanswer,emptyanswer,emptyanswer,emptyanswer,emptyanswer
3ZLW647WAKUFNOHX8SD6YNK3C3X231,3G5W44VEU7HEL0U5IFVW6WRSQHPGKZ,A3H35QRODK1C4K,Approved,Wed Mar 04 10:55:34 EST 2015,Wed Mar 04 10:56:04 EST 2015,frequency-based,poison-based,definition,probability,informative,emptyanswer,emptyanswer,emptyanswer,emptyanswer,emptyanswer,emptyanswer,emptyanswer,emptyanswer,emptyanswer,emptyanswer,emptyanswer
3ZLW647WAKUFNOHX8SD6YNK3C3X231,3P4RDNWND55X67UIQIVNQT4VQ5IIJV,A3FFZN4FO3Q789,Approved,Wed Mar 04 11:00:21 EST 2015,Wed Mar 04 11:03:32 EST 2015,preliminary,preliminary,preliminary,preliminary,preliminary,emptyanswer,emptyanswer,emptyanswer,emptyanswer,emptyanswer,emptyanswer,emptyanswer,emptyanswer,emptyanswer,emptyanswer,emptyanswer
3ZLW647WAKUFNOHX8SD6YNK3C3X231,3E1QT0TDFP88MQYZZEYW13VHAV4I8T,A2F6ZON8X5EAGL,Approved,Wed Mar 04 15:13:12 EST 2015,Wed Mar 04 15:13:58 EST 2015,A Frequency-based and a Poisson-based Definition of the Probability of Being Informative,document,function,framework,parameter,emptyanswer,emptyanswer,emptyanswer,emptyanswer,emptyanswer,emptyanswer,emptyanswer,emptyanswer,emptyanswer,emptyanswer,emptyanswer
3ZLW647WAKUFNOHX8SD6YNK3C3X231,3HRMW88U16PC0KJNPPJ90HWG86SM06,A3OTLWGJFB65KD,Approved,Wed Mar 04 19:30:53 EST 2015,Wed Mar 04 19:31:00 EST 2015,John Legend,John Legend,John Legend,John Legend,John Legend,emptyanswer,emptyanswer,emptyanswer,emptyanswer,emptyanswer,emptyanswer,emptyanswer,emptyanswer,emptyanswer,emptyanswer,emptyanswer
3ZLW647WAKUFNOHX8SD6YNK3C3X231,3LKC68YZ3A2T8D5KVCR7ZGUP4BUWO5,A3LUJSAN4DQ1ZT,Approved,Wed Mar 04 21:28:30 EST 2015,Wed Mar 04 21:30:50 EST 2015,Frequency-based,Poisson-based,Disjoint document events,Inverse document frequency,Probabilistic retrieval,emptyanswer,emptyanswer,emptyanswer,emptyanswer,emptyanswer,emptyanswer,emptyanswer,emptyanswer,emptyanswer,emptyanswer,emptyanswer
3ZLW647WAKUFNOHX8SD6YNK3C3X231,31LM9EDVOLRPK859NY8FV10CC7YJN4,A3S81UFDOWF2ST,Approved,Thu Mar 05 07:33:18 EST 2015,Thu Mar 05 07:34:11 EST 2015,Frequency-based and a Poisson-based Definition,Probability of Being Informative,inverse document frequency (idf),estimation,probabilistic retrieval models,emptyanswer,emptyanswer,emptyanswer,emptyanswer,emptyanswer,emptyanswer,emptyanswer,emptyanswer,emptyanswer,emptyanswer,emptyanswer
3ZLW647WAKUFNOHX8SD6YNK3C3X231,3QUO65DNQUNGG9GF0CC6HS9SJX4UOT,A1QUDNLO95AKS5,Approved,Thu Mar 05 08:33:47 EST 2015,Thu Mar 05 08:34:17 EST 2015,Frequency-based,Poisson-based Definition,Probability of Being Informative,inverse document frequency (idf),disjoint document events,models,emptyanswer,emptyanswer,emptyanswer,emptyanswer,emptyanswer,emptyanswer,emptyanswer,emptyanswer,emptyanswer,emptyanswer
3ZLW647WAKUFNOHX8SD6YNK3C3X231,35LDD5557A3EDAQRTITRJ1BPM6RMK9,A3I10J1GPDAPQR,Approved,Thu Mar 05 08:36:54 EST 2015,Thu Mar 05 08:38:44 EST 2015,Poisson-based Definition,Probability of Being Informative,parameter estimation,probabilistic retrieval models,disjoint document events,emptyanswer,emptyanswer,emptyanswer,emptyanswer,emptyanswer,emptyanswer,emptyanswer,emptyanswer,emptyanswer,emptyanswer,emptyanswer
3ZLW647WAKUFNOHX8SD6YNK3C3X231,3E7TUJ2EGCLRSK1NCS3ZA2AF2YT9DQ,A9LA6QK6VCERR,Approved,Thu Mar 05 11:06:34 EST 2015,Thu Mar 05 11:08:00 EST 2015,Poisson,Frequency-based  Definition,inverse document frequency,IDF,Poisson-based probability,emptyanswer,emptyanswer,emptyanswer,emptyanswer,emptyanswer,emptyanswer,emptyanswer,emptyanswer,emptyanswer,emptyanswer,emptyanswer
3ZLW647WAKUFNOHX8SD6YNK3C3X231,3X08E93BHVH5PSKA4YS9KM9LVBZ66L,A1YLO4LT02D2F0,Approved,Thu Mar 05 11:13:42 EST 2015,Thu Mar 05 11:14:15 EST 2015,paper reports on theoretical,underlying the inverse document,that an intuitive idf-based,framework is useful for understanding,estimation and combination in probabilistic,emptyanswer,emptyanswer,emptyanswer,emptyanswer,emptyanswer,emptyanswer,emptyanswer,emptyanswer,emptyanswer,emptyanswer,emptyanswer
3ZLW647WAKUFNOHX8SD6YNK3C3X231,39O5D9O87TRV8Q6TVN7EZJPBH6HC3M,A3DHYTZ1GPN0T8,Approved,Thu Mar 05 13:02:11 EST 2015,Thu Mar 05 13:05:30 EST 2015,paper,document,parameter,independent,Poisson-based,emptyanswer,emptyanswer,emptyanswer,emptyanswer,emptyanswer,emptyanswer,emptyanswer,emptyanswer,emptyanswer,emptyanswer,emptyanswer
3ZLW647WAKUFNOHX8SD6YNK3C3X231,39LNWE0K4UV6KN5C2HZ1XVD67PVUIQ,AQXSUU4I4DAH8,Approved,Thu Mar 05 14:50:39 EST 2015,Thu Mar 05 14:51:44 EST 2015,inverse document frequency,disjoint document events,Poisson-based Definition,retrieval models,Probability of Being Informative,emptyanswer,emptyanswer,emptyanswer,emptyanswer,emptyanswer,emptyanswer,emptyanswer,emptyanswer,emptyanswer,emptyanswer,emptyanswer
3ZLW647WAKUFNOHX8SD6YNK3C3X231,3TAYZSBPLL7MUPZ6O9J9VEO1XWLS25,ADUJUZANFOWKW,Approved,Thu Mar 05 16:19:07 EST 2015,Thu Mar 05 16:20:27 EST 2015,probability,frequency,IDF,documents,information,emptyanswer,emptyanswer,emptyanswer,emptyanswer,emptyanswer,emptyanswer,emptyanswer,emptyanswer,emptyanswer,emptyanswer,emptyanswer
3ZLW647WAKUFNOHX8SD6YNK3C3X231,33C7UALJVLXXMK21R7DQ94EVTW8185,A3G4SXD4N30C3L,Approved,Thu Mar 05 17:42:17 EST 2015,Thu Mar 05 17:43:12 EST 2015,Frequency-based,Poisson-based,Definition of the Probability,inverse document frequency (idf),intuitive idf-based probability function,parameter estimation and combination,probabilistic retrieval models,emptyanswer,emptyanswer,emptyanswer,emptyanswer,emptyanswer,emptyanswer,emptyanswer,emptyanswer,emptyanswer
3ZLW647WAKUFNOHX8SD6YNK3C3X231,3YMTUJH0DSFXC3R8HN7NYYHLJY94TQ,A1A7P5LC80G47W,Approved,Fri Mar 06 15:50:40 EST 2015,Fri Mar 06 15:51:43 EST 2015,frequency-based,poisson-based,probability of being informative,inverse document frequency,probabilistic retrieval models,emptyanswer,emptyanswer,emptyanswer,emptyanswer,emptyanswer,emptyanswer,emptyanswer,emptyanswer,emptyanswer,emptyanswer,emptyanswer
3ZLW647WAKUFNOHX8SD6YNK3C3X231,3GS6S824SQWBQS58UXRUKRUKEBZNWB,A2Q49PGT1MQAPI,Approved,Sat Mar 07 00:34:55 EST 2015,Sat Mar 07 00:35:44 EST 2015,Frequency-based,Poisson-based,Probability of Being Informative,document frequency (idf),parameter estimation,probabilistic retrieval models,emptyanswer,emptyanswer,emptyanswer,emptyanswer,emptyanswer,emptyanswer,emptyanswer,emptyanswer,emptyanswer,emptyanswer
3ZLW647WAKUFNOHX8SD6YNK3C3X231,3FQ5JJ512LNKVSBR5J8RWG0PR4XNKM,A3QV0NIFU1WDE4,Approved,Sat Mar 07 04:29:36 EST 2015,Sat Mar 07 04:33:24 EST 2015,frequency-based,poisson-based definition,probability of being informative,theoretical investigations,assumptions underlying the inverse document frequency,disjoint document events,understanding and deciding the parameter estimation,combination in probabilistic retrieval models.,emptyanswer,emptyanswer,emptyanswer,emptyanswer,emptyanswer,emptyanswer,emptyanswer,emptyanswer
3ZLW647WAKUFNOHX8SD6YNK3C3X231,34MAJL3QP4MSDMTE281WGLDNP1U34A,APEB5ERGCYP6D,Approved,Sat Mar 07 11:25:51 EST 2015,Sat Mar 07 11:28:11 EST 2015,reports on theoretical investigations,assumptions underlying the inverse document frequency,an intuitive idf-based probability function,the probability of a term being informative,arrive at a Poisson-based probability of being informative,emptyanswer,emptyanswer,emptyanswer,emptyanswer,emptyanswer,emptyanswer,emptyanswer,emptyanswer,emptyanswer,emptyanswer,emptyanswer
3ZLW647WAKUFNOHX8SD6YNK3C3X231,3V5Q80FXIXQIA8ERYUI8N6GP5NZ32F,A9HQ3E0F2AGVO,Approved,Sat Mar 07 11:44:25 EST 2015,Sat Mar 07 11:45:54 EST 2015,theoretical investigations,assumptions,inverse document frequency (idf),probability function,disjoint document events,emptyanswer,emptyanswer,emptyanswer,emptyanswer,emptyanswer,emptyanswer,emptyanswer,emptyanswer,emptyanswer,emptyanswer,emptyanswer
3ZLW647WAKUFNOHX8SD6YNK3C3X231,39K0FND3AHE81XH5HRG2PN8TH2EAMF,A37WDQ1VG5XN6Z,Approved,Sat Mar 07 13:41:38 EST 2015,Sat Mar 07 13:41:45 EST 2015,nothing,nothing,nothing,nothing,nothing,emptyanswer,emptyanswer,emptyanswer,emptyanswer,emptyanswer,emptyanswer,emptyanswer,emptyanswer,emptyanswer,emptyanswer,emptyanswer
3ZLW647WAKUFNOHX8SD6YNK3C3X231,3IQ1VMJRYTJTUDYBSICXK129H399AH,A1W7BQWWGKJ3XF,Approved,Sat Mar 07 15:00:06 EST 2015,Sat Mar 07 15:01:50 EST 2015,Frequency-based,Poisson-based,Probability,Informative,framework,probabilistic retrieval models,emptyanswer,emptyanswer,emptyanswer,emptyanswer,emptyanswer,emptyanswer,emptyanswer,emptyanswer,emptyanswer,emptyanswer
3ZLW647WAKUFNOHX8SD6YNK3C3X231,3YMTUJH0DSFXC3R8HN7NYYHLJ1E4T1,A38IE69ORDCEGY,Approved,Sat Mar 07 23:44:00 EST 2015,Sat Mar 07 23:45:13 EST 2015,inverse document frequency,intuitive idf-based probability function,disjoint document events,Poisson-based probability,parameter estimation,emptyanswer,emptyanswer,emptyanswer,emptyanswer,emptyanswer,emptyanswer,emptyanswer,emptyanswer,emptyanswer,emptyanswer,emptyanswer
3ZLW647WAKUFNOHX8SD6YNK3C3X231,3ZV9H2YQQD64MOCYCE7FBDWE9WG3WN,A2KELEVTA0306Y,Approved,Sun Mar 08 08:38:07 EDT 2015,Sun Mar 08 08:40:45 EDT 2015,paper,reports,theoretical,investigations,assumptions,underlying,inverse,document,frequency,intuitive,idf-based,show,function,probability,informative,assumes
3ZLW647WAKUFNOHX8SD6YNK3C3X231,3EJJQNKU9R4E802BS5MBS8P70MKHR6,A1JWEYGDFDB100,Approved,Sun Mar 08 09:38:52 EDT 2015,Sun Mar 08 09:40:01 EDT 2015,Frequency-based,Poisson-based,Definition of the Probability,Being Informative,inverse document frequency,emptyanswer,emptyanswer,emptyanswer,emptyanswer,emptyanswer,emptyanswer,emptyanswer,emptyanswer,emptyanswer,emptyanswer,emptyanswer
3ZLW647WAKUFNOHX8SD6YNK3C3X231,3L4PIM1GQTF0UVS025QZE8KAQICRYU,A2GBY8O6GYSB89,Approved,Sun Mar 08 19:18:38 EDT 2015,Sun Mar 08 19:19:16 EDT 2015,Frequency-based,Poisson-based Definition,the Probability of Being Informative,theoretical investigations,inverse document frequency (idf),emptyanswer,emptyanswer,emptyanswer,emptyanswer,emptyanswer,emptyanswer,emptyanswer,emptyanswer,emptyanswer,emptyanswer,emptyanswer
3ZLW647WAKUFNOHX8SD6YNK3C3X231,3FPRZHYEPY6R7ZCTM42JPBD02OBV34,A156NFBMKKLDL9,Approved,Sun Mar 08 21:51:52 EDT 2015,Sun Mar 08 21:52:18 EDT 2015,Frequency-based,Poisson-based Definition,Probability of Being Informative,parameter estimation,intuitive idf-based probability function,emptyanswer,emptyanswer,emptyanswer,emptyanswer,emptyanswer,emptyanswer,emptyanswer,emptyanswer,emptyanswer,emptyanswer,emptyanswer
3ZLW647WAKUFNOHX8SD6YNK3C3X231,3XC1O3LBOSLTABYTNF64KFJW5P9TLN,A3GSN49YWM9CLD,Approved,Mon Mar 09 05:18:41 EDT 2015,Mon Mar 09 05:20:27 EDT 2015,document frequency,Poisson-based probability,theoretical investigations,inverse document frequency (idf),disjoint document events.,emptyanswer,emptyanswer,emptyanswer,emptyanswer,emptyanswer,emptyanswer,emptyanswer,emptyanswer,emptyanswer,emptyanswer,emptyanswer
3ZLW647WAKUFNOHX8SD6YNK3C3X231,3TPZPLC3M0BE2FFX0STKJJOIG163PP,A2SZAM3EZER2PH,Approved,Mon Mar 09 07:14:07 EDT 2015,Mon Mar 09 07:17:30 EDT 2015,localization accuracy,localization accuracy,probability of being informative probability of being informative probability of being informative probability of being informative,the parameter estimation,The framework is useful,emptyanswer,emptyanswer,emptyanswer,emptyanswer,emptyanswer,emptyanswer,emptyanswer,emptyanswer,emptyanswer,emptyanswer,emptyanswer
3ZLW647WAKUFNOHX8SD6YNK3C3X231,379J5II41OFRLSGWXKH9LTJV2GGELE,A3UY2GVCKC8LSL,Approved,Mon Mar 09 17:40:37 EDT 2015,Mon Mar 09 17:41:02 EDT 2015,Frequency-based,Poisson-based,Definition,Probability of Being Informative,idf,emptyanswer,emptyanswer,emptyanswer,emptyanswer,emptyanswer,emptyanswer,emptyanswer,emptyanswer,emptyanswer,emptyanswer,emptyanswer
3ZLW647WAKUFNOHX8SD6YNK3C3X231,3FQ5JJ512LNKVSBR5J8RWG0PR8CNK9,ACYGMRGAZ22U7,Approved,Mon Mar 09 18:01:48 EDT 2015,Mon Mar 09 18:02:00 EDT 2015,Keyword/Keyphrase 1:,Keyword/Keyphrase 1:,Keyword/Keyphrase 1:,Keyword/Keyphrase 1:,Keyword/Keyphrase 1:,emptyanswer,emptyanswer,emptyanswer,emptyanswer,emptyanswer,emptyanswer,emptyanswer,emptyanswer,emptyanswer,emptyanswer,emptyanswer
3ZLW647WAKUFNOHX8SD6YNK3C3X231,34HJIJKLP5VCPVVXMI72ZG56GPSV4C,A2E2IQ99W6B7AV,Approved,Mon Mar 09 19:09:43 EDT 2015,Mon Mar 09 19:11:00 EDT 2015,Document frequency,Poisson-based probability,Theoretical investigation,Independent documents,Retrieval model,emptyanswer,emptyanswer,emptyanswer,emptyanswer,emptyanswer,emptyanswer,emptyanswer,emptyanswer,emptyanswer,emptyanswer,emptyanswer
3ZLW647WAKUFNOHX8SD6YNK3C3X231,3X4MXAO0BGNW5QX0N48BTBZUFE8WR4,AW36CVMS3526O,Approved,Tue Mar 10 14:09:08 EDT 2015,Tue Mar 10 14:09:35 EDT 2015,Frequency,Informative,assumptions,probability,models,emptyanswer,emptyanswer,emptyanswer,emptyanswer,emptyanswer,emptyanswer,emptyanswer,emptyanswer,emptyanswer,emptyanswer,emptyanswer
3ZLW647WAKUFNOHX8SD6YNK3C3X231,3HVVDCPGTERDAA5S6UVUENLSE8ATYK,A3K6BSW10S4YKJ,Approved,Wed Mar 11 03:22:05 EDT 2015,Wed Mar 11 03:24:09 EDT 2015,inverse document frequency (idf).,disjoint document events,Poisson-based probability of being informative,estimation and combination in probabilistic retrieval models,Being Informative,emptyanswer,emptyanswer,emptyanswer,emptyanswer,emptyanswer,emptyanswer,emptyanswer,emptyanswer,emptyanswer,emptyanswer,emptyanswer
3ZLW647WAKUFNOHX8SD6YNK3C3X231,3JNQLM5FT4LZQC4G40M8JSA65GY2LE,ATRHDYWCIYTDJ,Approved,Wed Mar 11 05:02:37 EDT 2015,Wed Mar 11 05:02:51 EDT 2015,assumptions,inverse,frequency,intuitive,useful,emptyanswer,emptyanswer,emptyanswer,emptyanswer,emptyanswer,emptyanswer,emptyanswer,emptyanswer,emptyanswer,emptyanswer,emptyanswer
3ZLW647WAKUFNOHX8SD6YNK3C3X231,3LEIZ60CDJYUVL6J4ASW1UTIQWKZ9S,A3CMDYA9USA3MR,Approved,Wed Mar 11 07:59:51 EDT 2015,Wed Mar 11 08:00:05 EDT 2015,informative,deciding,estimation,combination,retrieval,emptyanswer,emptyanswer,emptyanswer,emptyanswer,emptyanswer,emptyanswer,emptyanswer,emptyanswer,emptyanswer,emptyanswer,emptyanswer
3ZLW647WAKUFNOHX8SD6YNK3C3X231,3PS7W85Z8Z1Y99XKYI3EF6S15049TS,AL9R6CILUG30X,Approved,Wed Mar 11 11:07:33 EDT 2015,Wed Mar 11 11:10:11 EDT 2015,Inverse Document Frequency (IDF),intuitive IDF,Independent documents,Poisson-based probability,Being Informative,Probabilistic retrieval models,emptyanswer,emptyanswer,emptyanswer,emptyanswer,emptyanswer,emptyanswer,emptyanswer,emptyanswer,emptyanswer,emptyanswer
3ZLW647WAKUFNOHX8SD6YNK3C3X231,3EJJQNKU9R4E802BS5MBS8P70SQRHY,A28IXE702NXWKQ,Approved,Wed Mar 11 16:10:54 EDT 2015,Wed Mar 11 16:14:28 EDT 2015,This paper reports,theoretical investigations,By assuming documents,parameter estimation,probabilistic retrieval models.,emptyanswer,emptyanswer,emptyanswer,emptyanswer,emptyanswer,emptyanswer,emptyanswer,emptyanswer,emptyanswer,emptyanswer,emptyanswer
3ZLW647WAKUFNOHX8SD6YNK3C3X231,3TR2532VIPTHDNZHOHMYTQEQHXH6JL,ANB69EQROUTQJ,Approved,Wed Mar 11 17:02:15 EDT 2015,Wed Mar 11 17:03:23 EDT 2015,probability,informative,inverse document frequency,disjoint document events,poisson-based,frequency-based,emptyanswer,emptyanswer,emptyanswer,emptyanswer,emptyanswer,emptyanswer,emptyanswer,emptyanswer,emptyanswer,emptyanswer
3ZLW647WAKUFNOHX8SD6YNK3C3X231,3IXQG4FA2TXYDN33YWCTFCMFZTPB9P,A2SDTL2V8VJ25O,Approved,Wed Mar 11 20:28:25 EDT 2015,Wed Mar 11 20:29:02 EDT 2015,Frequency,Poisson,Definition,Probability,Informative,emptyanswer,emptyanswer,emptyanswer,emptyanswer,emptyanswer,emptyanswer,emptyanswer,emptyanswer,emptyanswer,emptyanswer,emptyanswer
3ZLW647WAKUFNOHX8SD6YNK3C3X231,3DHE4R9OCWAJ4KQFT9PS605YA1AG2P,A2KS418T8MPLJH,Approved,Thu Mar 12 11:47:14 EDT 2015,Thu Mar 12 11:49:11 EDT 2015,his paper reports on theoretical investigations about the assumptions underlying the inverse document frequency (idf).,"By assuming documents to be independent rather than disjoint,",We show that an intuitive idf-based probability function for the probability of a term being informative assumes disjoint document events.,we arrive at a Poisson-based probability of being informative.,The framework is useful for understanding and deciding the parameter estimation and combination in probabilistic retrieval models.,emptyanswer,emptyanswer,emptyanswer,emptyanswer,emptyanswer,emptyanswer,emptyanswer,emptyanswer,emptyanswer,emptyanswer,emptyanswer
3ZLW647WAKUFNOHX8SD6YNK3C3X231,3HMVI3QICJRC1QTJ4BBK8H2XNRMY1O,ADVZAZ12Z8N9J,Approved,Thu Mar 12 12:14:44 EDT 2015,Thu Mar 12 12:18:04 EDT 2015,We show that an intuitive idf-based probability function for the probability of a term being informative assumes disjoint document events.,N/A,N/A,N/A,N/A,emptyanswer,emptyanswer,emptyanswer,emptyanswer,emptyanswer,emptyanswer,emptyanswer,emptyanswer,emptyanswer,emptyanswer,emptyanswer
3ZLW647WAKUFNOHX8SD6YNK3C3X231,33LKR6A5KEJGK4UPU5OL00AI8P81T6,AU3WQKISBW5MZ,Approved,Thu Mar 12 13:20:42 EDT 2015,Thu Mar 12 13:21:53 EDT 2015,"For other general voting games, we overcome the problem of computational complexity by presenting a new randomized method",We show that an intuitive idf-based probability function for the probability of a term being informative assumes We show that an intuitive idf-based probability function for the probability of a term being informative assumes,By assuming documents to be independent rather than disjoint,we arrive at a Poisson-based probability of being informative.,The framework is useful for understanding and deciding the parameter estimation and combination in probabilistic retrieval models.,emptyanswer,emptyanswer,emptyanswer,emptyanswer,emptyanswer,emptyanswer,emptyanswer,emptyanswer,emptyanswer,emptyanswer,emptyanswer
3ZLW647WAKUFNOHX8SD6YNK3C3X231,3E4GGUZ1T8QO66MYJ0A74SXRHJWK23,AM1HY736BY3Z8,Approved,Thu Mar 12 14:24:19 EDT 2015,Thu Mar 12 14:24:59 EDT 2015,Frequency-based and a Poisson-based Definition of the Probability of Being Informative,theoretical investigations about the assumptions underlying the inverse document frequency,intuitive idf-based probability function for the probability of a term being informative assumes disjoint document events,we arrive at a Poisson-based probability of being informative,The framework is useful for understanding and deciding the parameter estimation and combination in probabilistic retrieval models,emptyanswer,emptyanswer,emptyanswer,emptyanswer,emptyanswer,emptyanswer,emptyanswer,emptyanswer,emptyanswer,emptyanswer,emptyanswer
3ZLW647WAKUFNOHX8SD6YNK3C3X231,3TYCR1GOTCIPWN7ST7VM63KDRS7LZM,A3MRB8TFD1IUS6,Approved,Thu Mar 12 17:54:30 EDT 2015,Thu Mar 12 17:55:53 EDT 2015,Frequency based,Poisson based definition,Probability of Being Informative,framework,inverse document frequency,emptyanswer,emptyanswer,emptyanswer,emptyanswer,emptyanswer,emptyanswer,emptyanswer,emptyanswer,emptyanswer,emptyanswer,emptyanswer
3ZLW647WAKUFNOHX8SD6YNK3C3X231,3KB8R4ZV1E6DSXQBC2I37T8249UBGX,A1A9GCQVBEMT58,Approved,Fri Mar 13 08:12:29 EDT 2015,Fri Mar 13 08:16:15 EDT 2015,inverse document frequency,intuitive idf-based probability function,disjoint document event,Poisson-based probability,parameter estimation,combination in probabilistic retrieval models,emptyanswer,emptyanswer,emptyanswer,emptyanswer,emptyanswer,emptyanswer,emptyanswer,emptyanswer,emptyanswer,emptyanswer
3ZLW647WAKUFNOHX8SD6YNK3C3X231,3018Q3ZVOIPZYDUXMZCJBM23O0LARY,A3HPVFAF1U9WXK,Approved,Fri Mar 13 09:19:00 EDT 2015,Fri Mar 13 09:19:51 EDT 2015,Frequency-based Definition,Poisson-based Definition,Probability,inverse document frequency,informative,emptyanswer,emptyanswer,emptyanswer,emptyanswer,emptyanswer,emptyanswer,emptyanswer,emptyanswer,emptyanswer,emptyanswer,emptyanswer
3ZLW647WAKUFNOHX8SD6YNK3C3X231,38BQUHLA9WZX31B6RALKQISY7UUOMR,A2UNRV6PEOEXG0,Approved,Fri Mar 13 12:50:09 EDT 2015,Fri Mar 13 12:51:13 EDT 2015,Poisson-based,PRobability of being informative,parameter estimation,probabilistic retrieval models,inverse document frequency,emptyanswer,emptyanswer,emptyanswer,emptyanswer,emptyanswer,emptyanswer,emptyanswer,emptyanswer,emptyanswer,emptyanswer,emptyanswer
3ZLW647WAKUFNOHX8SD6YNK3C3X231,3ZGVPD4G6TGDF0FX2GXDSUUUL6VTZ1,A610SH5RY1NG1,Approved,Fri Mar 13 14:06:33 EDT 2015,Fri Mar 13 14:07:01 EDT 2015,frequency,probability,assumptions,documents,theoretical,emptyanswer,emptyanswer,emptyanswer,emptyanswer,emptyanswer,emptyanswer,emptyanswer,emptyanswer,emptyanswer,emptyanswer,emptyanswer
3ZLW647WAKUFNOHX8SD6YNK3C3X231,3OCHAWUVGOJP7MPV7PV0UIRNUT8KXR,A330N7LVL2IOVZ,Approved,Fri Mar 13 15:11:11 EDT 2015,Fri Mar 13 15:12:41 EDT 2015,theoretical investigations,inverse document frequency,probability function,independent documents,Poisson-based probability,emptyanswer,emptyanswer,emptyanswer,emptyanswer,emptyanswer,emptyanswer,emptyanswer,emptyanswer,emptyanswer,emptyanswer,emptyanswer
3ZLW647WAKUFNOHX8SD6YNK3C3X231,3IUZPWIU1O6AIMK5XKZESZDGLS2WKC,A3DTN2OMF6DUSI,Approved,Fri Mar 13 22:42:26 EDT 2015,Fri Mar 13 22:42:54 EDT 2015,Frequency,Poisson,Probability,Informative,inverse document frequency,emptyanswer,emptyanswer,emptyanswer,emptyanswer,emptyanswer,emptyanswer,emptyanswer,emptyanswer,emptyanswer,emptyanswer,emptyanswer
3ZLW647WAKUFNOHX8SD6YNK3C3X231,3LKC68YZ3A2T8D5KVCR7ZGUP5ZYWOM,A2Z9HR2IBD75R9,Approved,Sat Mar 14 09:50:36 EDT 2015,Sat Mar 14 09:50:56 EDT 2015,Poisson-based Definition,Frequency,Informative,document,framework,emptyanswer,emptyanswer,emptyanswer,emptyanswer,emptyanswer,emptyanswer,emptyanswer,emptyanswer,emptyanswer,emptyanswer,emptyanswer
3ZLW647WAKUFNOHX8SD6YNK3C3X231,39RP059MEHSDK7MXN5GYKYSZ0ZUMBC,A3PRX6CU0P34NE,Approved,Sat Mar 14 15:54:34 EDT 2015,Sat Mar 14 16:09:51 EDT 2015,Probability of Being Informative,Inverse document frequency,Intuitive IDF-based probability function,Poisson-based probability,Probabilistic retrieval models,emptyanswer,emptyanswer,emptyanswer,emptyanswer,emptyanswer,emptyanswer,emptyanswer,emptyanswer,emptyanswer,emptyanswer,emptyanswer
3ZLW647WAKUFNOHX8SD6YNK3C3X231,3GD6L00D3SWC7945L8N9EMFQEN6M1W,AH3ER3EJXHRO2,Approved,Sat Mar 14 17:15:53 EDT 2015,Sat Mar 14 17:16:30 EDT 2015,frequency based,poisson-based,probability,theoretical investigations,inverse document frequency,emptyanswer,emptyanswer,emptyanswer,emptyanswer,emptyanswer,emptyanswer,emptyanswer,emptyanswer,emptyanswer,emptyanswer,emptyanswer
3ZLW647WAKUFNOHX8SD6YNK3C3X231,3D8YOU6S9EJQR3AB0GQC0SN1ZKPU6U,ACVJ6IUO9QM4R,Approved,Sat Mar 14 17:09:26 EDT 2015,Sat Mar 14 17:17:19 EDT 2015,inverse document frequency (idf),underlying assumptions of inverse document theory (idf),theoretical investigations,intuitive idf-based probability function for the probability of a term being informative assumes disjoint document events.,Poisson-based probability of being informative,emptyanswer,emptyanswer,emptyanswer,emptyanswer,emptyanswer,emptyanswer,emptyanswer,emptyanswer,emptyanswer,emptyanswer,emptyanswer
3ZLW647WAKUFNOHX8SD6YNK3C3X231,34QN5IT0TZQXFVHJVO9QVZVLPQC80S,A1HDFKT3ZGK25P,Approved,Sat Mar 14 17:28:17 EDT 2015,Sat Mar 14 17:29:38 EDT 2015,theoretical investigations,assumptions,inverse document frequency (idf),intuitive idf-based probability function,disjoint document events,Poisson-based probability,probabilistic retrieval models,parameter estimation,emptyanswer,emptyanswer,emptyanswer,emptyanswer,emptyanswer,emptyanswer,emptyanswer,emptyanswer
3ZLW647WAKUFNOHX8SD6YNK3C3X231,3WI0P0II61RXWKX9693L1NA998IDRD,A1G94QON7A9K0N,Approved,Sat Mar 14 20:26:13 EDT 2015,Sat Mar 14 20:26:40 EDT 2015,idf,poisson,informative,parameter,probabilistic,emptyanswer,emptyanswer,emptyanswer,emptyanswer,emptyanswer,emptyanswer,emptyanswer,emptyanswer,emptyanswer,emptyanswer,emptyanswer
3ZLW647WAKUFNOHX8SD6YNK3C3X231,3EICBYG644V6T48IY8Z1FQ60ERDJCS,A1BV5YY1UQCMZY,Approved,Sat Mar 14 20:36:07 EDT 2015,Sat Mar 14 20:38:50 EDT 2015,frequency-based definition,poisson-based definition,probability,informative,theoretical investigations,idf,parameter estimation,retrieval models,emptyanswer,emptyanswer,emptyanswer,emptyanswer,emptyanswer,emptyanswer,emptyanswer,emptyanswer
3ZLW647WAKUFNOHX8SD6YNK3C3X231,37M28K1J0QCI0PBKEU3A9VGCEOSAJH,A29ZV4XJB7R1O,Approved,Sat Mar 14 20:31:33 EDT 2015,Sat Mar 14 20:43:00 EDT 2015,Frequency,Poisson,Probability,Informative,idf,emptyanswer,emptyanswer,emptyanswer,emptyanswer,emptyanswer,emptyanswer,emptyanswer,emptyanswer,emptyanswer,emptyanswer,emptyanswer
3ZLW647WAKUFNOHX8SD6YNK3C3X231,3UXUOQ9OKEWPGUAIDLED65B3NTYA7G,A2TM0CPAMAO45B,Approved,Sat Mar 14 21:12:57 EDT 2015,Sat Mar 14 21:13:50 EDT 2015,Probability of Being Informative,inverse document frequency (idf),probability function,documents,Poisson-based probability,emptyanswer,emptyanswer,emptyanswer,emptyanswer,emptyanswer,emptyanswer,emptyanswer,emptyanswer,emptyanswer,emptyanswer,emptyanswer
