HitId,AssignmentId,WorkerId,Status,AcceptTime,SubmitTime,Answer 1,Answer 2,Answer 3,Answer 4,Answer 5,Answer 6,Answer 7,Answer 8,Answer 9,Answer 10,Answer 11,Answer 12,Answer 13,Answer 14,Answer 15,Answer 16
3ZXV7Q5FJANN1IPSPG3EB9IMRKFFCW,3Y54SXRO1LKWT1LNWTY5B2FFIY4TUJ,AK81F0NOBFJS3,Approved,Mon Mar 02 12:44:43 EST 2015,Mon Mar 02 12:47:21 EST 2015,elicitation,Learning theory,Polynomial,monotone DNF,Linear-threshold functions,emptyanswer,emptyanswer,emptyanswer,emptyanswer,emptyanswer,emptyanswer,emptyanswer,emptyanswer,emptyanswer,emptyanswer,emptyanswer
3ZXV7Q5FJANN1IPSPG3EB9IMRKFFCW,36W0OB37HWDNARO22MGOEBR69MOZH4,A2YW509B0UMSEH,Approved,Mon Mar 02 12:51:49 EST 2015,Mon Mar 02 12:56:07 EST 2015,Algorithms,problem,Learning Algorithms,polynomials,elicitation algorithms,emptyanswer,emptyanswer,emptyanswer,emptyanswer,emptyanswer,emptyanswer,emptyanswer,emptyanswer,emptyanswer,emptyanswer,emptyanswer
3ZXV7Q5FJANN1IPSPG3EB9IMRKFFCW,3LKC68YZ3A2T8D5KVCR7ZGUP473OWY,A22R7DT2XQIKXV,Approved,Mon Mar 02 14:58:35 EST 2015,Mon Mar 02 14:58:40 EST 2015,aa,aa,aa,aa,aa,emptyanswer,emptyanswer,emptyanswer,emptyanswer,emptyanswer,emptyanswer,emptyanswer,emptyanswer,emptyanswer,emptyanswer,emptyanswer
3ZXV7Q5FJANN1IPSPG3EB9IMRKFFCW,3UNH76FOCS49XFF8XXUIS9Q0KF5YM9,A19PATBI3SQNU0,Approved,Mon Mar 02 19:51:46 EST 2015,Mon Mar 02 19:54:05 EST 2015,Applying Learning Algorithms,preference elicitation,learning theory,polynomials,linear-threshold functions,emptyanswer,emptyanswer,emptyanswer,emptyanswer,emptyanswer,emptyanswer,emptyanswer,emptyanswer,emptyanswer,emptyanswer,emptyanswer
3ZXV7Q5FJANN1IPSPG3EB9IMRKFFCW,3YT88D1N08XDROIHN0OCN22JM9N3KB,A2R085B34P2LYS,Approved,Mon Mar 02 22:52:11 EST 2015,Mon Mar 02 23:14:34 EST 2015,Learning,Algorithms,Preference,Elicitation,undefined,emptyanswer,emptyanswer,emptyanswer,emptyanswer,emptyanswer,emptyanswer,emptyanswer,emptyanswer,emptyanswer,emptyanswer,emptyanswer
3ZXV7Q5FJANN1IPSPG3EB9IMRKFFCW,3KJYX6QCM9A2SDEIPPU65IUPY4LVJ6,A2BA1R9MAHHWJH,Approved,Tue Mar 03 01:14:34 EST 2015,Tue Mar 03 01:23:13 EST 2015,consider the parallels,preference elicitation problem,combinatorial auctions,problem of learning,function from learning theory,We show that learning algorithms,preference elicitation,algorithms,resulting elicitation,algorithms perform,polynomial number of queries,We also give conditions under which the resulting algorithms,polynomial communication,Our conversion procedure,generate combinatorial auction,polynomial communication.
3ZXV7Q5FJANN1IPSPG3EB9IMRKFFCW,3FTYUGLFSUK8RXZB92QIYM5DGXWD5F,A27I79P03I0ZPO,Approved,Tue Mar 03 05:23:38 EST 2015,Tue Mar 03 05:57:39 EST 2015,Learning,Algorithms,Preference,Elicitation,combinatorial,emptyanswer,emptyanswer,emptyanswer,emptyanswer,emptyanswer,emptyanswer,emptyanswer,emptyanswer,emptyanswer,emptyanswer,emptyanswer
3ZXV7Q5FJANN1IPSPG3EB9IMRKFFCW,3X4JMASXCM8GHTFQY0T0M1LMW4FB0R,A3ODG942FG22PJ,Approved,Tue Mar 03 08:42:35 EST 2015,Tue Mar 03 08:42:53 EST 2015,Learning,Algorithms,Preference,Elicitation,DNF,na,na,na,na,na,na,na,na,na,na,na
3ZXV7Q5FJANN1IPSPG3EB9IMRKFFCW,34S9DKFK73OFFX089Y9I5OF0P6ANYV,A1B5NXRZQYRC4R,Approved,Tue Mar 03 08:57:31 EST 2015,Tue Mar 03 08:57:56 EST 2015,applying,learning,algorithms,preference,elicitation,emptyanswer,emptyanswer,emptyanswer,emptyanswer,emptyanswer,emptyanswer,emptyanswer,emptyanswer,emptyanswer,emptyanswer,emptyanswer
3ZXV7Q5FJANN1IPSPG3EB9IMRKFFCW,351SEKWQS0G6Z4KH1174FOGZ2SXDMG,A26M2B8NZVKWTZ,Approved,Tue Mar 03 09:40:55 EST 2015,Tue Mar 03 10:02:44 EST 2015,Learning,Elicitation,Algorithms,queries,XOR,emptyanswer,emptyanswer,emptyanswer,emptyanswer,emptyanswer,emptyanswer,emptyanswer,emptyanswer,emptyanswer,emptyanswer,emptyanswer
3ZXV7Q5FJANN1IPSPG3EB9IMRKFFCW,3L6L49WXW0WVR1GIGRPPVIB73KH457,A1LQZW7ROEUUJ9,Approved,Tue Mar 03 10:43:00 EST 2015,Tue Mar 03 10:44:45 EST 2015,Algorithms,Learning,preference elicitation,combinatorial auction protocols,polynomial communication,emptyanswer,emptyanswer,emptyanswer,emptyanswer,emptyanswer,emptyanswer,emptyanswer,emptyanswer,emptyanswer,emptyanswer,emptyanswer
3ZXV7Q5FJANN1IPSPG3EB9IMRKFFCW,3TXWC2NHNZPXU9K59IYO51WF3WHS97,A9HQ3E0F2AGVO,Approved,Tue Mar 03 16:36:16 EST 2015,Tue Mar 03 16:37:09 EST 2015,preference elicitation,Learning Algorithms,polynomial communication,combinatorial auction protocols,XOR bids,emptyanswer,emptyanswer,emptyanswer,emptyanswer,emptyanswer,emptyanswer,emptyanswer,emptyanswer,emptyanswer,emptyanswer,emptyanswer
3ZXV7Q5FJANN1IPSPG3EB9IMRKFFCW,33PPO7FECVEK3LUQGM9CNV9ILKVDIK,A3LUJSAN4DQ1ZT,Approved,Wed Mar 04 01:58:13 EST 2015,Wed Mar 04 02:00:43 EST 2015,Learning theory,algorithms,preference elicitation,linear-threshold functions,polynomial communication,auction protocols,emptyanswer,emptyanswer,emptyanswer,emptyanswer,emptyanswer,emptyanswer,emptyanswer,emptyanswer,emptyanswer,emptyanswer
3ZXV7Q5FJANN1IPSPG3EB9IMRKFFCW,3URFVVM165HSFDUM2LNNXQGW3YUUZC,A3A6FIAZ2W81,Approved,Wed Mar 04 02:39:19 EST 2015,Wed Mar 04 02:40:25 EST 2015,algorithms,learning algorithms,preference elicitation algorithms,queries,conversion procedure,emptyanswer,emptyanswer,emptyanswer,emptyanswer,emptyanswer,emptyanswer,emptyanswer,emptyanswer,emptyanswer,emptyanswer,emptyanswer
3ZXV7Q5FJANN1IPSPG3EB9IMRKFFCW,3EICBYG644V6T48IY8Z1FQ60D0WCJL,A3FFZN4FO3Q789,Approved,Wed Mar 04 10:37:45 EST 2015,Wed Mar 04 10:51:51 EST 2015,networks,networks,networks,networks,networks,emptyanswer,emptyanswer,emptyanswer,emptyanswer,emptyanswer,emptyanswer,emptyanswer,emptyanswer,emptyanswer,emptyanswer,emptyanswer
3ZXV7Q5FJANN1IPSPG3EB9IMRKFFCW,3JPSL1DZ5SYEJF25TSV222XTMHLANQ,A3H35QRODK1C4K,Approved,Wed Mar 04 11:52:08 EST 2015,Wed Mar 04 11:52:42 EST 2015,applying,learning,algorithms,preference,elicitation,emptyanswer,emptyanswer,emptyanswer,emptyanswer,emptyanswer,emptyanswer,emptyanswer,emptyanswer,emptyanswer,emptyanswer,emptyanswer
3ZXV7Q5FJANN1IPSPG3EB9IMRKFFCW,3MB8LZR5BFSU7S86T6SCJOW0MZTKLT,A2F6ZON8X5EAGL,Approved,Wed Mar 04 15:34:43 EST 2015,Wed Mar 04 15:35:17 EST 2015,Applying Learning Algorithms to Preference Elicitation,problem,theory,communication,protocols,emptyanswer,emptyanswer,emptyanswer,emptyanswer,emptyanswer,emptyanswer,emptyanswer,emptyanswer,emptyanswer,emptyanswer,emptyanswer
3ZXV7Q5FJANN1IPSPG3EB9IMRKFFCW,33F859I566CRSTLMW80LSTK3IPCBHW,A3S81UFDOWF2ST,Approved,Wed Mar 04 23:32:12 EST 2015,Wed Mar 04 23:32:41 EST 2015,Learning Algorithms,Preference Elicitation,monotone DNF,linear-threshold functions,algorithms for polynomials,emptyanswer,emptyanswer,emptyanswer,emptyanswer,emptyanswer,emptyanswer,emptyanswer,emptyanswer,emptyanswer,emptyanswer,emptyanswer
3ZXV7Q5FJANN1IPSPG3EB9IMRKFFCW,3TDXMTX3CBTLICFB6Z1YHPZQ42D6IY,A3I10J1GPDAPQR,Approved,Thu Mar 05 05:55:43 EST 2015,Thu Mar 05 05:58:04 EST 2015,Learning Algorithms,preference elicitation problem in combinatorial auctions,polynomial number of queries,combinatorial auction protocols,"polynomials, monotone DNF, and linear-threshold functions",emptyanswer,emptyanswer,emptyanswer,emptyanswer,emptyanswer,emptyanswer,emptyanswer,emptyanswer,emptyanswer,emptyanswer,emptyanswer
3ZXV7Q5FJANN1IPSPG3EB9IMRKFFCW,3G5W44VEU7HEL0U5IFVW6WRSQKLKG5,A1YLO4LT02D2F0,Approved,Thu Mar 05 11:03:02 EST 2015,Thu Mar 05 11:04:03 EST 2015,consider the parallels,function from learning theory,learning algorithms can be used,The resulting elicitation algorithms,obtain an algorithm that elicits,emptyanswer,emptyanswer,emptyanswer,emptyanswer,emptyanswer,emptyanswer,emptyanswer,emptyanswer,emptyanswer,emptyanswer,emptyanswer
3ZXV7Q5FJANN1IPSPG3EB9IMRKFFCW,37QW5D2ZRGLXG41V4QSA5514JVMS8F,A1QUDNLO95AKS5,Approved,Thu Mar 05 11:28:28 EST 2015,Thu Mar 05 11:29:41 EST 2015,Applying Learning Algorithms,Preference Elicitation,learning algorithms,monotone DNF,linear-threshold functions,emptyanswer,emptyanswer,emptyanswer,emptyanswer,emptyanswer,emptyanswer,emptyanswer,emptyanswer,emptyanswer,emptyanswer,emptyanswer
3ZXV7Q5FJANN1IPSPG3EB9IMRKFFCW,34T446B1C0DZRY7WC0PVXLR4EUUC0O,A3DHYTZ1GPN0T8,Approved,Thu Mar 05 12:37:48 EST 2015,Thu Mar 05 12:39:06 EST 2015,preference,elicitation,polynomial,monotone DNF,linear-threshold functions,emptyanswer,emptyanswer,emptyanswer,emptyanswer,emptyanswer,emptyanswer,emptyanswer,emptyanswer,emptyanswer,emptyanswer,emptyanswer
3ZXV7Q5FJANN1IPSPG3EB9IMRKFFCW,3RKNTXVS3MXSX7SZBNG63TRTV5J4AS,ADUJUZANFOWKW,Approved,Thu Mar 05 20:45:21 EST 2015,Thu Mar 05 20:45:45 EST 2015,preference,elicitation,algorithms,learning,communication,emptyanswer,emptyanswer,emptyanswer,emptyanswer,emptyanswer,emptyanswer,emptyanswer,emptyanswer,emptyanswer,emptyanswer,emptyanswer
3ZXV7Q5FJANN1IPSPG3EB9IMRKFFCW,3F0BG9B9MPMQCC8LTRST9RTAP0X7YE,A9LA6QK6VCERR,Approved,Fri Mar 06 02:00:16 EST 2015,Fri Mar 06 02:01:52 EST 2015,Learning Algorithms,Preference Elicitation,combinatorial auctions,elicitation algorithms,monotone DNF,linear-threshold function,XOR,emptyanswer,emptyanswer,emptyanswer,emptyanswer,emptyanswer,emptyanswer,emptyanswer,emptyanswer,emptyanswer
3ZXV7Q5FJANN1IPSPG3EB9IMRKFFCW,3ZPPDN2SLVVWKQFN8NEJGKS02F9E9D,AQXSUU4I4DAH8,Approved,Fri Mar 06 10:59:11 EST 2015,Fri Mar 06 10:59:52 EST 2015,elicitation algorithms,Applying Learning Algorithms,polynomial communication,unknown function from learning theory,esulting algorithms,emptyanswer,emptyanswer,emptyanswer,emptyanswer,emptyanswer,emptyanswer,emptyanswer,emptyanswer,emptyanswer,emptyanswer,emptyanswer
3ZXV7Q5FJANN1IPSPG3EB9IMRKFFCW,3Y5140Z9DXFTSIXGLV07NPQ7ZDZIPO,ADVZAZ12Z8N9J,Approved,Fri Mar 06 11:05:35 EST 2015,Fri Mar 06 11:42:10 EST 2015,We consider the parallels between the preference elicitation problem in combinatorial auctions and the problem of learning an unknown function from learning theory.,The resulting elicitation algorithms perform a polynomial number of queries.,We also give conditions under which the resulting algorithms have polynomial communication.,"Our conversion procedure allows us to generate combinatorial auction protocols from learning algorithms for polynomials, monotone DNF, and linear-threshold functions. In particular, we obtain an algorithm that elicits XOR bids with polynomial communication.",N/A,emptyanswer,emptyanswer,emptyanswer,emptyanswer,emptyanswer,emptyanswer,emptyanswer,emptyanswer,emptyanswer,emptyanswer,emptyanswer
3ZXV7Q5FJANN1IPSPG3EB9IMRKFFCW,3X73LLYYQ1DTT2AJZY5UJOKXZM0NHN,A1XRIEYLA7ZJ3B,Approved,Fri Mar 06 21:08:38 EST 2015,Fri Mar 06 21:12:53 EST 2015,Applying Learning Algorithms to Preference Elicitation,preference elicitation problem in combinatorial auctions,learning an unknown function from learning theory,learning algorithms can be used as a basis for preference elicitation algorithms,polynomial communication,"polynomials, monotone DNF, and linear-threshold functions",We obtain an algorithm that elicits XOR bids with polynomial communication.,emptyanswer,emptyanswer,emptyanswer,emptyanswer,emptyanswer,emptyanswer,emptyanswer,emptyanswer,emptyanswer
3ZXV7Q5FJANN1IPSPG3EB9IMRKFFCW,3OHYZ19UGC4W102HU7VFHRXYC1IAOH,A1VOWQJOBWOVKG,Approved,Fri Mar 06 21:46:03 EST 2015,Fri Mar 06 21:47:04 EST 2015,Applying Learning Algorithms,Preference Elicitation,combinatorial auctions,problem of learning an unknown function,polynomial communication,emptyanswer,emptyanswer,emptyanswer,emptyanswer,emptyanswer,emptyanswer,emptyanswer,emptyanswer,emptyanswer,emptyanswer,emptyanswer
3ZXV7Q5FJANN1IPSPG3EB9IMRKFFCW,30LSNF239UUX0BWAJXPVRCIEO5K2I2,A2KELEVTA0306Y,Approved,Sat Mar 07 05:31:02 EST 2015,Sat Mar 07 05:35:57 EST 2015,consider,unknown,function,learning,theory,algorithms,preference,elicitation,resulting,elicitation,perform,polynomial,number,queries,conditions,communication
3ZXV7Q5FJANN1IPSPG3EB9IMRKFFCW,3QRYMNZ7FYGJYB1EZSMJX7NLAH0NT4,AWQK8QA93VLW9,Approved,Sat Mar 07 10:14:41 EST 2015,Sat Mar 07 10:17:40 EST 2015,Learning Algorithms,Preference Elicitation,preference elicitation problem,combinatorial auctions,learning algorithms,preference elicitation algorithms,polynomial communication,combinatorial auction protocols,monotone DNF,linear-threshold functions,XOR bids,emptyanswer,emptyanswer,emptyanswer,emptyanswer,emptyanswer
3ZXV7Q5FJANN1IPSPG3EB9IMRKFFCW,3HQUKB7LNFD1J6O8W0AHE4N1DBZHHI,A2GBY8O6GYSB89,Approved,Sat Mar 07 11:30:40 EST 2015,Sat Mar 07 11:31:40 EST 2015,Learning Algorithms,Preference Elicitation,combinatorial auctions,preference elicitation algorithms,polynomial number of queries,emptyanswer,emptyanswer,emptyanswer,emptyanswer,emptyanswer,emptyanswer,emptyanswer,emptyanswer,emptyanswer,emptyanswer,emptyanswer
3ZXV7Q5FJANN1IPSPG3EB9IMRKFFCW,3RU7GD8VPOSIMW0CQ7ULRRWU8DVPSL,A37WDQ1VG5XN6Z,Approved,Sat Mar 07 13:33:39 EST 2015,Sat Mar 07 13:33:53 EST 2015,nothing,nothing,nothing,nothing,nothing,emptyanswer,emptyanswer,emptyanswer,emptyanswer,emptyanswer,emptyanswer,emptyanswer,emptyanswer,emptyanswer,emptyanswer,emptyanswer
3ZXV7Q5FJANN1IPSPG3EB9IMRKFFCW,3180JW2OT4BLUJZ3JYCT1K0QLUL5J3,A1W7BQWWGKJ3XF,Approved,Sat Mar 07 15:14:40 EST 2015,Sat Mar 07 15:19:01 EST 2015,Learning Algorithms,Preference Elicitation,combinatorial auctions,XOR bids,polynomial communication,polynomials,emptyanswer,emptyanswer,emptyanswer,emptyanswer,emptyanswer,emptyanswer,emptyanswer,emptyanswer,emptyanswer,emptyanswer
3ZXV7Q5FJANN1IPSPG3EB9IMRKFFCW,3ZY8KE4ISJ2JE0IVKFEF2J6BCE5QVE,A38IE69ORDCEGY,Approved,Sat Mar 07 21:49:59 EST 2015,Sat Mar 07 21:51:58 EST 2015,Learning alorithms,preference elicitation,combinatorial auctions,polynomial communication and queries,combinatorial auction protocols,emptyanswer,emptyanswer,emptyanswer,emptyanswer,emptyanswer,emptyanswer,emptyanswer,emptyanswer,emptyanswer,emptyanswer,emptyanswer
3ZXV7Q5FJANN1IPSPG3EB9IMRKFFCW,3OSWBBLG1EWHTGJLF89DQ5WX9BNXDK,A3G4SXD4N30C3L,Approved,Sun Mar 08 15:29:49 EDT 2015,Sun Mar 08 15:30:23 EDT 2015,Applying Learning Algorithms,Preference Elicitation,combinatorial auctions,learning theory,polynomial communication,XOR bids,emptyanswer,emptyanswer,emptyanswer,emptyanswer,emptyanswer,emptyanswer,emptyanswer,emptyanswer,emptyanswer,emptyanswer
3ZXV7Q5FJANN1IPSPG3EB9IMRKFFCW,3NG53N1RLVI03CL3C9OGA0WTWM1P84,A156NFBMKKLDL9,Approved,Sun Mar 08 21:41:41 EDT 2015,Sun Mar 08 21:42:03 EDT 2015,Applying Learning Algorithms,Preference Elicitation,combinatorial auction protocols,"polynomials, monotone DNF, and linear-threshold functions",polynomial communication,emptyanswer,emptyanswer,emptyanswer,emptyanswer,emptyanswer,emptyanswer,emptyanswer,emptyanswer,emptyanswer,emptyanswer,emptyanswer
3ZXV7Q5FJANN1IPSPG3EB9IMRKFFCW,3L4PIM1GQTF0UVS025QZE8KAQKPRYB,A2SZAM3EZER2PH,Approved,Mon Mar 09 07:43:55 EDT 2015,Mon Mar 09 07:44:27 EDT 2015,consider the parallels,combinatorial auctions,also give conditions,monotone DNF,polynomial communication,emptyanswer,emptyanswer,emptyanswer,emptyanswer,emptyanswer,emptyanswer,emptyanswer,emptyanswer,emptyanswer,emptyanswer,emptyanswer
3ZXV7Q5FJANN1IPSPG3EB9IMRKFFCW,3P59JYT76LJN9PCLD9OZ5JKNZQ22TT,A17JEL4FN1B9TB,Approved,Mon Mar 09 12:13:04 EDT 2015,Mon Mar 09 12:14:14 EDT 2015,Applying,learning,algorithms,preference,Elicitation,combinatorial,auctions,theory,emptyanswer,emptyanswer,emptyanswer,emptyanswer,emptyanswer,emptyanswer,emptyanswer,emptyanswer
3ZXV7Q5FJANN1IPSPG3EB9IMRKFFCW,345LHZDEDXRRUKNTHESETPBHOIIU3W,A3UY2GVCKC8LSL,Approved,Mon Mar 09 17:43:33 EDT 2015,Mon Mar 09 17:44:05 EDT 2015,Applying Learning Algorithm,Preference Elicitation,DNF,polynomials,XOR bids,emptyanswer,emptyanswer,emptyanswer,emptyanswer,emptyanswer,emptyanswer,emptyanswer,emptyanswer,emptyanswer,emptyanswer,emptyanswer
3ZXV7Q5FJANN1IPSPG3EB9IMRKFFCW,3GNCZX450IMEM0EI978U6R2OMBJAPD,ACYGMRGAZ22U7,Approved,Mon Mar 09 18:03:53 EDT 2015,Mon Mar 09 18:03:58 EDT 2015,Keyword/Keyphrase 1:,Keyword/Keyphrase 1:,Keyword/Keyphrase 1:,Keyword/Keyphrase 1:,Keyword/Keyphrase 1:,emptyanswer,emptyanswer,emptyanswer,emptyanswer,emptyanswer,emptyanswer,emptyanswer,emptyanswer,emptyanswer,emptyanswer,emptyanswer
3ZXV7Q5FJANN1IPSPG3EB9IMRKFFCW,3Z4AIRP3C6CN1L39ZFPIP3VOKGT1XB,A16MCPIUMNIDW,Approved,Mon Mar 09 20:10:57 EDT 2015,Mon Mar 09 20:12:06 EDT 2015,learning algorithms,preference elicitation problem,combinatorial auctions,learning theory,elicitation algorithms,monotone DNF,conversion procedure,emptyanswer,emptyanswer,emptyanswer,emptyanswer,emptyanswer,emptyanswer,emptyanswer,emptyanswer,emptyanswer
3ZXV7Q5FJANN1IPSPG3EB9IMRKFFCW,3URFVVM165HSFDUM2LNNXQGW3ENZU6,APEB5ERGCYP6D,Approved,Tue Mar 10 02:46:14 EDT 2015,Tue Mar 10 02:55:03 EDT 2015,arallels between the preference elicitation problem,combinatorial auctions and the problem of learning an unknown function,an algorithm that elicits XOR bids with polynomial communication,generate combinatorial auction protocols,learning algorithms for polynomials,emptyanswer,emptyanswer,emptyanswer,emptyanswer,emptyanswer,emptyanswer,emptyanswer,emptyanswer,emptyanswer,emptyanswer,emptyanswer
3ZXV7Q5FJANN1IPSPG3EB9IMRKFFCW,3SNVL38CI4R14OE0GTZDG56DS6QCKC,AW36CVMS3526O,Approved,Tue Mar 10 12:17:50 EDT 2015,Tue Mar 10 12:18:33 EDT 2015,Algorithms,Preference Elicitation,elicitation problem,communication,polynomials,emptyanswer,emptyanswer,emptyanswer,emptyanswer,emptyanswer,emptyanswer,emptyanswer,emptyanswer,emptyanswer,emptyanswer,emptyanswer
3ZXV7Q5FJANN1IPSPG3EB9IMRKFFCW,3YWRV122CSYDVHTZTVNAK6JS4678U3,A1JWEYGDFDB100,Approved,Tue Mar 10 13:32:40 EDT 2015,Tue Mar 10 13:34:06 EDT 2015,Learning Algorithms,Preference Elicitation,combinatorial auctions,learning theory,"polynomials, monotone DNF, and linear-threshold functions",emptyanswer,emptyanswer,emptyanswer,emptyanswer,emptyanswer,emptyanswer,emptyanswer,emptyanswer,emptyanswer,emptyanswer,emptyanswer
3ZXV7Q5FJANN1IPSPG3EB9IMRKFFCW,3PQ8K71NHXJ7ZW8GKOQXGWDTNSFAAZ,A3K6BSW10S4YKJ,Approved,Wed Mar 11 00:53:05 EDT 2015,Wed Mar 11 00:54:14 EDT 2015,elicitation problem,preference elicitation algorithms,perform a polynomial number of queries.,have polynomial communication.,monotone DNF,emptyanswer,emptyanswer,emptyanswer,emptyanswer,emptyanswer,emptyanswer,emptyanswer,emptyanswer,emptyanswer,emptyanswer,emptyanswer
3ZXV7Q5FJANN1IPSPG3EB9IMRKFFCW,3M0NZ3JDP1XBUY471KFFPEOG4ZUZ5S,ATRHDYWCIYTDJ,Approved,Wed Mar 11 04:12:48 EDT 2015,Wed Mar 11 04:13:03 EDT 2015,obtain,between,elicitation,algorithms,learning,emptyanswer,emptyanswer,emptyanswer,emptyanswer,emptyanswer,emptyanswer,emptyanswer,emptyanswer,emptyanswer,emptyanswer,emptyanswer
3ZXV7Q5FJANN1IPSPG3EB9IMRKFFCW,3DUZQ9U6SMNVRGX8CJ3KXJLCU93VSZ,A3CMDYA9USA3MR,Approved,Wed Mar 11 07:40:00 EDT 2015,Wed Mar 11 07:40:15 EDT 2015,parallels,preference,problem,auctions,algorithm,emptyanswer,emptyanswer,emptyanswer,emptyanswer,emptyanswer,emptyanswer,emptyanswer,emptyanswer,emptyanswer,emptyanswer,emptyanswer
3ZXV7Q5FJANN1IPSPG3EB9IMRKFFCW,3180JW2OT4BLUJZ3JYCT1K0QL23J5F,A28IXE702NXWKQ,Approved,Wed Mar 11 15:23:27 EDT 2015,Wed Mar 11 15:24:46 EDT 2015,We consider the parallels,between the preference elicitation problem,combinatorial auctions and the problem of learning an unknown function,Our conversion procedure allows us to generate combinatorial auction protocols,obtain an algorithm that elicits XOR bids with polynomial communication,emptyanswer,emptyanswer,emptyanswer,emptyanswer,emptyanswer,emptyanswer,emptyanswer,emptyanswer,emptyanswer,emptyanswer,emptyanswer
3ZXV7Q5FJANN1IPSPG3EB9IMRKFFCW,3X4MXAO0BGNW5QX0N48BTBZUFG3RWY,A2E2IQ99W6B7AV,Approved,Wed Mar 11 16:17:38 EDT 2015,Wed Mar 11 16:18:37 EDT 2015,Learning algorithms,Preference elicitation,Polynomial communication,Auction protocol,Linear-threshold functions,emptyanswer,emptyanswer,emptyanswer,emptyanswer,emptyanswer,emptyanswer,emptyanswer,emptyanswer,emptyanswer,emptyanswer,emptyanswer
3ZXV7Q5FJANN1IPSPG3EB9IMRKFFCW,3XC1O3LBOSLTABYTNF64KFJW6VHLT0,A1A7P5LC80G47W,Approved,Thu Mar 12 01:05:13 EDT 2015,Thu Mar 12 01:06:30 EDT 2015,learning algorithms,preference elicitation,combinatorial auctions,learning theory,linear-threshold functions,emptyanswer,emptyanswer,emptyanswer,emptyanswer,emptyanswer,emptyanswer,emptyanswer,emptyanswer,emptyanswer,emptyanswer,emptyanswer
3ZXV7Q5FJANN1IPSPG3EB9IMRKFFCW,3RUIQRXJBBN5RYQOE64DYO9FCIYLL0,A3HPVFAF1U9WXK,Approved,Thu Mar 12 01:47:21 EDT 2015,Thu Mar 12 01:48:13 EDT 2015,Learning,Preference Elicitation,combinatorial auction,elicitation algorithms,polynomial,emptyanswer,emptyanswer,emptyanswer,emptyanswer,emptyanswer,emptyanswer,emptyanswer,emptyanswer,emptyanswer,emptyanswer,emptyanswer
3ZXV7Q5FJANN1IPSPG3EB9IMRKFFCW,3A9AA95ATWLHGU21EBHDYGM2V2NP52,A2KS418T8MPLJH,Approved,Thu Mar 12 11:13:21 EDT 2015,Thu Mar 12 11:14:44 EDT 2015,We consider the parallels between the preference elicitation problem in combinatorial auctions and the problem of learning an unknown function from learning theory.,We show that learning algorithms can be used as a basis for preference elicitation algorithms.,The resulting elicitation algorithms perform a polynomial number of queries.,We also give conditions under which the resulting algorithms have polynomial communication,we obtain an algorithm that elicits XOR bids with polynomial communication.,emptyanswer,emptyanswer,emptyanswer,emptyanswer,emptyanswer,emptyanswer,emptyanswer,emptyanswer,emptyanswer,emptyanswer,emptyanswer
3ZXV7Q5FJANN1IPSPG3EB9IMRKFFCW,3WS1NTTKEYB6UAR632FW5RC7COU0FU,AM1HY736BY3Z8,Approved,Thu Mar 12 13:46:05 EDT 2015,Thu Mar 12 13:47:07 EDT 2015,Applying Learning Algorithms to Preference Elicitation,We consider the parallels between the preference elicitation problem in combinatorial auctions and the problem of learning an unknown function from learning theory.,We show that learning algorithms can be used as a basis for preference elicitation algorithms.,The resulting elicitation algorithms perform a polynomial number of queries. We also give conditions under which the resulting algorithms have polynomial communication.,"Our conversion procedure allows us to generate combinatorial auction protocols from learning algorithms for polynomials, monotone DNF, and linear-threshold functions. In particular, we obtain an algorithm that elicits XOR bids with polynomial communication.",emptyanswer,emptyanswer,emptyanswer,emptyanswer,emptyanswer,emptyanswer,emptyanswer,emptyanswer,emptyanswer,emptyanswer,emptyanswer
3ZXV7Q5FJANN1IPSPG3EB9IMRKFFCW,33NF62TLXJ1OC2K6QLGZ39J8JTHJKM,AU3WQKISBW5MZ,Approved,Thu Mar 12 14:10:15 EDT 2015,Thu Mar 12 14:11:00 EDT 2015,We consider the parallels between the preference elicitation problem in combinatorial auctions and the problem of learning an unknown function from learning theory.,We show that learning algorithms can be used as a basis for preference elicitation algorithms. The resulting elicitation algorithms perform a polynomial number of queries.,"We also give conditions under which the resulting algorithms have polynomial communication. Our conversion procedure allows us to generate combinatorial auction protocols from learning algorithms for polynomials, monotone DNF, and linear-threshold functions.","Our conversion procedure allows us to generate combinatorial auction protocols from learning algorithms for polynomials, monotone DNF, and linear-threshold functions.","In particular, we obtain an algorithm that elicits XOR bids with polynomial communication.",emptyanswer,emptyanswer,emptyanswer,emptyanswer,emptyanswer,emptyanswer,emptyanswer,emptyanswer,emptyanswer,emptyanswer,emptyanswer
3ZXV7Q5FJANN1IPSPG3EB9IMRKFFCW,33SA9F9TRXT7WMSV1YOBU40B1T7EW7,A2SDTL2V8VJ25O,Approved,Thu Mar 12 20:51:14 EDT 2015,Thu Mar 12 20:51:53 EDT 2015,Applying,Algorithms,Preference,Elicitation,XOR,emptyanswer,emptyanswer,emptyanswer,emptyanswer,emptyanswer,emptyanswer,emptyanswer,emptyanswer,emptyanswer,emptyanswer,emptyanswer
3ZXV7Q5FJANN1IPSPG3EB9IMRKFFCW,3A7Y0R2P2ONUW2JDP4VOT3RAF3AXJ5,AG8FPQJHF5NTA,Approved,Thu Mar 12 22:16:09 EDT 2015,Thu Mar 12 22:18:10 EDT 2015,Learning Algorithms,Preference Elicitation Algorithms,Learning Theory,polynomial communication,XOR bids with polynomial communication,emptyanswer,emptyanswer,emptyanswer,emptyanswer,emptyanswer,emptyanswer,emptyanswer,emptyanswer,emptyanswer,emptyanswer,emptyanswer
3ZXV7Q5FJANN1IPSPG3EB9IMRKFFCW,36ZN444YTRXB7ILF6VNSYPLHQKHOIG,ANB69EQROUTQJ,Approved,Thu Mar 12 22:46:02 EDT 2015,Thu Mar 12 22:47:10 EDT 2015,learning algorithms,preference elicitation,combinatorial auctions,polynomial number,conversion,protocols,xor bids,emptyanswer,emptyanswer,emptyanswer,emptyanswer,emptyanswer,emptyanswer,emptyanswer,emptyanswer,emptyanswer
3ZXV7Q5FJANN1IPSPG3EB9IMRKFFCW,3FFJ6VRIL1NQ41TW4ALH8OPZSJ1I0O,A3DTN2OMF6DUSI,Approved,Fri Mar 13 22:55:40 EDT 2015,Fri Mar 13 22:55:59 EDT 2015,Learning,Algorithms,Preference,Elicitation,polynomials,emptyanswer,emptyanswer,emptyanswer,emptyanswer,emptyanswer,emptyanswer,emptyanswer,emptyanswer,emptyanswer,emptyanswer,emptyanswer
3ZXV7Q5FJANN1IPSPG3EB9IMRKFFCW,3FE2ERCCZX73O48JJQDC7MMTC1KOP6,A8HUG07IE2R3,Approved,Sat Mar 14 02:53:34 EDT 2015,Sat Mar 14 03:06:43 EDT 2015,Learning Algorithms to Preference Elicitation,unknown function from learning theory,resulting elicitation algorithms,XOR bids with polynomial communication,generate combinatorial auction protocols,emptyanswer,emptyanswer,emptyanswer,emptyanswer,emptyanswer,emptyanswer,emptyanswer,emptyanswer,emptyanswer,emptyanswer,emptyanswer
3ZXV7Q5FJANN1IPSPG3EB9IMRKFFCW,39RP059MEHSDK7MXN5GYKYSZ0YEMBU,A610SH5RY1NG1,Approved,Sat Mar 14 06:30:45 EDT 2015,Sat Mar 14 06:31:01 EDT 2015,learning algorithms,preference elicitation,applying,theory,learning,emptyanswer,emptyanswer,emptyanswer,emptyanswer,emptyanswer,emptyanswer,emptyanswer,emptyanswer,emptyanswer,emptyanswer,emptyanswer
3ZXV7Q5FJANN1IPSPG3EB9IMRKFFCW,3Y54SXRO1LKWT1LNWTY5B2FFJRZUT2,A2Z9HR2IBD75R9,Approved,Sat Mar 14 09:12:22 EDT 2015,Sat Mar 14 09:17:50 EDT 2015,Applying,Learning,Algorithms,Preference Elicitation,resulting,emptyanswer,emptyanswer,emptyanswer,emptyanswer,emptyanswer,emptyanswer,emptyanswer,emptyanswer,emptyanswer,emptyanswer,emptyanswer
3ZXV7Q5FJANN1IPSPG3EB9IMRKFFCW,3ZY8KE4ISJ2JE0IVKFEF2J6BDS0QV2,A2UNRV6PEOEXG0,Approved,Sat Mar 14 13:51:36 EDT 2015,Sat Mar 14 13:52:09 EDT 2015,Learning algorithms,preference elicitation,queries,auctions,learning theory,emptyanswer,emptyanswer,emptyanswer,emptyanswer,emptyanswer,emptyanswer,emptyanswer,emptyanswer,emptyanswer,emptyanswer,emptyanswer
3ZXV7Q5FJANN1IPSPG3EB9IMRKFFCW,3BDCF01OGXTPRXXNXLT3SWBBL3LYL0,A3PRX6CU0P34NE,Approved,Sat Mar 14 15:54:32 EDT 2015,Sat Mar 14 16:00:18 EDT 2015,Learning algorithms,Preference elicitation,Combinatorial auctions,Learning theory,Polynomial communication,emptyanswer,emptyanswer,emptyanswer,emptyanswer,emptyanswer,emptyanswer,emptyanswer,emptyanswer,emptyanswer,emptyanswer,emptyanswer
3ZXV7Q5FJANN1IPSPG3EB9IMRKFFCW,3X73LLYYQ1DTT2AJZY5UJOKX02BNHV,AH3ER3EJXHRO2,Approved,Sat Mar 14 16:32:43 EDT 2015,Sat Mar 14 16:33:13 EDT 2015,learning algorithms,preference elicitation,combinatorial auctions,learning theory,polynomial,emptyanswer,emptyanswer,emptyanswer,emptyanswer,emptyanswer,emptyanswer,emptyanswer,emptyanswer,emptyanswer,emptyanswer,emptyanswer
3ZXV7Q5FJANN1IPSPG3EB9IMRKFFCW,34MAJL3QP4MSDMTE281WGLDNQG443G,AWFQ7OX0UPSM5,Approved,Sat Mar 14 18:56:45 EDT 2015,Sat Mar 14 19:01:06 EDT 2015,Learning Algorithms,Preference Elicitation,preference elicitation problem,combinatorial auctions,learning theory,emptyanswer,emptyanswer,emptyanswer,emptyanswer,emptyanswer,emptyanswer,emptyanswer,emptyanswer,emptyanswer,emptyanswer,emptyanswer
3ZXV7Q5FJANN1IPSPG3EB9IMRKFFCW,3LEP4MGT3GZAGDGKACHV1855RLABDR,ATOMPVWZKAE0E,Approved,Sat Mar 14 19:19:46 EDT 2015,Sat Mar 14 19:23:12 EDT 2015,Preference Elicitation algorithm,learning theory,combinatorial auction protocol,learning algorithm,polynomial communication,conversion procedure,monotone DNF,linear-threshold function,XOR bid,emptyanswer,emptyanswer,emptyanswer,emptyanswer,emptyanswer,emptyanswer,emptyanswer
3ZXV7Q5FJANN1IPSPG3EB9IMRKFFCW,3XLBSAQ9Z4BQH2IQPDUCNY2CWDTZ7S,A3LV5FJGIHFQ94,Approved,Sat Mar 14 19:22:17 EDT 2015,Sat Mar 14 19:23:39 EDT 2015,preference,function,elicitation,learning,algorithms,polynomials,emptyanswer,emptyanswer,emptyanswer,emptyanswer,emptyanswer,emptyanswer,emptyanswer,emptyanswer,emptyanswer,emptyanswer
3ZXV7Q5FJANN1IPSPG3EB9IMRKFFCW,33FBRBDW6OYH9NCZ742AQ0XMYGF8CT,A1G94QON7A9K0N,Approved,Sat Mar 14 20:04:25 EDT 2015,Sat Mar 14 20:04:49 EDT 2015,learning,theory,function,algorithm,polynomial,emptyanswer,emptyanswer,emptyanswer,emptyanswer,emptyanswer,emptyanswer,emptyanswer,emptyanswer,emptyanswer,emptyanswer,emptyanswer
3ZXV7Q5FJANN1IPSPG3EB9IMRKFFCW,3CTOC39K37P0HNDM7RRQZ4EMDGIJ7V,A3MRB8TFD1IUS6,Approved,Sat Mar 14 20:05:44 EDT 2015,Sat Mar 14 20:07:50 EDT 2015,Learning Algorithms,Preference Elicitation,polynomials,monotone,combinatorial auctions,theory,polynomial communication,emptyanswer,emptyanswer,emptyanswer,emptyanswer,emptyanswer,emptyanswer,emptyanswer,emptyanswer,emptyanswer
